donor_id,org_id,first_name,last_name,email,phone,address,city,state,zip_code,donor_type,giving_level,assigned_mgo_id,is_top_100,created_at,is_synthetic_label
DNR-00001,ORG-HUM-01,Angel,Hill,synthetic.dnr-00001@demo-causefleet.org,555-0191,18196 Anthony Forge,New Carolyn,OH,26563,Individual,Under 100,,False,2024-03-09,True
DNR-00002,ORG-HUM-01,Jacqueline,Barnes,synthetic.dnr-00002@demo-causefleet.org,555-0124,402 Peterson Drives Apt. 511,Davisstad,PA,35172,Foundation,"1,000-$9,999",STF-03,True,2024-07-08,True
DNR-00003,ORG-HUM-01,Jessica,Herrera,synthetic.dnr-00003@demo-causefleet.org,555-0113,84959 Janet Cape Apt. 413,South Joshuastad,GA,49021,Individual,"10,000-99,999",STF-02,True,2024-11-29,True
DNR-00004,ORG-HUM-01,Elizabeth,Miles,synthetic.dnr-00004@demo-causefleet.org,555-0145,283 Steven Groves,Lake Mark,WI,07832,Individual,"10,000-99,999",STF-03,True,2022-12-15,True
DNR-00005,ORG-HUM-01,Antonio,Stewart,synthetic.dnr-00005@demo-causefleet.org,555-0141,39537 Wilkerson Row Suite 242,Lake Anna,KS,98413,Individual,"10,000-99,999",STF-02,True,2022-05-29,True
DNR-00006,ORG-HUM-01,Rachael,Ross,synthetic.dnr-00006@demo-causefleet.org,555-0138,87101 Courtney Turnpike,Carlsonfurt,MS,78605,Individual,"10,000-99,999",STF-03,True,2023-12-13,True
DNR-00007,ORG-HUM-01,Allison,Maddox,synthetic.dnr-00007@demo-causefleet.org,555-0127,184 Rodriguez Mews,South Aaron,VA,94830,Individual,100-999,STF-02,True,2025-09-24,True
DNR-00008,ORG-HUM-01,Vincent,White,synthetic.dnr-00008@demo-causefleet.org,555-0123,489 Eric Track,New Stephanie,NC,00575,Individual,"10,000-99,999",STF-03,True,2022-07-22,True
DNR-00009,ORG-HUM-01,Tracy,Rodriguez,synthetic.dnr-00009@demo-causefleet.org,555-0196,3039 Christopher Oval Apt. 822,Arroyoburgh,KS,69664,Individual,"10,000-99,999",STF-02,True,2024-01-05,True
DNR-00010,ORG-HUM-01,Rodney,Lewis,synthetic.dnr-00010@demo-causefleet.org,555-0179,465 Lam Mission,East Jeffreymouth,AK,77611,Individual,"10,000-99,999",STF-03,True,2025-03-13,True
DNR-00011,ORG-HUM-01,Brianna,Smith,synthetic.dnr-00011@demo-causefleet.org,555-0121,10518 Joshua Oval,New David,FM,75348,Individual,"10,000-99,999",STF-02,True,2023-10-25,True
DNR-00012,ORG-HUM-01,John,Kennedy,synthetic.dnr-00012@demo-causefleet.org,555-0185,11656 Owens Stream Apt. 106,Laurenville,IA,25613,Corporation,"1,000-$9,999",STF-03,True,2023-11-30,True
DNR-00013,ORG-HUM-01,Shane,Henderson,synthetic.dnr-00013@demo-causefleet.org,555-0164,3178 Brent Plains Apt. 132,Tuckerborough,VI,53066,Individual,"10,000-99,999",STF-02,True,2022-03-29,True
DNR-00014,ORG-HUM-01,Franklin,Smith,synthetic.dnr-00014@demo-causefleet.org,555-0114,7468 Moore Hill Apt. 098,Lake Leeton,OR,62994,Individual,"10,000-99,999",STF-03,True,2025-04-29,True
DNR-00015,ORG-HUM-01,Melissa,Moore,synthetic.dnr-00015@demo-causefleet.org,555-0113,19136 Shelly Port,New Brooke,RI,11246,Individual,"10,000-99,999",STF-02,True,2023-08-06,True
DNR-00016,ORG-HUM-01,Brandy,Mills,synthetic.dnr-00016@demo-causefleet.org,555-0121,53462 Bryant Terrace Apt. 079,North Amandahaven,KS,17862,Individual,100-999,STF-03,True,2023-03-26,True
DNR-00017,ORG-HUM-01,Nicole,Suarez,synthetic.dnr-00017@demo-causefleet.org,555-0137,2784 Elizabeth Plaza Suite 124,North Juliaberg,KY,37431,Individual,"1,000-$9,999",STF-02,True,2025-06-17,True
DNR-00018,ORG-HUM-01,Jennifer,Harris,synthetic.dnr-00018@demo-causefleet.org,555-0139,740 Cynthia Village Suite 005,Lake Tina,GA,97655,Individual,"10,000-99,999",STF-03,True,2024-01-14,True
DNR-00019,ORG-HUM-01,Janice,Hoffman,synthetic.dnr-00019@demo-causefleet.org,555-0174,28059 Russell Canyon,Michaelton,MH,47399,Individual,"10,000-99,999",STF-02,True,2023-05-01,True
DNR-00020,ORG-HUM-01,John,Garcia,synthetic.dnr-00020@demo-causefleet.org,555-0187,232 Nicole Burg Apt. 563,Erikville,MS,05576,Individual,"10,000-99,999",STF-03,True,2022-04-29,True
DNR-00021,ORG-HUM-01,Jeffrey,Velasquez,synthetic.dnr-00021@demo-causefleet.org,555-0113,4330 Raymond Harbors Apt. 458,Frazierside,MA,04118,Individual,100-999,STF-02,True,2025-02-19,True
DNR-00022,ORG-HUM-01,Tara,White,synthetic.dnr-00022@demo-causefleet.org,555-0181,19655 Obrien Pass Apt. 693,Bradleychester,AL,68647,Individual,"10,000-99,999",STF-03,True,2021-11-30,True
DNR-00023,ORG-HUM-01,Amanda,Ball,synthetic.dnr-00023@demo-causefleet.org,555-0135,6159 Alvarado Crossing,Williamchester,MD,53244,Individual,100-999,STF-02,True,2025-06-05,True
DNR-00024,ORG-HUM-01,Angela,Lee,synthetic.dnr-00024@demo-causefleet.org,555-0193,299 Sullivan Village Apt. 443,Floydmouth,NH,58406,Individual,100-999,STF-03,True,2024-06-08,True
DNR-00025,ORG-HUM-01,Jason,Kennedy,synthetic.dnr-00025@demo-causefleet.org,555-0199,148 Davis Terrace,Lake Lance,AS,26601,Individual,"1,000-$9,999",STF-02,True,2023-05-01,True
DNR-00026,ORG-HUM-01,Brandon,Riggs,synthetic.dnr-00026@demo-causefleet.org,555-0179,6936 Ross Drive,Port Michelleville,WI,56225,Individual,100-999,STF-03,True,2022-01-20,True
DNR-00027,ORG-HUM-01,Linda,Dominguez,synthetic.dnr-00027@demo-causefleet.org,555-0163,83172 Contreras Points Suite 798,Rivasside,NV,21362,Individual,"10,000-99,999",STF-02,True,2022-05-13,True
DNR-00028,ORG-HUM-01,Thomas,Green,synthetic.dnr-00028@demo-causefleet.org,555-0138,487 Joshua Club,Jimmymouth,MD,71299,Individual,"10,000-99,999",STF-03,True,2024-08-21,True
DNR-00029,ORG-HUM-01,Edward,Reyes,synthetic.dnr-00029@demo-causefleet.org,555-0167,316 Rivera Mountain,Brownchester,MS,77057,Individual,"10,000-99,999",STF-02,True,2021-10-06,True
DNR-00030,ORG-HUM-01,Andrew,Gilmore,synthetic.dnr-00030@demo-causefleet.org,555-0185,0546 Medina Street Apt. 734,Tuckerfurt,MA,88171,Individual,"1,000-$9,999",STF-03,True,2025-07-07,True
DNR-00031,ORG-HUM-01,Richard,Martin,synthetic.dnr-00031@demo-causefleet.org,555-0145,98069 Christopher Meadow Apt. 720,Nicholasborough,NH,43341,Individual,100-999,STF-02,True,2024-05-11,True
DNR-00032,ORG-HUM-01,Nichole,Ramirez,synthetic.dnr-00032@demo-causefleet.org,555-0110,1708 Zoe Keys Apt. 100,East Mary,RI,20474,Individual,100-999,STF-03,True,2022-11-17,True
DNR-00033,ORG-HUM-01,Thomas,Wilson,synthetic.dnr-00033@demo-causefleet.org,555-0130,4529 Kimberly Estates,Danieltown,ME,75971,Individual,"10,000-99,999",STF-02,True,2022-06-13,True
DNR-00034,ORG-HUM-01,Susan,Sanders,synthetic.dnr-00034@demo-causefleet.org,555-0199,93149 Laura Port,West Amandastad,CA,66818,Foundation,"10,000-99,999",STF-03,True,2024-05-08,True
DNR-00035,ORG-HUM-01,Alexander,Fisher,synthetic.dnr-00035@demo-causefleet.org,555-0164,65726 Jessica Run Suite 987,Grahamshire,KY,42746,Corporation,100-999,STF-02,True,2024-03-22,True
DNR-00036,ORG-HUM-01,Mariah,Miller,synthetic.dnr-00036@demo-causefleet.org,555-0153,79965 Troy Islands Apt. 735,Matthewview,OH,01831,Individual,"10,000-99,999",STF-03,True,2025-02-08,True
DNR-00037,ORG-HUM-01,James,Allen,synthetic.dnr-00037@demo-causefleet.org,555-0145,8377 Mcguire Course Suite 363,Elizabethstad,NJ,73045,Individual,"10,000-99,999",STF-02,True,2023-08-27,True
DNR-00038,ORG-HUM-01,Ronald,Reese,synthetic.dnr-00038@demo-causefleet.org,555-0129,7444 David Fields Suite 182,East Joanna,KY,95473,Individual,"10,000-99,999",STF-03,True,2023-09-19,True
DNR-00039,ORG-HUM-01,Kathleen,Carlson,synthetic.dnr-00039@demo-causefleet.org,555-0137,43524 Jean Crossroad,Brandonton,OH,38791,Individual,"10,000-99,999",STF-02,True,2023-12-21,True
DNR-00040,ORG-HUM-01,David,Oneill,synthetic.dnr-00040@demo-causefleet.org,555-0153,09477 Peterson Center Suite 711,Vasquezshire,SC,90475,Individual,"10,000-99,999",STF-03,True,2024-06-09,True
DNR-00041,ORG-HUM-01,Edward,Hart,synthetic.dnr-00041@demo-causefleet.org,555-0123,31869 Kimberly Light Suite 749,Torreston,RI,97505,Individual,"10,000-99,999",STF-02,True,2021-08-24,True
DNR-00042,ORG-HUM-01,Kathryn,Garrett,synthetic.dnr-00042@demo-causefleet.org,555-0121,123 Andrea Estate Apt. 679,Carterbury,LA,93163,Individual,"$100,000+",STF-03,True,2021-08-15,True
DNR-00043,ORG-HUM-01,Michele,Jones,synthetic.dnr-00043@demo-causefleet.org,555-0158,9361 Deborah Grove,North Brian,WY,40820,Individual,"10,000-99,999",STF-02,True,2022-08-22,True
DNR-00044,ORG-HUM-01,Madison,Morse,synthetic.dnr-00044@demo-causefleet.org,555-0122,74648 Kim Rapid Apt. 659,Anthonybury,TX,75893,Foundation,"10,000-99,999",STF-03,True,2023-12-29,True
DNR-00045,ORG-HUM-01,Andrew,Hubbard,synthetic.dnr-00045@demo-causefleet.org,555-0155,027 Moon Falls Suite 717,Rickymouth,TN,14211,Individual,"10,000-99,999",STF-02,True,2023-12-17,True
DNR-00046,ORG-HUM-01,Mark,Steele,synthetic.dnr-00046@demo-causefleet.org,555-0154,680 Miller Glen Suite 168,Lake Mollymouth,MT,07605,Individual,"10,000-99,999",STF-03,True,2025-02-17,True
DNR-00047,ORG-HUM-01,Michael,Avila,synthetic.dnr-00047@demo-causefleet.org,555-0187,34824 Gilmore Oval Apt. 093,West Andrea,OH,53977,Individual,100-999,STF-02,True,2022-03-24,True
DNR-00048,ORG-HUM-01,Victoria,Durham,synthetic.dnr-00048@demo-causefleet.org,555-0143,27484 Davenport Mountains Apt. 782,Leehaven,WA,18393,Individual,"10,000-99,999",STF-03,True,2021-10-26,True
DNR-00049,ORG-HUM-01,Joshua,Tyler,synthetic.dnr-00049@demo-causefleet.org,555-0115,8404 Monroe Prairie Suite 278,Reedside,WV,71729,Individual,"10,000-99,999",STF-02,True,2025-02-27,True
DNR-00050,ORG-HUM-01,Sarah,Kane,synthetic.dnr-00050@demo-causefleet.org,555-0168,636 Louis Mountains,Hughesberg,NM,05353,Individual,"10,000-99,999",STF-03,True,2023-01-19,True
DNR-00051,ORG-HUM-01,Tammy,Rivera,synthetic.dnr-00051@demo-causefleet.org,555-0178,1870 Robert Shoal,North Terrance,KS,44876,Corporation,"10,000-99,999",STF-02,True,2021-12-17,True
DNR-00052,ORG-HUM-01,Raymond,Miller,synthetic.dnr-00052@demo-causefleet.org,555-0125,865 Brennan Camp Apt. 343,South Tiffanyville,NV,22306,Individual,"10,000-99,999",STF-03,True,2024-02-12,True
DNR-00053,ORG-HUM-01,Rebecca,Williams,synthetic.dnr-00053@demo-causefleet.org,555-0158,5562 Amanda Port,East Gregory,RI,50641,Foundation,100-999,STF-02,True,2024-06-03,True
DNR-00054,ORG-HUM-01,John,Durham,synthetic.dnr-00054@demo-causefleet.org,555-0120,74740 Santana Springs,North Scott,MI,77515,Foundation,"1,000-$9,999",STF-03,True,2024-02-07,True
DNR-00055,ORG-HUM-01,Suzanne,Vaughn,synthetic.dnr-00055@demo-causefleet.org,555-0180,3671 Patrick Knolls Suite 406,Alanton,PW,79983,Individual,"10,000-99,999",STF-02,True,2022-09-17,True
DNR-00056,ORG-HUM-01,Marissa,Leach,synthetic.dnr-00056@demo-causefleet.org,555-0147,533 Byrd Stravenue,Lake Colton,SC,85218,Foundation,"10,000-99,999",STF-03,True,2024-08-23,True
DNR-00057,ORG-HUM-01,Kristina,Johnson,synthetic.dnr-00057@demo-causefleet.org,555-0190,214 Burgess Extensions Apt. 285,Mariaview,PW,63657,Individual,"1,000-$9,999",STF-02,True,2021-08-02,True
DNR-00058,ORG-HUM-01,Kenneth,Harrell,synthetic.dnr-00058@demo-causefleet.org,555-0189,1236 Davis Locks,West Amandamouth,MN,88689,Individual,"10,000-99,999",STF-03,True,2025-08-10,True
DNR-00059,ORG-HUM-01,Jose,James,synthetic.dnr-00059@demo-causefleet.org,555-0156,37098 Herman Forges Apt. 746,East Brandonton,ME,65070,Individual,100-999,STF-02,True,2024-08-29,True
DNR-00060,ORG-HUM-01,Jimmy,Medina,synthetic.dnr-00060@demo-causefleet.org,555-0183,5869 Nicole Shoal Apt. 796,Antoniostad,IL,58616,Individual,"10,000-99,999",STF-03,True,2021-12-01,True
DNR-00061,ORG-HUM-01,Joel,Cox,synthetic.dnr-00061@demo-causefleet.org,555-0134,506 Lopez Crossing Suite 139,North Kristinbury,DC,74501,Individual,"1,000-$9,999",STF-02,True,2023-05-05,True
DNR-00062,ORG-HUM-01,Maria,Spencer,synthetic.dnr-00062@demo-causefleet.org,555-0118,52904 Vanessa Plains,Laurenville,TN,03880,Individual,100-999,STF-03,True,2022-04-21,True
DNR-00063,ORG-HUM-01,Michael,Kramer,synthetic.dnr-00063@demo-causefleet.org,555-0115,24026 Julie Mountains Suite 589,South Williamton,VA,86864,Individual,"1,000-$9,999",STF-02,True,2021-12-26,True
DNR-00064,ORG-HUM-01,Stephen,Maynard,synthetic.dnr-00064@demo-causefleet.org,555-0194,6617 Jones Common,Charleneland,DC,36547,Individual,100-999,STF-03,True,2023-09-04,True
DNR-00065,ORG-HUM-01,Brenda,Joseph,synthetic.dnr-00065@demo-causefleet.org,555-0139,847 Garcia Squares Apt. 836,Beasleychester,MA,59942,Individual,"10,000-99,999",STF-02,True,2024-02-14,True
DNR-00066,ORG-HUM-01,Jessica,Edwards,synthetic.dnr-00066@demo-causefleet.org,555-0147,452 Jones Village Apt. 161,Lisaside,AR,77370,Individual,"1,000-$9,999",STF-03,True,2023-02-22,True
DNR-00067,ORG-HUM-01,Anna,Santiago,synthetic.dnr-00067@demo-causefleet.org,555-0120,6049 Bell Ports Apt. 273,West Meganstad,DE,37013,Individual,"10,000-99,999",STF-02,True,2025-07-24,True
DNR-00068,ORG-HUM-01,Lindsay,Bruce,synthetic.dnr-00068@demo-causefleet.org,555-0139,402 Park Inlet,Michaelburgh,VI,19277,Individual,"10,000-99,999",STF-03,True,2023-11-26,True
DNR-00069,ORG-HUM-01,Richard,Thomas,synthetic.dnr-00069@demo-causefleet.org,555-0122,83667 Moore Inlet,Kimberlyshire,PA,11636,Individual,100-999,STF-02,True,2023-11-14,True
DNR-00070,ORG-HUM-01,Eric,Webster,synthetic.dnr-00070@demo-causefleet.org,555-0158,147 Tucker Mills,Nelsonhaven,DE,45743,Corporation,100-999,STF-03,True,2025-03-30,True
DNR-00071,ORG-HUM-01,Justin,Gregory,synthetic.dnr-00071@demo-causefleet.org,555-0145,403 Joyce Centers Apt. 343,Port Jonathan,MD,16227,Individual,"1,000-$9,999",STF-02,True,2023-04-12,True
DNR-00072,ORG-HUM-01,Julie,Thompson,synthetic.dnr-00072@demo-causefleet.org,555-0168,388 Jones Wall Apt. 607,Port Lawrencechester,OK,53509,Individual,"10,000-99,999",STF-03,True,2021-06-13,True
DNR-00073,ORG-HUM-01,Robert,Wilson,synthetic.dnr-00073@demo-causefleet.org,555-0191,2975 Samuel Coves,South Brianna,NC,10809,Individual,100-999,STF-02,True,2024-06-28,True
DNR-00074,ORG-HUM-01,Kyle,Morgan,synthetic.dnr-00074@demo-causefleet.org,555-0156,18188 Rebecca Keys Suite 231,West James,PA,20537,Individual,100-999,STF-03,True,2023-02-17,True
DNR-00075,ORG-HUM-01,Diana,Thompson,synthetic.dnr-00075@demo-causefleet.org,555-0130,9979 Lin Road Suite 271,Ramosport,WY,36503,Individual,"10,000-99,999",STF-02,True,2024-09-16,True
DNR-00076,ORG-HUM-01,Michael,Jones,synthetic.dnr-00076@demo-causefleet.org,555-0157,0054 Deanna Walk Apt. 998,Fordside,WY,97352,Individual,"10,000-99,999",STF-03,True,2023-12-24,True
DNR-00077,ORG-HUM-01,Shannon,Pacheco,synthetic.dnr-00077@demo-causefleet.org,555-0155,9782 Shannon Valleys,Toniland,NY,85190,Individual,"10,000-99,999",STF-02,True,2025-04-19,True
DNR-00078,ORG-HUM-01,John,Kim,synthetic.dnr-00078@demo-causefleet.org,555-0136,892 Watson Haven Suite 659,Port Crystalmouth,CA,43714,Individual,"10,000-99,999",STF-03,True,2022-03-01,True
DNR-00079,ORG-HUM-01,Erika,Mitchell,synthetic.dnr-00079@demo-causefleet.org,555-0195,1925 Ponce Square,Andersonland,ME,73760,Individual,"10,000-99,999",STF-02,True,2021-10-28,True
DNR-00080,ORG-HUM-01,Latasha,Li,synthetic.dnr-00080@demo-causefleet.org,555-0144,685 Michael Falls,West Stacey,NM,25667,Individual,100-999,STF-03,True,2023-01-18,True
DNR-00081,ORG-HUM-01,Devin,Jones,synthetic.dnr-00081@demo-causefleet.org,555-0199,880 Walter River,New Nicholas,GA,24204,Individual,100-999,STF-02,True,2022-05-25,True
DNR-00082,ORG-HUM-01,Kellie,Lamb,synthetic.dnr-00082@demo-causefleet.org,555-0197,706 Rhodes Freeway,Bishopmouth,IN,70494,Individual,"10,000-99,999",STF-03,True,2025-01-07,True
DNR-00083,ORG-HUM-01,Tammy,Mueller,synthetic.dnr-00083@demo-causefleet.org,555-0192,9774 Shaw Manor,Port James,PA,18641,Individual,"10,000-99,999",STF-02,True,2022-06-14,True
DNR-00084,ORG-HUM-01,Brett,Castillo,synthetic.dnr-00084@demo-causefleet.org,555-0119,181 Miller Estates Suite 782,Davisbury,GU,59631,Individual,100-999,STF-03,True,2025-03-13,True
DNR-00085,ORG-HUM-01,Sarah,Perry,synthetic.dnr-00085@demo-causefleet.org,555-0187,536 Nicholas Burgs Suite 152,North Justin,MP,62426,Individual,"10,000-99,999",STF-02,True,2025-04-01,True
DNR-00086,ORG-HUM-01,Dominic,Thornton,synthetic.dnr-00086@demo-causefleet.org,555-0191,010 Lewis Drive Suite 143,Davidbury,MT,84249,Individual,100-999,STF-03,True,2024-06-06,True
DNR-00087,ORG-HUM-01,Stephen,Rodriguez,synthetic.dnr-00087@demo-causefleet.org,555-0131,808 Jennifer Highway Suite 095,New Robert,TN,88085,Individual,"10,000-99,999",STF-02,True,2024-11-08,True
DNR-00088,ORG-HUM-01,Theresa,Jones,synthetic.dnr-00088@demo-causefleet.org,555-0178,7065 Burgess Knolls,West Johnville,WI,76772,Individual,"1,000-$9,999",STF-03,True,2021-10-14,True
DNR-00089,ORG-HUM-01,Marvin,Williams,synthetic.dnr-00089@demo-causefleet.org,555-0141,277 Lisa Circles Suite 043,Port Jameston,MD,41143,Foundation,"10,000-99,999",STF-02,True,2024-08-07,True
DNR-00090,ORG-HUM-01,Veronica,Daniels,synthetic.dnr-00090@demo-causefleet.org,555-0130,34505 Martinez Land Suite 676,Terrifort,UT,65712,Individual,"10,000-99,999",STF-03,True,2023-08-25,True
DNR-00091,ORG-HUM-01,Laura,Adams,synthetic.dnr-00091@demo-causefleet.org,555-0169,616 Amy Islands,North Markport,ME,58948,Individual,100-999,STF-02,True,2023-01-03,True
DNR-00092,ORG-HUM-01,Ronald,Norris,synthetic.dnr-00092@demo-causefleet.org,555-0158,0596 Fowler Turnpike Apt. 165,North Douglas,PA,89379,Individual,"10,000-99,999",STF-03,True,2024-01-10,True
DNR-00093,ORG-HUM-01,Austin,Jones,synthetic.dnr-00093@demo-causefleet.org,555-0144,6909 Erika Land Suite 719,New Michael,MD,85640,Individual,"10,000-99,999",STF-02,True,2024-10-19,True
DNR-00094,ORG-HUM-01,Susan,Johnson,synthetic.dnr-00094@demo-causefleet.org,555-0191,8681 Hampton Squares,Lewisport,UT,64883,Individual,"10,000-99,999",STF-03,True,2022-08-16,True
DNR-00095,ORG-HUM-01,Derek,Jones,synthetic.dnr-00095@demo-causefleet.org,555-0198,715 Mckinney Plaza,Patriciaburgh,VT,93504,Individual,100-999,STF-02,True,2022-04-13,True
DNR-00096,ORG-HUM-01,Dana,Leon,synthetic.dnr-00096@demo-causefleet.org,555-0181,32370 Spencer Land,Laraside,DC,80710,Individual,"10,000-99,999",STF-03,True,2025-06-07,True
DNR-00097,ORG-HUM-01,Cameron,Sanders,synthetic.dnr-00097@demo-causefleet.org,555-0138,669 David Island Apt. 778,Davidside,SC,77543,Individual,"10,000-99,999",STF-02,True,2025-03-31,True
DNR-00098,ORG-HUM-01,Tammy,Reynolds,synthetic.dnr-00098@demo-causefleet.org,555-0197,82422 Donovan Fork,Staceyhaven,MH,37731,Individual,"10,000-99,999",STF-03,True,2022-03-16,True
DNR-00099,ORG-HUM-01,John,Reid,synthetic.dnr-00099@demo-causefleet.org,555-0151,49818 Brittany Prairie Apt. 299,Meganshire,AZ,04219,Individual,"10,000-99,999",STF-02,True,2025-01-30,True
DNR-00100,ORG-HUM-01,Stacy,Wise,synthetic.dnr-00100@demo-causefleet.org,555-0117,396 Tyler Road Suite 473,Evansland,UT,08353,Individual,"10,000-99,999",STF-03,True,2021-10-07,True
DNR-00101,ORG-HUM-01,Robert,Marshall,synthetic.dnr-00101@demo-causefleet.org,555-0139,255 Hester Curve Suite 881,Johnville,KY,59430,Individual,Under 100,,False,2022-02-06,True
DNR-00102,ORG-HUM-01,Colin,Roberts,synthetic.dnr-00102@demo-causefleet.org,555-0114,632 Peck Stravenue Suite 327,Jimenezport,NM,03538,Individual,Under 100,,False,2022-06-28,True
DNR-00103,ORG-HUM-01,Phillip,Bryant,synthetic.dnr-00103@demo-causefleet.org,555-0150,95004 Harper Ville,Mitchelltown,PR,14590,Individual,Under 100,,False,2021-10-21,True
DNR-00104,ORG-HUM-01,Nicole,Luna,synthetic.dnr-00104@demo-causefleet.org,555-0161,0609 Michael Heights Apt. 687,Marciaville,DC,13173,Individual,Under 100,,False,2023-04-14,True
DNR-00105,ORG-HUM-01,Laura,Morgan,synthetic.dnr-00105@demo-causefleet.org,555-0144,39868 Brandon Dam Suite 787,New Patricia,DC,43488,Foundation,"1,000-$9,999",,False,2023-02-14,True
DNR-00106,ORG-HUM-01,Lucas,Long,synthetic.dnr-00106@demo-causefleet.org,555-0118,588 Erickson Hills Suite 055,South Brandytown,PA,62706,Individual,Under 100,,False,2025-06-14,True
DNR-00107,ORG-HUM-01,Diana,Stanton,synthetic.dnr-00107@demo-causefleet.org,555-0137,097 Alexandria Stravenue,Hernandezbury,AZ,75548,Individual,Under 100,,False,2022-07-26,True
DNR-00108,ORG-HUM-01,Daniel,Smith,synthetic.dnr-00108@demo-causefleet.org,555-0182,2636 Salas Street Apt. 283,Whitneyfort,NC,49892,Individual,100-999,,False,2025-07-11,True
DNR-00109,ORG-HUM-01,Glen,Barr,synthetic.dnr-00109@demo-causefleet.org,555-0150,549 Lee Gateway Suite 843,Kellieborough,UT,92905,Individual,Under 100,,False,2022-10-10,True
DNR-00110,ORG-HUM-01,Timothy,Castro,synthetic.dnr-00110@demo-causefleet.org,555-0137,1986 Cardenas Trail Apt. 404,West Sandraview,WA,63294,Individual,100-999,,False,2023-07-15,True
DNR-00111,ORG-HUM-01,Maria,Nelson,synthetic.dnr-00111@demo-causefleet.org,555-0193,19933 Elizabeth Pines Apt. 301,Riverafort,CT,89786,Individual,Under 100,,False,2022-05-05,True
DNR-00112,ORG-HUM-01,Adam,Pierce,synthetic.dnr-00112@demo-causefleet.org,555-0173,7734 Mitchell Circle,Lake Audreyside,WA,95281,Individual,Under 100,,False,2024-10-03,True
DNR-00113,ORG-HUM-01,Benjamin,Dorsey,synthetic.dnr-00113@demo-causefleet.org,555-0160,06724 Albert Port Apt. 547,Smallberg,PR,66589,Foundation,Under 100,,False,2025-02-06,True
DNR-00114,ORG-HUM-01,James,Rodriguez,synthetic.dnr-00114@demo-causefleet.org,555-0192,742 Jill Turnpike,Ashleyborough,HI,80580,Individual,100-999,,False,2023-06-11,True
DNR-00115,ORG-HUM-01,Penny,Wilcox,synthetic.dnr-00115@demo-causefleet.org,555-0168,61227 Boyle Avenue Suite 637,Stephanieport,OR,95250,Individual,100-999,,False,2025-02-15,True
DNR-00116,ORG-HUM-01,Jose,Ward,synthetic.dnr-00116@demo-causefleet.org,555-0128,17426 Vaughn Route,Michaelbury,IN,18008,Individual,Under 100,,False,2023-11-24,True
DNR-00117,ORG-HUM-01,Spencer,Zhang,synthetic.dnr-00117@demo-causefleet.org,555-0143,8783 Erin Ranch Apt. 878,Christianshire,DE,08595,Individual,Under 100,,False,2023-06-27,True
DNR-00118,ORG-HUM-01,Rebecca,Harris,synthetic.dnr-00118@demo-causefleet.org,555-0127,58713 Davis Pass,Stokesmouth,DC,67773,Individual,"10,000-99,999",,False,2025-01-02,True
DNR-00119,ORG-HUM-01,Anne,Hansen,synthetic.dnr-00119@demo-causefleet.org,555-0141,064 Julie Prairie Apt. 065,New Virginialand,NJ,04660,Foundation,Under 100,,False,2023-03-20,True
DNR-00120,ORG-HUM-01,Hector,Taylor,synthetic.dnr-00120@demo-causefleet.org,555-0181,6766 Felicia Shore Apt. 512,Ricebury,MP,00956,Individual,Under 100,,False,2022-08-29,True
DNR-00121,ORG-HUM-01,Tiffany,Ford,synthetic.dnr-00121@demo-causefleet.org,555-0178,633 Reed Harbor Apt. 106,East Jamieville,PA,04901,Individual,"1,000-$9,999",,False,2024-09-10,True
DNR-00122,ORG-HUM-01,Emily,Brennan,synthetic.dnr-00122@demo-causefleet.org,555-0143,067 Amber Throughway,East Williamport,IN,96382,Foundation,100-999,,False,2023-05-08,True
DNR-00123,ORG-HUM-01,Barbara,Barton,synthetic.dnr-00123@demo-causefleet.org,555-0184,42836 Hill Point Apt. 687,West Shellyfurt,WY,69243,Individual,Under 100,,False,2023-11-29,True
DNR-00124,ORG-HUM-01,Robert,Hernandez,synthetic.dnr-00124@demo-causefleet.org,555-0164,87334 Linda Centers Suite 688,South John,IL,43789,Individual,100-999,,False,2022-10-18,True
DNR-00125,ORG-HUM-01,Sandra,Boone,synthetic.dnr-00125@demo-causefleet.org,555-0184,304 Nunez Rapids,Port Charlesshire,VA,88509,Individual,100-999,,False,2024-03-20,True
DNR-00126,ORG-HUM-01,Timothy,Booth,synthetic.dnr-00126@demo-causefleet.org,555-0161,0331 Rocha Square Apt. 638,Kimberlyfurt,NH,70447,Individual,Under 100,,False,2023-11-02,True
DNR-00127,ORG-HUM-01,Kyle,Ward,synthetic.dnr-00127@demo-causefleet.org,555-0156,1753 Edwards Cape Apt. 204,Phillipsborough,MA,30650,Individual,Under 100,,False,2024-03-23,True
DNR-00128,ORG-HUM-01,Martha,Porter,synthetic.dnr-00128@demo-causefleet.org,555-0138,7772 Jackson Stravenue Suite 280,Port Melanieton,WV,01337,Individual,Under 100,,False,2023-01-23,True
DNR-00129,ORG-HUM-01,Megan,Hall,synthetic.dnr-00129@demo-causefleet.org,555-0127,38750 Hopkins Brook,New Andreatown,AK,69892,Individual,"1,000-$9,999",,False,2023-03-15,True
DNR-00130,ORG-HUM-01,Amanda,Mitchell,synthetic.dnr-00130@demo-causefleet.org,555-0175,11823 Christine Glen Suite 461,Susanmouth,OK,32378,Individual,100-999,,False,2024-07-18,True
DNR-00131,ORG-HUM-01,Jeremiah,Sutton,synthetic.dnr-00131@demo-causefleet.org,555-0173,016 Bennett Mountains,Lake Albertburgh,CO,66018,Individual,Under 100,,False,2025-09-15,True
DNR-00132,ORG-HUM-01,Deanna,Rivera,synthetic.dnr-00132@demo-causefleet.org,555-0121,033 Nelson Club,Rachelshire,TN,04813,Individual,100-999,,False,2025-01-29,True
DNR-00133,ORG-HUM-01,Melissa,Smith,synthetic.dnr-00133@demo-causefleet.org,555-0116,261 Martin Garden,Rhodesside,MA,50812,Individual,Under 100,,False,2022-03-11,True
DNR-00134,ORG-HUM-01,Donald,Hinton,synthetic.dnr-00134@demo-causefleet.org,555-0124,501 Hall Club,Cassiefurt,WI,43279,Individual,Under 100,,False,2024-09-09,True
DNR-00135,ORG-HUM-01,Joshua,Riddle,synthetic.dnr-00135@demo-causefleet.org,555-0129,58662 Miller River Suite 311,Ericberg,WA,51569,Foundation,Under 100,,False,2021-07-17,True
DNR-00136,ORG-HUM-01,Daniel,Smith,synthetic.dnr-00136@demo-causefleet.org,555-0190,5412 Jacob Mission Suite 101,Angelamouth,VI,50994,Individual,Under 100,,False,2022-10-15,True
DNR-00137,ORG-HUM-01,Robert,Maxwell,synthetic.dnr-00137@demo-causefleet.org,555-0130,826 Dominic Hollow,Trevorland,GA,57474,Individual,100-999,,False,2021-06-20,True
DNR-00138,ORG-HUM-01,Kevin,Patton,synthetic.dnr-00138@demo-causefleet.org,555-0197,3799 Stephen Dale Suite 065,Brockmouth,NV,44375,Individual,Under 100,,False,2022-08-11,True
DNR-00139,ORG-HUM-01,Madison,Curtis,synthetic.dnr-00139@demo-causefleet.org,555-0164,5937 Thompson Locks,Kellyfort,OK,32276,Individual,100-999,,False,2023-04-13,True
DNR-00140,ORG-HUM-01,Juan,Hartman,synthetic.dnr-00140@demo-causefleet.org,555-0186,93982 Stephanie Mountain Apt. 741,Chambersberg,SC,40193,Corporation,Under 100,,False,2022-10-29,True
DNR-00141,ORG-HUM-01,Donna,Espinoza,synthetic.dnr-00141@demo-causefleet.org,555-0118,79796 Stephens Turnpike Suite 891,Port Johnstad,GA,85304,Corporation,Under 100,,False,2022-06-19,True
DNR-00142,ORG-HUM-01,Anna,Newman,synthetic.dnr-00142@demo-causefleet.org,555-0159,6101 Walker Summit Apt. 756,Bartonshire,UT,66098,Individual,"10,000-99,999",,False,2024-01-26,True
DNR-00143,ORG-HUM-01,Whitney,Webb,synthetic.dnr-00143@demo-causefleet.org,555-0158,1125 Cooper Tunnel Apt. 875,Davismouth,MD,09305,Individual,Under 100,,False,2022-01-25,True
DNR-00144,ORG-HUM-01,Lisa,Wilson,synthetic.dnr-00144@demo-causefleet.org,555-0186,123 Andrea Isle Suite 736,East Danielle,NE,52350,Individual,Under 100,,False,2022-09-19,True
DNR-00145,ORG-HUM-01,Christina,Gonzalez,synthetic.dnr-00145@demo-causefleet.org,555-0169,0334 Barbara Union Apt. 553,Wilsonfort,NC,84270,Individual,Under 100,,False,2021-07-17,True
DNR-00146,ORG-HUM-01,Paul,Long,synthetic.dnr-00146@demo-causefleet.org,555-0177,5792 Sellers Ramp,Lake Dennisville,IA,40527,Individual,100-999,,False,2022-10-10,True
DNR-00147,ORG-HUM-01,Nathaniel,Thomas,synthetic.dnr-00147@demo-causefleet.org,555-0142,9296 Lopez Roads Apt. 827,Donaldmouth,MP,59614,Individual,Under 100,,False,2021-12-03,True
DNR-00148,ORG-HUM-01,Michelle,Crane,synthetic.dnr-00148@demo-causefleet.org,555-0180,36887 Cohen Mall Suite 721,Port Kathleenport,AZ,36526,Individual,Under 100,,False,2024-02-06,True
DNR-00149,ORG-HUM-01,Keith,Norman,synthetic.dnr-00149@demo-causefleet.org,555-0111,819 Joseph Plains Suite 807,South Curtis,MP,86179,Individual,Under 100,,False,2022-05-22,True
DNR-00150,ORG-HUM-01,Kenneth,Kidd,synthetic.dnr-00150@demo-causefleet.org,555-0197,5171 Jason Street Suite 962,Port Jamie,IL,08281,Individual,Under 100,,False,2024-09-02,True
DNR-00151,ORG-HUM-01,Amanda,Carlson,synthetic.dnr-00151@demo-causefleet.org,555-0124,4494 Derek Terrace,Sellersview,VI,86470,Foundation,100-999,,False,2023-11-20,True
DNR-00152,ORG-HUM-01,Michelle,Wright,synthetic.dnr-00152@demo-causefleet.org,555-0197,67294 Brooks Club Apt. 684,Shawnfort,MD,76779,Individual,Under 100,,False,2021-12-18,True
DNR-00153,ORG-HUM-01,Kim,Oconnor,synthetic.dnr-00153@demo-causefleet.org,555-0178,518 Robinson Meadow Apt. 745,Matthewshire,DC,74706,Individual,Under 100,,False,2021-06-04,True
DNR-00154,ORG-HUM-01,Kristina,Shannon,synthetic.dnr-00154@demo-causefleet.org,555-0144,17012 Bryant Meadow,Lake Regina,FM,85697,Individual,Under 100,,False,2025-02-09,True
DNR-00155,ORG-HUM-01,Nancy,Mcdowell,synthetic.dnr-00155@demo-causefleet.org,555-0192,541 Beck Run,North Randy,ME,95657,Corporation,Under 100,,False,2022-09-21,True
DNR-00156,ORG-HUM-01,Jim,Rios,synthetic.dnr-00156@demo-causefleet.org,555-0153,37129 April Mills,North Heatherville,VI,55854,Individual,"1,000-$9,999",,False,2024-06-12,True
DNR-00157,ORG-HUM-01,Tim,Perez,synthetic.dnr-00157@demo-causefleet.org,555-0124,115 Ibarra Dam,Ayalaberg,SD,89254,Individual,Under 100,,False,2024-06-03,True
DNR-00158,ORG-HUM-01,Alyssa,Smith,synthetic.dnr-00158@demo-causefleet.org,555-0147,5326 Heath Corners,East Karenshire,VA,50836,Individual,"10,000-99,999",,False,2022-01-13,True
DNR-00159,ORG-HUM-01,Ruben,Moody,synthetic.dnr-00159@demo-causefleet.org,555-0165,1389 Maxwell Spurs,Port Melanieport,IL,68363,Individual,Under 100,,False,2022-12-09,True
DNR-00160,ORG-HUM-01,Jacob,Myers,synthetic.dnr-00160@demo-causefleet.org,555-0130,76137 Allison Bridge,Sarahberg,MS,74999,Individual,Under 100,,False,2024-01-17,True
DNR-00161,ORG-HUM-01,Amy,Thompson,synthetic.dnr-00161@demo-causefleet.org,555-0168,09104 Bill Circle Suite 848,Hendersonfurt,CO,84457,Individual,"1,000-$9,999",,False,2023-03-29,True
DNR-00162,ORG-HUM-01,Christina,Ramirez,synthetic.dnr-00162@demo-causefleet.org,555-0110,83285 Willis Track Apt. 463,East Christopherchester,DE,59925,Individual,Under 100,,False,2023-09-28,True
DNR-00163,ORG-HUM-01,Brian,Wade,synthetic.dnr-00163@demo-causefleet.org,555-0143,02027 Mills Tunnel,Garyberg,WA,35728,Individual,100-999,,False,2024-01-26,True
DNR-00164,ORG-HUM-01,David,Yoder,synthetic.dnr-00164@demo-causefleet.org,555-0174,4814 Tyler Pass Suite 079,West Eric,WI,13988,Individual,"10,000-99,999",,False,2024-08-04,True
DNR-00165,ORG-HUM-01,Emily,Wilson,synthetic.dnr-00165@demo-causefleet.org,555-0132,03075 Mora Fall,New Lindachester,IN,42680,Individual,Under 100,,False,2025-04-16,True
DNR-00166,ORG-HUM-01,Ruth,Flores,synthetic.dnr-00166@demo-causefleet.org,555-0174,518 Harry Unions,South Caseymouth,VI,37503,Individual,Under 100,,False,2022-06-29,True
DNR-00167,ORG-HUM-01,Lance,Miller,synthetic.dnr-00167@demo-causefleet.org,555-0123,53494 Steven Ramp Suite 383,North Sarah,AK,31040,Individual,100-999,,False,2024-10-07,True
DNR-00168,ORG-HUM-01,Cynthia,Steele,synthetic.dnr-00168@demo-causefleet.org,555-0190,0641 Alyssa Freeway,Vasquezton,FL,93778,Individual,Under 100,,False,2023-10-06,True
DNR-00169,ORG-HUM-01,Bradley,Hall,synthetic.dnr-00169@demo-causefleet.org,555-0148,571 William Route Suite 199,South Elaineberg,IA,38731,Individual,Under 100,,False,2022-08-17,True
DNR-00170,ORG-HUM-01,Leslie,Owen,synthetic.dnr-00170@demo-causefleet.org,555-0191,7431 Derek Trail Apt. 212,Owenschester,DE,70745,Individual,Under 100,,False,2022-07-19,True
DNR-00171,ORG-HUM-01,Kaylee,Hayes,synthetic.dnr-00171@demo-causefleet.org,555-0174,1124 Jason Walks Suite 213,Randyton,TX,39670,Individual,Under 100,,False,2022-12-20,True
DNR-00172,ORG-HUM-01,Vicki,Johnson,synthetic.dnr-00172@demo-causefleet.org,555-0187,8831 Garcia Underpass Apt. 100,East James,MO,49291,Individual,100-999,,False,2022-07-17,True
DNR-00173,ORG-HUM-01,Sharon,Miller,synthetic.dnr-00173@demo-causefleet.org,555-0135,01372 Rebecca Village Suite 107,East Sandrachester,GU,95453,Individual,Under 100,,False,2024-05-22,True
DNR-00174,ORG-HUM-01,Anthony,Vega,synthetic.dnr-00174@demo-causefleet.org,555-0129,3244 Stephenson Bypass,Lake Kenneth,MT,72680,Individual,Under 100,,False,2023-02-16,True
DNR-00175,ORG-HUM-01,Christopher,Reyes,synthetic.dnr-00175@demo-causefleet.org,555-0157,83806 Castillo Tunnel Suite 598,Paulburgh,AK,42296,Individual,Under 100,,False,2023-06-29,True
DNR-00176,ORG-HUM-01,Anthony,Cochran,synthetic.dnr-00176@demo-causefleet.org,555-0130,78593 Craig Shoals Apt. 480,New Meghan,AS,51412,Individual,Under 100,,False,2024-01-02,True
DNR-00177,ORG-HUM-01,Mary,Bruce,synthetic.dnr-00177@demo-causefleet.org,555-0179,95590 Meza Port,New Stacy,MP,65018,Individual,Under 100,,False,2022-12-14,True
DNR-00178,ORG-HUM-01,Gregory,Johnson,synthetic.dnr-00178@demo-causefleet.org,555-0177,93087 Martin Ridges,Port David,VT,23761,Individual,100-999,,False,2023-10-07,True
DNR-00179,ORG-HUM-01,Megan,Morris,synthetic.dnr-00179@demo-causefleet.org,555-0110,92185 Nathaniel Shore,Willismouth,ME,42785,Foundation,Under 100,,False,2025-05-25,True
DNR-00180,ORG-HUM-01,Eric,Fry,synthetic.dnr-00180@demo-causefleet.org,555-0186,528 Walker Radial Apt. 644,East Jessica,UT,75583,Individual,100-999,,False,2022-01-03,True
DNR-00181,ORG-HUM-01,Virginia,Sanford,synthetic.dnr-00181@demo-causefleet.org,555-0151,95939 Sharon Divide,Juliebury,MI,42380,Individual,"1,000-$9,999",,False,2023-02-10,True
DNR-00182,ORG-HUM-01,Nicole,Davis,synthetic.dnr-00182@demo-causefleet.org,555-0172,0433 Michael Turnpike Apt. 006,Oconnorburgh,FM,54767,Individual,Under 100,,False,2022-02-21,True
DNR-00183,ORG-HUM-01,Nicholas,Payne,synthetic.dnr-00183@demo-causefleet.org,555-0112,9327 Lauren Bypass,Andrewview,CT,10226,Foundation,Under 100,,False,2023-07-21,True
DNR-00184,ORG-HUM-01,Pamela,Martin,synthetic.dnr-00184@demo-causefleet.org,555-0124,159 Bush Meadows,New Pamela,GA,07520,Individual,Under 100,,False,2022-11-24,True
DNR-00185,ORG-HUM-01,Jamie,Lee,synthetic.dnr-00185@demo-causefleet.org,555-0156,443 Brandon Ports Suite 205,South Christopherfort,ID,13213,Individual,Under 100,,False,2021-11-08,True
DNR-00186,ORG-HUM-01,George,Carter,synthetic.dnr-00186@demo-causefleet.org,555-0149,1467 Jacobson Greens,Lake Amyburgh,MN,50497,Individual,"1,000-$9,999",,False,2021-07-11,True
DNR-00187,ORG-HUM-01,Sean,Baker,synthetic.dnr-00187@demo-causefleet.org,555-0140,3490 Karen Shores Apt. 158,Arellanoshire,IN,73062,Individual,"1,000-$9,999",,False,2023-01-06,True
DNR-00188,ORG-HUM-01,Paul,Mills,synthetic.dnr-00188@demo-causefleet.org,555-0117,374 Ralph Walk Apt. 898,North Stacy,NV,23160,Individual,Under 100,,False,2021-09-05,True
DNR-00189,ORG-HUM-01,Gary,Lewis,synthetic.dnr-00189@demo-causefleet.org,555-0140,06163 Mary Green,Reneeland,CO,51369,Individual,Under 100,,False,2025-07-12,True
DNR-00190,ORG-HUM-01,Andrea,Gates,synthetic.dnr-00190@demo-causefleet.org,555-0182,99861 Hernandez Port Apt. 191,Mikaylastad,FM,54357,Individual,"1,000-$9,999",,False,2023-10-29,True
DNR-00191,ORG-HUM-01,Diana,Armstrong,synthetic.dnr-00191@demo-causefleet.org,555-0120,24629 Williams Isle Apt. 074,Andrewport,ME,37246,Individual,"1,000-$9,999",,False,2022-07-24,True
DNR-00192,ORG-HUM-01,Michele,Cohen,synthetic.dnr-00192@demo-causefleet.org,555-0120,47546 Jacob Forest,Figueroahaven,VI,49510,Foundation,Under 100,,False,2025-01-25,True
DNR-00193,ORG-HUM-01,Zachary,Moore,synthetic.dnr-00193@demo-causefleet.org,555-0172,862 Glenn Wells Apt. 030,Williamsstad,VT,26598,Foundation,Under 100,,False,2024-12-21,True
DNR-00194,ORG-HUM-01,Madison,Wagner,synthetic.dnr-00194@demo-causefleet.org,555-0118,035 Wheeler Fall,Matthewsstad,MI,21933,Individual,Under 100,,False,2022-08-08,True
DNR-00195,ORG-HUM-01,Jonathan,Rivas,synthetic.dnr-00195@demo-causefleet.org,555-0178,0602 Mercedes Rue,Lake Jamie,SD,54175,Individual,"1,000-$9,999",,False,2025-01-17,True
DNR-00196,ORG-HUM-01,Michelle,Coffey,synthetic.dnr-00196@demo-causefleet.org,555-0126,2290 Johnny Valley,Jenniferview,NE,49846,Individual,Under 100,,False,2023-08-22,True
DNR-00197,ORG-HUM-01,Stephen,Robinson,synthetic.dnr-00197@demo-causefleet.org,555-0126,896 Adrian Shore Suite 899,Kennethville,NJ,08868,Individual,Under 100,,False,2025-02-08,True
DNR-00198,ORG-HUM-01,Joshua,Nguyen,synthetic.dnr-00198@demo-causefleet.org,555-0194,4328 Rachel Valley Suite 520,Brightview,PW,55363,Foundation,Under 100,,False,2022-11-15,True
DNR-00199,ORG-HUM-01,Jillian,Aguilar,synthetic.dnr-00199@demo-causefleet.org,555-0170,3875 Bruce Ville,West Connor,DC,97614,Foundation,Under 100,,False,2023-03-03,True
DNR-00200,ORG-HUM-01,Lindsey,Hines,synthetic.dnr-00200@demo-causefleet.org,555-0180,513 Walker Well,Robertmouth,MN,34653,Individual,100-999,,False,2025-09-15,True
DNR-00201,ORG-HUM-01,Steven,Wilson,synthetic.dnr-00201@demo-causefleet.org,555-0131,999 Thomas Fields,Port Erinhaven,ME,54647,Individual,100-999,,False,2025-09-15,True
DNR-00202,ORG-HUM-01,Melissa,Taylor,synthetic.dnr-00202@demo-causefleet.org,555-0143,6972 Huffman Falls,South Marvinburgh,MD,83666,Individual,100-999,,False,2025-09-15,True
DNR-00203,ORG-HUM-01,Shannon,Clark,synthetic.dnr-00203@demo-causefleet.org,555-0177,271 Christina Roads,Powellfort,MS,01112,Individual,100-999,,False,2025-09-15,True
DNR-00204,ORG-HUM-01,James,Watson,synthetic.dnr-00204@demo-causefleet.org,555-0187,8300 Jeremy Wells,Larryville,MS,66474,Foundation,100-999,,False,2025-09-15,True
DNR-00205,ORG-HUM-01,Gary,Colon,synthetic.dnr-00205@demo-causefleet.org,555-0164,7898 Hamilton Spur Apt. 575,East Stacy,PW,53374,Individual,100-999,,False,2025-09-15,True
DNR-00206,ORG-HUM-01,Jeffrey,Mercer,synthetic.dnr-00206@demo-causefleet.org,555-0137,098 David Station,South Nancyview,WI,70589,Individual,100-999,,False,2025-09-15,True
DNR-00207,ORG-HUM-01,Brittney,Williams,synthetic.dnr-00207@demo-causefleet.org,555-0179,001 Wallace Crossing,Thomasberg,IL,91621,Individual,100-999,,False,2025-09-15,True
DNR-00208,ORG-HUM-01,Albert,Fisher,synthetic.dnr-00208@demo-causefleet.org,555-0198,849 Robert Cove,West Danielville,NM,26538,Individual,100-999,,False,2025-09-15,True
DNR-00209,ORG-HUM-01,Kimberly,Decker,synthetic.dnr-00209@demo-causefleet.org,555-0135,6420 Lozano Spurs,Riveratown,AL,88533,Individual,100-999,,False,2025-09-15,True
DNR-00210,ORG-HUM-01,Daniel,Andrews,synthetic.dnr-00210@demo-causefleet.org,555-0149,18114 Stephen Hill Suite 701,Port Benjamin,LA,47715,Individual,100-999,,False,2025-09-15,True
DNR-00211,ORG-HUM-01,Larry,Rodgers,synthetic.dnr-00211@demo-causefleet.org,555-0161,02255 Friedman Grove,West Lisaburgh,DE,53031,Individual,100-999,,False,2025-09-15,True
DNR-00212,ORG-HUM-01,Stephen,Houston,synthetic.dnr-00212@demo-causefleet.org,555-0195,2120 Dale Ramp Suite 972,Maxwelltown,VI,90215,Individual,100-999,,False,2025-09-15,True
DNR-00213,ORG-HUM-01,Jessica,Snow,synthetic.dnr-00213@demo-causefleet.org,555-0193,1670 Jose Island Apt. 899,Lake Morgan,NC,69065,Individual,100-999,,False,2025-09-15,True
DNR-00214,ORG-HUM-01,Christine,Reynolds,synthetic.dnr-00214@demo-causefleet.org,555-0157,5628 Alexander Estate,Christianburgh,CA,98992,Individual,100-999,,False,2025-09-15,True
DNR-00215,ORG-HUM-01,John,Cordova,synthetic.dnr-00215@demo-causefleet.org,555-0166,386 Montoya Common,Wallaceshire,NV,12037,Individual,100-999,,False,2025-09-15,True
DNR-00216,ORG-HUM-01,Sergio,Wilson,synthetic.dnr-00216@demo-causefleet.org,555-0176,016 Johnson Plaza Apt. 199,Pamelaside,IL,86300,Individual,100-999,,False,2025-09-15,True
DNR-00217,ORG-HUM-01,Stephanie,Cox,synthetic.dnr-00217@demo-causefleet.org,555-0167,75899 Moran Lakes,Wilsonbury,AL,45243,Individual,100-999,,False,2025-09-15,True
DNR-00218,ORG-HUM-01,Cynthia,Marsh,synthetic.dnr-00218@demo-causefleet.org,555-0125,102 Taylor Stravenue Suite 149,East David,PR,51998,Individual,100-999,,False,2025-09-15,True
DNR-00219,ORG-HUM-01,Makayla,Lee,synthetic.dnr-00219@demo-causefleet.org,555-0141,60917 Barrett Parkways Apt. 708,New Savannahshire,NJ,67129,Individual,100-999,,False,2025-09-15,True
DNR-00220,ORG-HUM-01,Renee,Holt,synthetic.dnr-00220@demo-causefleet.org,555-0138,216 Gordon Lights,Pettybury,KY,52650,Individual,100-999,,False,2025-09-15,True
DNR-00221,ORG-HUM-01,Tara,Chavez,synthetic.dnr-00221@demo-causefleet.org,555-0118,69848 Joseph Plaza,East Jason,VT,38587,Individual,100-999,,False,2025-09-15,True
DNR-00222,ORG-HUM-01,Samantha,Anderson,synthetic.dnr-00222@demo-causefleet.org,555-0153,851 Hart Prairie,Craigside,LA,55864,Individual,100-999,,False,2025-09-15,True
DNR-00223,ORG-HUM-01,Alexandra,Johnson,synthetic.dnr-00223@demo-causefleet.org,555-0112,03424 Thomas Circle,Jamesside,AZ,47514,Individual,100-999,,False,2025-09-15,True
DNR-00224,ORG-HUM-01,Curtis,Parrish,synthetic.dnr-00224@demo-causefleet.org,555-0185,863 Schwartz Causeway,Hughesmouth,OH,07552,Individual,100-999,,False,2025-09-15,True
DNR-00225,ORG-HUM-01,John,Oliver,synthetic.dnr-00225@demo-causefleet.org,555-0180,59893 Kelly Fall Apt. 228,South Billyview,OH,35135,Individual,100-999,,False,2025-09-15,True
DNR-00226,ORG-HUM-01,Brandy,Scott,synthetic.dnr-00226@demo-causefleet.org,555-0139,2025 Kim Road Suite 798,Charlesmouth,NC,29331,Individual,100-999,,False,2025-09-15,True
DNR-00227,ORG-HUM-01,Abigail,Hartman,synthetic.dnr-00227@demo-causefleet.org,555-0185,8861 Walker Forest,Markport,IL,99153,Corporation,100-999,,False,2025-09-15,True
DNR-00228,ORG-HUM-01,Thomas,Hoffman,synthetic.dnr-00228@demo-causefleet.org,555-0138,57399 Susan Springs,Patrickville,MS,34132,Individual,100-999,,False,2025-09-15,True
DNR-00229,ORG-HUM-01,Justin,Pruitt,synthetic.dnr-00229@demo-causefleet.org,555-0110,877 Kenneth Run Apt. 581,East Teresaside,ND,01461,Foundation,100-999,,False,2025-09-15,True
DNR-00230,ORG-HUM-01,Jason,Soto,synthetic.dnr-00230@demo-causefleet.org,555-0119,613 Lucas Cliffs,North Stephen,MA,05466,Individual,100-999,,False,2025-09-15,True
DNR-00231,ORG-HUM-01,Brian,Bauer,synthetic.dnr-00231@demo-causefleet.org,555-0190,346 Hayes Lodge,Stewartfurt,TX,16007,Individual,100-999,,False,2025-09-15,True
DNR-00232,ORG-HUM-01,Darlene,Montgomery,synthetic.dnr-00232@demo-causefleet.org,555-0117,158 Keith Spur,Catherineport,WV,57868,Individual,100-999,,False,2025-09-15,True
DNR-00233,ORG-HUM-01,Lynn,Johnson,synthetic.dnr-00233@demo-causefleet.org,555-0139,326 Choi Divide,Ericastad,AL,73052,Individual,100-999,,False,2025-09-15,True
DNR-00234,ORG-HUM-01,Donald,Williams,synthetic.dnr-00234@demo-causefleet.org,555-0118,814 Kaitlin Stream Suite 368,East Jack,RI,33628,Individual,100-999,,False,2025-09-15,True
DNR-00235,ORG-HUM-01,Howard,Marsh,synthetic.dnr-00235@demo-causefleet.org,555-0114,781 Powers Glen,East Jessicafort,MA,47311,Individual,100-999,,False,2025-09-15,True
DNR-00236,ORG-HUM-01,Diana,Garcia,synthetic.dnr-00236@demo-causefleet.org,555-0152,57759 Steele Drives,Lindseychester,GA,01134,Individual,100-999,,False,2025-09-15,True
DNR-00237,ORG-HUM-01,Kristen,Joseph,synthetic.dnr-00237@demo-causefleet.org,555-0119,5257 Griffin Trail Suite 781,Lake Catherine,MP,37281,Individual,100-999,,False,2025-09-15,True
DNR-00238,ORG-HUM-01,Donald,Ryan,synthetic.dnr-00238@demo-causefleet.org,555-0175,110 Lisa Prairie Suite 930,Amyside,NJ,86210,Individual,100-999,,False,2025-09-15,True
DNR-00239,ORG-HUM-01,Michael,Walker,synthetic.dnr-00239@demo-causefleet.org,555-0140,78816 Shaw Shore Apt. 928,South Erik,OK,74663,Individual,100-999,,False,2025-09-15,True
DNR-00240,ORG-HUM-01,Tammy,Fitzgerald,synthetic.dnr-00240@demo-causefleet.org,555-0145,0373 Joseph Fort Apt. 385,Harrisonmouth,FM,06587,Individual,100-999,,False,2025-09-15,True
DNR-00241,ORG-HUM-01,Deborah,Garcia,synthetic.dnr-00241@demo-causefleet.org,555-0195,498 Nicholas Lane Suite 918,Nicholasbury,NC,53695,Foundation,100-999,,False,2025-09-15,True
DNR-00242,ORG-HUM-01,Mindy,Tucker,synthetic.dnr-00242@demo-causefleet.org,555-0172,082 Martin Club Suite 322,West Carolyn,GU,16010,Foundation,100-999,,False,2025-09-15,True
DNR-00243,ORG-HUM-01,Robert,Rivera,synthetic.dnr-00243@demo-causefleet.org,555-0137,7739 Deborah Loop,East Bradleyshire,OR,21620,Foundation,100-999,,False,2025-09-15,True
DNR-00244,ORG-HUM-01,William,Macdonald,synthetic.dnr-00244@demo-causefleet.org,555-0179,24286 Natalie Stream,Staceyborough,NV,79999,Individual,100-999,,False,2025-09-15,True
DNR-00245,ORG-HUM-01,Michelle,Jackson,synthetic.dnr-00245@demo-causefleet.org,555-0126,292 Jackson Spur Suite 799,East Nicholasberg,CT,02671,Individual,100-999,,False,2025-09-15,True
DNR-00246,ORG-HUM-01,Michele,Gordon,synthetic.dnr-00246@demo-causefleet.org,555-0183,91279 Natalie Place Apt. 172,Port Erikachester,NC,55640,Foundation,100-999,,False,2025-09-15,True
DNR-00247,ORG-HUM-01,Bradley,Moreno,synthetic.dnr-00247@demo-causefleet.org,555-0183,6599 Ronald Glens,Cannonland,LA,78920,Individual,100-999,,False,2025-09-15,True
DNR-00248,ORG-HUM-01,Ricky,Lopez,synthetic.dnr-00248@demo-causefleet.org,555-0170,818 Nicholas Ford,Robertville,FL,56347,Corporation,100-999,,False,2025-09-15,True
DNR-00249,ORG-HUM-01,Jon,Wyatt,synthetic.dnr-00249@demo-causefleet.org,555-0141,594 Fischer Loop Suite 258,Kingport,OK,45636,Corporation,100-999,,False,2025-09-15,True
DNR-00250,ORG-HUM-01,Raymond,Taylor,synthetic.dnr-00250@demo-causefleet.org,555-0170,372 Jason Locks,Laurenton,GA,51501,Individual,100-999,,False,2025-09-15,True
DNR-00251,ORG-HUM-01,Adam,Davis,synthetic.dnr-00251@demo-causefleet.org,555-0162,9611 Walker Common,Lake Patrickfurt,RI,86507,Individual,100-999,,False,2025-09-15,True
DNR-00252,ORG-HUM-01,Jennifer,Harper,synthetic.dnr-00252@demo-causefleet.org,555-0134,770 Melissa Unions,Jameshaven,NC,92048,Individual,100-999,,False,2025-09-15,True
DNR-00253,ORG-HUM-01,Gavin,Johnson,synthetic.dnr-00253@demo-causefleet.org,555-0122,021 Chan Knoll,Sullivanborough,NC,02515,Individual,100-999,,False,2025-09-15,True
DNR-00254,ORG-HUM-01,Casey,Davis,synthetic.dnr-00254@demo-causefleet.org,555-0122,895 Richmond Harbor Apt. 937,Andrewsview,HI,53864,Individual,100-999,,False,2025-09-15,True
DNR-00255,ORG-HUM-01,Angelica,Gordon,synthetic.dnr-00255@demo-causefleet.org,555-0194,84894 Church Port Suite 357,Mosleytown,NJ,15740,Individual,100-999,,False,2025-09-15,True
DNR-00256,ORG-HUM-01,Patrick,Kramer,synthetic.dnr-00256@demo-causefleet.org,555-0165,356 Black Branch,Johnland,MO,88803,Individual,100-999,,False,2025-09-15,True
DNR-00257,ORG-HUM-01,Matthew,Spencer,synthetic.dnr-00257@demo-causefleet.org,555-0155,5539 White Summit,South Jillian,IA,96895,Foundation,100-999,,False,2025-09-15,True
DNR-00258,ORG-HUM-01,Joseph,Perez,synthetic.dnr-00258@demo-causefleet.org,555-0164,521 Samantha Springs,Austinside,AZ,63715,Individual,100-999,,False,2025-09-15,True
DNR-00259,ORG-HUM-01,Leslie,Villanueva,synthetic.dnr-00259@demo-causefleet.org,555-0162,2846 Karen Crossroad Apt. 867,New Michaelburgh,NH,16277,Individual,100-999,,False,2025-09-15,True
DNR-00260,ORG-HUM-01,Steve,Norris,synthetic.dnr-00260@demo-causefleet.org,555-0169,369 Mark Ridge,Jacobview,IA,35812,Individual,100-999,,False,2025-09-15,True
DNR-00261,ORG-HUM-01,Christie,Diaz,synthetic.dnr-00261@demo-causefleet.org,555-0116,3655 Ramirez Falls Apt. 931,Lindaside,NE,50424,Individual,100-999,,False,2025-09-15,True
DNR-00262,ORG-HUM-01,Lauren,Rodgers,synthetic.dnr-00262@demo-causefleet.org,555-0196,26728 Floyd Hills Suite 890,Garciaburgh,AR,28742,Corporation,100-999,,False,2025-09-15,True
DNR-00263,ORG-HUM-01,Thomas,Soto,synthetic.dnr-00263@demo-causefleet.org,555-0193,545 Castro Valleys Suite 506,West Michelleborough,OK,75984,Individual,100-999,,False,2025-09-15,True
DNR-00264,ORG-HUM-01,Amanda,Krause,synthetic.dnr-00264@demo-causefleet.org,555-0192,5877 Patrick Heights Suite 225,Welchshire,MO,09852,Individual,100-999,,False,2025-09-15,True
DNR-00265,ORG-HUM-01,Matthew,Edwards,synthetic.dnr-00265@demo-causefleet.org,555-0122,496 Barron Tunnel Suite 987,Jacksontown,DC,95891,Individual,100-999,,False,2025-09-15,True
DNR-00266,ORG-HUM-01,Johnathan,Manning,synthetic.dnr-00266@demo-causefleet.org,555-0117,26111 Kelley Burg,Warrenland,CT,34901,Individual,100-999,,False,2025-09-15,True
DNR-00267,ORG-HUM-01,Christopher,Huynh,synthetic.dnr-00267@demo-causefleet.org,555-0161,3347 David Villages Apt. 005,Michellemouth,VI,71356,Individual,100-999,,False,2025-09-15,True
DNR-00268,ORG-HUM-01,Amy,Taylor,synthetic.dnr-00268@demo-causefleet.org,555-0153,979 Mills Route,Reginafort,ND,30271,Individual,100-999,,False,2025-09-15,True
DNR-00269,ORG-HUM-01,Scott,Diaz,synthetic.dnr-00269@demo-causefleet.org,555-0123,40082 Mitchell Place Apt. 774,Port Russellport,PA,30806,Individual,100-999,,False,2025-09-15,True
DNR-00270,ORG-HUM-01,Amy,Lopez,synthetic.dnr-00270@demo-causefleet.org,555-0141,3266 Jose Manors Apt. 894,Deborahside,AS,35736,Individual,100-999,,False,2025-09-15,True
DNR-00271,ORG-HUM-01,Melissa,White,synthetic.dnr-00271@demo-causefleet.org,555-0134,79749 Lopez Brook Apt. 080,North Julian,DC,94243,Individual,100-999,,False,2025-09-15,True
DNR-00272,ORG-HUM-01,Alan,Davis,synthetic.dnr-00272@demo-causefleet.org,555-0134,3564 Bolton Mountain,West Christopherberg,AR,35432,Individual,100-999,,False,2025-09-15,True
DNR-00273,ORG-HUM-01,Charles,Harrison,synthetic.dnr-00273@demo-causefleet.org,555-0178,6013 Wise Mills,Lake Virginia,ID,60903,Individual,100-999,,False,2025-09-15,True
DNR-00274,ORG-HUM-01,Clifford,Wade,synthetic.dnr-00274@demo-causefleet.org,555-0167,6452 Julie Plaza,West Timothyport,ID,47742,Foundation,100-999,,False,2025-09-15,True
DNR-00275,ORG-HUM-01,Michelle,Robinson,synthetic.dnr-00275@demo-causefleet.org,555-0127,65024 Randy Gardens,North Biancafort,UT,78647,Individual,100-999,,False,2025-09-15,True
DNR-00276,ORG-HUM-01,Kelli,Wright,synthetic.dnr-00276@demo-causefleet.org,555-0164,95005 Jacqueline Turnpike Apt. 273,Tinastad,AS,58004,Individual,100-999,,False,2025-09-15,True
DNR-00277,ORG-HUM-01,Andrew,Gray,synthetic.dnr-00277@demo-causefleet.org,555-0133,0778 Daniels Overpass,New Jacob,MI,42926,Individual,100-999,,False,2025-09-15,True
DNR-00278,ORG-HUM-01,Joshua,Guerra,synthetic.dnr-00278@demo-causefleet.org,555-0145,82744 Gibson Trail,Grosstown,RI,48221,Individual,100-999,,False,2025-09-15,True
DNR-00279,ORG-HUM-01,John,Le,synthetic.dnr-00279@demo-causefleet.org,555-0169,87829 Morris Row Suite 118,North Maryberg,HI,04600,Individual,100-999,,False,2025-09-15,True
DNR-00280,ORG-HUM-01,Todd,Garcia,synthetic.dnr-00280@demo-causefleet.org,555-0141,789 Williams Forges Apt. 037,South Laurieton,MN,73641,Individual,100-999,,False,2025-09-15,True
DNR-00281,ORG-HUM-01,Pamela,Short,synthetic.dnr-00281@demo-causefleet.org,555-0119,480 Mary Club,New Colton,VA,30780,Foundation,100-999,,False,2025-09-15,True
DNR-00282,ORG-HUM-01,Jake,Fox,synthetic.dnr-00282@demo-causefleet.org,555-0166,288 Reese Trafficway,Emilychester,FM,14145,Individual,100-999,,False,2025-09-15,True
DNR-00283,ORG-HUM-01,Henry,Morales,synthetic.dnr-00283@demo-causefleet.org,555-0180,289 Mahoney Island Suite 566,Charleneshire,ND,28540,Individual,100-999,,False,2025-09-15,True
DNR-00284,ORG-HUM-01,Andrea,Garner,synthetic.dnr-00284@demo-causefleet.org,555-0122,7600 Larson Path Apt. 404,East Melissa,AK,90903,Individual,100-999,,False,2025-09-15,True
DNR-00285,ORG-HUM-01,Samantha,Dixon,synthetic.dnr-00285@demo-causefleet.org,555-0116,07522 Richardson Prairie,East Jonathan,ME,12547,Individual,100-999,,False,2025-09-15,True
DNR-00286,ORG-HUM-01,Ashley,Robinson,synthetic.dnr-00286@demo-causefleet.org,555-0193,572 Petersen Spurs,New Dawnton,VA,76035,Individual,100-999,,False,2025-09-15,True
DNR-00287,ORG-HUM-01,Kimberly,Weeks,synthetic.dnr-00287@demo-causefleet.org,555-0179,6613 Cynthia Roads Suite 048,West Amberberg,MD,66351,Individual,100-999,,False,2025-09-15,True
DNR-00288,ORG-HUM-01,Eric,Nunez,synthetic.dnr-00288@demo-causefleet.org,555-0111,9981 Ryan Turnpike Suite 225,South Ashleyton,OH,52823,Individual,100-999,,False,2025-09-15,True
DNR-00289,ORG-HUM-01,Raymond,Hamilton,synthetic.dnr-00289@demo-causefleet.org,555-0121,78376 Ann Street,East Charles,WI,56870,Individual,100-999,,False,2025-09-15,True
DNR-00290,ORG-HUM-01,Sandra,Davis,synthetic.dnr-00290@demo-causefleet.org,555-0140,5535 Wheeler Burg Suite 259,Hansonmouth,AZ,31104,Individual,100-999,,False,2025-09-15,True
DNR-00291,ORG-HUM-01,Nathaniel,Todd,synthetic.dnr-00291@demo-causefleet.org,555-0131,03924 Matthew Unions,West Shannontown,MA,27896,Individual,100-999,,False,2025-09-15,True
DNR-00292,ORG-HUM-01,Jason,Payne,synthetic.dnr-00292@demo-causefleet.org,555-0162,792 Nicholas Shore Apt. 420,Jamesview,AR,61444,Individual,100-999,,False,2025-09-15,True
DNR-00293,ORG-HUM-01,Alan,Price,synthetic.dnr-00293@demo-causefleet.org,555-0172,510 Dillon Run Suite 368,West Toddside,CO,24935,Individual,100-999,,False,2025-09-15,True
DNR-00294,ORG-HUM-01,Tammy,Castro,synthetic.dnr-00294@demo-causefleet.org,555-0171,38457 Garner Brook,Gabriellestad,SC,40127,Individual,100-999,,False,2025-09-15,True
DNR-00295,ORG-HUM-01,Tiffany,Mason,synthetic.dnr-00295@demo-causefleet.org,555-0137,460 Perez Junctions,Sandovalland,VA,50597,Individual,100-999,,False,2025-09-15,True
DNR-00296,ORG-HUM-01,Erica,Salas,synthetic.dnr-00296@demo-causefleet.org,555-0161,3926 Browning Isle,Danielsborough,SD,18664,Individual,100-999,,False,2025-09-15,True
DNR-00297,ORG-HUM-01,Gabriella,Harris,synthetic.dnr-00297@demo-causefleet.org,555-0117,8262 Lonnie Point,East Lonnieberg,VA,04365,Individual,100-999,,False,2025-09-15,True
DNR-00298,ORG-HUM-01,Nicole,Gutierrez,synthetic.dnr-00298@demo-causefleet.org,555-0131,7423 David Burg Suite 999,New Jesse,TX,03919,Individual,100-999,,False,2025-09-15,True
DNR-00299,ORG-HUM-01,Hailey,Woods,synthetic.dnr-00299@demo-causefleet.org,555-0158,526 Wells Estates Apt. 306,West Stephaniebury,WA,88494,Individual,100-999,,False,2025-09-15,True
DNR-00300,ORG-HUM-01,Katherine,Jones,synthetic.dnr-00300@demo-causefleet.org,555-0110,757 Ronald Trail Apt. 965,Carrshire,PA,70776,Individual,100-999,,False,2025-09-15,True
DNR-00301,ORG-HUM-01,Nancy,Buchanan,synthetic.dnr-00301@demo-causefleet.org,555-0159,7038 Terrell Canyon,Blackton,ID,38666,Individual,100-999,,False,2025-09-15,True
DNR-00302,ORG-HUM-01,Nicole,Ayala,synthetic.dnr-00302@demo-causefleet.org,555-0143,2649 Hannah Divide Suite 718,East Kimberlyside,DC,52021,Individual,100-999,,False,2025-09-15,True
DNR-00303,ORG-HUM-01,Shannon,White,synthetic.dnr-00303@demo-causefleet.org,555-0168,1452 Christopher Squares,Waltersland,NC,93205,Individual,100-999,,False,2025-09-15,True
DNR-00304,ORG-HUM-01,Kylie,Hunt,synthetic.dnr-00304@demo-causefleet.org,555-0146,8602 Cunningham Shoals,East Misty,HI,93830,Individual,100-999,,False,2025-09-15,True
DNR-00305,ORG-HUM-01,Kyle,Cross,synthetic.dnr-00305@demo-causefleet.org,555-0164,2123 Cindy Glen Apt. 777,New Nicolebury,IL,77684,Individual,100-999,,False,2025-09-15,True
DNR-00306,ORG-HUM-01,Shawn,Ramos,synthetic.dnr-00306@demo-causefleet.org,555-0199,84983 Jack Centers,Benjaminton,TN,76272,Corporation,100-999,,False,2025-09-15,True
DNR-00307,ORG-HUM-01,Kenneth,Knapp,synthetic.dnr-00307@demo-causefleet.org,555-0181,62249 Tammy Summit,Sarahland,WI,39730,Individual,100-999,,False,2025-09-15,True
DNR-00308,ORG-HUM-01,Priscilla,Wilkins,synthetic.dnr-00308@demo-causefleet.org,555-0194,147 David Wall Suite 586,Lake Jason,AR,14827,Individual,100-999,,False,2025-09-15,True
DNR-00309,ORG-HUM-01,Tiffany,Rice,synthetic.dnr-00309@demo-causefleet.org,555-0172,9469 Green Ports,Sarashire,NM,68619,Individual,100-999,,False,2025-09-15,True
DNR-00310,ORG-HUM-01,Tyler,Morton,synthetic.dnr-00310@demo-causefleet.org,555-0129,430 Andrew Road,Lake Melaniechester,MT,06463,Individual,100-999,,False,2025-09-15,True
DNR-00311,ORG-HUM-01,Ann,Walsh,synthetic.dnr-00311@demo-causefleet.org,555-0134,344 Kyle Parkways,Katieville,TX,44185,Individual,100-999,,False,2025-09-15,True
DNR-00312,ORG-HUM-01,Jennifer,Gilbert,synthetic.dnr-00312@demo-causefleet.org,555-0147,35577 Debbie Orchard,Lake Steven,VI,70882,Individual,100-999,,False,2025-09-15,True
DNR-00313,ORG-HUM-01,Steven,Olsen,synthetic.dnr-00313@demo-causefleet.org,555-0137,495 Jared Spur,Laurenstad,CA,20070,Individual,100-999,,False,2025-09-15,True
DNR-00314,ORG-HUM-01,Anthony,Terrell,synthetic.dnr-00314@demo-causefleet.org,555-0117,962 Michelle Terrace,Janetmouth,VT,04646,Corporation,100-999,,False,2025-09-15,True
DNR-00315,ORG-HUM-01,Christopher,Wiley,synthetic.dnr-00315@demo-causefleet.org,555-0184,4384 Daniel Tunnel Apt. 317,Port Timothyhaven,FL,25432,Individual,100-999,,False,2025-09-15,True
DNR-00316,ORG-HUM-01,Timothy,Russo,synthetic.dnr-00316@demo-causefleet.org,555-0179,2182 Jenny Mount Suite 810,Sarahland,MA,61695,Individual,100-999,,False,2025-09-15,True
DNR-00317,ORG-HUM-01,Dakota,Miranda,synthetic.dnr-00317@demo-causefleet.org,555-0117,94353 Justin Place Suite 714,East Joshua,AL,82151,Individual,100-999,,False,2025-09-15,True
DNR-00318,ORG-HUM-01,Curtis,Daniels,synthetic.dnr-00318@demo-causefleet.org,555-0150,2493 Charles Ridge Suite 870,North Thomas,TX,07114,Individual,100-999,,False,2025-09-15,True
DNR-00319,ORG-HUM-01,Brian,Simmons,synthetic.dnr-00319@demo-causefleet.org,555-0117,997 Edwards Viaduct,Lake Katherine,AS,70425,Individual,100-999,,False,2025-09-15,True
DNR-00320,ORG-HUM-01,Sandra,Duran,synthetic.dnr-00320@demo-causefleet.org,555-0116,71747 Hall Fork,Port Paula,KS,48139,Individual,100-999,,False,2025-09-15,True
DNR-00321,ORG-HUM-01,Holly,Ortega,synthetic.dnr-00321@demo-causefleet.org,555-0184,7017 Michael Mountain Apt. 459,New Dakota,GU,94122,Individual,100-999,,False,2025-09-15,True
DNR-00322,ORG-HUM-01,Mark,Banks,synthetic.dnr-00322@demo-causefleet.org,555-0171,769 Allen Gardens Apt. 761,Jaredshire,NE,57563,Individual,100-999,,False,2025-09-15,True
DNR-00323,ORG-HUM-01,Matthew,Benson,synthetic.dnr-00323@demo-causefleet.org,555-0174,197 Brittany Mountain,Angelamouth,HI,40875,Individual,100-999,,False,2025-09-15,True
DNR-00324,ORG-HUM-01,Chad,Rodriguez,synthetic.dnr-00324@demo-causefleet.org,555-0177,7013 Paige Throughway Apt. 227,Petershire,NV,26147,Individual,100-999,,False,2025-09-15,True
DNR-00325,ORG-HUM-01,Natalie,Evans,synthetic.dnr-00325@demo-causefleet.org,555-0130,5190 Abbott Walk Suite 058,North Jacquelinestad,DE,37490,Foundation,100-999,,False,2025-09-15,True
DNR-00326,ORG-HUM-01,Joe,Park,synthetic.dnr-00326@demo-causefleet.org,555-0117,566 Graham Forest Apt. 723,Bridgesstad,MP,55188,Individual,100-999,,False,2025-09-15,True
DNR-00327,ORG-HUM-01,Whitney,Santiago,synthetic.dnr-00327@demo-causefleet.org,555-0175,10276 Christopher Row,Daltonchester,RI,24067,Individual,100-999,,False,2025-09-15,True
DNR-00328,ORG-HUM-01,Roger,Wilkins,synthetic.dnr-00328@demo-causefleet.org,555-0120,3269 Becky Vista Apt. 846,Arthurton,OK,63843,Individual,100-999,,False,2025-09-15,True
DNR-00329,ORG-HUM-01,Daniel,Olson,synthetic.dnr-00329@demo-causefleet.org,555-0133,84781 John Roads,Lake Cynthiashire,ME,80853,Individual,100-999,,False,2025-09-15,True
DNR-00330,ORG-HUM-01,Matthew,Osborne,synthetic.dnr-00330@demo-causefleet.org,555-0118,8795 Gomez Union Suite 420,Jessicashire,KS,08551,Individual,100-999,,False,2025-09-15,True
DNR-00331,ORG-HUM-01,Belinda,Berry,synthetic.dnr-00331@demo-causefleet.org,555-0186,904 Miller Parkways Apt. 442,Joshuaview,AL,97681,Individual,100-999,,False,2025-09-15,True
DNR-00332,ORG-HUM-01,Greg,Vargas,synthetic.dnr-00332@demo-causefleet.org,555-0118,752 Patton Freeway,Whitehaven,VI,04838,Individual,100-999,,False,2025-09-15,True
DNR-00333,ORG-HUM-01,Christopher,Thomas,synthetic.dnr-00333@demo-causefleet.org,555-0196,6637 Jason Street,Brianview,WV,15704,Individual,100-999,,False,2025-09-15,True
DNR-00334,ORG-HUM-01,Steven,Alvarez,synthetic.dnr-00334@demo-causefleet.org,555-0140,836 Wells Drive Suite 047,Gregoryhaven,TX,05877,Individual,100-999,,False,2025-09-15,True
DNR-00335,ORG-HUM-01,Amanda,Gomez,synthetic.dnr-00335@demo-causefleet.org,555-0161,454 Lang Glens Suite 739,New Matthew,UT,24083,Individual,100-999,,False,2025-09-15,True
DNR-00336,ORG-HUM-01,Alex,Smith,synthetic.dnr-00336@demo-causefleet.org,555-0125,61817 Robinson Haven,Jamestown,RI,12551,Individual,100-999,,False,2025-09-15,True
DNR-00337,ORG-HUM-01,Brooke,Shannon,synthetic.dnr-00337@demo-causefleet.org,555-0182,111 Nicholas Track,North Heather,KS,39110,Individual,100-999,,False,2025-09-15,True
DNR-00338,ORG-HUM-01,Sharon,Fowler,synthetic.dnr-00338@demo-causefleet.org,555-0141,5421 Waters Light Suite 504,Gregoryland,NM,26803,Individual,100-999,,False,2025-09-15,True
DNR-00339,ORG-HUM-01,Gregory,Vasquez,synthetic.dnr-00339@demo-causefleet.org,555-0184,639 Rita Stravenue,Dakotaland,CA,75388,Individual,100-999,,False,2025-09-15,True
DNR-00340,ORG-HUM-01,Kimberly,Smith,synthetic.dnr-00340@demo-causefleet.org,555-0186,00642 Conway Ports Apt. 877,Powellland,ND,30103,Individual,100-999,,False,2025-09-15,True
DNR-00341,ORG-HUM-01,Stephanie,Meyers,synthetic.dnr-00341@demo-causefleet.org,555-0115,98554 Brown Rue Apt. 585,Port Steveport,SD,27124,Individual,100-999,,False,2025-09-15,True
DNR-00342,ORG-HUM-01,Benjamin,Cruz,synthetic.dnr-00342@demo-causefleet.org,555-0189,6157 Nicole Mill,East Austin,AK,94838,Individual,100-999,,False,2025-09-15,True
DNR-00343,ORG-HUM-01,John,Price,synthetic.dnr-00343@demo-causefleet.org,555-0120,8700 Brown Turnpike Apt. 613,Bentleyside,FL,97632,Individual,100-999,,False,2025-09-15,True
DNR-00344,ORG-HUM-01,Sandy,Johnson,synthetic.dnr-00344@demo-causefleet.org,555-0163,0790 Jacqueline Curve,East Cynthiaport,GU,13253,Individual,100-999,,False,2025-09-15,True
DNR-00345,ORG-HUM-01,George,Garza,synthetic.dnr-00345@demo-causefleet.org,555-0194,79931 Ronald Valleys,Nguyenshire,ND,18501,Individual,100-999,,False,2025-09-15,True
DNR-00346,ORG-HUM-01,Tami,Lewis,synthetic.dnr-00346@demo-causefleet.org,555-0184,251 Joshua Throughway,Jacksonstad,OH,22128,Individual,100-999,,False,2025-09-15,True
DNR-00347,ORG-HUM-01,Sara,Williams,synthetic.dnr-00347@demo-causefleet.org,555-0182,962 Nichole Common,North Harryland,VT,85927,Individual,100-999,,False,2025-09-15,True
DNR-00348,ORG-HUM-01,Justin,Steele,synthetic.dnr-00348@demo-causefleet.org,555-0176,232 Mills Loop Apt. 290,Lake Vincent,CO,82708,Individual,100-999,,False,2025-09-15,True
DNR-00349,ORG-HUM-01,Kevin,Barnes,synthetic.dnr-00349@demo-causefleet.org,555-0150,18195 Steven Road,West Brian,DE,20059,Individual,100-999,,False,2025-09-15,True
DNR-00350,ORG-HUM-01,Tanya,Wells,synthetic.dnr-00350@demo-causefleet.org,555-0143,00543 King Ridges,Williamston,ND,23554,Individual,100-999,,False,2025-09-15,True
DNR-00351,ORG-HUM-01,Anthony,Robertson,synthetic.dnr-00351@demo-causefleet.org,555-0136,79956 Julie Islands,Port Daniel,IN,13354,Individual,100-999,,False,2025-09-15,True
DNR-00352,ORG-HUM-01,Robert,Gonzalez,synthetic.dnr-00352@demo-causefleet.org,555-0195,79706 Javier Ridge,Thompsonstad,DC,60497,Individual,100-999,,False,2025-09-15,True
DNR-00353,ORG-HUM-01,Crystal,Cantrell,synthetic.dnr-00353@demo-causefleet.org,555-0150,2090 Taylor Walk,Ellisburgh,WV,45534,Individual,100-999,,False,2025-09-15,True
DNR-00354,ORG-HUM-01,Kenneth,Moore,synthetic.dnr-00354@demo-causefleet.org,555-0140,831 Vincent Overpass,New Thomas,NH,37092,Individual,100-999,,False,2025-09-15,True
DNR-00355,ORG-HUM-01,Ronnie,Salas,synthetic.dnr-00355@demo-causefleet.org,555-0143,6939 Robin Avenue,Bairdton,NJ,96639,Individual,100-999,,False,2025-09-15,True
DNR-00356,ORG-HUM-01,Arthur,Schmidt,synthetic.dnr-00356@demo-causefleet.org,555-0160,177 Christopher Terrace Apt. 632,Kennethland,AK,63387,Individual,100-999,,False,2025-09-15,True
DNR-00357,ORG-HUM-01,Evan,Stevens,synthetic.dnr-00357@demo-causefleet.org,555-0126,7262 Sims Squares,Port Courtneyfurt,MH,91039,Individual,100-999,,False,2025-09-15,True
DNR-00358,ORG-HUM-01,Antonio,Simmons,synthetic.dnr-00358@demo-causefleet.org,555-0195,989 Kristin Common Suite 085,North Patrickmouth,RI,05858,Individual,100-999,,False,2025-09-15,True
DNR-00359,ORG-HUM-01,Gregory,Hansen,synthetic.dnr-00359@demo-causefleet.org,555-0192,325 Amber Run,Mclaughlinshire,VI,92624,Foundation,100-999,,False,2025-09-15,True
DNR-00360,ORG-HUM-01,Julie,Perez,synthetic.dnr-00360@demo-causefleet.org,555-0148,8640 Nathan Mission Suite 881,Mckinneyside,MH,38808,Individual,100-999,,False,2025-09-15,True
DNR-00361,ORG-HUM-01,Micheal,Nunez,synthetic.dnr-00361@demo-causefleet.org,555-0168,71162 Mullen Club,East Joshuaberg,NM,20227,Individual,100-999,,False,2025-09-15,True
DNR-00362,ORG-HUM-01,Abigail,Burton,synthetic.dnr-00362@demo-causefleet.org,555-0150,8275 Wallace Rue Apt. 431,Port Lauriehaven,SD,44525,Individual,100-999,,False,2025-09-15,True
DNR-00363,ORG-HUM-01,Matthew,Lucas,synthetic.dnr-00363@demo-causefleet.org,555-0119,9887 Torres Curve Suite 243,Watsonport,WI,06703,Individual,100-999,,False,2025-09-15,True
DNR-00364,ORG-HUM-01,Justin,Huber,synthetic.dnr-00364@demo-causefleet.org,555-0111,842 Mary Square,East John,AZ,42001,Individual,100-999,,False,2025-09-15,True
DNR-00365,ORG-HUM-01,Scott,Wood,synthetic.dnr-00365@demo-causefleet.org,555-0168,055 Nathan Plains,New Kevin,PW,03767,Foundation,100-999,,False,2025-09-15,True
DNR-00366,ORG-HUM-01,Victor,Thomas,synthetic.dnr-00366@demo-causefleet.org,555-0189,2088 Holland Hill Suite 492,Morganville,VA,63282,Individual,100-999,,False,2025-09-15,True
DNR-00367,ORG-HUM-01,Donald,Pierce,synthetic.dnr-00367@demo-causefleet.org,555-0182,69375 Mark Rest Apt. 983,Jamesland,ND,58888,Corporation,100-999,,False,2025-09-15,True
DNR-00368,ORG-HUM-01,Susan,Daugherty,synthetic.dnr-00368@demo-causefleet.org,555-0122,75998 Rebekah Lake Suite 265,Watsonport,MI,46553,Foundation,100-999,,False,2025-09-15,True
DNR-00369,ORG-HUM-01,Sean,Hoffman,synthetic.dnr-00369@demo-causefleet.org,555-0119,767 Martin Stream,Chandlerchester,DC,77463,Individual,100-999,,False,2025-09-15,True
DNR-00370,ORG-HUM-01,Douglas,Turner,synthetic.dnr-00370@demo-causefleet.org,555-0178,96106 Perry Point Suite 923,Port Patrick,OH,64803,Individual,100-999,,False,2025-09-15,True
DNR-00371,ORG-HUM-01,Margaret,Davenport,synthetic.dnr-00371@demo-causefleet.org,555-0137,8730 Eric Hills Suite 146,South Rebecca,SD,32580,Individual,100-999,,False,2025-09-15,True
DNR-00372,ORG-HUM-01,Kathy,Snyder,synthetic.dnr-00372@demo-causefleet.org,555-0174,597 Oneill Road,Mccannville,MN,67678,Individual,100-999,,False,2025-09-15,True
DNR-00373,ORG-HUM-01,Andres,Green,synthetic.dnr-00373@demo-causefleet.org,555-0143,57252 Joseph Manor,Brandonport,NC,84248,Individual,100-999,,False,2025-09-15,True
DNR-00374,ORG-HUM-01,Willie,Miranda,synthetic.dnr-00374@demo-causefleet.org,555-0126,92855 Nelson Square,Codyshire,MI,19338,Individual,100-999,,False,2025-09-15,True
DNR-00375,ORG-HUM-01,April,Watson,synthetic.dnr-00375@demo-causefleet.org,555-0154,5213 Wesley Village Apt. 898,South Stevenland,DE,17701,Individual,100-999,,False,2025-09-15,True
DNR-00376,ORG-HUM-01,Timothy,Collins,synthetic.dnr-00376@demo-causefleet.org,555-0118,79852 Johnson Via Apt. 322,West David,DC,10803,Individual,100-999,,False,2025-09-15,True
DNR-00377,ORG-HUM-01,Kathryn,Rodriguez,synthetic.dnr-00377@demo-causefleet.org,555-0141,6031 Laura Passage,South Davidview,AZ,09184,Individual,100-999,,False,2025-09-15,True
DNR-00378,ORG-HUM-01,Alex,Davis,synthetic.dnr-00378@demo-causefleet.org,555-0157,393 Ellen Burgs,East Meghanview,OR,46092,Individual,100-999,,False,2025-09-15,True
DNR-00379,ORG-HUM-01,Melissa,Norman,synthetic.dnr-00379@demo-causefleet.org,555-0146,911 Allison Stravenue,West George,WV,70903,Individual,100-999,,False,2025-09-15,True
DNR-00380,ORG-HUM-01,Jessica,Glass,synthetic.dnr-00380@demo-causefleet.org,555-0130,9271 Mary Light Suite 383,Rodriguezmouth,DE,61567,Individual,100-999,,False,2025-09-15,True
DNR-00381,ORG-HUM-01,Derek,Farmer,synthetic.dnr-00381@demo-causefleet.org,555-0166,015 Wilson Haven Suite 947,New Richard,PR,56594,Individual,100-999,,False,2025-09-15,True
DNR-00382,ORG-HUM-01,Chad,Randall,synthetic.dnr-00382@demo-causefleet.org,555-0179,520 Powers Locks Suite 811,South Richard,OR,13833,Individual,100-999,,False,2025-09-15,True
DNR-00383,ORG-HUM-01,Patricia,Jackson,synthetic.dnr-00383@demo-causefleet.org,555-0148,53961 Mary Stream Suite 499,Katelynfurt,MI,62868,Individual,100-999,,False,2025-09-15,True
DNR-00384,ORG-HUM-01,Stephanie,Archer,synthetic.dnr-00384@demo-causefleet.org,555-0188,71147 Hall Dale Apt. 101,Gregoryburgh,MS,79745,Individual,100-999,,False,2025-09-15,True
DNR-00385,ORG-HUM-01,Eric,Howell,synthetic.dnr-00385@demo-causefleet.org,555-0193,87734 Henry Green,Lisaside,ND,02817,Individual,100-999,,False,2025-09-15,True
DNR-00386,ORG-HUM-01,Anthony,Jordan,synthetic.dnr-00386@demo-causefleet.org,555-0177,7567 Johnson Fall,Nicoleburgh,NM,56951,Individual,100-999,,False,2025-09-15,True
DNR-00387,ORG-HUM-01,Jennifer,Freeman,synthetic.dnr-00387@demo-causefleet.org,555-0111,788 Alvarez Walk,New Brian,KS,65341,Individual,100-999,,False,2025-09-15,True
DNR-00388,ORG-HUM-01,Nicholas,Rhodes,synthetic.dnr-00388@demo-causefleet.org,555-0195,0090 Mary Keys Apt. 561,Reedstad,MT,46542,Individual,100-999,,False,2025-09-15,True
DNR-00389,ORG-HUM-01,John,Young,synthetic.dnr-00389@demo-causefleet.org,555-0180,114 Matthew Brooks Suite 076,Adamsfort,OR,03415,Individual,100-999,,False,2025-09-15,True
DNR-00390,ORG-HUM-01,Nicholas,Myers,synthetic.dnr-00390@demo-causefleet.org,555-0148,1357 Jackson Hills,Taraborough,NM,83789,Individual,100-999,,False,2025-09-15,True
DNR-00391,ORG-HUM-01,Kristin,Pittman,synthetic.dnr-00391@demo-causefleet.org,555-0194,4049 Ballard Road,Lake Meganville,OR,44651,Corporation,100-999,,False,2025-09-15,True
DNR-00392,ORG-HUM-01,Ashley,Schmidt,synthetic.dnr-00392@demo-causefleet.org,555-0123,51484 Alvarado Island Apt. 664,Powersside,HI,02939,Individual,100-999,,False,2025-09-15,True
DNR-00393,ORG-HUM-01,Zachary,Lopez,synthetic.dnr-00393@demo-causefleet.org,555-0127,74896 Alexa Lakes Suite 232,Meganchester,MD,08945,Individual,100-999,,False,2025-09-15,True
DNR-00394,ORG-HUM-01,Meghan,Adams,synthetic.dnr-00394@demo-causefleet.org,555-0143,249 Richard Crescent Apt. 303,Stevenside,NE,55815,Individual,100-999,,False,2025-09-15,True
DNR-00395,ORG-HUM-01,Benjamin,Moore,synthetic.dnr-00395@demo-causefleet.org,555-0124,44820 Casey Centers,West Carolynland,MH,53848,Individual,100-999,,False,2025-09-15,True
DNR-00396,ORG-HUM-01,Emily,Blackwell,synthetic.dnr-00396@demo-causefleet.org,555-0123,231 Alejandra Village Suite 713,Port Lindsaymouth,MP,77089,Foundation,100-999,,False,2025-09-15,True
DNR-00397,ORG-HUM-01,Linda,Manning,synthetic.dnr-00397@demo-causefleet.org,555-0180,21234 Ortiz Wall Apt. 785,West Amyfort,TX,32790,Individual,100-999,,False,2025-09-15,True
DNR-00398,ORG-HUM-01,Natasha,Giles,synthetic.dnr-00398@demo-causefleet.org,555-0129,5409 Mckenzie Shore Apt. 348,Parkerstad,MH,90317,Individual,100-999,,False,2025-09-15,True
DNR-00399,ORG-HUM-01,Michelle,Mathews,synthetic.dnr-00399@demo-causefleet.org,555-0144,64413 Clark Estates Suite 560,Michellefort,NJ,97093,Individual,100-999,,False,2025-09-15,True
DNR-00400,ORG-HUM-01,Maureen,Love,synthetic.dnr-00400@demo-causefleet.org,555-0146,48156 Chavez Burgs,Lake Darlenemouth,WY,84531,Individual,100-999,,False,2023-03-16,True
DNR-00401,ORG-HUM-01,Richard,Fuller,synthetic.dnr-00401@demo-causefleet.org,555-0187,112 Zachary Trafficway Apt. 965,Mendozaberg,KS,23239,Individual,Under 100,,False,2022-01-02,True
DNR-00402,ORG-HUM-01,Margaret,Marsh,synthetic.dnr-00402@demo-causefleet.org,555-0136,65266 Andrew Brooks,North Terri,ID,34813,Foundation,Under 100,,False,2024-05-24,True
DNR-00403,ORG-HUM-01,Gary,Morales,synthetic.dnr-00403@demo-causefleet.org,555-0153,421 Jackson Port Apt. 086,Wilcoxfort,DE,29924,Individual,Under 100,,False,2024-06-15,True
DNR-00404,ORG-HUM-01,James,Atkins,synthetic.dnr-00404@demo-causefleet.org,555-0136,7626 Carol View Suite 362,Sparkstown,LA,34815,Individual,100-999,,False,2024-07-04,True
DNR-00405,ORG-HUM-01,Shannon,Wright,synthetic.dnr-00405@demo-causefleet.org,555-0197,07256 Jennifer Station Suite 941,New Brianmouth,IA,62227,Individual,Under 100,,False,2022-06-08,True
DNR-00406,ORG-HUM-01,Wendy,Crosby,synthetic.dnr-00406@demo-causefleet.org,555-0191,48964 Lambert Curve,New Harryburgh,NY,65098,Foundation,Under 100,,False,2025-05-08,True
DNR-00407,ORG-HUM-01,Natalie,Anderson,synthetic.dnr-00407@demo-causefleet.org,555-0143,862 Wilson Cape Apt. 745,Campbellview,RI,35072,Individual,Under 100,,False,2025-06-12,True
DNR-00408,ORG-HUM-01,Ryan,Martin,synthetic.dnr-00408@demo-causefleet.org,555-0174,87032 Jerry Camp Suite 427,Wilsonfort,AZ,58371,Individual,Under 100,,False,2023-08-28,True
DNR-00409,ORG-HUM-01,Jenna,Washington,synthetic.dnr-00409@demo-causefleet.org,555-0172,21513 White Extension Suite 993,New Katieburgh,MT,10571,Foundation,Under 100,,False,2022-12-17,True
DNR-00410,ORG-HUM-01,Tyler,Davis,synthetic.dnr-00410@demo-causefleet.org,555-0142,41659 Mary Drives Apt. 177,Fullerview,PA,86747,Individual,100-999,,False,2022-06-25,True
DNR-00411,ORG-HUM-01,Tara,Douglas,synthetic.dnr-00411@demo-causefleet.org,555-0116,9230 Morris Centers Apt. 896,South Jonathanbury,WI,52787,Individual,100-999,,False,2021-06-10,True
DNR-00412,ORG-HUM-01,Melissa,Martin,synthetic.dnr-00412@demo-causefleet.org,555-0121,2147 Fitzgerald Inlet Apt. 515,South Sean,MS,62948,Foundation,Under 100,,False,2021-10-20,True
DNR-00413,ORG-HUM-01,Caroline,Davis,synthetic.dnr-00413@demo-causefleet.org,555-0191,9266 Billy Junctions Suite 327,West Taylorland,PW,63102,Foundation,Under 100,,False,2022-07-31,True
DNR-00414,ORG-HUM-01,Tracey,Sutton,synthetic.dnr-00414@demo-causefleet.org,555-0164,86490 Samantha Passage Apt. 866,South Donnashire,GU,33712,Individual,Under 100,,False,2022-09-19,True
DNR-00415,ORG-HUM-01,Brenda,Mack,synthetic.dnr-00415@demo-causefleet.org,555-0145,72260 Robert Squares,Leemouth,WV,88353,Individual,100-999,,False,2022-12-15,True
DNR-00416,ORG-HUM-01,Lindsey,Peterson,synthetic.dnr-00416@demo-causefleet.org,555-0115,21941 Ferguson Avenue,Wilsonburgh,SD,63038,Individual,Under 100,,False,2023-05-14,True
DNR-00417,ORG-HUM-01,Richard,Sandoval,synthetic.dnr-00417@demo-causefleet.org,555-0110,9956 Miller Dale Apt. 310,Port Anthony,NJ,85517,Individual,Under 100,,False,2023-05-30,True
DNR-00418,ORG-HUM-01,John,Wilkinson,synthetic.dnr-00418@demo-causefleet.org,555-0152,47276 Darren Drives,Maynardfort,AK,59419,Individual,Under 100,,False,2022-01-16,True
DNR-00419,ORG-HUM-01,James,Hudson,synthetic.dnr-00419@demo-causefleet.org,555-0126,50166 Mclaughlin Ranch Suite 076,Palmerfort,IN,94124,Individual,100-999,,False,2023-12-14,True
DNR-00420,ORG-HUM-01,Andrew,Ray,synthetic.dnr-00420@demo-causefleet.org,555-0191,6717 West Mews,East Keithborough,NJ,45569,Individual,100-999,,False,2021-09-05,True
DNR-00421,ORG-HUM-01,William,Matthews,synthetic.dnr-00421@demo-causefleet.org,555-0143,724 Moyer Village Suite 729,West Hannah,CO,87933,Individual,100-999,,False,2023-04-25,True
DNR-00422,ORG-HUM-01,Glen,Moore,synthetic.dnr-00422@demo-causefleet.org,555-0130,67433 Yvette Knolls Suite 522,Port Brycechester,DE,81446,Individual,100-999,,False,2023-07-05,True
DNR-00423,ORG-HUM-01,Anna,Tucker,synthetic.dnr-00423@demo-causefleet.org,555-0166,0842 Jasmine Mill Suite 119,Port Annahaven,CT,22396,Individual,Under 100,,False,2022-05-25,True
DNR-00424,ORG-HUM-01,Monica,Bartlett,synthetic.dnr-00424@demo-causefleet.org,555-0180,478 Oconnor Courts,Lake Michael,GU,18559,Individual,Under 100,,False,2024-02-23,True
DNR-00425,ORG-HUM-01,James,Montes,synthetic.dnr-00425@demo-causefleet.org,555-0164,75482 Joseph Stravenue,Wardbury,FL,99225,Individual,Under 100,,False,2021-12-12,True
DNR-00426,ORG-HUM-01,Robert,Perez,synthetic.dnr-00426@demo-causefleet.org,555-0181,6785 Scott Trail Apt. 811,Leroyburgh,NE,08557,Individual,Under 100,,False,2024-09-05,True
DNR-00427,ORG-HUM-01,Benjamin,Nielsen,synthetic.dnr-00427@demo-causefleet.org,555-0111,084 Morales Springs,Jennifermouth,PW,45610,Individual,Under 100,,False,2023-02-13,True
DNR-00428,ORG-HUM-01,Joshua,Rose,synthetic.dnr-00428@demo-causefleet.org,555-0124,673 Terry Valleys,Roweport,CO,05346,Foundation,Under 100,,False,2021-06-13,True
DNR-00429,ORG-HUM-01,Peter,Higgins,synthetic.dnr-00429@demo-causefleet.org,555-0119,843 William Inlet,Katherineburgh,AK,04156,Individual,Under 100,,False,2023-09-29,True
DNR-00430,ORG-HUM-01,Amber,Green,synthetic.dnr-00430@demo-causefleet.org,555-0198,681 Mckenzie Green Suite 101,Evanstown,NH,44931,Individual,"1,000-$9,999",,False,2025-04-10,True
DNR-00431,ORG-HUM-01,Linda,Zhang,synthetic.dnr-00431@demo-causefleet.org,555-0129,4492 Stone Gateway,West Zacharyborough,GU,47853,Individual,Under 100,,False,2025-09-04,True
DNR-00432,ORG-HUM-01,Dwayne,Simmons,synthetic.dnr-00432@demo-causefleet.org,555-0179,10627 Sean Land Suite 988,Wigginsshire,NM,83923,Individual,100-999,,False,2023-05-21,True
DNR-00433,ORG-HUM-01,Scott,Galvan,synthetic.dnr-00433@demo-causefleet.org,555-0114,622 Todd Mount Apt. 881,South Thomas,WA,21058,Individual,100-999,,False,2023-04-02,True
DNR-00434,ORG-HUM-01,Mike,Crane,synthetic.dnr-00434@demo-causefleet.org,555-0157,15940 David Inlet Suite 447,Port Douglasshire,MT,06877,Individual,Under 100,,False,2025-07-04,True
DNR-00435,ORG-HUM-01,Kevin,Campbell,synthetic.dnr-00435@demo-causefleet.org,555-0184,701 Jones Cape,Olsonport,OK,59794,Individual,100-999,,False,2025-06-22,True
DNR-00436,ORG-HUM-01,Kimberly,Alvarez,synthetic.dnr-00436@demo-causefleet.org,555-0180,87772 Davis Road,Hughesfurt,MA,71410,Individual,Under 100,,False,2025-04-26,True
DNR-00437,ORG-HUM-01,Ellen,Ramos,synthetic.dnr-00437@demo-causefleet.org,555-0128,120 Hoffman Crossing Apt. 398,New Aimeefort,NY,02947,Individual,100-999,,False,2021-08-12,True
DNR-00438,ORG-HUM-01,Sharon,White,synthetic.dnr-00438@demo-causefleet.org,555-0165,3397 Lindsay Rest,Richardton,NM,03550,Individual,Under 100,,False,2021-12-08,True
DNR-00439,ORG-HUM-01,Henry,Johnson,synthetic.dnr-00439@demo-causefleet.org,555-0126,4111 Justin Falls Suite 124,Gregoryton,RI,43137,Individual,"$100,000+",,False,2022-11-21,True
DNR-00440,ORG-HUM-01,Jennifer,Evans,synthetic.dnr-00440@demo-causefleet.org,555-0115,2654 David Crest,East Johnshire,IA,65116,Individual,Under 100,,False,2022-03-15,True
DNR-00441,ORG-HUM-01,William,Avery,synthetic.dnr-00441@demo-causefleet.org,555-0149,57861 Johnson Roads Apt. 048,East Kathrynberg,ME,74982,Individual,Under 100,,False,2023-08-15,True
DNR-00442,ORG-HUM-01,Christopher,Fields,synthetic.dnr-00442@demo-causefleet.org,555-0156,58238 Ali Point,Williamsmouth,MP,81861,Corporation,"1,000-$9,999",,False,2023-03-06,True
DNR-00443,ORG-HUM-01,Teresa,Smith,synthetic.dnr-00443@demo-causefleet.org,555-0115,9465 Brenda Pass Suite 028,West Christopherville,MP,18805,Individual,Under 100,,False,2022-09-01,True
DNR-00444,ORG-HUM-01,Yolanda,Johns,synthetic.dnr-00444@demo-causefleet.org,555-0155,855 Petty Station,Nelsonmouth,MA,28107,Individual,100-999,,False,2024-07-22,True
DNR-00445,ORG-HUM-01,Carol,Smith,synthetic.dnr-00445@demo-causefleet.org,555-0136,097 Rachel Spring,South Angela,UT,92683,Individual,100-999,,False,2023-05-29,True
DNR-00446,ORG-HUM-01,Philip,Miller,synthetic.dnr-00446@demo-causefleet.org,555-0197,071 Stanton Lane,Paultown,DE,61147,Foundation,100-999,,False,2023-07-15,True
DNR-00447,ORG-HUM-01,James,Smith,synthetic.dnr-00447@demo-causefleet.org,555-0141,5319 Stokes Forges,South Tammy,AZ,37300,Corporation,"10,000-99,999",,False,2023-01-08,True
DNR-00448,ORG-HUM-01,Jane,Obrien,synthetic.dnr-00448@demo-causefleet.org,555-0195,61498 Jackson Fields,North Brianna,WA,09027,Individual,"10,000-99,999",,False,2023-07-21,True
DNR-00449,ORG-HUM-01,Sarah,Foley,synthetic.dnr-00449@demo-causefleet.org,555-0123,08948 Smith Meadow Apt. 566,Davidhaven,NH,65456,Individual,Under 100,,False,2021-12-19,True
DNR-00450,ORG-HUM-01,Katherine,Stephenson,synthetic.dnr-00450@demo-causefleet.org,555-0155,46875 Philip Isle,New Lindseybury,UT,56051,Individual,100-999,,False,2022-12-25,True
DNR-00451,ORG-HUM-01,Sally,Gonzalez,synthetic.dnr-00451@demo-causefleet.org,555-0181,1107 Morton Ramp Suite 431,Allenmouth,MP,07635,Individual,100-999,,False,2025-07-26,True
DNR-00452,ORG-HUM-01,April,Young,synthetic.dnr-00452@demo-causefleet.org,555-0162,971 Riley Corner,North Nicholasland,WY,17217,Individual,100-999,,False,2024-12-22,True
DNR-00453,ORG-HUM-01,Leah,Brown,synthetic.dnr-00453@demo-causefleet.org,555-0189,10804 Morales River Suite 399,South Patrickchester,FM,81793,Individual,Under 100,,False,2021-09-07,True
DNR-00454,ORG-HUM-01,Matthew,Pace,synthetic.dnr-00454@demo-causefleet.org,555-0129,8593 Curtis Ranch,New Kristineborough,MH,75633,Foundation,100-999,,False,2024-02-06,True
DNR-00455,ORG-HUM-01,William,Kelly,synthetic.dnr-00455@demo-causefleet.org,555-0140,972 Devin Cape Apt. 249,Palmerstad,ME,77003,Individual,"10,000-99,999",,False,2021-12-17,True
DNR-00456,ORG-HUM-01,Kimberly,Hernandez,synthetic.dnr-00456@demo-causefleet.org,555-0130,545 Zachary Shoals Apt. 038,South Mauriceborough,SC,26880,Individual,"1,000-$9,999",,False,2025-04-02,True
DNR-00457,ORG-HUM-01,Matthew,Contreras,synthetic.dnr-00457@demo-causefleet.org,555-0132,599 Jensen Manor Suite 217,South Jeffreytown,SC,29733,Individual,Under 100,,False,2024-10-26,True
DNR-00458,ORG-HUM-01,Steven,Lewis,synthetic.dnr-00458@demo-causefleet.org,555-0162,563 Lopez Avenue Suite 015,New Dariusport,NV,25981,Individual,Under 100,,False,2024-06-02,True
DNR-00459,ORG-HUM-01,Roberta,Ward,synthetic.dnr-00459@demo-causefleet.org,555-0113,34234 Matthew Plaza,East James,HI,34814,Individual,Under 100,,False,2024-02-25,True
DNR-00460,ORG-HUM-01,Andrew,Byrd,synthetic.dnr-00460@demo-causefleet.org,555-0132,153 Bryant Land Suite 289,Johnsland,DE,19432,Individual,100-999,,False,2025-05-12,True
DNR-00461,ORG-HUM-01,David,Lopez,synthetic.dnr-00461@demo-causefleet.org,555-0152,559 Rowland Gardens Apt. 993,Kristinemouth,IA,07481,Individual,100-999,,False,2025-03-29,True
DNR-00462,ORG-HUM-01,Joshua,Martinez,synthetic.dnr-00462@demo-causefleet.org,555-0162,17912 Potter Rue Suite 787,West Jennifer,NC,91531,Individual,Under 100,,False,2024-02-22,True
DNR-00463,ORG-HUM-01,Stephanie,Wells,synthetic.dnr-00463@demo-causefleet.org,555-0195,903 Patricia Mission Apt. 634,Onealshire,GA,49535,Individual,Under 100,,False,2023-07-06,True
DNR-00464,ORG-HUM-01,Christopher,Walton,synthetic.dnr-00464@demo-causefleet.org,555-0141,8539 Steven Road Suite 677,Ortizfort,MD,36286,Individual,Under 100,,False,2022-07-08,True
DNR-00465,ORG-HUM-01,Hayden,Hall,synthetic.dnr-00465@demo-causefleet.org,555-0144,1488 Kristi Forks,North Charleston,ND,26755,Corporation,Under 100,,False,2023-01-27,True
DNR-00466,ORG-HUM-01,Emily,Wright,synthetic.dnr-00466@demo-causefleet.org,555-0130,92840 Campbell Key Suite 690,Valdezberg,VI,52602,Individual,"1,000-$9,999",,False,2022-11-11,True
DNR-00467,ORG-HUM-01,Jennifer,Clark,synthetic.dnr-00467@demo-causefleet.org,555-0199,987 Peterson Corner,Meganchester,WI,91981,Individual,100-999,,False,2022-05-27,True
DNR-00468,ORG-HUM-01,Samuel,Farrell,synthetic.dnr-00468@demo-causefleet.org,555-0123,2924 Vincent Shoals,Matthewchester,NE,90385,Individual,Under 100,,False,2023-03-24,True
DNR-00469,ORG-HUM-01,Kathryn,Vaughn,synthetic.dnr-00469@demo-causefleet.org,555-0158,9090 Eric Isle Suite 636,New Paulfort,CT,43602,Individual,Under 100,,False,2024-09-04,True
DNR-00470,ORG-HUM-01,Shannon,Kline,synthetic.dnr-00470@demo-causefleet.org,555-0114,18209 Johnson Flat,South Justinbury,LA,86952,Corporation,Under 100,,False,2023-11-19,True
DNR-00471,ORG-HUM-01,Shawn,Wood,synthetic.dnr-00471@demo-causefleet.org,555-0170,56621 Amanda Neck,South Stephanieborough,DC,27459,Individual,"10,000-99,999",,False,2023-09-09,True
DNR-00472,ORG-HUM-01,Lisa,Ortega,synthetic.dnr-00472@demo-causefleet.org,555-0138,949 Wayne Spur,Hilltown,FL,58923,Corporation,Under 100,,False,2022-10-04,True
DNR-00473,ORG-HUM-01,Reginald,Aguirre,synthetic.dnr-00473@demo-causefleet.org,555-0135,777 Jo Heights Suite 546,South John,MH,81468,Individual,Under 100,,False,2021-09-10,True
DNR-00474,ORG-HUM-01,Stephen,Bartlett,synthetic.dnr-00474@demo-causefleet.org,555-0168,916 John Ways,West Nicole,ND,38759,Foundation,Under 100,,False,2024-08-04,True
DNR-00475,ORG-HUM-01,Carl,Barber,synthetic.dnr-00475@demo-causefleet.org,555-0154,6815 Karina Parkways,Robertburgh,KS,27681,Individual,100-999,,False,2024-04-21,True
DNR-00476,ORG-HUM-01,Steven,Jones,synthetic.dnr-00476@demo-causefleet.org,555-0149,5636 Alex Crescent Apt. 577,Jonesside,TN,32258,Corporation,100-999,,False,2023-08-11,True
DNR-00477,ORG-HUM-01,Samuel,Ruiz,synthetic.dnr-00477@demo-causefleet.org,555-0139,20912 Martinez Streets Suite 210,Ericstad,HI,28900,Individual,100-999,,False,2024-07-04,True
DNR-00478,ORG-HUM-01,Patricia,Patel,synthetic.dnr-00478@demo-causefleet.org,555-0138,081 Vaughn Mills Apt. 900,Wangbury,MN,31766,Individual,Under 100,,False,2024-07-05,True
DNR-00479,ORG-HUM-01,Allen,Johnson,synthetic.dnr-00479@demo-causefleet.org,555-0113,3131 Jennifer Cape,Huntmouth,MD,74170,Corporation,Under 100,,False,2022-04-13,True
DNR-00480,ORG-HUM-01,Colleen,Villa,synthetic.dnr-00480@demo-causefleet.org,555-0194,1331 Morris Bridge Suite 506,South Jeffrey,TN,36998,Individual,Under 100,,False,2024-02-18,True
DNR-00481,ORG-HUM-01,Miguel,Jones,synthetic.dnr-00481@demo-causefleet.org,555-0134,4971 Johnathan Court,Tinafurt,TX,91428,Individual,100-999,,False,2024-03-25,True
DNR-00482,ORG-HUM-01,Gregory,Gill,synthetic.dnr-00482@demo-causefleet.org,555-0161,715 Charlotte Prairie Suite 683,East Andrewville,ME,31485,Individual,Under 100,,False,2021-12-28,True
DNR-00483,ORG-HUM-01,Katherine,Harvey,synthetic.dnr-00483@demo-causefleet.org,555-0152,57432 Harris Camp,Lake Carly,NV,97396,Individual,Under 100,,False,2024-08-12,True
DNR-00484,ORG-HUM-01,Dennis,Stewart,synthetic.dnr-00484@demo-causefleet.org,555-0145,640 Melanie Isle,Johnside,AR,87664,Individual,100-999,,False,2025-03-20,True
DNR-00485,ORG-HUM-01,Laurie,Horton,synthetic.dnr-00485@demo-causefleet.org,555-0118,685 Scott Avenue,Port Travisborough,AR,83648,Individual,"1,000-$9,999",,False,2025-09-12,True
DNR-00486,ORG-HUM-01,Shawna,Martinez,synthetic.dnr-00486@demo-causefleet.org,555-0145,833 Ronald Mountain,Frankborough,IA,56077,Foundation,Under 100,,False,2025-09-18,True
DNR-00487,ORG-HUM-01,John,Mitchell,synthetic.dnr-00487@demo-causefleet.org,555-0154,347 Stephanie Lake Suite 627,Hendersonchester,WV,20932,Individual,Under 100,,False,2022-03-07,True
DNR-00488,ORG-HUM-01,Laura,Smith,synthetic.dnr-00488@demo-causefleet.org,555-0192,1498 Angela Extensions Suite 674,Campbellside,PA,63526,Individual,Under 100,,False,2024-12-19,True
DNR-00489,ORG-HUM-01,Derrick,Harrison,synthetic.dnr-00489@demo-causefleet.org,555-0175,00857 Frost Locks,Patrickport,SD,77611,Foundation,100-999,,False,2021-09-22,True
DNR-00490,ORG-HUM-01,Nicole,Riddle,synthetic.dnr-00490@demo-causefleet.org,555-0161,9236 Wise Terrace,Williamfort,SC,90742,Foundation,100-999,,False,2021-09-21,True
DNR-00491,ORG-HUM-01,Brian,Cruz,synthetic.dnr-00491@demo-causefleet.org,555-0196,337 Sandra Lake Apt. 249,Blackburnberg,KS,32930,Individual,Under 100,,False,2023-01-04,True
DNR-00492,ORG-HUM-01,Stephanie,Skinner,synthetic.dnr-00492@demo-causefleet.org,555-0178,16691 Nancy Expressway,Kingport,NY,70388,Individual,Under 100,,False,2024-01-10,True
DNR-00493,ORG-HUM-01,Patrick,Parker,synthetic.dnr-00493@demo-causefleet.org,555-0152,119 Olsen Grove Apt. 640,Port Travis,CT,09655,Individual,100-999,,False,2024-04-08,True
DNR-00494,ORG-HUM-01,Robert,Butler,synthetic.dnr-00494@demo-causefleet.org,555-0113,622 Lopez Dale Apt. 728,South Ashleyborough,HI,26838,Individual,100-999,,False,2024-10-07,True
DNR-00495,ORG-HUM-01,Ian,Malone,synthetic.dnr-00495@demo-causefleet.org,555-0124,7912 Kelly Lane Apt. 415,New Jimmyfort,TX,13714,Individual,Under 100,,False,2021-09-02,True
DNR-00496,ORG-HUM-01,Joseph,Moses,synthetic.dnr-00496@demo-causefleet.org,555-0143,38069 Frederick Mountains,Cassandramouth,MN,89873,Individual,Under 100,,False,2021-06-16,True
DNR-00497,ORG-HUM-01,Yvonne,Montoya,synthetic.dnr-00497@demo-causefleet.org,555-0132,669 Theresa Well Suite 107,Hardyberg,AK,79394,Individual,Under 100,,False,2025-04-10,True
DNR-00498,ORG-HUM-01,Alyssa,Tapia,synthetic.dnr-00498@demo-causefleet.org,555-0184,7978 Keller Alley,Allenstad,VI,06498,Individual,Under 100,,False,2021-12-12,True
DNR-00499,ORG-HUM-01,Jill,Gregory,synthetic.dnr-00499@demo-causefleet.org,555-0143,769 Michael Mountains,Lake Paulborough,VT,19265,Corporation,"1,000-$9,999",,False,2025-08-13,True
DNR-00500,ORG-HUM-01,Nancy,Glover,synthetic.dnr-00500@demo-causefleet.org,555-0114,71487 Peggy Crescent,Batesbury,IA,28241,Corporation,100-999,,False,2025-03-08,True
DNR-00501,ORG-HUM-01,Sheryl,Graves,synthetic.dnr-00501@demo-causefleet.org,555-0123,0256 Robinson Glens,Lynnville,TN,18294,Individual,100-999,,False,2022-02-25,True
DNR-00502,ORG-HUM-01,Cynthia,Vasquez,synthetic.dnr-00502@demo-causefleet.org,555-0186,99156 Valdez Tunnel Suite 334,West Christopherland,MA,97570,Individual,Under 100,,False,2025-05-31,True
DNR-00503,ORG-HUM-01,Jacob,Mcmahon,synthetic.dnr-00503@demo-causefleet.org,555-0165,56904 Brittany Field Suite 655,New Elizabeth,OR,29617,Individual,100-999,,False,2023-12-25,True
DNR-00504,ORG-HUM-01,Albert,Phelps,synthetic.dnr-00504@demo-causefleet.org,555-0154,43772 Thomas Shores Apt. 954,West Wendyshire,NJ,83217,Individual,Under 100,,False,2021-11-16,True
DNR-00505,ORG-HUM-01,Troy,Padilla,synthetic.dnr-00505@demo-causefleet.org,555-0150,52330 Melissa Stream Suite 420,Rogersfort,MI,99816,Individual,Under 100,,False,2025-01-02,True
DNR-00506,ORG-HUM-01,Charles,Acosta,synthetic.dnr-00506@demo-causefleet.org,555-0165,386 David Terrace Apt. 472,South Heather,LA,19483,Individual,Under 100,,False,2023-02-10,True
DNR-00507,ORG-HUM-01,Linda,Gonzalez,synthetic.dnr-00507@demo-causefleet.org,555-0187,9126 Shelton Extension,North Michaelfort,HI,07378,Foundation,Under 100,,False,2022-04-29,True
DNR-00508,ORG-HUM-01,Zachary,Morgan,synthetic.dnr-00508@demo-causefleet.org,555-0175,63013 Burns Spurs Apt. 617,Hillmouth,MN,02021,Individual,100-999,,False,2021-12-03,True
DNR-00509,ORG-HUM-01,Christopher,Burns,synthetic.dnr-00509@demo-causefleet.org,555-0124,99974 Laura Falls,Washingtonchester,ME,75398,Foundation,Under 100,,False,2021-12-07,True
DNR-00510,ORG-HUM-01,Mark,Reeves,synthetic.dnr-00510@demo-causefleet.org,555-0159,0688 Brown Villages,Port Karenville,HI,79026,Individual,Under 100,,False,2021-12-16,True
DNR-00511,ORG-HUM-01,Adam,West,synthetic.dnr-00511@demo-causefleet.org,555-0183,02932 Anna Vista Apt. 118,Michaelside,GA,55951,Individual,Under 100,,False,2024-06-05,True
DNR-00512,ORG-HUM-01,Dominique,Wright,synthetic.dnr-00512@demo-causefleet.org,555-0134,487 Barbara Square,Alexandrastad,PA,71045,Individual,Under 100,,False,2025-08-25,True
DNR-00513,ORG-HUM-01,Hailey,Bates,synthetic.dnr-00513@demo-causefleet.org,555-0142,03243 Carrie Forge,Joshuachester,CA,72570,Foundation,Under 100,,False,2023-08-18,True
DNR-00514,ORG-HUM-01,Patrick,Mckee,synthetic.dnr-00514@demo-causefleet.org,555-0115,1462 Chad Street Suite 359,South Lorraine,MD,57337,Individual,Under 100,,False,2022-07-09,True
DNR-00515,ORG-HUM-01,Tamara,Wright,synthetic.dnr-00515@demo-causefleet.org,555-0165,81861 Bowman Lake Suite 423,Alejandrofurt,IN,50129,Individual,100-999,,False,2023-01-21,True
DNR-00516,ORG-HUM-01,Kirsten,Martinez,synthetic.dnr-00516@demo-causefleet.org,555-0110,718 Graves Way Suite 849,North Georgefurt,HI,45743,Individual,Under 100,,False,2025-07-16,True
DNR-00517,ORG-HUM-01,Erica,Kramer,synthetic.dnr-00517@demo-causefleet.org,555-0176,9240 Diane Divide Suite 940,Jasminebury,TX,80284,Individual,Under 100,,False,2024-11-28,True
DNR-00518,ORG-HUM-01,Stephen,Gonzales,synthetic.dnr-00518@demo-causefleet.org,555-0178,8446 Kevin Walks Apt. 465,Lake Christopherbury,CO,22142,Individual,Under 100,,False,2023-03-25,True
DNR-00519,ORG-HUM-01,Christopher,Mitchell,synthetic.dnr-00519@demo-causefleet.org,555-0197,68277 Richard Ridges Apt. 068,Johnhaven,TX,80349,Corporation,100-999,,False,2023-11-28,True
DNR-00520,ORG-HUM-01,Shane,Jackson,synthetic.dnr-00520@demo-causefleet.org,555-0195,15285 Roberto Light,West Tara,MA,89507,Individual,Under 100,,False,2021-08-07,True
DNR-00521,ORG-HUM-01,Amber,Miranda,synthetic.dnr-00521@demo-causefleet.org,555-0135,4744 Aaron Roads,Robinsonport,SD,68072,Individual,Under 100,,False,2022-07-01,True
DNR-00522,ORG-HUM-01,Austin,Ford,synthetic.dnr-00522@demo-causefleet.org,555-0156,50975 Gomez Avenue Suite 265,North Ryanborough,CO,69850,Individual,Under 100,,False,2024-12-29,True
DNR-00523,ORG-HUM-01,Eric,Martinez,synthetic.dnr-00523@demo-causefleet.org,555-0165,24376 Evans Meadow Apt. 841,Douglasmouth,GA,18834,Corporation,Under 100,,False,2023-08-24,True
DNR-00524,ORG-HUM-01,Ryan,Howard,synthetic.dnr-00524@demo-causefleet.org,555-0118,34026 Manning Bypass,Lake James,NJ,87695,Individual,Under 100,,False,2022-12-12,True
DNR-00525,ORG-HUM-01,David,Burns,synthetic.dnr-00525@demo-causefleet.org,555-0195,256 Anderson Coves Apt. 225,Port Gabrielleton,TX,45346,Individual,100-999,,False,2025-09-03,True
DNR-00526,ORG-HUM-01,Carla,Smith,synthetic.dnr-00526@demo-causefleet.org,555-0152,4716 Christina Stream Apt. 341,Virginiabury,TN,56751,Individual,100-999,,False,2023-04-12,True
DNR-00527,ORG-HUM-01,Jasmine,Patrick,synthetic.dnr-00527@demo-causefleet.org,555-0189,92312 Johnson Fields,South Andres,ID,12420,Individual,Under 100,,False,2022-04-11,True
DNR-00528,ORG-HUM-01,Omar,Warren,synthetic.dnr-00528@demo-causefleet.org,555-0150,56708 Schneider Hollow,West Michaelstad,VT,55298,Individual,100-999,,False,2025-02-28,True
DNR-00529,ORG-HUM-01,Patty,White,synthetic.dnr-00529@demo-causefleet.org,555-0194,53474 Ryan Glen,Coxport,DE,13200,Individual,100-999,,False,2022-06-26,True
DNR-00530,ORG-HUM-01,Felicia,Townsend,synthetic.dnr-00530@demo-causefleet.org,555-0125,5598 Allen Harbor,New Patrick,FM,14442,Individual,Under 100,,False,2024-04-24,True
DNR-00531,ORG-HUM-01,Julia,Martinez,synthetic.dnr-00531@demo-causefleet.org,555-0148,71189 Turner Mountains,New Jennifer,AZ,17256,Individual,Under 100,,False,2021-12-24,True
DNR-00532,ORG-HUM-01,Andrea,King,synthetic.dnr-00532@demo-causefleet.org,555-0174,7161 Barnes Parkway Apt. 294,West Brandon,OK,08469,Corporation,Under 100,,False,2022-03-31,True
DNR-00533,ORG-HUM-01,Heather,Yang,synthetic.dnr-00533@demo-causefleet.org,555-0149,8812 Christensen Lights Suite 694,East Adam,OK,29049,Corporation,Under 100,,False,2024-11-09,True
DNR-00534,ORG-HUM-01,Alan,Mcfarland,synthetic.dnr-00534@demo-causefleet.org,555-0195,844 Kenneth Grove Apt. 230,West Benjamin,FL,36907,Individual,100-999,,False,2023-12-25,True
DNR-00535,ORG-HUM-01,Joseph,Gibbs,synthetic.dnr-00535@demo-causefleet.org,555-0162,81059 Nguyen Squares,Jenniferchester,MH,80649,Individual,100-999,,False,2025-06-07,True
DNR-00536,ORG-HUM-01,Tracie,Garrett,synthetic.dnr-00536@demo-causefleet.org,555-0151,3424 Amanda Ways,Lake Juliefurt,SD,34231,Foundation,"1,000-$9,999",,False,2022-09-10,True
DNR-00537,ORG-HUM-01,Cynthia,Pierce,synthetic.dnr-00537@demo-causefleet.org,555-0161,54396 Sean Stream Suite 527,South Hunterburgh,GU,23584,Individual,100-999,,False,2025-03-09,True
DNR-00538,ORG-HUM-01,Tracy,Blair,synthetic.dnr-00538@demo-causefleet.org,555-0199,42269 Chad Cliffs Suite 376,Lake Alisontown,PA,13572,Individual,Under 100,,False,2022-03-26,True
DNR-00539,ORG-HUM-01,Andrew,Serrano,synthetic.dnr-00539@demo-causefleet.org,555-0147,31429 Laura Branch,New Jillmouth,PR,93228,Individual,Under 100,,False,2023-01-20,True
DNR-00540,ORG-HUM-01,Donald,Malone,synthetic.dnr-00540@demo-causefleet.org,555-0180,45723 Amy Grove Apt. 001,Curtischester,FL,00659,Individual,100-999,,False,2021-10-13,True
DNR-00541,ORG-HUM-01,Andrew,Simmons,synthetic.dnr-00541@demo-causefleet.org,555-0126,4361 Jackson Creek,North Stephanie,LA,47334,Foundation,Under 100,,False,2025-05-14,True
DNR-00542,ORG-HUM-01,Matthew,Ward,synthetic.dnr-00542@demo-causefleet.org,555-0134,92268 Greene Springs,Hernandezport,RI,38119,Individual,Under 100,,False,2021-09-29,True
DNR-00543,ORG-HUM-01,Dalton,Hendricks,synthetic.dnr-00543@demo-causefleet.org,555-0163,1022 Hernandez Mission Suite 119,Moyerview,FL,12356,Individual,100-999,,False,2022-12-04,True
DNR-00544,ORG-HUM-01,David,Saunders,synthetic.dnr-00544@demo-causefleet.org,555-0195,7676 Taylor Shoal Apt. 668,Ryanfort,ND,70783,Individual,100-999,,False,2022-10-25,True
DNR-00545,ORG-HUM-01,Patrick,Carpenter,synthetic.dnr-00545@demo-causefleet.org,555-0158,931 Michael Ford Apt. 587,North Brian,MI,47799,Individual,100-999,,False,2024-12-22,True
DNR-00546,ORG-HUM-01,Michelle,Fuentes,synthetic.dnr-00546@demo-causefleet.org,555-0196,2863 Maria Centers Apt. 126,Lake Tammiestad,AR,92435,Individual,Under 100,,False,2025-02-03,True
DNR-00547,ORG-HUM-01,Bonnie,Woods,synthetic.dnr-00547@demo-causefleet.org,555-0132,25213 Alexander Village,Hernandezburgh,NJ,97960,Individual,100-999,,False,2021-11-15,True
DNR-00548,ORG-HUM-01,Allison,Rush,synthetic.dnr-00548@demo-causefleet.org,555-0188,5704 Eric Row Apt. 928,North Randy,NE,89617,Individual,100-999,,False,2022-01-08,True
DNR-00549,ORG-HUM-01,Shawn,Dawson,synthetic.dnr-00549@demo-causefleet.org,555-0182,843 Huynh Groves Apt. 862,South Christine,IN,51919,Individual,Under 100,,False,2025-07-11,True
DNR-00550,ORG-HUM-01,Julie,Hansen,synthetic.dnr-00550@demo-causefleet.org,555-0148,775 Wilcox Expressway,Port Nathanchester,ID,35879,Individual,100-999,,False,2022-03-18,True
DNR-00551,ORG-HUM-01,Christian,Morrison,synthetic.dnr-00551@demo-causefleet.org,555-0161,34281 Jason Branch Suite 383,East Josephshire,OK,06382,Individual,Under 100,,False,2021-11-19,True
DNR-00552,ORG-HUM-01,Kristy,Williams,synthetic.dnr-00552@demo-causefleet.org,555-0180,40546 Leonard Lock Suite 215,Mosleyhaven,CT,66322,Individual,"1,000-$9,999",,False,2023-11-10,True
DNR-00553,ORG-HUM-01,Edward,Matthews,synthetic.dnr-00553@demo-causefleet.org,555-0110,9042 Faith Common Apt. 332,New Zachary,VA,80289,Individual,Under 100,,False,2024-11-30,True
DNR-00554,ORG-HUM-01,Sarah,Peterson,synthetic.dnr-00554@demo-causefleet.org,555-0148,4596 Pamela Trail,Allenland,FL,74805,Individual,Under 100,,False,2024-03-28,True
DNR-00555,ORG-HUM-01,Tyler,Ballard,synthetic.dnr-00555@demo-causefleet.org,555-0146,8171 Edwards Hill,North Joshua,MN,46817,Individual,Under 100,,False,2024-02-19,True
DNR-00556,ORG-HUM-01,Harold,Ingram,synthetic.dnr-00556@demo-causefleet.org,555-0136,4721 Williams Walks Suite 669,South Michael,PR,82372,Individual,100-999,,False,2021-10-20,True
DNR-00557,ORG-HUM-01,Nathaniel,Fleming,synthetic.dnr-00557@demo-causefleet.org,555-0165,0903 Eric Cove Suite 629,Nashbury,MS,61092,Individual,Under 100,,False,2025-07-17,True
DNR-00558,ORG-HUM-01,Michael,Mcdonald,synthetic.dnr-00558@demo-causefleet.org,555-0184,12166 Richard Circles Suite 597,Lake Judith,DE,36988,Individual,Under 100,,False,2024-04-25,True
DNR-00559,ORG-HUM-01,Amy,Fry,synthetic.dnr-00559@demo-causefleet.org,555-0187,359 Vanessa Trail,Brownstad,WY,56876,Individual,Under 100,,False,2023-05-21,True
DNR-00560,ORG-HUM-01,Jason,Lewis,synthetic.dnr-00560@demo-causefleet.org,555-0193,644 Christopher Cliff,Richardport,VI,93851,Individual,"1,000-$9,999",,False,2025-08-28,True
DNR-00561,ORG-HUM-01,Robert,Lewis,synthetic.dnr-00561@demo-causefleet.org,555-0151,01654 James Manor Suite 782,Gomezshire,MS,01802,Individual,Under 100,,False,2023-05-16,True
DNR-00562,ORG-HUM-01,Patricia,Gonzalez,synthetic.dnr-00562@demo-causefleet.org,555-0169,5027 Victor Island,Port Tarachester,KS,68749,Individual,Under 100,,False,2023-11-05,True
DNR-00563,ORG-HUM-01,Vanessa,Harding,synthetic.dnr-00563@demo-causefleet.org,555-0166,791 Jeffery Field,Hortonburgh,PA,49988,Individual,100-999,,False,2024-07-18,True
DNR-00564,ORG-HUM-01,Jason,Lee,synthetic.dnr-00564@demo-causefleet.org,555-0166,5044 Holly Run,Gutierrezstad,MI,71603,Individual,Under 100,,False,2022-05-09,True
DNR-00565,ORG-HUM-01,Terri,Rogers,synthetic.dnr-00565@demo-causefleet.org,555-0196,6528 Amy Light,Meganchester,SC,37626,Individual,"1,000-$9,999",,False,2023-04-06,True
DNR-00566,ORG-HUM-01,Sharon,Bullock,synthetic.dnr-00566@demo-causefleet.org,555-0137,11096 Tyler Terrace,Lake Seanshire,AS,04778,Individual,Under 100,,False,2024-06-16,True
DNR-00567,ORG-HUM-01,Melissa,Lewis,synthetic.dnr-00567@demo-causefleet.org,555-0175,613 Sampson Keys Suite 660,Kimberlyhaven,LA,35577,Individual,100-999,,False,2024-04-22,True
DNR-00568,ORG-HUM-01,Joseph,Roberson,synthetic.dnr-00568@demo-causefleet.org,555-0170,306 Alexis Drives Suite 895,Georgeshire,NE,32198,Individual,Under 100,,False,2025-03-24,True
DNR-00569,ORG-HUM-01,Peter,Jensen,synthetic.dnr-00569@demo-causefleet.org,555-0131,96262 Strong Path Apt. 631,New David,OK,51882,Foundation,Under 100,,False,2023-10-28,True
DNR-00570,ORG-HUM-01,Courtney,Green,synthetic.dnr-00570@demo-causefleet.org,555-0194,3110 Smith Trail,North Christine,ND,10825,Individual,100-999,,False,2025-01-25,True
DNR-00571,ORG-HUM-01,Anthony,Gross,synthetic.dnr-00571@demo-causefleet.org,555-0120,523 Kenneth Plain Apt. 640,Christopherberg,SC,03534,Individual,Under 100,,False,2023-11-23,True
DNR-00572,ORG-HUM-01,Beth,Garcia,synthetic.dnr-00572@demo-causefleet.org,555-0146,112 Green Falls Apt. 175,South Craig,WY,03378,Individual,100-999,,False,2024-03-07,True
DNR-00573,ORG-HUM-01,Tommy,Garrett,synthetic.dnr-00573@demo-causefleet.org,555-0175,665 Stokes Falls,Alejandroburgh,TN,74857,Individual,Under 100,,False,2023-03-17,True
DNR-00574,ORG-HUM-01,Melissa,Wilson,synthetic.dnr-00574@demo-causefleet.org,555-0194,7998 Eric Streets Suite 139,New Andrewhaven,WV,20469,Individual,Under 100,,False,2024-02-25,True
DNR-00575,ORG-HUM-01,Michael,Roach,synthetic.dnr-00575@demo-causefleet.org,555-0191,2312 Hill Flats,West Jeanport,NH,98175,Individual,Under 100,,False,2022-05-09,True
DNR-00576,ORG-HUM-01,Ryan,Potts,synthetic.dnr-00576@demo-causefleet.org,555-0189,2346 Brandy Trafficway,Gabrielborough,VA,64442,Foundation,"10,000-99,999",,False,2024-12-02,True
DNR-00577,ORG-HUM-01,Sean,Carlson,synthetic.dnr-00577@demo-causefleet.org,555-0152,9196 Gonzalez Knoll Suite 172,New Johnnychester,LA,79653,Individual,Under 100,,False,2023-04-18,True
DNR-00578,ORG-HUM-01,Deanna,Sanford,synthetic.dnr-00578@demo-causefleet.org,555-0121,0125 Gibbs Knolls Apt. 135,Dustinmouth,DE,01763,Foundation,Under 100,,False,2024-12-30,True
DNR-00579,ORG-HUM-01,Alex,Murphy,synthetic.dnr-00579@demo-causefleet.org,555-0140,538 Paul Rapids Apt. 831,Jenniferland,OK,85208,Individual,Under 100,,False,2022-10-18,True
DNR-00580,ORG-HUM-01,Katelyn,Stewart,synthetic.dnr-00580@demo-causefleet.org,555-0196,30770 Fisher Crossing Suite 295,Youngtown,LA,02838,Individual,Under 100,,False,2023-03-30,True
DNR-00581,ORG-HUM-01,Melissa,Travis,synthetic.dnr-00581@demo-causefleet.org,555-0149,2608 Matthew Brook Apt. 716,Joshuastad,MO,10956,Individual,Under 100,,False,2024-03-15,True
DNR-00582,ORG-HUM-01,Lawrence,Salazar,synthetic.dnr-00582@demo-causefleet.org,555-0138,7715 Anthony Causeway Apt. 215,Perezland,ID,95411,Corporation,"1,000-$9,999",,False,2023-10-29,True
DNR-00583,ORG-HUM-01,Miguel,Leach,synthetic.dnr-00583@demo-causefleet.org,555-0135,040 Brandon Hollow,West Markfurt,KY,92076,Individual,Under 100,,False,2025-04-29,True
DNR-00584,ORG-HUM-01,Devin,Murray,synthetic.dnr-00584@demo-causefleet.org,555-0128,2967 Aimee Garden,Stanleyview,MD,96296,Individual,"1,000-$9,999",,False,2022-02-25,True
DNR-00585,ORG-HUM-01,Christopher,Miranda,synthetic.dnr-00585@demo-causefleet.org,555-0113,8331 Teresa Circle,North Ellen,NH,50971,Individual,Under 100,,False,2023-07-05,True
DNR-00586,ORG-HUM-01,Dan,Clark,synthetic.dnr-00586@demo-causefleet.org,555-0115,7281 Jeffery Lakes Suite 798,Port Ricardo,CA,36917,Individual,100-999,,False,2022-03-25,True
DNR-00587,ORG-HUM-01,Gina,Lynn,synthetic.dnr-00587@demo-causefleet.org,555-0141,71130 Lopez Burgs,Stanleymouth,MI,35310,Individual,"1,000-$9,999",,False,2023-04-01,True
DNR-00588,ORG-HUM-01,Andrea,Gomez,synthetic.dnr-00588@demo-causefleet.org,555-0170,68685 Scott Land,North Deborahchester,ID,39036,Individual,Under 100,,False,2021-12-05,True
DNR-00589,ORG-HUM-01,Gregory,Hill,synthetic.dnr-00589@demo-causefleet.org,555-0188,610 Susan Forges Apt. 009,Johnside,CT,36606,Individual,"1,000-$9,999",,False,2022-03-27,True
DNR-00590,ORG-HUM-01,Christine,Baldwin,synthetic.dnr-00590@demo-causefleet.org,555-0119,1347 George Ford Suite 494,North Jacksonfort,WA,40520,Individual,Under 100,,False,2022-05-25,True
DNR-00591,ORG-HUM-01,Hailey,Jackson,synthetic.dnr-00591@demo-causefleet.org,555-0168,25720 Patterson Brooks,West Nicole,GA,89525,Individual,"1,000-$9,999",,False,2025-02-09,True
DNR-00592,ORG-HUM-01,Alec,Bell,synthetic.dnr-00592@demo-causefleet.org,555-0163,073 Rodriguez Viaduct Apt. 943,Port Dwayne,CT,13607,Individual,100-999,,False,2024-09-16,True
DNR-00593,ORG-HUM-01,Jill,Chavez,synthetic.dnr-00593@demo-causefleet.org,555-0190,474 Ellis Views Suite 458,Rodriguezhaven,VA,84360,Individual,Under 100,,False,2022-09-26,True
DNR-00594,ORG-HUM-01,Tiffany,Chase,synthetic.dnr-00594@demo-causefleet.org,555-0183,7039 Howard Summit,East Samanthafurt,SC,14647,Individual,Under 100,,False,2021-07-03,True
DNR-00595,ORG-HUM-01,Natalie,Shelton,synthetic.dnr-00595@demo-causefleet.org,555-0134,245 Myers Mall Suite 430,Maryville,NE,60142,Foundation,Under 100,,False,2025-08-07,True
DNR-00596,ORG-HUM-01,Laura,Reed,synthetic.dnr-00596@demo-causefleet.org,555-0199,72728 Hanson Shores,West Tommy,CA,39131,Individual,Under 100,,False,2023-11-15,True
DNR-00597,ORG-HUM-01,Blake,Campbell,synthetic.dnr-00597@demo-causefleet.org,555-0159,74065 Brendan Dam,Natashahaven,TN,73999,Individual,Under 100,,False,2021-06-25,True
DNR-00598,ORG-HUM-01,Christopher,Nelson,synthetic.dnr-00598@demo-causefleet.org,555-0173,9143 Thomas Knoll,Port Erika,MS,55887,Individual,Under 100,,False,2022-02-01,True
DNR-00599,ORG-HUM-01,Rebecca,Orozco,synthetic.dnr-00599@demo-causefleet.org,555-0161,429 Shelton Islands Apt. 342,Spencerport,ME,11720,Individual,Under 100,,False,2023-02-22,True
DNR-00600,ORG-HUM-01,Sara,Murray,synthetic.dnr-00600@demo-causefleet.org,555-0141,6128 Benson Parkway,Taylorchester,NH,55617,Individual,100-999,,False,2022-09-14,True
DNR-00601,ORG-HUM-01,Steven,Gaines,synthetic.dnr-00601@demo-causefleet.org,555-0128,1294 Betty Landing,New Amy,OK,38950,Individual,Under 100,,False,2025-07-31,True
DNR-00602,ORG-HUM-01,Megan,Martinez,synthetic.dnr-00602@demo-causefleet.org,555-0193,8701 Joseph Run,West Brookeport,OK,63607,Individual,Under 100,,False,2021-08-24,True
DNR-00603,ORG-HUM-01,Michelle,Martinez,synthetic.dnr-00603@demo-causefleet.org,555-0198,382 Taylor Spring,West Courtney,VA,01346,Individual,100-999,,False,2024-05-29,True
DNR-00604,ORG-HUM-01,Cindy,Gonzalez,synthetic.dnr-00604@demo-causefleet.org,555-0110,29181 James Mountains,Port Williamfurt,AR,16467,Individual,Under 100,,False,2024-11-27,True
DNR-00605,ORG-HUM-01,Timothy,White,synthetic.dnr-00605@demo-causefleet.org,555-0123,497 Ryan Roads,East Donaldbury,GA,67546,Individual,Under 100,,False,2022-09-18,True
DNR-00606,ORG-HUM-01,Amy,Alvarez,synthetic.dnr-00606@demo-causefleet.org,555-0164,1975 Myers Square Apt. 766,North Justin,DE,74453,Individual,Under 100,,False,2024-08-18,True
DNR-00607,ORG-HUM-01,Beverly,Johnson,synthetic.dnr-00607@demo-causefleet.org,555-0138,52774 Tina Knolls Apt. 586,East Dianastad,SD,94769,Individual,"1,000-$9,999",,False,2023-02-07,True
DNR-00608,ORG-HUM-01,Stephen,Trevino,synthetic.dnr-00608@demo-causefleet.org,555-0132,4617 Estes Rest,New Jeanette,NY,86865,Individual,100-999,,False,2023-11-09,True
DNR-00609,ORG-HUM-01,David,Nguyen,synthetic.dnr-00609@demo-causefleet.org,555-0199,961 Anthony Street Apt. 311,Villafort,MD,30848,Individual,Under 100,,False,2023-09-10,True
DNR-00610,ORG-HUM-01,Lindsey,Oconnor,synthetic.dnr-00610@demo-causefleet.org,555-0176,26610 Wilson Vista,South Kathryntown,HI,42595,Individual,100-999,,False,2025-09-01,True
DNR-00611,ORG-HUM-01,Shannon,Anderson,synthetic.dnr-00611@demo-causefleet.org,555-0169,47743 Judy Mews,North Brandi,SC,88143,Individual,Under 100,,False,2021-11-18,True
DNR-00612,ORG-HUM-01,Arthur,Taylor,synthetic.dnr-00612@demo-causefleet.org,555-0116,6981 Lopez Stream,Leeborough,OK,62594,Individual,100-999,,False,2021-10-31,True
DNR-00613,ORG-HUM-01,Michael,Yoder,synthetic.dnr-00613@demo-causefleet.org,555-0181,76619 David Path,Craigfort,IN,07248,Individual,100-999,,False,2023-08-02,True
DNR-00614,ORG-HUM-01,Mark,Walker,synthetic.dnr-00614@demo-causefleet.org,555-0141,6512 Jones Ports Apt. 898,Reginaldton,ND,91926,Individual,100-999,,False,2024-01-09,True
DNR-00615,ORG-HUM-01,Brandi,Giles,synthetic.dnr-00615@demo-causefleet.org,555-0125,005 Green Isle Apt. 238,Sandraton,IA,65192,Individual,Under 100,,False,2025-04-12,True
DNR-00616,ORG-HUM-01,Stacy,Strong,synthetic.dnr-00616@demo-causefleet.org,555-0168,1699 Paige Neck,West Jennifer,CT,05167,Foundation,Under 100,,False,2021-09-24,True
DNR-00617,ORG-HUM-01,Jeffrey,Bell,synthetic.dnr-00617@demo-causefleet.org,555-0127,3000 Amanda Wall Suite 087,South Katieberg,NE,92426,Individual,Under 100,,False,2023-07-27,True
DNR-00618,ORG-HUM-01,Devin,Kim,synthetic.dnr-00618@demo-causefleet.org,555-0169,3560 Jesse Radial Apt. 368,Port Alexisbury,GU,07956,Individual,"1,000-$9,999",,False,2023-04-07,True
DNR-00619,ORG-HUM-01,David,White,synthetic.dnr-00619@demo-causefleet.org,555-0195,5934 Catherine Neck,Lake Chaseview,ND,27483,Individual,Under 100,,False,2021-09-30,True
DNR-00620,ORG-HUM-01,Jill,Kelly,synthetic.dnr-00620@demo-causefleet.org,555-0177,4584 Alison Grove,Heidihaven,CT,07578,Individual,100-999,,False,2023-07-24,True
DNR-00621,ORG-HUM-01,Robert,Sampson,synthetic.dnr-00621@demo-causefleet.org,555-0181,1328 Kevin Plaza Apt. 152,East Hollymouth,DE,03291,Individual,"10,000-99,999",,False,2022-12-01,True
DNR-00622,ORG-HUM-01,Arthur,Ramirez,synthetic.dnr-00622@demo-causefleet.org,555-0186,1049 Simpson Wall Suite 670,East Nicolas,TN,57004,Individual,Under 100,,False,2023-07-30,True
DNR-00623,ORG-HUM-01,Donna,Johnson,synthetic.dnr-00623@demo-causefleet.org,555-0150,95493 Matthew Village Suite 601,Farleyport,PR,70593,Individual,100-999,,False,2023-09-21,True
DNR-00624,ORG-HUM-01,Ashley,Carroll,synthetic.dnr-00624@demo-causefleet.org,555-0166,67320 Marsh Harbor Apt. 384,Ashleyton,RI,36450,Individual,100-999,,False,2023-06-04,True
DNR-00625,ORG-HUM-01,Donna,Patton,synthetic.dnr-00625@demo-causefleet.org,555-0188,49542 Ford Mill,South Benjaminstad,NJ,84091,Individual,"10,000-99,999",,False,2022-12-25,True
DNR-00626,ORG-HUM-01,Jeffery,Brown,synthetic.dnr-00626@demo-causefleet.org,555-0174,9851 White Trafficway,Jordanfort,DC,30309,Individual,"10,000-99,999",,False,2025-01-27,True
DNR-00627,ORG-HUM-01,Dylan,Williamson,synthetic.dnr-00627@demo-causefleet.org,555-0164,10287 Williams Stravenue,North Stephanie,KS,34244,Individual,100-999,,False,2024-02-23,True
DNR-00628,ORG-HUM-01,Megan,Atkinson,synthetic.dnr-00628@demo-causefleet.org,555-0180,351 William Creek,East Jamesshire,MN,89763,Individual,Under 100,,False,2021-06-26,True
DNR-00629,ORG-HUM-01,Dawn,Liu,synthetic.dnr-00629@demo-causefleet.org,555-0167,59556 Ruiz Hill,East Michealport,FL,77994,Individual,100-999,,False,2023-03-21,True
DNR-00630,ORG-HUM-01,Chelsea,Morton,synthetic.dnr-00630@demo-causefleet.org,555-0130,69026 Stephanie Fork Suite 818,New Thomashaven,NC,58306,Individual,Under 100,,False,2021-07-11,True
DNR-00631,ORG-HUM-01,James,Johnston,synthetic.dnr-00631@demo-causefleet.org,555-0170,3537 Goodman Crescent,South Jessica,FM,54230,Individual,100-999,,False,2022-10-15,True
DNR-00632,ORG-HUM-01,Michael,Wagner,synthetic.dnr-00632@demo-causefleet.org,555-0167,793 Hartman Forks Apt. 836,New Jorge,LA,45271,Foundation,"1,000-$9,999",,False,2022-12-25,True
DNR-00633,ORG-HUM-01,Christopher,Fisher,synthetic.dnr-00633@demo-causefleet.org,555-0143,732 Smith Crest,Bakerside,VT,62086,Individual,Under 100,,False,2022-10-10,True
DNR-00634,ORG-HUM-01,David,Johnson,synthetic.dnr-00634@demo-causefleet.org,555-0141,21288 Strong Knoll Apt. 683,Davidmouth,OR,80292,Individual,100-999,,False,2024-08-19,True
DNR-00635,ORG-HUM-01,Virginia,Williams,synthetic.dnr-00635@demo-causefleet.org,555-0191,6764 Graves Street Apt. 981,North Brittney,MN,88831,Individual,Under 100,,False,2024-02-02,True
DNR-00636,ORG-HUM-01,Nicolas,Gonzales,synthetic.dnr-00636@demo-causefleet.org,555-0145,34750 Mitchell Lights Suite 220,South April,OK,81172,Individual,Under 100,,False,2024-03-25,True
DNR-00637,ORG-HUM-01,Michael,Martin,synthetic.dnr-00637@demo-causefleet.org,555-0176,7732 Crosby Green Apt. 342,East Andreahaven,WV,22632,Individual,Under 100,,False,2022-10-11,True
DNR-00638,ORG-HUM-01,Rachel,Moyer,synthetic.dnr-00638@demo-causefleet.org,555-0172,70534 Dennis Pike,Port Shawn,PW,14868,Individual,100-999,,False,2021-07-14,True
DNR-00639,ORG-HUM-01,Samantha,Wilson,synthetic.dnr-00639@demo-causefleet.org,555-0190,4124 Tanya Unions Apt. 315,New Matthew,NH,83158,Individual,"1,000-$9,999",,False,2024-07-08,True
DNR-00640,ORG-HUM-01,Emily,Jones,synthetic.dnr-00640@demo-causefleet.org,555-0140,61853 Stacy Road Apt. 329,Wigginsbury,TX,26148,Individual,"1,000-$9,999",,False,2024-08-08,True
DNR-00641,ORG-HUM-01,Edward,Cervantes,synthetic.dnr-00641@demo-causefleet.org,555-0145,2318 Aaron Cliff Suite 893,North Robert,KS,80897,Individual,Under 100,,False,2022-07-25,True
DNR-00642,ORG-HUM-01,Brandy,Little,synthetic.dnr-00642@demo-causefleet.org,555-0166,243 Contreras Overpass Suite 958,Phillipsbury,DE,99455,Individual,100-999,,False,2023-01-23,True
DNR-00643,ORG-HUM-01,Robert,West,synthetic.dnr-00643@demo-causefleet.org,555-0119,612 Huber Shore,West Heidiberg,WI,63905,Individual,100-999,,False,2024-09-22,True
DNR-00644,ORG-HUM-01,Michelle,Burke,synthetic.dnr-00644@demo-causefleet.org,555-0146,44836 Anna Islands,Emilychester,MO,58428,Individual,Under 100,,False,2025-01-20,True
DNR-00645,ORG-HUM-01,Jorge,Brown,synthetic.dnr-00645@demo-causefleet.org,555-0140,350 West Forges Apt. 831,Davidside,AK,95164,Individual,Under 100,,False,2023-04-05,True
DNR-00646,ORG-HUM-01,Nicholas,Deleon,synthetic.dnr-00646@demo-causefleet.org,555-0144,8108 Michael Flat Apt. 863,Lauriestad,MA,54685,Foundation,Under 100,,False,2021-07-04,True
DNR-00647,ORG-HUM-01,Jessica,Case,synthetic.dnr-00647@demo-causefleet.org,555-0152,81867 Eric Hollow,East Crystalbury,AZ,36212,Individual,"1,000-$9,999",,False,2022-05-08,True
DNR-00648,ORG-HUM-01,Lisa,Gray,synthetic.dnr-00648@demo-causefleet.org,555-0150,41118 Smith Summit Apt. 196,Port Catherine,ME,42932,Individual,100-999,,False,2024-08-31,True
DNR-00649,ORG-HUM-01,Julia,Turner,synthetic.dnr-00649@demo-causefleet.org,555-0179,14976 Jordan Forges Suite 847,Rebeccaside,NY,32563,Individual,100-999,,False,2023-04-05,True
DNR-00650,ORG-HUM-01,Victoria,Luna,synthetic.dnr-00650@demo-causefleet.org,555-0120,173 Ray Fort Suite 579,Lake Lanceberg,AS,83065,Individual,Under 100,,False,2023-01-27,True
DNR-00651,ORG-HUM-01,Cody,Jackson,synthetic.dnr-00651@demo-causefleet.org,555-0127,312 Jensen Mountains Apt. 074,Collinsmouth,MP,20242,Individual,100-999,,False,2025-08-23,True
DNR-00652,ORG-HUM-01,Hannah,George,synthetic.dnr-00652@demo-causefleet.org,555-0129,3878 Edwards Run,West Steven,NJ,67928,Individual,Under 100,,False,2021-07-28,True
DNR-00653,ORG-HUM-01,Jodi,Quinn,synthetic.dnr-00653@demo-causefleet.org,555-0139,1620 April Crossing,East Samuel,DE,05620,Individual,Under 100,,False,2023-10-27,True
DNR-00654,ORG-HUM-01,Tyler,Sims,synthetic.dnr-00654@demo-causefleet.org,555-0159,86604 Ryan Hill Suite 859,Anneburgh,FL,38537,Individual,100-999,,False,2025-04-02,True
DNR-00655,ORG-HUM-01,James,Mendez,synthetic.dnr-00655@demo-causefleet.org,555-0198,947 Clark Isle Apt. 287,West Robertberg,NJ,09289,Individual,Under 100,,False,2023-09-07,True
DNR-00656,ORG-HUM-01,Adam,Miles,synthetic.dnr-00656@demo-causefleet.org,555-0129,187 Davis Road,Wheelerland,MI,83907,Individual,100-999,,False,2025-09-20,True
DNR-00657,ORG-HUM-01,Jeremy,Fuller,synthetic.dnr-00657@demo-causefleet.org,555-0137,4694 Weber Lodge,Annborough,CA,78179,Individual,Under 100,,False,2023-11-03,True
DNR-00658,ORG-HUM-01,Jessica,Ramirez,synthetic.dnr-00658@demo-causefleet.org,555-0118,128 Rivera Trail Suite 973,North Krista,IL,12472,Individual,100-999,,False,2022-01-28,True
DNR-00659,ORG-HUM-01,Christina,Thomas,synthetic.dnr-00659@demo-causefleet.org,555-0163,51028 Coleman Mountains Suite 481,New Phillip,WI,51033,Individual,Under 100,,False,2025-06-11,True
DNR-00660,ORG-HUM-01,Michael,Roberson,synthetic.dnr-00660@demo-causefleet.org,555-0162,193 Sonia Village Suite 268,Henryview,TX,16261,Individual,Under 100,,False,2024-06-22,True
DNR-00661,ORG-HUM-01,Ryan,Bailey,synthetic.dnr-00661@demo-causefleet.org,555-0152,7563 Patrick Fall,East Scotthaven,ID,01236,Individual,Under 100,,False,2023-11-01,True
DNR-00662,ORG-HUM-01,Mark,Bartlett,synthetic.dnr-00662@demo-causefleet.org,555-0179,094 Deborah Row Suite 604,Colleenshire,GU,04489,Corporation,Under 100,,False,2023-12-15,True
DNR-00663,ORG-HUM-01,Sara,Osborn,synthetic.dnr-00663@demo-causefleet.org,555-0169,2781 Mike Ridge Apt. 221,Flowersville,AR,58615,Individual,"1,000-$9,999",,False,2025-02-26,True
DNR-00664,ORG-HUM-01,Bryan,Davis,synthetic.dnr-00664@demo-causefleet.org,555-0163,90552 Black Shores Suite 601,Port Kathleen,FL,96046,Individual,Under 100,,False,2024-03-06,True
DNR-00665,ORG-HUM-01,Gerald,Williams,synthetic.dnr-00665@demo-causefleet.org,555-0117,862 Larry Points,Davidmouth,OK,91765,Individual,100-999,,False,2022-07-28,True
DNR-00666,ORG-HUM-01,Sarah,Davis,synthetic.dnr-00666@demo-causefleet.org,555-0136,12590 Kristina Forge,Stevenbury,ME,89746,Individual,"$100,000+",,False,2021-10-15,True
DNR-00667,ORG-HUM-01,Rachel,Lee,synthetic.dnr-00667@demo-causefleet.org,555-0163,0642 Taylor Island,Perezborough,KY,26613,Individual,Under 100,,False,2024-03-13,True
DNR-00668,ORG-HUM-01,Kenneth,Wolfe,synthetic.dnr-00668@demo-causefleet.org,555-0159,75955 Gallegos Spur Apt. 096,New Ashley,UT,57367,Individual,Under 100,,False,2022-03-08,True
DNR-00669,ORG-HUM-01,Lisa,Hogan,synthetic.dnr-00669@demo-causefleet.org,555-0184,8841 Jonathan Mountain,Anthonyville,NC,86789,Individual,100-999,,False,2022-12-02,True
DNR-00670,ORG-HUM-01,Thomas,Mcdonald,synthetic.dnr-00670@demo-causefleet.org,555-0199,9690 Haynes Roads Suite 026,Cookville,HI,47425,Individual,"1,000-$9,999",,False,2024-02-25,True
DNR-00671,ORG-HUM-01,Steven,Lopez,synthetic.dnr-00671@demo-causefleet.org,555-0112,9799 Simon Mountains,West Jennifer,PA,44787,Individual,"1,000-$9,999",,False,2022-09-28,True
DNR-00672,ORG-HUM-01,Richard,Williams,synthetic.dnr-00672@demo-causefleet.org,555-0183,166 Finley Locks,East Williamport,FM,78731,Foundation,Under 100,,False,2023-07-04,True
DNR-00673,ORG-HUM-01,Sherri,Gonzalez,synthetic.dnr-00673@demo-causefleet.org,555-0158,50142 Ellis Expressway,Smithberg,ID,23054,Individual,100-999,,False,2025-08-06,True
DNR-00674,ORG-HUM-01,Christopher,Young,synthetic.dnr-00674@demo-causefleet.org,555-0171,1328 Smith Estate,Coryside,TX,52149,Individual,Under 100,,False,2022-09-20,True
DNR-00675,ORG-HUM-01,Roberta,Barnett,synthetic.dnr-00675@demo-causefleet.org,555-0110,316 Lucas Dale Suite 546,Fergusonstad,NM,88303,Individual,"10,000-99,999",,False,2024-06-11,True
DNR-00676,ORG-HUM-01,Brenda,Walker,synthetic.dnr-00676@demo-causefleet.org,555-0155,55580 Melendez Rue,East Vincent,AZ,28187,Corporation,"1,000-$9,999",,False,2024-08-16,True
DNR-00677,ORG-HUM-01,Christopher,Cruz,synthetic.dnr-00677@demo-causefleet.org,555-0148,2446 Johnson Manor,East Raymond,NC,14451,Individual,Under 100,,False,2022-09-21,True
DNR-00678,ORG-HUM-01,Christopher,Parks,synthetic.dnr-00678@demo-causefleet.org,555-0159,602 Anderson Parkways,Parkstown,NM,86198,Individual,Under 100,,False,2023-06-06,True
DNR-00679,ORG-HUM-01,Richard,Wise,synthetic.dnr-00679@demo-causefleet.org,555-0163,4197 Norman Station Suite 851,South Amanda,MS,88937,Corporation,Under 100,,False,2025-07-29,True
DNR-00680,ORG-HUM-01,Adam,Vaughan,synthetic.dnr-00680@demo-causefleet.org,555-0178,89760 Campbell Crossing Suite 750,Johnnymouth,TX,39317,Individual,Under 100,,False,2021-10-05,True
DNR-00681,ORG-HUM-01,Andrew,Adams,synthetic.dnr-00681@demo-causefleet.org,555-0179,6075 Fields Ranch Apt. 508,Wrightland,ND,12896,Individual,100-999,,False,2024-09-26,True
DNR-00682,ORG-HUM-01,Duane,Snyder,synthetic.dnr-00682@demo-causefleet.org,555-0187,7938 Williams Islands Suite 029,South Williamland,MA,83959,Individual,Under 100,,False,2021-12-17,True
DNR-00683,ORG-HUM-01,Roberto,Johnson,synthetic.dnr-00683@demo-causefleet.org,555-0138,161 Ashley Hollow Apt. 059,Lewischester,KY,98394,Individual,Under 100,,False,2024-08-30,True
DNR-00684,ORG-HUM-01,Jacob,Mason,synthetic.dnr-00684@demo-causefleet.org,555-0172,624 Smith Fords,Port Robertberg,KY,35504,Individual,Under 100,,False,2024-05-26,True
DNR-00685,ORG-HUM-01,Kristy,Reid,synthetic.dnr-00685@demo-causefleet.org,555-0138,30531 Chandler Rest,Matthewsmouth,ND,51493,Foundation,"10,000-99,999",,False,2023-06-03,True
DNR-00686,ORG-HUM-01,Angela,Cooper,synthetic.dnr-00686@demo-causefleet.org,555-0144,7277 Amanda Extension Suite 460,Lake Tommystad,CO,27705,Individual,100-999,,False,2023-06-23,True
DNR-00687,ORG-HUM-01,Alyssa,Torres,synthetic.dnr-00687@demo-causefleet.org,555-0165,7029 Claudia Port Suite 604,Fritzfurt,PW,70964,Individual,Under 100,,False,2024-08-28,True
DNR-00688,ORG-HUM-01,Catherine,Atkinson,synthetic.dnr-00688@demo-causefleet.org,555-0172,3319 White Estate,Piercestad,WV,29042,Individual,Under 100,,False,2021-12-26,True
DNR-00689,ORG-HUM-01,Carol,Flores,synthetic.dnr-00689@demo-causefleet.org,555-0113,158 Perez Lodge Suite 747,Port Gregory,LA,00938,Individual,"10,000-99,999",,False,2023-03-24,True
DNR-00690,ORG-HUM-01,Matthew,Marshall,synthetic.dnr-00690@demo-causefleet.org,555-0159,169 Mccann Loop,Lake Anthony,IN,18663,Individual,100-999,,False,2023-09-22,True
DNR-00691,ORG-HUM-01,Wesley,Miller,synthetic.dnr-00691@demo-causefleet.org,555-0153,59329 Cohen Land Apt. 968,Port Robin,NH,48874,Individual,Under 100,,False,2024-01-22,True
DNR-00692,ORG-HUM-01,John,Kennedy,synthetic.dnr-00692@demo-causefleet.org,555-0195,2410 Becky Mount,Lake Carrie,IA,23684,Individual,Under 100,,False,2024-07-19,True
DNR-00693,ORG-HUM-01,Vincent,Rodriguez,synthetic.dnr-00693@demo-causefleet.org,555-0196,37100 Camacho Mountains Suite 164,Lake Kimberlyside,VT,03610,Individual,Under 100,,False,2025-08-18,True
DNR-00694,ORG-HUM-01,Maria,Brown,synthetic.dnr-00694@demo-causefleet.org,555-0161,056 Patterson Crossing Apt. 249,Lake Garychester,TN,45043,Individual,Under 100,,False,2023-04-26,True
DNR-00695,ORG-HUM-01,John,Olson,synthetic.dnr-00695@demo-causefleet.org,555-0131,51773 Peterson Spurs Suite 574,Brookeberg,FL,68891,Individual,Under 100,,False,2022-01-11,True
DNR-00696,ORG-HUM-01,Jeffrey,Wood,synthetic.dnr-00696@demo-causefleet.org,555-0169,442 Alvarez Mill Suite 222,Micheleview,SC,30374,Individual,"1,000-$9,999",,False,2022-08-31,True
DNR-00697,ORG-HUM-01,Jason,Turner,synthetic.dnr-00697@demo-causefleet.org,555-0126,5886 Montgomery Extension,Dawnshire,PR,66180,Individual,Under 100,,False,2021-07-15,True
DNR-00698,ORG-HUM-01,Nicholas,Grimes,synthetic.dnr-00698@demo-causefleet.org,555-0189,287 Timothy Light Apt. 153,Jamieberg,KY,80276,Individual,100-999,,False,2022-10-11,True
DNR-00699,ORG-HUM-01,Kristina,Santos,synthetic.dnr-00699@demo-causefleet.org,555-0178,7908 Judith Lakes Apt. 615,West Angelaside,PR,97659,Individual,Under 100,,False,2024-10-14,True
DNR-00700,ORG-HUM-01,Christopher,Yates,synthetic.dnr-00700@demo-causefleet.org,555-0113,833 Robles Falls Apt. 372,New Josephview,CO,97901,Individual,100-999,,False,2023-09-30,True
DNR-00701,ORG-HUM-01,Mariah,Brown,synthetic.dnr-00701@demo-causefleet.org,555-0160,403 John Trace,Marshallside,FM,07196,Individual,100-999,,False,2022-03-28,True
DNR-00702,ORG-HUM-01,Cynthia,Gonzalez,synthetic.dnr-00702@demo-causefleet.org,555-0185,1731 Carmen Hills,New Russellville,VA,58518,Individual,Under 100,,False,2022-10-18,True
DNR-00703,ORG-HUM-01,James,Shaffer,synthetic.dnr-00703@demo-causefleet.org,555-0182,46947 Mark Orchard Suite 448,West Joshua,OH,66438,Individual,Under 100,,False,2024-10-13,True
DNR-00704,ORG-HUM-01,Scott,Rowland,synthetic.dnr-00704@demo-causefleet.org,555-0194,0587 Martin Circles,Chambersville,VI,58591,Individual,100-999,,False,2022-10-02,True
DNR-00705,ORG-HUM-01,Gloria,Carson,synthetic.dnr-00705@demo-causefleet.org,555-0113,33484 Miranda Mountains,Lake Kevinborough,OK,88566,Individual,Under 100,,False,2022-11-25,True
DNR-00706,ORG-HUM-01,Eric,Miranda,synthetic.dnr-00706@demo-causefleet.org,555-0120,92587 Chan Grove,West Thomas,PR,40296,Corporation,Under 100,,False,2022-01-31,True
DNR-00707,ORG-HUM-01,Kevin,Acosta,synthetic.dnr-00707@demo-causefleet.org,555-0192,4696 Smith Lodge Apt. 652,Wangtown,GU,92820,Individual,Under 100,,False,2023-01-08,True
DNR-00708,ORG-HUM-01,Ebony,Scott,synthetic.dnr-00708@demo-causefleet.org,555-0164,56658 Lauren River Suite 411,East Mark,NJ,95038,Individual,"$100,000+",,False,2022-04-17,True
DNR-00709,ORG-HUM-01,Stephanie,Arroyo,synthetic.dnr-00709@demo-causefleet.org,555-0127,734 Brown Centers Suite 485,Mcleanville,NJ,18101,Individual,Under 100,,False,2023-12-26,True
DNR-00710,ORG-HUM-01,Charles,Rowland,synthetic.dnr-00710@demo-causefleet.org,555-0169,29493 Samuel Islands Suite 884,East Kelseyland,VI,92153,Individual,100-999,,False,2025-03-26,True
DNR-00711,ORG-HUM-01,Lee,Castaneda,synthetic.dnr-00711@demo-causefleet.org,555-0133,325 Perez Lake Suite 344,East Davidchester,NE,52445,Individual,Under 100,,False,2024-07-01,True
DNR-00712,ORG-HUM-01,Lauren,Decker,synthetic.dnr-00712@demo-causefleet.org,555-0116,509 Forbes Parkways,Kristyfort,LA,75843,Individual,100-999,,False,2024-11-28,True
DNR-00713,ORG-HUM-01,Carlos,Jones,synthetic.dnr-00713@demo-causefleet.org,555-0143,182 Audrey Mountain,Port Charles,TX,56986,Individual,Under 100,,False,2022-11-11,True
DNR-00714,ORG-HUM-01,Steven,Preston,synthetic.dnr-00714@demo-causefleet.org,555-0158,512 Gibson Tunnel,Prestonfurt,OK,39011,Individual,"1,000-$9,999",,False,2024-12-16,True
DNR-00715,ORG-HUM-01,Maria,Smith,synthetic.dnr-00715@demo-causefleet.org,555-0151,6243 Patel Shoal,Port Lorraine,MI,94204,Individual,Under 100,,False,2021-06-11,True
DNR-00716,ORG-HUM-01,Elijah,Mejia,synthetic.dnr-00716@demo-causefleet.org,555-0137,2108 Kimberly Plains,Stephaniemouth,VI,41832,Foundation,Under 100,,False,2025-03-04,True
DNR-00717,ORG-HUM-01,Dominique,Harris,synthetic.dnr-00717@demo-causefleet.org,555-0168,4335 Derrick Mill,Port Stacytown,NV,98011,Individual,100-999,,False,2025-06-09,True
DNR-00718,ORG-HUM-01,Jason,Williams,synthetic.dnr-00718@demo-causefleet.org,555-0151,3369 Christopher Extensions Apt. 231,Yangstad,WA,42035,Corporation,Under 100,,False,2025-02-12,True
DNR-00719,ORG-HUM-01,Jason,Davis,synthetic.dnr-00719@demo-causefleet.org,555-0153,4817 Adrian Unions Suite 615,Sonyaland,NE,85960,Individual,Under 100,,False,2023-03-20,True
DNR-00720,ORG-HUM-01,Yvonne,Miller,synthetic.dnr-00720@demo-causefleet.org,555-0158,0450 Melanie Fall Apt. 282,Lake Terry,AZ,08520,Individual,Under 100,,False,2022-09-19,True
DNR-00721,ORG-HUM-01,Jason,Singh,synthetic.dnr-00721@demo-causefleet.org,555-0145,9626 Greg Path Apt. 251,North Tyler,ME,53408,Foundation,Under 100,,False,2023-12-31,True
DNR-00722,ORG-HUM-01,Regina,Baker,synthetic.dnr-00722@demo-causefleet.org,555-0163,05070 Robin Cape Suite 982,North Alexis,MH,29690,Individual,100-999,,False,2024-02-15,True
DNR-00723,ORG-HUM-01,Vanessa,Rodriguez,synthetic.dnr-00723@demo-causefleet.org,555-0142,6872 Larry Mountains Suite 258,Summerville,NJ,65093,Individual,Under 100,,False,2021-10-24,True
DNR-00724,ORG-HUM-01,Melissa,Gonzalez,synthetic.dnr-00724@demo-causefleet.org,555-0120,223 Julia Stravenue,Campbellville,IA,30152,Individual,Under 100,,False,2024-08-29,True
DNR-00725,ORG-HUM-01,Jessica,Turner,synthetic.dnr-00725@demo-causefleet.org,555-0170,988 Wolf Curve Suite 652,Lake Rebeccafurt,SC,06794,Individual,100-999,,False,2022-07-02,True
DNR-00726,ORG-HUM-01,Tiffany,Smith,synthetic.dnr-00726@demo-causefleet.org,555-0112,26509 Webb Key,Lake Molly,OK,53671,Individual,Under 100,,False,2024-11-09,True
DNR-00727,ORG-HUM-01,Jason,Howell,synthetic.dnr-00727@demo-causefleet.org,555-0179,48552 Peterson Well Suite 871,Kathrynview,CA,48397,Individual,Under 100,,False,2023-05-17,True
DNR-00728,ORG-HUM-01,Anthony,Daniels,synthetic.dnr-00728@demo-causefleet.org,555-0116,71184 Morgan Inlet,Grahamland,VI,66656,Individual,Under 100,,False,2023-04-07,True
DNR-00729,ORG-HUM-01,Lori,Blackwell,synthetic.dnr-00729@demo-causefleet.org,555-0154,30358 Anna Pines,Port Amandaside,IN,91424,Individual,"1,000-$9,999",,False,2022-03-17,True
DNR-00730,ORG-HUM-01,Alyssa,Brooks,synthetic.dnr-00730@demo-causefleet.org,555-0138,293 Amber Ridge,Garrisonview,AR,53044,Individual,100-999,,False,2025-07-09,True
DNR-00731,ORG-HUM-01,Rachel,Stanton,synthetic.dnr-00731@demo-causefleet.org,555-0193,5240 John Point Suite 399,North Karinaberg,FL,63537,Individual,100-999,,False,2022-09-13,True
DNR-00732,ORG-HUM-01,Kathy,Roman,synthetic.dnr-00732@demo-causefleet.org,555-0118,2669 John Keys,East Tabithaview,DC,53118,Individual,Under 100,,False,2024-12-23,True
DNR-00733,ORG-HUM-01,Jodi,Blackburn,synthetic.dnr-00733@demo-causefleet.org,555-0193,72450 Abigail Pine,Port Courtneyfort,IN,87063,Individual,100-999,,False,2021-12-13,True
DNR-00734,ORG-HUM-01,Lynn,Weaver,synthetic.dnr-00734@demo-causefleet.org,555-0115,15406 Rodriguez Mountain Suite 927,Jeffreyville,CO,96414,Individual,Under 100,,False,2023-04-25,True
DNR-00735,ORG-HUM-01,Carol,Cox,synthetic.dnr-00735@demo-causefleet.org,555-0113,660 Michelle Harbors Suite 485,Estradaview,MI,11392,Individual,Under 100,,False,2024-01-12,True
DNR-00736,ORG-HUM-01,Jennifer,Washington,synthetic.dnr-00736@demo-causefleet.org,555-0141,96417 Obrien Ways Suite 091,New Codybury,MN,76538,Individual,Under 100,,False,2021-06-21,True
DNR-00737,ORG-HUM-01,Rebecca,Fisher,synthetic.dnr-00737@demo-causefleet.org,555-0135,057 Berry Pike Apt. 660,New Henry,SC,43618,Individual,Under 100,,False,2024-04-30,True
DNR-00738,ORG-HUM-01,Samantha,Pham,synthetic.dnr-00738@demo-causefleet.org,555-0112,5553 Griffin Causeway Suite 742,New Kelli,OH,85473,Individual,Under 100,,False,2021-11-04,True
DNR-00739,ORG-HUM-01,Richard,Bailey,synthetic.dnr-00739@demo-causefleet.org,555-0189,1559 Leslie Inlet,Lake Christopherfurt,MD,82001,Individual,Under 100,,False,2022-10-23,True
DNR-00740,ORG-HUM-01,Jacob,Reyes,synthetic.dnr-00740@demo-causefleet.org,555-0129,755 Huang Throughway Apt. 250,East Bonniehaven,UT,84689,Individual,Under 100,,False,2023-07-28,True
DNR-00741,ORG-HUM-01,Katherine,Medina,synthetic.dnr-00741@demo-causefleet.org,555-0140,131 Jennifer Wells Suite 425,Randyfurt,CT,97007,Individual,Under 100,,False,2023-11-05,True
DNR-00742,ORG-HUM-01,Paige,Carter,synthetic.dnr-00742@demo-causefleet.org,555-0126,3703 Elizabeth Harbor,South Jeffreybury,IA,30101,Individual,100-999,,False,2024-12-11,True
DNR-00743,ORG-HUM-01,Lisa,Thomas,synthetic.dnr-00743@demo-causefleet.org,555-0170,09776 Robert Vista Suite 964,Lindaview,NE,49027,Individual,Under 100,,False,2023-04-29,True
DNR-00744,ORG-HUM-01,Sara,Young,synthetic.dnr-00744@demo-causefleet.org,555-0195,25389 Colin Tunnel Suite 851,Lake Michael,UT,85037,Individual,100-999,,False,2022-12-30,True
DNR-00745,ORG-HUM-01,Lori,Walker,synthetic.dnr-00745@demo-causefleet.org,555-0124,079 Crawford Mews Apt. 208,Hansenton,MH,46062,Individual,Under 100,,False,2025-08-24,True
DNR-00746,ORG-HUM-01,Jasmine,Brown,synthetic.dnr-00746@demo-causefleet.org,555-0182,49409 Jordan Track Apt. 637,Amandaport,MA,30983,Foundation,100-999,,False,2023-06-25,True
DNR-00747,ORG-HUM-01,Nancy,Shah,synthetic.dnr-00747@demo-causefleet.org,555-0137,950 Jennifer Knolls,Port Tiffanyland,NC,54726,Individual,Under 100,,False,2023-11-20,True
DNR-00748,ORG-HUM-01,Jessica,Wright,synthetic.dnr-00748@demo-causefleet.org,555-0169,07151 Sophia Ports,Ballardfurt,UT,62682,Individual,Under 100,,False,2024-07-31,True
DNR-00749,ORG-HUM-01,Matthew,Davis,synthetic.dnr-00749@demo-causefleet.org,555-0199,64712 Morales Forks Suite 157,New Jonathanton,OH,08253,Foundation,Under 100,,False,2022-01-06,True
DNR-00750,ORG-HUM-01,Cody,Smith,synthetic.dnr-00750@demo-causefleet.org,555-0142,56409 Villarreal Extensions,Lake Christine,HI,70652,Individual,100-999,,False,2024-05-16,True
DNR-00751,ORG-HUM-01,Michael,Wiggins,synthetic.dnr-00751@demo-causefleet.org,555-0157,592 Mccarthy Trail,New Eduardo,GU,58841,Individual,100-999,,False,2022-05-12,True
DNR-00752,ORG-HUM-01,Benjamin,Medina,synthetic.dnr-00752@demo-causefleet.org,555-0131,4152 Rachel Parks,New Eric,RI,44724,Foundation,Under 100,,False,2021-07-19,True
DNR-00753,ORG-HUM-01,Sarah,Kelley,synthetic.dnr-00753@demo-causefleet.org,555-0187,1815 Michael Garden Suite 360,Brianfort,AS,86963,Individual,Under 100,,False,2025-06-24,True
DNR-00754,ORG-HUM-01,Mary,Garcia,synthetic.dnr-00754@demo-causefleet.org,555-0187,589 Sherman Row,West Luke,NV,26458,Individual,100-999,,False,2024-06-25,True
DNR-00755,ORG-HUM-01,Connie,Powell,synthetic.dnr-00755@demo-causefleet.org,555-0124,70715 Lynch Inlet Suite 408,East Staceyport,MH,77501,Individual,100-999,,False,2022-09-07,True
DNR-00756,ORG-HUM-01,Ashley,Thompson,synthetic.dnr-00756@demo-causefleet.org,555-0130,080 Tammy Lights Apt. 580,Rodgershaven,PR,23869,Individual,Under 100,,False,2024-08-27,True
DNR-00757,ORG-HUM-01,Erin,Williams,synthetic.dnr-00757@demo-causefleet.org,555-0149,72351 Tyler Ports,North Sandraborough,MH,90860,Individual,Under 100,,False,2023-08-15,True
DNR-00758,ORG-HUM-01,Kelly,Strong,synthetic.dnr-00758@demo-causefleet.org,555-0123,63560 Donald Gateway Suite 694,Lake Jill,KY,54136,Individual,Under 100,,False,2021-12-02,True
DNR-00759,ORG-HUM-01,Robert,Gutierrez,synthetic.dnr-00759@demo-causefleet.org,555-0184,74906 Heather Mission Apt. 311,East Rachelfort,CA,24534,Foundation,100-999,,False,2024-05-28,True
DNR-00760,ORG-HUM-01,Gary,Singh,synthetic.dnr-00760@demo-causefleet.org,555-0113,8449 Rodriguez Crest Suite 318,Gonzalezhaven,AZ,61968,Individual,Under 100,,False,2023-09-28,True
DNR-00761,ORG-HUM-01,Daniel,Johnson,synthetic.dnr-00761@demo-causefleet.org,555-0149,11369 Kim Divide Suite 908,Port Jason,MD,06236,Individual,"10,000-99,999",,False,2023-06-28,True
DNR-00762,ORG-HUM-01,Stacy,Peterson,synthetic.dnr-00762@demo-causefleet.org,555-0183,57306 Hernandez Highway Apt. 323,Dianemouth,AK,58242,Individual,Under 100,,False,2023-11-18,True
DNR-00763,ORG-HUM-01,John,Rice,synthetic.dnr-00763@demo-causefleet.org,555-0196,85011 Holmes Brook,Lake Sarah,MN,05538,Individual,Under 100,,False,2021-09-18,True
DNR-00764,ORG-HUM-01,Dale,Hall,synthetic.dnr-00764@demo-causefleet.org,555-0158,90691 Kathleen Camp Apt. 079,Campbellfurt,NV,98551,Individual,Under 100,,False,2022-01-14,True
DNR-00765,ORG-HUM-01,Tracy,Wright,synthetic.dnr-00765@demo-causefleet.org,555-0160,2785 Drew Route Apt. 642,Jodychester,AS,39803,Individual,"1,000-$9,999",,False,2022-06-12,True
DNR-00766,ORG-HUM-01,Steve,Page,synthetic.dnr-00766@demo-causefleet.org,555-0135,2536 Stephenson Mount,Wallacefurt,NH,48153,Individual,100-999,,False,2022-01-14,True
DNR-00767,ORG-HUM-01,Elizabeth,Anderson,synthetic.dnr-00767@demo-causefleet.org,555-0119,33939 Mccullough Plaza,Brooksport,IL,51989,Individual,Under 100,,False,2022-11-17,True
DNR-00768,ORG-HUM-01,Daniel,Pearson,synthetic.dnr-00768@demo-causefleet.org,555-0185,603 Matthew Estate Suite 862,Johnsonborough,MS,74870,Individual,100-999,,False,2022-01-10,True
DNR-00769,ORG-HUM-01,Joshua,Reese,synthetic.dnr-00769@demo-causefleet.org,555-0198,693 Robert Mountain,Port Joanna,WV,64291,Individual,Under 100,,False,2024-04-21,True
DNR-00770,ORG-HUM-01,Sarah,Salazar,synthetic.dnr-00770@demo-causefleet.org,555-0190,111 Alan Wall,West Melissamouth,MH,47253,Individual,Under 100,,False,2022-10-14,True
DNR-00771,ORG-HUM-01,Edward,Lewis,synthetic.dnr-00771@demo-causefleet.org,555-0141,9597 Morgan Extensions,Kevinside,GA,20426,Individual,Under 100,,False,2022-04-18,True
DNR-00772,ORG-HUM-01,David,Kent,synthetic.dnr-00772@demo-causefleet.org,555-0123,88743 Elizabeth Drive Suite 102,Kennedyfort,GA,03116,Individual,Under 100,,False,2022-02-14,True
DNR-00773,ORG-HUM-01,Vanessa,Cox,synthetic.dnr-00773@demo-causefleet.org,555-0199,927 Tara Skyway Suite 515,East Dennisport,TX,52093,Individual,Under 100,,False,2023-12-15,True
DNR-00774,ORG-HUM-01,Daniel,Donovan,synthetic.dnr-00774@demo-causefleet.org,555-0148,541 Morrison Union,Smithshire,MT,22660,Individual,"1,000-$9,999",,False,2025-05-22,True
DNR-00775,ORG-HUM-01,Johnny,Palmer,synthetic.dnr-00775@demo-causefleet.org,555-0197,5203 Baker Meadows,Billymouth,TN,11018,Individual,Under 100,,False,2022-12-31,True
DNR-00776,ORG-HUM-01,Anthony,Wiggins,synthetic.dnr-00776@demo-causefleet.org,555-0186,904 Gonzalez Mountains,Priceview,UT,49671,Individual,"1,000-$9,999",,False,2022-11-10,True
DNR-00777,ORG-HUM-01,Linda,Nash,synthetic.dnr-00777@demo-causefleet.org,555-0125,5254 Tracy Grove Apt. 715,North Lisaville,IA,10254,Individual,Under 100,,False,2022-11-14,True
DNR-00778,ORG-HUM-01,Calvin,Armstrong,synthetic.dnr-00778@demo-causefleet.org,555-0182,10059 Eric Road,Welchmouth,WY,87655,Individual,100-999,,False,2022-03-08,True
DNR-00779,ORG-HUM-01,David,Padilla,synthetic.dnr-00779@demo-causefleet.org,555-0115,121 Adam Turnpike,East Brendan,CO,51212,Individual,Under 100,,False,2021-11-15,True
DNR-00780,ORG-HUM-01,Alyssa,Alvarez,synthetic.dnr-00780@demo-causefleet.org,555-0154,792 Roberts Springs,South Jacksontown,CO,23550,Individual,Under 100,,False,2022-10-21,True
DNR-00781,ORG-HUM-01,Jose,Humphrey,synthetic.dnr-00781@demo-causefleet.org,555-0178,113 Melinda Throughway,East Ralph,MP,78136,Individual,Under 100,,False,2025-08-21,True
DNR-00782,ORG-HUM-01,Robert,Davidson,synthetic.dnr-00782@demo-causefleet.org,555-0164,4538 Diana Springs,Juanburgh,CA,08577,Individual,Under 100,,False,2022-09-13,True
DNR-00783,ORG-HUM-01,Max,Quinn,synthetic.dnr-00783@demo-causefleet.org,555-0194,70159 Wolfe Rest Apt. 945,Howardfort,MN,65997,Individual,100-999,,False,2021-09-08,True
DNR-00784,ORG-HUM-01,Tracy,Gardner,synthetic.dnr-00784@demo-causefleet.org,555-0157,92056 Hobbs Islands,Fordmouth,NV,20513,Individual,Under 100,,False,2022-09-19,True
DNR-00785,ORG-HUM-01,Karen,Barnes,synthetic.dnr-00785@demo-causefleet.org,555-0118,56265 Ryan Viaduct,East Brittany,HI,28942,Individual,100-999,,False,2022-01-11,True
DNR-00786,ORG-HUM-01,Peter,Hernandez,synthetic.dnr-00786@demo-causefleet.org,555-0174,07624 Perez Oval Suite 662,Costaton,MI,14396,Foundation,Under 100,,False,2021-10-29,True
DNR-00787,ORG-HUM-01,Marcus,Woods,synthetic.dnr-00787@demo-causefleet.org,555-0192,38736 Smith Inlet Apt. 549,Carrberg,NC,37449,Individual,Under 100,,False,2021-09-14,True
DNR-00788,ORG-HUM-01,Nathaniel,Barker,synthetic.dnr-00788@demo-causefleet.org,555-0153,9710 Wood Gateway,West Haley,PW,41465,Individual,Under 100,,False,2022-11-22,True
DNR-00789,ORG-HUM-01,Rachel,Alvarez,synthetic.dnr-00789@demo-causefleet.org,555-0111,595 Rachel Islands Apt. 993,South Anna,FM,03043,Individual,"1,000-$9,999",,False,2024-02-29,True
DNR-00790,ORG-HUM-01,Nicole,Cruz,synthetic.dnr-00790@demo-causefleet.org,555-0163,518 Ford Stream,Carlfurt,WI,25821,Foundation,100-999,,False,2022-10-10,True
DNR-00791,ORG-HUM-01,Joshua,Thomas,synthetic.dnr-00791@demo-causefleet.org,555-0172,3305 Summers Orchard,Port Joseph,MD,64031,Individual,Under 100,,False,2024-11-04,True
DNR-00792,ORG-HUM-01,Cassandra,Herrera,synthetic.dnr-00792@demo-causefleet.org,555-0123,914 Jill Fields,Johnfurt,NE,92336,Individual,Under 100,,False,2025-09-07,True
DNR-00793,ORG-HUM-01,Alex,Green,synthetic.dnr-00793@demo-causefleet.org,555-0165,0061 Marshall Drive,Garrettside,GA,78337,Individual,Under 100,,False,2024-12-17,True
DNR-00794,ORG-HUM-01,Lee,Giles,synthetic.dnr-00794@demo-causefleet.org,555-0156,3974 Brenda Islands Apt. 105,Woodmouth,MP,94938,Individual,"10,000-99,999",,False,2023-05-05,True
DNR-00795,ORG-HUM-01,Anthony,Hamilton,synthetic.dnr-00795@demo-causefleet.org,555-0191,2590 Nguyen Throughway Apt. 802,Brownland,DC,20367,Individual,100-999,,False,2023-01-15,True
DNR-00796,ORG-HUM-01,Frank,Reeves,synthetic.dnr-00796@demo-causefleet.org,555-0168,5516 Potter Park,Gardnerhaven,MT,84625,Individual,Under 100,,False,2021-11-09,True
DNR-00797,ORG-HUM-01,Heather,Kelley,synthetic.dnr-00797@demo-causefleet.org,555-0129,72143 Brian Springs,North Dawnbury,NJ,06057,Foundation,Under 100,,False,2024-11-02,True
DNR-00798,ORG-HUM-01,Katherine,Dodson,synthetic.dnr-00798@demo-causefleet.org,555-0165,556 Smith Track,Travischester,OH,09408,Individual,Under 100,,False,2021-08-06,True
DNR-00799,ORG-HUM-01,Brittany,Clark,synthetic.dnr-00799@demo-causefleet.org,555-0132,51958 Randy Drive Apt. 944,Williamburgh,MP,26923,Individual,"1,000-$9,999",,False,2021-08-03,True
DNR-00800,ORG-HUM-01,Jonathan,Gonzalez,synthetic.dnr-00800@demo-causefleet.org,555-0176,1470 Morrison Run Suite 321,South Lindaborough,ID,75239,Foundation,Under 100,,False,2024-09-06,True
DNR-00801,ORG-HUM-01,Kenneth,Norris,synthetic.dnr-00801@demo-causefleet.org,555-0193,457 Deborah Forks,Jaytown,ME,02121,Individual,100-999,,False,2024-08-08,True
DNR-00802,ORG-HUM-01,Henry,Cook,synthetic.dnr-00802@demo-causefleet.org,555-0144,657 Guzman Expressway Suite 789,Laurabury,CA,81289,Individual,Under 100,,False,2022-05-09,True
DNR-00803,ORG-HUM-01,Aaron,Johnson,synthetic.dnr-00803@demo-causefleet.org,555-0188,40476 Colton Land,Lake James,NE,97736,Individual,100-999,,False,2021-11-17,True
DNR-00804,ORG-HUM-01,Charles,Butler,synthetic.dnr-00804@demo-causefleet.org,555-0178,0142 Bryant Union,North Samantha,WA,89869,Individual,100-999,,False,2025-03-19,True
DNR-00805,ORG-HUM-01,Nicole,Frederick,synthetic.dnr-00805@demo-causefleet.org,555-0171,11379 Nelson Squares,Brownberg,IL,09041,Individual,100-999,,False,2024-11-06,True
DNR-00806,ORG-HUM-01,Nicholas,Johnson,synthetic.dnr-00806@demo-causefleet.org,555-0169,6209 Diane Trail Suite 473,Andrewview,VI,25151,Individual,Under 100,,False,2023-02-20,True
DNR-00807,ORG-HUM-01,Shane,Smith,synthetic.dnr-00807@demo-causefleet.org,555-0165,687 Jennifer Summit,West Michaelstad,NH,62429,Foundation,"1,000-$9,999",,False,2022-06-07,True
DNR-00808,ORG-HUM-01,Nathaniel,Winters,synthetic.dnr-00808@demo-causefleet.org,555-0185,5629 Watson Key,Dylanfort,TX,71577,Foundation,Under 100,,False,2023-10-11,True
DNR-00809,ORG-HUM-01,Susan,Miller,synthetic.dnr-00809@demo-causefleet.org,555-0144,55778 Pamela Junctions Apt. 958,Port Lauren,DC,27477,Individual,Under 100,,False,2023-03-08,True
DNR-00810,ORG-HUM-01,Randy,Colon,synthetic.dnr-00810@demo-causefleet.org,555-0151,808 Barbara Glens,Lake Jeremy,VT,44396,Individual,Under 100,,False,2024-12-27,True
DNR-00811,ORG-HUM-01,Mark,Copeland,synthetic.dnr-00811@demo-causefleet.org,555-0141,686 Barbara Summit Suite 137,Port Heather,WV,25185,Corporation,"10,000-99,999",,False,2023-07-15,True
DNR-00812,ORG-HUM-01,Patricia,Costa,synthetic.dnr-00812@demo-causefleet.org,555-0121,2143 Turner Fords,Port Jamestown,AK,39270,Individual,Under 100,,False,2024-07-08,True
DNR-00813,ORG-HUM-01,Jacob,Parsons,synthetic.dnr-00813@demo-causefleet.org,555-0145,47165 Smith Ranch,Matthewstad,IL,40318,Individual,100-999,,False,2021-12-09,True
DNR-00814,ORG-HUM-01,Brittany,Mendoza,synthetic.dnr-00814@demo-causefleet.org,555-0167,707 Bell Glens,Callahanfurt,WV,71151,Foundation,100-999,,False,2023-04-10,True
DNR-00815,ORG-HUM-01,Roberto,Matthews,synthetic.dnr-00815@demo-causefleet.org,555-0141,706 Sydney Trace Apt. 748,North Johnville,NH,50288,Individual,Under 100,,False,2024-10-01,True
DNR-00816,ORG-HUM-01,John,Riggs,synthetic.dnr-00816@demo-causefleet.org,555-0169,4873 Davis Spur,New Michelle,WI,04201,Individual,Under 100,,False,2024-08-29,True
DNR-00817,ORG-HUM-01,Sean,Shaw,synthetic.dnr-00817@demo-causefleet.org,555-0182,9680 Richards Square Suite 274,North Kelly,MA,56433,Individual,Under 100,,False,2025-06-20,True
DNR-00818,ORG-HUM-01,Eric,Monroe,synthetic.dnr-00818@demo-causefleet.org,555-0188,7306 Kelsey Cape,Ianmouth,VI,90027,Individual,Under 100,,False,2021-11-21,True
DNR-00819,ORG-HUM-01,Trevor,Reeves,synthetic.dnr-00819@demo-causefleet.org,555-0195,22299 Samuel Lakes,Smithhaven,MH,91440,Individual,Under 100,,False,2023-12-11,True
DNR-00820,ORG-HUM-01,Amy,Barnes,synthetic.dnr-00820@demo-causefleet.org,555-0158,6861 Christopher Wells,Thomashaven,PW,32381,Individual,Under 100,,False,2023-01-05,True
DNR-00821,ORG-HUM-01,Nancy,Martinez,synthetic.dnr-00821@demo-causefleet.org,555-0153,92378 Grant Neck,Port Dianashire,MT,15685,Individual,100-999,,False,2025-05-06,True
DNR-00822,ORG-HUM-01,Jesse,Hernandez,synthetic.dnr-00822@demo-causefleet.org,555-0113,605 William Bridge,New Elizabethshire,NC,01661,Individual,"1,000-$9,999",,False,2023-11-03,True
DNR-00823,ORG-HUM-01,Lisa,Flores,synthetic.dnr-00823@demo-causefleet.org,555-0173,3377 Lewis Extensions,Transide,PR,09796,Individual,Under 100,,False,2022-09-24,True
DNR-00824,ORG-HUM-01,David,Hicks,synthetic.dnr-00824@demo-causefleet.org,555-0151,8192 Courtney Loop,Sharonview,MT,08322,Individual,Under 100,,False,2022-01-18,True
DNR-00825,ORG-HUM-01,Brad,Flores,synthetic.dnr-00825@demo-causefleet.org,555-0133,35679 Kaitlyn Crossroad Suite 986,East Carol,LA,65661,Individual,Under 100,,False,2024-09-04,True
DNR-00826,ORG-HUM-01,Ryan,Johnson,synthetic.dnr-00826@demo-causefleet.org,555-0172,120 Ramirez Harbors,Santosmouth,ME,70662,Foundation,100-999,,False,2024-10-06,True
DNR-00827,ORG-HUM-01,Samantha,Wyatt,synthetic.dnr-00827@demo-causefleet.org,555-0137,769 Taylor Course Suite 588,West Crystalview,VI,38373,Individual,100-999,,False,2024-01-15,True
DNR-00828,ORG-HUM-01,Jeremy,Mcintosh,synthetic.dnr-00828@demo-causefleet.org,555-0155,93543 Holmes Loop Suite 496,Port Chloe,WY,18756,Individual,Under 100,,False,2023-12-28,True
DNR-00829,ORG-HUM-01,Haley,Lee,synthetic.dnr-00829@demo-causefleet.org,555-0143,885 Lauren Prairie Apt. 143,New Kristy,MP,44721,Individual,Under 100,,False,2024-11-21,True
DNR-00830,ORG-HUM-01,Deborah,Crawford,synthetic.dnr-00830@demo-causefleet.org,555-0153,7497 Thomas Rest,West Davidfurt,GU,72680,Individual,100-999,,False,2022-03-17,True
DNR-00831,ORG-HUM-01,Aaron,Lopez,synthetic.dnr-00831@demo-causefleet.org,555-0145,7894 Gonzalez Center Suite 791,Kimmouth,DE,18815,Individual,Under 100,,False,2025-09-05,True
DNR-00832,ORG-HUM-01,Michael,Solis,synthetic.dnr-00832@demo-causefleet.org,555-0186,14188 Anderson Court,Harrisshire,AR,01792,Individual,Under 100,,False,2022-03-14,True
DNR-00833,ORG-HUM-01,Tiffany,Ball,synthetic.dnr-00833@demo-causefleet.org,555-0199,3339 Reilly Knoll Apt. 208,Kathrynburgh,AS,50737,Individual,100-999,,False,2021-11-24,True
DNR-00834,ORG-HUM-01,Christina,Best,synthetic.dnr-00834@demo-causefleet.org,555-0145,947 Cody Vista,Walkermouth,RI,22212,Individual,Under 100,,False,2022-04-18,True
DNR-00835,ORG-HUM-01,Samantha,Ramirez,synthetic.dnr-00835@demo-causefleet.org,555-0181,46996 Lewis Courts,South Jennifermouth,FL,97384,Individual,Under 100,,False,2025-04-12,True
DNR-00836,ORG-HUM-01,Melissa,Christensen,synthetic.dnr-00836@demo-causefleet.org,555-0111,437 Clarke Pine,Marcfort,NY,81193,Individual,100-999,,False,2025-04-06,True
DNR-00837,ORG-HUM-01,Scott,Harris,synthetic.dnr-00837@demo-causefleet.org,555-0176,196 Kristin Fords,West Michael,KY,33107,Foundation,100-999,,False,2023-02-05,True
DNR-00838,ORG-HUM-01,Rachel,Gray,synthetic.dnr-00838@demo-causefleet.org,555-0134,93170 Armstrong Lake Suite 076,Blankenshipland,NE,33914,Individual,Under 100,,False,2024-07-06,True
DNR-00839,ORG-HUM-01,Joseph,Buck,synthetic.dnr-00839@demo-causefleet.org,555-0120,2239 Meghan Light Suite 031,North Christina,OH,07063,Individual,"1,000-$9,999",,False,2022-12-04,True
DNR-00840,ORG-HUM-01,Alicia,Scott,synthetic.dnr-00840@demo-causefleet.org,555-0140,2642 Robert Expressway,East Monicaton,OK,86303,Individual,Under 100,,False,2022-07-02,True
DNR-00841,ORG-HUM-01,Monica,Delacruz,synthetic.dnr-00841@demo-causefleet.org,555-0162,8762 Andre Flat,North Kendraview,GU,23927,Individual,100-999,,False,2024-10-22,True
DNR-00842,ORG-HUM-01,Kimberly,Tran,synthetic.dnr-00842@demo-causefleet.org,555-0172,228 John Branch Suite 248,New Williamton,MO,18189,Individual,Under 100,,False,2023-09-24,True
DNR-00843,ORG-HUM-01,Taylor,Bradford,synthetic.dnr-00843@demo-causefleet.org,555-0181,594 Sanchez Extensions,Lake Johnton,CA,49970,Individual,"1,000-$9,999",,False,2022-02-20,True
DNR-00844,ORG-HUM-01,Justin,Rice,synthetic.dnr-00844@demo-causefleet.org,555-0140,688 Oneal Mountain Suite 996,Alexandrachester,GA,66450,Corporation,"1,000-$9,999",,False,2022-01-02,True
DNR-00845,ORG-HUM-01,David,Johnson,synthetic.dnr-00845@demo-causefleet.org,555-0198,541 Reyes Hills,Andrewfort,ID,98845,Individual,Under 100,,False,2025-02-18,True
DNR-00846,ORG-HUM-01,Ryan,Little,synthetic.dnr-00846@demo-causefleet.org,555-0170,9246 Douglas Forks,Kingfurt,NH,93940,Individual,"1,000-$9,999",,False,2021-06-26,True
DNR-00847,ORG-HUM-01,Nicole,Ford,synthetic.dnr-00847@demo-causefleet.org,555-0192,32145 Michael Lights Suite 194,Loriside,NJ,05812,Individual,100-999,,False,2023-06-07,True
DNR-00848,ORG-HUM-01,Misty,Mendoza,synthetic.dnr-00848@demo-causefleet.org,555-0172,3482 Victoria Drive Suite 008,Lake Adriana,AK,59268,Corporation,100-999,,False,2025-06-18,True
DNR-00849,ORG-HUM-01,Lauren,Stevens,synthetic.dnr-00849@demo-causefleet.org,555-0167,5089 Nicole Trace Suite 680,East Sarahfurt,MA,87089,Individual,Under 100,,False,2023-03-01,True
DNR-00850,ORG-HUM-01,Jessica,Reid,synthetic.dnr-00850@demo-causefleet.org,555-0112,31964 Robinson Cape,Alexanderberg,ID,55338,Individual,100-999,,False,2024-07-05,True
DNR-00851,ORG-HUM-01,Robert,Mckenzie,synthetic.dnr-00851@demo-causefleet.org,555-0121,8943 Vickie Estates,West Jessicaland,IN,61882,Individual,100-999,,False,2023-11-19,True
DNR-00852,ORG-HUM-01,Gabriel,Chambers,synthetic.dnr-00852@demo-causefleet.org,555-0147,75957 Ray Plaza,Crystalmouth,NC,20895,Individual,Under 100,,False,2025-05-19,True
DNR-00853,ORG-HUM-01,Mary,Lawrence,synthetic.dnr-00853@demo-causefleet.org,555-0138,330 Webb Isle Suite 760,Laurieview,CT,19895,Individual,"1,000-$9,999",,False,2024-04-23,True
DNR-00854,ORG-HUM-01,Megan,Robinson,synthetic.dnr-00854@demo-causefleet.org,555-0161,2188 Gutierrez Locks,Knightport,CO,32285,Foundation,Under 100,,False,2023-10-27,True
DNR-00855,ORG-HUM-01,Timothy,Hebert,synthetic.dnr-00855@demo-causefleet.org,555-0198,0666 Robert Burgs,Sharonville,ME,31392,Individual,Under 100,,False,2022-02-13,True
DNR-00856,ORG-HUM-01,Whitney,Reilly,synthetic.dnr-00856@demo-causefleet.org,555-0141,366 Justin Ridge Apt. 529,Brittneyland,CT,11261,Individual,Under 100,,False,2023-07-11,True
DNR-00857,ORG-HUM-01,Joan,Hernandez,synthetic.dnr-00857@demo-causefleet.org,555-0149,1200 Thompson Dale Suite 559,North Frederickport,MA,13604,Individual,Under 100,,False,2021-10-09,True
DNR-00858,ORG-HUM-01,Brandi,Mcneil,synthetic.dnr-00858@demo-causefleet.org,555-0194,26714 Gilbert Pine,Port Cheyenneberg,CA,61100,Individual,100-999,,False,2021-08-01,True
DNR-00859,ORG-HUM-01,Jordan,Schneider,synthetic.dnr-00859@demo-causefleet.org,555-0184,9340 Phelps Shores,Lake Thomas,NV,47523,Individual,Under 100,,False,2024-01-16,True
DNR-00860,ORG-HUM-01,Kirk,Valdez,synthetic.dnr-00860@demo-causefleet.org,555-0157,3453 Steven Squares Apt. 010,East Danielmouth,DC,20073,Individual,"1,000-$9,999",,False,2025-07-16,True
DNR-00861,ORG-HUM-01,Justin,Cook,synthetic.dnr-00861@demo-causefleet.org,555-0170,376 Martinez Row Suite 370,Ericborough,MI,09159,Individual,Under 100,,False,2024-07-19,True
DNR-00862,ORG-HUM-01,Maureen,Lara,synthetic.dnr-00862@demo-causefleet.org,555-0180,77657 Lisa Summit Suite 592,Port Kristaview,MT,12719,Individual,Under 100,,False,2021-08-17,True
DNR-00863,ORG-HUM-01,Vanessa,Hernandez,synthetic.dnr-00863@demo-causefleet.org,555-0177,89743 Robert Trail,Lake Michaelmouth,AS,81094,Individual,Under 100,,False,2023-07-11,True
DNR-00864,ORG-HUM-01,Aaron,Webb,synthetic.dnr-00864@demo-causefleet.org,555-0154,25848 Preston Ramp,South Kayla,VA,05668,Individual,Under 100,,False,2023-01-12,True
DNR-00865,ORG-HUM-01,Jennifer,Payne,synthetic.dnr-00865@demo-causefleet.org,555-0164,45069 Thomas Wells Suite 799,West Mary,IN,59387,Individual,"1,000-$9,999",,False,2023-05-22,True
DNR-00866,ORG-HUM-01,Patricia,Phelps,synthetic.dnr-00866@demo-causefleet.org,555-0180,946 Smith Forks,East Stephaniemouth,IA,52533,Individual,100-999,,False,2022-07-25,True
DNR-00867,ORG-HUM-01,Brandon,Jones,synthetic.dnr-00867@demo-causefleet.org,555-0152,860 Mack Shore Apt. 793,Kimberlybury,MS,74000,Individual,100-999,,False,2021-06-04,True
DNR-00868,ORG-HUM-01,Gregory,Douglas,synthetic.dnr-00868@demo-causefleet.org,555-0155,615 Stacey Brooks,East Sarahview,GA,86675,Individual,Under 100,,False,2024-07-23,True
DNR-00869,ORG-HUM-01,Jonathan,Martin,synthetic.dnr-00869@demo-causefleet.org,555-0199,25144 Charles Drives Apt. 031,Tammyville,WV,59652,Individual,Under 100,,False,2022-09-06,True
DNR-00870,ORG-HUM-01,Vincent,Conley,synthetic.dnr-00870@demo-causefleet.org,555-0168,179 Floyd Knolls Apt. 526,New Sierra,VA,02890,Foundation,Under 100,,False,2022-11-17,True
DNR-00871,ORG-HUM-01,Christine,Montes,synthetic.dnr-00871@demo-causefleet.org,555-0144,22528 Timothy Throughway,Anthonyfurt,WY,99690,Individual,Under 100,,False,2025-05-12,True
DNR-00872,ORG-HUM-01,Lindsay,Parsons,synthetic.dnr-00872@demo-causefleet.org,555-0149,23979 Theresa Summit Apt. 787,Morrisstad,ID,06001,Individual,Under 100,,False,2023-04-16,True
DNR-00873,ORG-HUM-01,Jacob,Duncan,synthetic.dnr-00873@demo-causefleet.org,555-0142,556 Tara Wall,Millerville,PA,68725,Individual,100-999,,False,2021-07-28,True
DNR-00874,ORG-HUM-01,Darren,Taylor,synthetic.dnr-00874@demo-causefleet.org,555-0139,851 Kristi Route Suite 348,Carterville,AR,39849,Individual,Under 100,,False,2023-11-06,True
DNR-00875,ORG-HUM-01,Yesenia,Dominguez,synthetic.dnr-00875@demo-causefleet.org,555-0125,45618 Jones Inlet Suite 600,Markland,VI,18513,Individual,100-999,,False,2024-04-18,True
DNR-00876,ORG-HUM-01,Carrie,York,synthetic.dnr-00876@demo-causefleet.org,555-0134,14551 Barbara Prairie Apt. 304,Mckenzieside,WV,71451,Individual,Under 100,,False,2025-06-14,True
DNR-00877,ORG-HUM-01,Christopher,Marquez,synthetic.dnr-00877@demo-causefleet.org,555-0150,416 Larry Wells Suite 154,East Caseyshire,AL,14503,Individual,Under 100,,False,2025-05-16,True
DNR-00878,ORG-HUM-01,Brad,Pacheco,synthetic.dnr-00878@demo-causefleet.org,555-0125,142 Christopher Extension Apt. 910,Robinsonberg,GA,97214,Individual,100-999,,False,2025-04-12,True
DNR-00879,ORG-HUM-01,Michelle,Hicks,synthetic.dnr-00879@demo-causefleet.org,555-0178,84937 Brian Forest Suite 384,Derekshire,MT,76304,Individual,Under 100,,False,2025-07-25,True
DNR-00880,ORG-HUM-01,John,Chase,synthetic.dnr-00880@demo-causefleet.org,555-0198,649 Smith Crescent,Garzaview,UT,17303,Individual,100-999,,False,2022-08-30,True
DNR-00881,ORG-HUM-01,Lisa,Carpenter,synthetic.dnr-00881@demo-causefleet.org,555-0133,03301 Anderson Forge,Susanshire,AL,85940,Individual,Under 100,,False,2023-11-30,True
DNR-00882,ORG-HUM-01,Daniel,Horton,synthetic.dnr-00882@demo-causefleet.org,555-0134,53722 Misty Islands Suite 684,Alvaradoberg,IL,51515,Individual,Under 100,,False,2022-04-29,True
DNR-00883,ORG-HUM-01,Molly,Hodge,synthetic.dnr-00883@demo-causefleet.org,555-0137,7460 Smith Mountain,North Kimberly,MP,08311,Individual,"1,000-$9,999",,False,2022-12-12,True
DNR-00884,ORG-HUM-01,Alice,Harris,synthetic.dnr-00884@demo-causefleet.org,555-0171,2442 Hammond Mountains,New Shawnport,SD,29902,Individual,Under 100,,False,2024-08-28,True
DNR-00885,ORG-HUM-01,Haley,Hill,synthetic.dnr-00885@demo-causefleet.org,555-0145,4273 Conway Brook Apt. 763,North Joseph,MN,68924,Individual,Under 100,,False,2023-05-13,True
DNR-00886,ORG-HUM-01,Corey,Atkins,synthetic.dnr-00886@demo-causefleet.org,555-0185,601 John Haven Suite 389,Lake Tyler,NC,00942,Individual,100-999,,False,2022-07-09,True
DNR-00887,ORG-HUM-01,Andrew,Mack,synthetic.dnr-00887@demo-causefleet.org,555-0177,507 Jacob Street Suite 644,Lake Richard,MP,79350,Individual,Under 100,,False,2022-01-23,True
DNR-00888,ORG-HUM-01,Michael,James,synthetic.dnr-00888@demo-causefleet.org,555-0186,50557 Amanda Park,South Susan,AK,90905,Individual,100-999,,False,2023-11-12,True
DNR-00889,ORG-HUM-01,Annette,Taylor,synthetic.dnr-00889@demo-causefleet.org,555-0146,37681 Erin Plaza Suite 233,West Collin,KS,02034,Individual,100-999,,False,2021-09-29,True
DNR-00890,ORG-HUM-01,Robert,Esparza,synthetic.dnr-00890@demo-causefleet.org,555-0122,15391 Linda Turnpike Apt. 074,Lake Katherine,VA,01334,Individual,"10,000-99,999",,False,2025-05-24,True
DNR-00891,ORG-HUM-01,Tracy,Gay,synthetic.dnr-00891@demo-causefleet.org,555-0134,1189 Sandy Harbors Apt. 655,Hawkinsburgh,AK,97350,Individual,Under 100,,False,2025-06-06,True
DNR-00892,ORG-HUM-01,Courtney,Smith,synthetic.dnr-00892@demo-causefleet.org,555-0147,22302 Margaret Flat Apt. 470,Perezberg,AZ,15951,Individual,Under 100,,False,2021-11-02,True
DNR-00893,ORG-HUM-01,Jennifer,Richardson,synthetic.dnr-00893@demo-causefleet.org,555-0139,621 Thomas Avenue Apt. 508,Lake Megan,MT,14725,Individual,100-999,,False,2024-07-23,True
DNR-00894,ORG-HUM-01,Eric,Jones,synthetic.dnr-00894@demo-causefleet.org,555-0156,63248 Mercado Estate Apt. 762,Ramirezview,PA,28569,Individual,Under 100,,False,2021-10-13,True
DNR-00895,ORG-HUM-01,Lauren,Houston,synthetic.dnr-00895@demo-causefleet.org,555-0132,4687 Nancy Crescent,North Jerry,UT,70433,Individual,Under 100,,False,2025-06-06,True
DNR-00896,ORG-HUM-01,Daniel,Mendoza,synthetic.dnr-00896@demo-causefleet.org,555-0148,82832 Rebecca Pass,East Amberland,MA,69323,Individual,Under 100,,False,2025-07-13,True
DNR-00897,ORG-HUM-01,Jordan,Rivera,synthetic.dnr-00897@demo-causefleet.org,555-0111,06732 Holly Corners,New Scott,NE,94993,Individual,Under 100,,False,2023-09-29,True
DNR-00898,ORG-HUM-01,Christopher,Wolf,synthetic.dnr-00898@demo-causefleet.org,555-0178,45000 Kimberly Spurs Apt. 015,Port Judy,SC,77288,Foundation,Under 100,,False,2024-02-29,True
DNR-00899,ORG-HUM-01,Hailey,Castillo,synthetic.dnr-00899@demo-causefleet.org,555-0126,8509 Jennifer Knoll,Nicholasville,WY,66563,Individual,100-999,,False,2021-10-07,True
DNR-00900,ORG-HUM-01,Karen,Green,synthetic.dnr-00900@demo-causefleet.org,555-0145,299 Mitchell Pike,East Gregoryport,NY,81982,Individual,100-999,,False,2024-03-18,True
DNR-00901,ORG-HUM-01,Lee,Harrison,synthetic.dnr-00901@demo-causefleet.org,555-0115,0090 Ebony Gardens Suite 551,Jenniferview,NC,20156,Individual,Under 100,,False,2024-10-30,True
DNR-00902,ORG-HUM-01,Anna,Young,synthetic.dnr-00902@demo-causefleet.org,555-0116,8355 Michael View,Port Barbara,VA,05989,Individual,Under 100,,False,2023-03-04,True
DNR-00903,ORG-HUM-01,Benjamin,Harrison,synthetic.dnr-00903@demo-causefleet.org,555-0180,36998 Montgomery Turnpike Apt. 982,North Bruce,AS,06659,Individual,Under 100,,False,2023-10-23,True
DNR-00904,ORG-HUM-01,Michelle,King,synthetic.dnr-00904@demo-causefleet.org,555-0147,804 Hayden Row,New Stacy,NM,33139,Individual,100-999,,False,2025-06-09,True
DNR-00905,ORG-HUM-01,Nicholas,Gallagher,synthetic.dnr-00905@demo-causefleet.org,555-0199,4321 Heather River,Jessicahaven,OK,85066,Individual,Under 100,,False,2023-08-26,True
DNR-00906,ORG-HUM-01,Jessica,Russell,synthetic.dnr-00906@demo-causefleet.org,555-0126,36258 Lewis Inlet,Christopherton,GU,51643,Foundation,100-999,,False,2024-04-25,True
DNR-00907,ORG-HUM-01,Tina,Price,synthetic.dnr-00907@demo-causefleet.org,555-0191,4026 Jennifer Land Suite 824,Port Rhonda,AK,88144,Individual,Under 100,,False,2022-09-05,True
DNR-00908,ORG-HUM-01,Nicholas,Jenkins,synthetic.dnr-00908@demo-causefleet.org,555-0172,8988 Kelsey Street Apt. 538,Port Toni,MA,95593,Individual,100-999,,False,2021-10-12,True
DNR-00909,ORG-HUM-01,Steven,Decker,synthetic.dnr-00909@demo-causefleet.org,555-0123,504 Victoria Highway,East Sabrina,IL,47039,Individual,Under 100,,False,2025-08-18,True
DNR-00910,ORG-HUM-01,Alicia,Matthews,synthetic.dnr-00910@demo-causefleet.org,555-0111,3211 Jennifer Motorway,Griffithville,ND,06835,Individual,100-999,,False,2022-04-04,True
DNR-00911,ORG-HUM-01,James,Watkins,synthetic.dnr-00911@demo-causefleet.org,555-0183,3265 Benjamin Lodge,Lake Chaseland,PW,98810,Individual,Under 100,,False,2024-01-17,True
DNR-00912,ORG-HUM-01,William,Chang,synthetic.dnr-00912@demo-causefleet.org,555-0146,1786 Alex Ferry Apt. 009,West Kimberlyville,OH,17266,Individual,100-999,,False,2024-01-25,True
DNR-00913,ORG-HUM-01,Alexandria,Smith,synthetic.dnr-00913@demo-causefleet.org,555-0170,7744 Susan Mall Apt. 936,Chelseastad,DC,08095,Individual,Under 100,,False,2025-01-16,True
DNR-00914,ORG-HUM-01,Cassandra,Stokes,synthetic.dnr-00914@demo-causefleet.org,555-0171,84336 Cooper Burg Apt. 632,East Catherine,NY,19884,Individual,100-999,,False,2021-09-29,True
DNR-00915,ORG-HUM-01,Shannon,Rogers,synthetic.dnr-00915@demo-causefleet.org,555-0166,14042 Shepard Canyon Suite 053,Wallschester,NE,97986,Individual,100-999,,False,2021-09-25,True
DNR-00916,ORG-HUM-01,Heather,Wilson,synthetic.dnr-00916@demo-causefleet.org,555-0153,0030 Michael Locks,Port Monicatown,MS,20685,Individual,Under 100,,False,2021-08-13,True
DNR-00917,ORG-HUM-01,Charles,Bentley,synthetic.dnr-00917@demo-causefleet.org,555-0133,23455 Lisa Pass,South Ashley,NM,82601,Individual,100-999,,False,2024-05-20,True
DNR-00918,ORG-HUM-01,Roger,Hoffman,synthetic.dnr-00918@demo-causefleet.org,555-0116,384 Brady Canyon,East Kevinside,AL,69682,Foundation,Under 100,,False,2025-02-01,True
DNR-00919,ORG-HUM-01,Kimberly,Cooper,synthetic.dnr-00919@demo-causefleet.org,555-0142,8826 Jason Rue,Christinaville,AR,13932,Individual,Under 100,,False,2025-09-07,True
DNR-00920,ORG-HUM-01,Shannon,Benson,synthetic.dnr-00920@demo-causefleet.org,555-0171,599 Linda Heights,North Jennifer,NV,33956,Individual,Under 100,,False,2024-04-21,True
DNR-00921,ORG-HUM-01,Gabriel,Avila,synthetic.dnr-00921@demo-causefleet.org,555-0124,964 Davis Pike Suite 285,Walshshire,IA,19759,Individual,Under 100,,False,2023-12-10,True
DNR-00922,ORG-HUM-01,Dakota,Smith,synthetic.dnr-00922@demo-causefleet.org,555-0118,932 Daniel Villages Apt. 426,Elliottton,MT,82056,Individual,100-999,,False,2022-11-05,True
DNR-00923,ORG-HUM-01,Veronica,Kennedy,synthetic.dnr-00923@demo-causefleet.org,555-0161,176 Dawn Extensions Apt. 483,West Elizabeth,PA,47923,Foundation,100-999,,False,2024-06-12,True
DNR-00924,ORG-HUM-01,Rachel,Meyer,synthetic.dnr-00924@demo-causefleet.org,555-0172,0561 Rachel Port,Petersonside,AS,19800,Individual,Under 100,,False,2024-03-26,True
DNR-00925,ORG-HUM-01,Kathryn,Stephens,synthetic.dnr-00925@demo-causefleet.org,555-0119,4186 Cooper Roads,Port Jayside,NJ,56331,Individual,Under 100,,False,2023-03-06,True
DNR-00926,ORG-HUM-01,Maria,Khan,synthetic.dnr-00926@demo-causefleet.org,555-0183,595 Johnathan Fields,Raymondberg,IA,77520,Individual,100-999,,False,2021-11-03,True
DNR-00927,ORG-HUM-01,Lance,Hicks,synthetic.dnr-00927@demo-causefleet.org,555-0190,27300 Burke Loaf,North Darrylfurt,NY,26985,Individual,"1,000-$9,999",,False,2024-11-12,True
DNR-00928,ORG-HUM-01,Elizabeth,Olsen,synthetic.dnr-00928@demo-causefleet.org,555-0197,01680 Miller Roads Apt. 507,Ayalahaven,ID,76845,Individual,Under 100,,False,2021-09-27,True
DNR-00929,ORG-HUM-01,Dawn,Sims,synthetic.dnr-00929@demo-causefleet.org,555-0116,534 Smith Park,Ramosport,MO,21775,Individual,"1,000-$9,999",,False,2025-07-12,True
DNR-00930,ORG-HUM-01,Sherri,Mcclure,synthetic.dnr-00930@demo-causefleet.org,555-0129,2925 Angela Course Suite 760,New Holly,PA,09255,Individual,Under 100,,False,2021-09-01,True
DNR-00931,ORG-HUM-01,Joseph,Sanders,synthetic.dnr-00931@demo-causefleet.org,555-0129,33373 Sharon Island Suite 235,Rodriguezside,CO,61351,Individual,Under 100,,False,2024-09-30,True
DNR-00932,ORG-HUM-01,Melissa,Nolan,synthetic.dnr-00932@demo-causefleet.org,555-0182,119 Aaron Creek,Port Robert,GU,67779,Individual,100-999,,False,2021-06-17,True
DNR-00933,ORG-HUM-01,Louis,Mcdonald,synthetic.dnr-00933@demo-causefleet.org,555-0148,1337 Patricia Plains Suite 449,Lake Susanshire,MD,06764,Corporation,Under 100,,False,2025-08-29,True
DNR-00934,ORG-HUM-01,Randall,Dixon,synthetic.dnr-00934@demo-causefleet.org,555-0120,4403 Harris Glen,South Thomasville,FL,61214,Individual,Under 100,,False,2022-01-09,True
DNR-00935,ORG-HUM-01,Victor,Palmer,synthetic.dnr-00935@demo-causefleet.org,555-0141,02179 Curtis Fields,Aprilchester,GA,75542,Individual,Under 100,,False,2024-08-16,True
DNR-00936,ORG-HUM-01,Jessica,Henry,synthetic.dnr-00936@demo-causefleet.org,555-0125,63831 Amy Island Suite 053,Moyertown,NM,92620,Individual,100-999,,False,2023-10-13,True
DNR-00937,ORG-HUM-01,Jennifer,Patterson,synthetic.dnr-00937@demo-causefleet.org,555-0181,7067 Rachel Path,Port Laura,MN,00796,Individual,100-999,,False,2023-12-19,True
DNR-00938,ORG-HUM-01,Douglas,Hopkins,synthetic.dnr-00938@demo-causefleet.org,555-0163,35521 Shelton Shoals,Alexismouth,ND,59127,Foundation,Under 100,,False,2023-01-17,True
DNR-00939,ORG-HUM-01,Gloria,Sullivan,synthetic.dnr-00939@demo-causefleet.org,555-0187,182 Tina Dam,Ashleymouth,WV,78380,Individual,Under 100,,False,2025-06-23,True
DNR-00940,ORG-HUM-01,Angela,Ferguson,synthetic.dnr-00940@demo-causefleet.org,555-0186,69984 Stephanie Crossroad Apt. 509,Lake Meagan,NE,94766,Individual,Under 100,,False,2025-07-21,True
DNR-00941,ORG-HUM-01,Heather,Romero,synthetic.dnr-00941@demo-causefleet.org,555-0189,249 Mathis Ridge Apt. 145,Garretthaven,NH,98958,Individual,Under 100,,False,2024-01-03,True
DNR-00942,ORG-HUM-01,Heather,Alexander,synthetic.dnr-00942@demo-causefleet.org,555-0138,38676 Gonzalez Trafficway Apt. 097,Omarland,RI,08821,Individual,Under 100,,False,2025-05-16,True
DNR-00943,ORG-HUM-01,Elizabeth,Murray,synthetic.dnr-00943@demo-causefleet.org,555-0176,8299 Wagner Stravenue Apt. 258,South Virginia,AZ,84820,Individual,100-999,,False,2024-07-13,True
DNR-00944,ORG-HUM-01,Erin,Smith,synthetic.dnr-00944@demo-causefleet.org,555-0158,350 Ware Shore,Karlafurt,MS,95880,Individual,Under 100,,False,2023-09-21,True
DNR-00945,ORG-HUM-01,Gina,Carroll,synthetic.dnr-00945@demo-causefleet.org,555-0167,124 Kimberly Junctions,Josephburgh,NC,52035,Individual,Under 100,,False,2024-02-06,True
DNR-00946,ORG-HUM-01,Phillip,Taylor,synthetic.dnr-00946@demo-causefleet.org,555-0166,32894 Greer Forges Apt. 891,Richardview,CO,90215,Individual,Under 100,,False,2023-05-31,True
DNR-00947,ORG-HUM-01,Mark,Patel,synthetic.dnr-00947@demo-causefleet.org,555-0148,725 Jackson Ports Apt. 693,West Alyssa,WY,90473,Individual,Under 100,,False,2024-05-13,True
DNR-00948,ORG-HUM-01,Jeffrey,Esparza,synthetic.dnr-00948@demo-causefleet.org,555-0185,655 Stephanie Overpass,Stephanieside,MD,02549,Foundation,"1,000-$9,999",,False,2023-01-07,True
DNR-00949,ORG-HUM-01,Katelyn,Mejia,synthetic.dnr-00949@demo-causefleet.org,555-0164,3034 Natalie Passage Apt. 179,Martinborough,NC,92865,Individual,Under 100,,False,2024-01-22,True
DNR-00950,ORG-HUM-01,Joel,Leon,synthetic.dnr-00950@demo-causefleet.org,555-0149,3641 Carter Coves,Mariaborough,CT,28890,Individual,Under 100,,False,2022-11-11,True
DNR-00951,ORG-HUM-01,Michael,Mercado,synthetic.dnr-00951@demo-causefleet.org,555-0182,8136 York Cape Apt. 942,West Stephanieland,AZ,46882,Individual,Under 100,,False,2024-07-28,True
DNR-00952,ORG-HUM-01,Patrick,Moreno,synthetic.dnr-00952@demo-causefleet.org,555-0189,987 Cassie Village,Port Timothy,KY,47816,Individual,Under 100,,False,2022-03-08,True
DNR-00953,ORG-HUM-01,Megan,Rose,synthetic.dnr-00953@demo-causefleet.org,555-0117,2258 Butler Islands Suite 787,Kennethburgh,DC,65081,Individual,Under 100,,False,2021-12-23,True
DNR-00954,ORG-HUM-01,William,Bird,synthetic.dnr-00954@demo-causefleet.org,555-0188,596 Hogan Island Suite 282,Susanville,CO,91357,Foundation,Under 100,,False,2024-06-22,True
DNR-00955,ORG-HUM-01,Martin,Taylor,synthetic.dnr-00955@demo-causefleet.org,555-0122,02453 Charles Freeway,Lake Natalie,FM,15670,Individual,Under 100,,False,2023-04-09,True
DNR-00956,ORG-HUM-01,Miranda,Jones,synthetic.dnr-00956@demo-causefleet.org,555-0136,5708 Cynthia Manors,Lake Craig,ME,37773,Individual,Under 100,,False,2024-11-17,True
DNR-00957,ORG-HUM-01,Alicia,Reyes,synthetic.dnr-00957@demo-causefleet.org,555-0190,73677 Day Drive Apt. 258,West Keith,CA,69422,Individual,Under 100,,False,2025-02-07,True
DNR-00958,ORG-HUM-01,Lisa,Zimmerman,synthetic.dnr-00958@demo-causefleet.org,555-0137,231 James Divide,Lake Kevinland,AR,49935,Individual,Under 100,,False,2022-05-12,True
DNR-00959,ORG-HUM-01,Nicole,Stone,synthetic.dnr-00959@demo-causefleet.org,555-0143,7238 Cooper Place Apt. 768,Lake Stephenburgh,MH,46387,Individual,"1,000-$9,999",,False,2024-08-12,True
DNR-00960,ORG-HUM-01,Manuel,Francis,synthetic.dnr-00960@demo-causefleet.org,555-0194,472 Moore Ports Apt. 529,New Lisamouth,MS,86704,Individual,Under 100,,False,2023-06-30,True
DNR-00961,ORG-HUM-01,Jessica,Long,synthetic.dnr-00961@demo-causefleet.org,555-0120,717 Bryan Spur,East Scott,VT,95961,Individual,Under 100,,False,2023-10-25,True
DNR-00962,ORG-HUM-01,Anne,Aguilar,synthetic.dnr-00962@demo-causefleet.org,555-0130,52229 Joyce Extension,Lake Ronaldmouth,TN,77201,Individual,Under 100,,False,2022-05-10,True
DNR-00963,ORG-HUM-01,Kevin,Tran,synthetic.dnr-00963@demo-causefleet.org,555-0140,25539 Luke Inlet,Robertfort,VA,84990,Individual,Under 100,,False,2021-09-28,True
DNR-00964,ORG-HUM-01,Julia,Snyder,synthetic.dnr-00964@demo-causefleet.org,555-0132,4309 Green Glen,Carrville,HI,59067,Individual,100-999,,False,2023-06-03,True
DNR-00965,ORG-HUM-01,Melanie,Aguilar,synthetic.dnr-00965@demo-causefleet.org,555-0180,92712 Mark Shores,Wolffort,VA,15248,Individual,Under 100,,False,2024-01-12,True
DNR-00966,ORG-HUM-01,Jean,Roth,synthetic.dnr-00966@demo-causefleet.org,555-0119,883 Edward Valleys,East Laurafurt,VA,95673,Individual,100-999,,False,2022-05-06,True
DNR-00967,ORG-HUM-01,Amy,Thompson,synthetic.dnr-00967@demo-causefleet.org,555-0130,8797 Bailey Fords,Elizabethstad,HI,31538,Individual,Under 100,,False,2025-02-26,True
DNR-00968,ORG-HUM-01,Preston,Brown,synthetic.dnr-00968@demo-causefleet.org,555-0110,04436 Lisa Walk,Danielland,MI,21866,Individual,Under 100,,False,2024-03-06,True
DNR-00969,ORG-HUM-01,Monica,Duncan,synthetic.dnr-00969@demo-causefleet.org,555-0162,29295 Christopher Flat,Ramirezhaven,ID,07931,Individual,100-999,,False,2025-07-20,True
DNR-00970,ORG-HUM-01,James,Smith,synthetic.dnr-00970@demo-causefleet.org,555-0167,1397 Charlotte Crescent Apt. 602,North Jared,DE,90519,Individual,Under 100,,False,2024-01-25,True
DNR-00971,ORG-HUM-01,Susan,Ortiz,synthetic.dnr-00971@demo-causefleet.org,555-0198,19111 Powell Curve,North David,VA,04684,Individual,Under 100,,False,2025-06-02,True
DNR-00972,ORG-HUM-01,Jennifer,Stanley,synthetic.dnr-00972@demo-causefleet.org,555-0186,39304 Ryan Junction Apt. 802,Curtisport,WI,68788,Foundation,Under 100,,False,2023-05-08,True
DNR-00973,ORG-HUM-01,Kathy,Campbell,synthetic.dnr-00973@demo-causefleet.org,555-0170,40868 Sandra Wall,New Elizabethberg,FL,78662,Individual,100-999,,False,2021-11-12,True
DNR-00974,ORG-HUM-01,David,Larsen,synthetic.dnr-00974@demo-causefleet.org,555-0147,556 Lisa Street,Port Sarahshire,PA,45752,Individual,Under 100,,False,2022-08-28,True
DNR-00975,ORG-HUM-01,Heather,Crawford,synthetic.dnr-00975@demo-causefleet.org,555-0114,37124 Rodney Knolls,Amberfurt,ME,17584,Individual,100-999,,False,2021-12-20,True
DNR-00976,ORG-HUM-01,Anthony,David,synthetic.dnr-00976@demo-causefleet.org,555-0139,27061 Mendez Neck,New Troy,AR,22305,Individual,Under 100,,False,2022-05-02,True
DNR-00977,ORG-HUM-01,Bryan,Higgins,synthetic.dnr-00977@demo-causefleet.org,555-0146,6906 David Wall,Amandaville,MA,42370,Individual,100-999,,False,2024-01-05,True
DNR-00978,ORG-HUM-01,Michelle,Carey,synthetic.dnr-00978@demo-causefleet.org,555-0146,40301 Christina Lodge,Elliottmouth,MN,55969,Individual,Under 100,,False,2022-07-19,True
DNR-00979,ORG-HUM-01,Kyle,Brown,synthetic.dnr-00979@demo-causefleet.org,555-0199,554 Bridges Gateway Suite 712,Steventown,DE,06284,Individual,100-999,,False,2025-04-14,True
DNR-00980,ORG-HUM-01,Kayla,Robles,synthetic.dnr-00980@demo-causefleet.org,555-0168,30683 Shannon Harbor,South Evanhaven,AZ,71853,Individual,Under 100,,False,2023-10-27,True
DNR-00981,ORG-HUM-01,Connor,Acosta,synthetic.dnr-00981@demo-causefleet.org,555-0119,1290 Terri Squares Apt. 713,South Shawnbury,AR,61049,Individual,"1,000-$9,999",,False,2021-06-21,True
DNR-00982,ORG-HUM-01,Martin,Novak,synthetic.dnr-00982@demo-causefleet.org,555-0197,8474 Laurie Extensions Apt. 300,Whiteside,VI,69723,Individual,Under 100,,False,2024-07-03,True
DNR-00983,ORG-HUM-01,Sean,Warner,synthetic.dnr-00983@demo-causefleet.org,555-0139,0318 Matthew Skyway Apt. 962,Weekschester,FM,52094,Individual,Under 100,,False,2024-05-06,True
DNR-00984,ORG-HUM-01,Eduardo,Gomez,synthetic.dnr-00984@demo-causefleet.org,555-0143,327 Antonio Grove,Perryville,ME,43798,Individual,Under 100,,False,2023-04-23,True
DNR-00985,ORG-HUM-01,Angel,Jones,synthetic.dnr-00985@demo-causefleet.org,555-0190,79771 Johnson Summit,Brendaside,WI,72857,Individual,Under 100,,False,2024-02-18,True
DNR-00986,ORG-HUM-01,Jennifer,Todd,synthetic.dnr-00986@demo-causefleet.org,555-0185,053 Levi Extensions Apt. 499,Port Brittanyfort,PW,52274,Individual,Under 100,,False,2021-09-16,True
DNR-00987,ORG-HUM-01,Allison,Vasquez,synthetic.dnr-00987@demo-causefleet.org,555-0194,137 Jennings Via,Reyesside,WA,38854,Individual,"1,000-$9,999",,False,2024-10-23,True
DNR-00988,ORG-HUM-01,Rebecca,Moses,synthetic.dnr-00988@demo-causefleet.org,555-0135,74077 Wright Village,Port Marcus,HI,28148,Individual,"10,000-99,999",,False,2021-11-09,True
DNR-00989,ORG-HUM-01,Tammy,Santiago,synthetic.dnr-00989@demo-causefleet.org,555-0164,919 Roman Cliff Suite 262,East Tannerhaven,NH,71352,Individual,Under 100,,False,2024-08-10,True
DNR-00990,ORG-HUM-01,Daniel,Jenkins,synthetic.dnr-00990@demo-causefleet.org,555-0124,041 Joe Spur,Lesterville,CO,58756,Individual,"1,000-$9,999",,False,2025-01-27,True
DNR-00991,ORG-HUM-01,Jessica,Medina,synthetic.dnr-00991@demo-causefleet.org,555-0179,801 Shannon Hollow Apt. 217,Alejandrabury,OK,58219,Individual,Under 100,,False,2025-08-02,True
DNR-00992,ORG-HUM-01,Nathaniel,Randolph,synthetic.dnr-00992@demo-causefleet.org,555-0138,04806 Flores Shores,Port Meganborough,MS,74350,Individual,Under 100,,False,2025-08-18,True
DNR-00993,ORG-HUM-01,Caitlin,Davis,synthetic.dnr-00993@demo-causefleet.org,555-0192,87942 Castro Parkways,South Jessica,MO,76338,Individual,100-999,,False,2021-10-13,True
DNR-00994,ORG-HUM-01,Ellen,Charles,synthetic.dnr-00994@demo-causefleet.org,555-0129,0953 Jonathan Turnpike,Port Biancaville,MI,56488,Individual,100-999,,False,2025-07-03,True
DNR-00995,ORG-HUM-01,Rachel,May,synthetic.dnr-00995@demo-causefleet.org,555-0144,4883 Sharp Knoll,Port Sarahshire,AS,86829,Individual,"10,000-99,999",,False,2021-08-09,True
DNR-00996,ORG-HUM-01,Raymond,Carter,synthetic.dnr-00996@demo-causefleet.org,555-0128,649 Reyes Gateway,Selenachester,AK,35319,Individual,Under 100,,False,2024-04-26,True
DNR-00997,ORG-HUM-01,Larry,Brown,synthetic.dnr-00997@demo-causefleet.org,555-0119,85162 Tina Knolls,Port Crystal,KY,71623,Foundation,100-999,,False,2023-05-19,True
DNR-00998,ORG-HUM-01,Aaron,Ponce,synthetic.dnr-00998@demo-causefleet.org,555-0117,8688 Christina Mews,West Randall,FL,99184,Individual,Under 100,,False,2023-10-14,True
DNR-00999,ORG-HUM-01,Carolyn,Jones,synthetic.dnr-00999@demo-causefleet.org,555-0131,114 Jason Village,New Paulabury,MI,87163,Foundation,Under 100,,False,2023-09-13,True
DNR-01000,ORG-HUM-01,Carol,Briggs,synthetic.dnr-01000@demo-causefleet.org,555-0149,613 Thomas Lodge,West Jacobbury,AZ,33860,Individual,Under 100,,False,2024-09-08,True
DNR-01001,ORG-HUM-01,William,Morales,synthetic.dnr-01001@demo-causefleet.org,555-0186,54472 Martinez Court,Stewartton,VI,25830,Individual,"$100,000+",,False,2022-10-22,True
DNR-01002,ORG-HUM-01,Joshua,French,synthetic.dnr-01002@demo-causefleet.org,555-0182,1771 Isabel Ranch Apt. 880,Murrayside,FL,13201,Individual,100-999,,False,2024-06-08,True
DNR-01003,ORG-HUM-01,Scott,Gutierrez,synthetic.dnr-01003@demo-causefleet.org,555-0146,59266 Gardner Ridges,Lake Theresa,MO,91789,Individual,100-999,,False,2022-08-04,True
DNR-01004,ORG-HUM-01,Scott,Conrad,synthetic.dnr-01004@demo-causefleet.org,555-0166,415 Chapman Island Apt. 119,Lake Carol,HI,08180,Individual,Under 100,,False,2024-02-05,True
DNR-01005,ORG-HUM-01,Kimberly,Vang,synthetic.dnr-01005@demo-causefleet.org,555-0125,605 Chad Common,Vegaton,IN,78620,Individual,Under 100,,False,2025-01-28,True
DNR-01006,ORG-HUM-01,Kelsey,Aguirre,synthetic.dnr-01006@demo-causefleet.org,555-0169,5362 Xavier Green,Nathanton,MS,64137,Individual,Under 100,,False,2023-09-30,True
DNR-01007,ORG-HUM-01,Angel,Douglas,synthetic.dnr-01007@demo-causefleet.org,555-0198,48942 Kelly Lane Suite 489,Reynoldschester,AR,43345,Individual,Under 100,,False,2021-06-13,True
DNR-01008,ORG-HUM-01,Jose,Smith,synthetic.dnr-01008@demo-causefleet.org,555-0148,6577 Medina Burgs Suite 453,Port William,PA,04287,Individual,Under 100,,False,2024-11-01,True
DNR-01009,ORG-HUM-01,John,Casey,synthetic.dnr-01009@demo-causefleet.org,555-0199,6226 Haynes Center Apt. 659,Jeremyton,AL,91568,Individual,100-999,,False,2023-04-05,True
DNR-01010,ORG-HUM-01,Ronald,Foley,synthetic.dnr-01010@demo-causefleet.org,555-0161,24276 Benson Mountains,Richardmouth,RI,09326,Individual,Under 100,,False,2025-06-15,True
DNR-01011,ORG-HUM-01,Dale,Thompson,synthetic.dnr-01011@demo-causefleet.org,555-0144,58488 Holder Avenue,North Thomashaven,MO,63572,Individual,Under 100,,False,2023-02-08,True
DNR-01012,ORG-HUM-01,Victoria,Anderson,synthetic.dnr-01012@demo-causefleet.org,555-0174,99570 Griffin Stravenue,Sparksburgh,SC,56205,Corporation,Under 100,,False,2024-06-30,True
DNR-01013,ORG-HUM-01,Jessica,Calhoun,synthetic.dnr-01013@demo-causefleet.org,555-0179,84375 Russell Square,Delacruzside,AR,60951,Foundation,Under 100,,False,2021-09-29,True
DNR-01014,ORG-HUM-01,Terri,Reid,synthetic.dnr-01014@demo-causefleet.org,555-0173,8242 Emily Square Apt. 854,Lauraview,AR,04621,Individual,Under 100,,False,2023-10-26,True
DNR-01015,ORG-HUM-01,Ruben,Torres,synthetic.dnr-01015@demo-causefleet.org,555-0166,7523 Daniel Fields Apt. 748,Flemingland,NV,57961,Individual,"1,000-$9,999",,False,2024-05-05,True
DNR-01016,ORG-HUM-01,Raymond,Clark,synthetic.dnr-01016@demo-causefleet.org,555-0120,272 James Village Suite 217,Jenniferside,AR,09318,Foundation,100-999,,False,2025-04-27,True
DNR-01017,ORG-HUM-01,Paul,Wright,synthetic.dnr-01017@demo-causefleet.org,555-0186,5306 Mark Plains,West Claudia,IN,43888,Individual,100-999,,False,2024-01-17,True
DNR-01018,ORG-HUM-01,Nicole,Smith,synthetic.dnr-01018@demo-causefleet.org,555-0115,167 Wagner Passage,Port Ronaldburgh,KY,33806,Individual,Under 100,,False,2025-02-02,True
DNR-01019,ORG-HUM-01,Elizabeth,Ward,synthetic.dnr-01019@demo-causefleet.org,555-0165,0838 Barker Mountains Apt. 781,Lake Ginamouth,IA,84865,Foundation,Under 100,,False,2022-07-08,True
DNR-01020,ORG-HUM-01,Dylan,Bryant,synthetic.dnr-01020@demo-causefleet.org,555-0151,699 Mcneil Pines Apt. 904,Timothyberg,MP,63329,Individual,Under 100,,False,2023-12-31,True
DNR-01021,ORG-HUM-01,Mary,Becker,synthetic.dnr-01021@demo-causefleet.org,555-0187,3019 Page Extensions Suite 238,New Shannon,NC,31363,Individual,100-999,,False,2021-11-13,True
DNR-01022,ORG-HUM-01,Laura,Hernandez,synthetic.dnr-01022@demo-causefleet.org,555-0142,870 Mora Estate,East Zachary,NY,06972,Individual,100-999,,False,2022-06-13,True
DNR-01023,ORG-HUM-01,Angela,Lewis,synthetic.dnr-01023@demo-causefleet.org,555-0113,01023 Pamela Brook,Lake Alexamouth,NE,50230,Foundation,Under 100,,False,2024-07-01,True
DNR-01024,ORG-HUM-01,Renee,Romero,synthetic.dnr-01024@demo-causefleet.org,555-0121,610 Lisa Field Suite 614,Lake Joeside,LA,42355,Corporation,Under 100,,False,2021-11-29,True
DNR-01025,ORG-HUM-01,Danielle,Miller,synthetic.dnr-01025@demo-causefleet.org,555-0139,4682 Leslie Lodge,Marilynville,AZ,00979,Foundation,Under 100,,False,2024-03-25,True
DNR-01026,ORG-HUM-01,Kendra,Smith,synthetic.dnr-01026@demo-causefleet.org,555-0196,05459 Kim Club Suite 006,Comptonfurt,NE,35716,Individual,100-999,,False,2022-04-11,True
DNR-01027,ORG-HUM-01,Alexander,Holland,synthetic.dnr-01027@demo-causefleet.org,555-0183,1134 Lindsey Plains Suite 169,Kelseyfort,AZ,69024,Individual,"1,000-$9,999",,False,2021-10-24,True
DNR-01028,ORG-HUM-01,Michael,Hoffman,synthetic.dnr-01028@demo-causefleet.org,555-0185,6834 Nicholas Stream,Mooremouth,WY,02522,Individual,Under 100,,False,2024-01-30,True
DNR-01029,ORG-HUM-01,Amber,Grant,synthetic.dnr-01029@demo-causefleet.org,555-0112,8791 Johnson Unions,Whitemouth,PR,10663,Individual,Under 100,,False,2023-09-14,True
DNR-01030,ORG-HUM-01,Penny,Johnson,synthetic.dnr-01030@demo-causefleet.org,555-0196,01265 Sweeney Roads,South Alexis,CO,73022,Individual,Under 100,,False,2023-11-19,True
DNR-01031,ORG-HUM-01,Kathleen,Baird,synthetic.dnr-01031@demo-causefleet.org,555-0144,17558 Mata Crest Suite 774,Lake Juliefort,LA,50976,Individual,Under 100,,False,2025-02-13,True
DNR-01032,ORG-HUM-01,Kristen,Davis,synthetic.dnr-01032@demo-causefleet.org,555-0183,1996 Ryan Fall,East Carrie,NJ,44314,Individual,Under 100,,False,2024-01-10,True
DNR-01033,ORG-HUM-01,Charles,Brown,synthetic.dnr-01033@demo-causefleet.org,555-0115,542 Madeline Key Suite 570,Ryanhaven,DC,00879,Individual,Under 100,,False,2023-08-20,True
DNR-01034,ORG-HUM-01,Donald,Richard,synthetic.dnr-01034@demo-causefleet.org,555-0132,0900 Crystal Forges Suite 640,Jacksonberg,KY,62105,Individual,100-999,,False,2025-01-28,True
DNR-01035,ORG-HUM-01,Wesley,Calhoun,synthetic.dnr-01035@demo-causefleet.org,555-0170,400 Todd Run Apt. 247,North Derek,MT,10002,Individual,100-999,,False,2025-09-18,True
DNR-01036,ORG-HUM-01,Sarah,Glass,synthetic.dnr-01036@demo-causefleet.org,555-0176,71058 Christopher Ports Suite 092,Blackwellville,GU,86607,Individual,Under 100,,False,2023-02-07,True
DNR-01037,ORG-HUM-01,Jacob,Miller,synthetic.dnr-01037@demo-causefleet.org,555-0193,537 Lori Dale,North Antonio,CA,56886,Individual,100-999,,False,2021-10-15,True
DNR-01038,ORG-HUM-01,Erin,Smith,synthetic.dnr-01038@demo-causefleet.org,555-0166,1894 Lyons Forks Apt. 987,Watkinsshire,IL,54519,Individual,Under 100,,False,2023-12-27,True
DNR-01039,ORG-HUM-01,Brooke,Ramirez,synthetic.dnr-01039@demo-causefleet.org,555-0145,61982 Harris Inlet Apt. 310,Martinberg,MI,74095,Individual,Under 100,,False,2022-11-28,True
DNR-01040,ORG-HUM-01,Richard,Cohen,synthetic.dnr-01040@demo-causefleet.org,555-0133,4357 Warren View,West Monica,FL,55639,Individual,Under 100,,False,2024-04-17,True
DNR-01041,ORG-HUM-01,Richard,Nelson,synthetic.dnr-01041@demo-causefleet.org,555-0184,67398 Veronica Glen Suite 883,Tammymouth,AS,30365,Individual,Under 100,,False,2023-09-17,True
DNR-01042,ORG-HUM-01,Tina,Velez,synthetic.dnr-01042@demo-causefleet.org,555-0165,2805 Brown Via Suite 406,Shanemouth,MI,10994,Individual,Under 100,,False,2023-01-27,True
DNR-01043,ORG-HUM-01,Randy,Harris,synthetic.dnr-01043@demo-causefleet.org,555-0191,090 Barrera Islands,North Trevorport,VA,04112,Individual,Under 100,,False,2022-12-29,True
DNR-01044,ORG-HUM-01,Carol,Preston,synthetic.dnr-01044@demo-causefleet.org,555-0172,17861 Douglas Valley,Janetmouth,TX,51496,Individual,Under 100,,False,2024-04-20,True
DNR-01045,ORG-HUM-01,Jacqueline,Jackson,synthetic.dnr-01045@demo-causefleet.org,555-0121,9535 Hale Corner,North Patricia,TN,18226,Foundation,"10,000-99,999",,False,2021-08-25,True
DNR-01046,ORG-HUM-01,Rachel,Glover,synthetic.dnr-01046@demo-causefleet.org,555-0170,02601 Rodriguez Forest Apt. 594,Schultzmouth,AZ,57918,Individual,Under 100,,False,2022-03-16,True
DNR-01047,ORG-HUM-01,Stephanie,Vasquez,synthetic.dnr-01047@demo-causefleet.org,555-0154,327 Sarah Station Suite 031,North Toniport,TX,82033,Individual,Under 100,,False,2022-08-22,True
DNR-01048,ORG-HUM-01,Kevin,Griffith,synthetic.dnr-01048@demo-causefleet.org,555-0162,910 Bailey Bypass,South Brandon,RI,92084,Individual,Under 100,,False,2022-05-09,True
DNR-01049,ORG-HUM-01,Justin,Jones,synthetic.dnr-01049@demo-causefleet.org,555-0152,913 Gilmore Ridges Apt. 855,West Gina,MA,19704,Individual,100-999,,False,2025-08-18,True
DNR-01050,ORG-HUM-01,Paul,Johnson,synthetic.dnr-01050@demo-causefleet.org,555-0151,9900 Duncan Views Apt. 186,Woodston,WI,91655,Individual,Under 100,,False,2021-08-12,True
DNR-01051,ORG-HUM-01,Wendy,Mason,synthetic.dnr-01051@demo-causefleet.org,555-0195,339 Parker Square,Michelletown,AL,51963,Individual,100-999,,False,2025-04-18,True
DNR-01052,ORG-HUM-01,Nicholas,Charles,synthetic.dnr-01052@demo-causefleet.org,555-0123,5032 Poole Cliffs,Lewisfurt,MD,33937,Individual,Under 100,,False,2023-07-17,True
DNR-01053,ORG-HUM-01,Peter,Mitchell,synthetic.dnr-01053@demo-causefleet.org,555-0130,429 Courtney Shore Apt. 334,Melissaland,AL,97131,Foundation,Under 100,,False,2021-12-23,True
DNR-01054,ORG-HUM-01,Ashley,Day,synthetic.dnr-01054@demo-causefleet.org,555-0152,053 Dana Plains Suite 843,East Oliviaville,CO,50836,Individual,Under 100,,False,2024-10-29,True
DNR-01055,ORG-HUM-01,Jeffrey,Taylor,synthetic.dnr-01055@demo-causefleet.org,555-0162,5759 Morris Port,North George,WA,78304,Corporation,Under 100,,False,2023-02-12,True
DNR-01056,ORG-HUM-01,Larry,Foster,synthetic.dnr-01056@demo-causefleet.org,555-0198,62027 Gomez Ferry,West Stevenmouth,FM,03733,Individual,Under 100,,False,2024-10-03,True
DNR-01057,ORG-HUM-01,David,Solomon,synthetic.dnr-01057@demo-causefleet.org,555-0173,52380 Jaime Squares,North Deborah,PA,95601,Individual,Under 100,,False,2024-06-05,True
DNR-01058,ORG-HUM-01,Carlos,Meadows,synthetic.dnr-01058@demo-causefleet.org,555-0146,970 Cunningham Mews,Port Danielchester,IL,70694,Individual,Under 100,,False,2024-04-11,True
DNR-01059,ORG-HUM-01,Andrea,Miller,synthetic.dnr-01059@demo-causefleet.org,555-0194,772 Patrick Path Apt. 053,Nicholsborough,CA,72261,Individual,Under 100,,False,2023-01-09,True
DNR-01060,ORG-HUM-01,Charlotte,Moore,synthetic.dnr-01060@demo-causefleet.org,555-0161,84540 Wendy Dam Apt. 720,East Andreaport,ND,17207,Individual,Under 100,,False,2025-08-28,True
DNR-01061,ORG-HUM-01,Mary,Perez,synthetic.dnr-01061@demo-causefleet.org,555-0180,41447 Pena Street,Lake Michelle,WA,14880,Individual,"10,000-99,999",,False,2024-02-15,True
DNR-01062,ORG-HUM-01,Terri,Frye,synthetic.dnr-01062@demo-causefleet.org,555-0114,020 Barry Fords,West Sharonberg,IN,17697,Corporation,Under 100,,False,2021-09-13,True
DNR-01063,ORG-HUM-01,Scott,Howard,synthetic.dnr-01063@demo-causefleet.org,555-0168,135 Blake Trail,New Clayton,MA,06665,Individual,100-999,,False,2021-12-24,True
DNR-01064,ORG-HUM-01,Randy,Smith,synthetic.dnr-01064@demo-causefleet.org,555-0121,9377 Kelly Prairie,New Amandaberg,WI,09812,Individual,100-999,,False,2023-03-07,True
DNR-01065,ORG-HUM-01,Denise,Ewing,synthetic.dnr-01065@demo-causefleet.org,555-0150,1746 Michelle Estate,North Sherry,AK,35060,Individual,Under 100,,False,2024-05-18,True
DNR-01066,ORG-HUM-01,Tammy,Weaver,synthetic.dnr-01066@demo-causefleet.org,555-0142,96622 Laurie Flats Apt. 670,West Richardstad,MP,55247,Individual,Under 100,,False,2022-06-28,True
DNR-01067,ORG-HUM-01,Rebecca,Stevens,synthetic.dnr-01067@demo-causefleet.org,555-0151,3621 Cox Circle,Biancaview,ME,86487,Individual,Under 100,,False,2025-01-22,True
DNR-01068,ORG-HUM-01,Tammy,Myers,synthetic.dnr-01068@demo-causefleet.org,555-0124,493 Ashley Key,West Deborahfurt,GA,59957,Individual,100-999,,False,2021-07-28,True
DNR-01069,ORG-HUM-01,Meghan,Cruz,synthetic.dnr-01069@demo-causefleet.org,555-0161,14243 Wade Village Suite 854,North Erin,PR,67772,Individual,100-999,,False,2022-03-28,True
DNR-01070,ORG-HUM-01,Stephanie,Ferguson,synthetic.dnr-01070@demo-causefleet.org,555-0175,919 Hernandez Garden Suite 199,Bakerborough,OH,44912,Individual,100-999,,False,2024-03-04,True
DNR-01071,ORG-HUM-01,Paige,Cortez,synthetic.dnr-01071@demo-causefleet.org,555-0110,2505 Jeffrey Green Apt. 031,Lake Maryhaven,NM,53672,Individual,"1,000-$9,999",,False,2024-11-26,True
DNR-01072,ORG-HUM-01,Tina,Adams,synthetic.dnr-01072@demo-causefleet.org,555-0194,694 Rivera Motorway Suite 945,West Tammy,NE,49091,Individual,100-999,,False,2021-07-15,True
DNR-01073,ORG-HUM-01,Vickie,Nelson,synthetic.dnr-01073@demo-causefleet.org,555-0179,986 Ryan Harbors Apt. 125,Mitchellside,UT,01539,Individual,Under 100,,False,2023-11-11,True
DNR-01074,ORG-HUM-01,Sara,Giles,synthetic.dnr-01074@demo-causefleet.org,555-0169,152 Carlson Islands Suite 966,Meganburgh,DE,31896,Individual,Under 100,,False,2023-11-24,True
DNR-01075,ORG-HUM-01,Molly,Hill,synthetic.dnr-01075@demo-causefleet.org,555-0162,9142 Martinez Via,Brianview,SD,71864,Corporation,100-999,,False,2021-06-22,True
DNR-01076,ORG-HUM-01,John,Merritt,synthetic.dnr-01076@demo-causefleet.org,555-0116,45430 Knight Forges Suite 310,New Debbieville,NM,70077,Individual,Under 100,,False,2023-12-11,True
DNR-01077,ORG-HUM-01,Samantha,Thomas,synthetic.dnr-01077@demo-causefleet.org,555-0134,58718 Flores Fords,Lisaview,WA,23598,Individual,Under 100,,False,2024-12-23,True
DNR-01078,ORG-HUM-01,Rebecca,Salinas,synthetic.dnr-01078@demo-causefleet.org,555-0176,7017 Dawn Estates Apt. 865,East Rebecca,NH,59872,Individual,100-999,,False,2023-04-17,True
DNR-01079,ORG-HUM-01,Russell,Fleming,synthetic.dnr-01079@demo-causefleet.org,555-0156,37014 Debbie Cape Suite 278,North Sarastad,MD,85576,Individual,Under 100,,False,2021-12-27,True
DNR-01080,ORG-HUM-01,Tracey,Johnson,synthetic.dnr-01080@demo-causefleet.org,555-0189,2214 Luis Shore,North Ronald,PA,39969,Foundation,"1,000-$9,999",,False,2023-08-31,True
DNR-01081,ORG-HUM-01,Ashley,Conner,synthetic.dnr-01081@demo-causefleet.org,555-0173,8172 James Flat,Deanstad,VT,20708,Individual,100-999,,False,2022-05-25,True
DNR-01082,ORG-HUM-01,Peter,Knox,synthetic.dnr-01082@demo-causefleet.org,555-0190,297 Maurice Stravenue,Tammystad,GU,86913,Individual,Under 100,,False,2023-08-30,True
DNR-01083,ORG-HUM-01,Renee,Hernandez,synthetic.dnr-01083@demo-causefleet.org,555-0166,739 Patricia Rapids,North Justin,PR,62587,Individual,"1,000-$9,999",,False,2024-05-17,True
DNR-01084,ORG-HUM-01,Maria,Harrington,synthetic.dnr-01084@demo-causefleet.org,555-0116,3236 Miller Keys,South Randyton,OH,60678,Individual,Under 100,,False,2024-05-30,True
DNR-01085,ORG-HUM-01,Jacob,Lawson,synthetic.dnr-01085@demo-causefleet.org,555-0136,236 Corey Overpass,East Randystad,SD,73065,Foundation,Under 100,,False,2021-08-12,True
DNR-01086,ORG-HUM-01,Sydney,Byrd,synthetic.dnr-01086@demo-causefleet.org,555-0144,176 Ferguson Green,Mendozamouth,NV,99296,Individual,Under 100,,False,2022-05-18,True
DNR-01087,ORG-HUM-01,Dustin,Petty,synthetic.dnr-01087@demo-causefleet.org,555-0180,222 Cynthia Throughway,Jonberg,MI,73929,Individual,Under 100,,False,2022-07-21,True
DNR-01088,ORG-HUM-01,Michele,Knight,synthetic.dnr-01088@demo-causefleet.org,555-0126,56062 Clark Shoal,South Johnfort,VI,32566,Individual,Under 100,,False,2025-09-15,True
DNR-01089,ORG-HUM-01,Deborah,Schmidt,synthetic.dnr-01089@demo-causefleet.org,555-0146,7413 Todd Island Apt. 841,Eddieland,IN,51011,Corporation,Under 100,,False,2021-09-14,True
DNR-01090,ORG-HUM-01,Donna,Hicks,synthetic.dnr-01090@demo-causefleet.org,555-0166,639 Sandoval Lights Apt. 547,West Lucasshire,CA,23344,Individual,Under 100,,False,2022-03-04,True
DNR-01091,ORG-HUM-01,Donna,Richardson,synthetic.dnr-01091@demo-causefleet.org,555-0199,411 Rivera Groves Apt. 919,Vargasborough,OR,42580,Foundation,Under 100,,False,2025-06-22,True
DNR-01092,ORG-HUM-01,Tyler,Ballard,synthetic.dnr-01092@demo-causefleet.org,555-0172,0204 Ryan Estate,North Cindyfort,CT,18320,Individual,100-999,,False,2023-05-15,True
DNR-01093,ORG-HUM-01,Christopher,Parker,synthetic.dnr-01093@demo-causefleet.org,555-0125,369 Ford Port,Sullivanshire,NC,62703,Individual,100-999,,False,2024-07-28,True
DNR-01094,ORG-HUM-01,Frederick,Henry,synthetic.dnr-01094@demo-causefleet.org,555-0113,19227 Leonard Burgs Suite 598,Wongchester,MI,31595,Individual,Under 100,,False,2022-05-08,True
DNR-01095,ORG-HUM-01,Sharon,Shepard,synthetic.dnr-01095@demo-causefleet.org,555-0190,19165 Lopez Passage Suite 231,North Eric,OR,09578,Individual,Under 100,,False,2025-01-21,True
DNR-01096,ORG-HUM-01,Andrew,Bailey,synthetic.dnr-01096@demo-causefleet.org,555-0187,4974 Smith Causeway Apt. 268,Fosterport,ND,87713,Individual,Under 100,,False,2022-12-10,True
DNR-01097,ORG-HUM-01,Tyler,Evans,synthetic.dnr-01097@demo-causefleet.org,555-0140,741 Velasquez Lights Suite 604,Antoniochester,IA,46769,Individual,Under 100,,False,2024-09-20,True
DNR-01098,ORG-HUM-01,Jeffrey,Gonzalez,synthetic.dnr-01098@demo-causefleet.org,555-0130,9692 Alexander Creek Suite 296,West Jamie,UT,49123,Individual,100-999,,False,2022-10-12,True
DNR-01099,ORG-HUM-01,Jennifer,White,synthetic.dnr-01099@demo-causefleet.org,555-0149,28276 Ronald Freeway Apt. 594,Cherylstad,LA,54757,Individual,100-999,,False,2023-12-27,True
DNR-01100,ORG-HUM-01,John,Compton,synthetic.dnr-01100@demo-causefleet.org,555-0180,3441 Salazar Locks Apt. 934,Bethport,IN,75856,Individual,Under 100,,False,2024-04-06,True
DNR-01101,ORG-HUM-01,Natalie,Baker,synthetic.dnr-01101@demo-causefleet.org,555-0111,30958 Anderson Stream,Cummingsborough,OK,88189,Individual,Under 100,,False,2025-03-26,True
DNR-01102,ORG-HUM-01,Dawn,Khan,synthetic.dnr-01102@demo-causefleet.org,555-0180,32109 Anderson Spurs Apt. 170,Murphyhaven,MI,25760,Corporation,Under 100,,False,2024-12-16,True
DNR-01103,ORG-HUM-01,Jenna,Gutierrez,synthetic.dnr-01103@demo-causefleet.org,555-0162,9220 Alejandro Hollow Suite 964,Hickmanberg,VA,80577,Foundation,100-999,,False,2022-08-29,True
DNR-01104,ORG-HUM-01,Brian,Johnson,synthetic.dnr-01104@demo-causefleet.org,555-0121,21375 Lin Pines Suite 359,Courtneyfort,AL,73295,Foundation,Under 100,,False,2022-05-20,True
DNR-01105,ORG-HUM-01,Tara,Miller,synthetic.dnr-01105@demo-causefleet.org,555-0138,45843 Dominguez Locks,Walkerland,IN,71547,Corporation,"10,000-99,999",,False,2025-06-27,True
DNR-01106,ORG-HUM-01,Brandon,Harris,synthetic.dnr-01106@demo-causefleet.org,555-0124,62203 Kyle Highway,West Richard,SD,14628,Individual,100-999,,False,2023-10-20,True
DNR-01107,ORG-HUM-01,Jesse,Hayes,synthetic.dnr-01107@demo-causefleet.org,555-0169,680 Andrea Run Suite 294,Mullinston,FL,86198,Individual,Under 100,,False,2021-06-30,True
DNR-01108,ORG-HUM-01,Elaine,Freeman,synthetic.dnr-01108@demo-causefleet.org,555-0125,74304 Mckenzie Centers Apt. 385,East Fernandoside,RI,37244,Individual,Under 100,,False,2021-10-20,True
DNR-01109,ORG-HUM-01,Matthew,West,synthetic.dnr-01109@demo-causefleet.org,555-0192,233 Abigail Drives Apt. 020,West Richard,CT,28750,Individual,"1,000-$9,999",,False,2023-03-31,True
DNR-01110,ORG-HUM-01,Alejandro,Johnson,synthetic.dnr-01110@demo-causefleet.org,555-0129,6771 Ellen Meadow,Diaztown,NV,56451,Individual,Under 100,,False,2022-04-20,True
DNR-01111,ORG-HUM-01,Timothy,Bishop,synthetic.dnr-01111@demo-causefleet.org,555-0173,02453 Christian Extensions Apt. 984,Jacksontown,IL,36002,Individual,Under 100,,False,2022-01-11,True
DNR-01112,ORG-HUM-01,Stephanie,Anderson,synthetic.dnr-01112@demo-causefleet.org,555-0147,471 Christopher Stravenue,East Dorothy,DC,38862,Individual,Under 100,,False,2024-07-09,True
DNR-01113,ORG-HUM-01,Nathaniel,Gonzales,synthetic.dnr-01113@demo-causefleet.org,555-0175,8717 Morris Green Suite 199,West Brendan,MN,84363,Individual,100-999,,False,2021-08-22,True
DNR-01114,ORG-HUM-01,Amanda,Knapp,synthetic.dnr-01114@demo-causefleet.org,555-0144,725 Hector Island,Port Stephaniemouth,MS,52169,Individual,100-999,,False,2023-10-06,True
DNR-01115,ORG-HUM-01,Juan,Scott,synthetic.dnr-01115@demo-causefleet.org,555-0163,73379 Laura Courts,North Christopher,AR,16128,Individual,100-999,,False,2024-09-13,True
DNR-01116,ORG-HUM-01,Tammy,Williams,synthetic.dnr-01116@demo-causefleet.org,555-0171,869 Elizabeth Cliffs Suite 074,Port Crystalbury,PA,20299,Individual,100-999,,False,2023-09-19,True
DNR-01117,ORG-HUM-01,Briana,Harvey,synthetic.dnr-01117@demo-causefleet.org,555-0170,529 Moss Track Apt. 712,East Rebecca,MS,98600,Individual,"1,000-$9,999",,False,2022-12-11,True
DNR-01118,ORG-HUM-01,Jeffrey,Gibson,synthetic.dnr-01118@demo-causefleet.org,555-0141,54221 Thompson Springs,Ginaview,OR,85179,Individual,"1,000-$9,999",,False,2022-07-08,True
DNR-01119,ORG-HUM-01,Susan,Stout,synthetic.dnr-01119@demo-causefleet.org,555-0168,833 Phillips Mills,West Waynehaven,NM,67160,Individual,Under 100,,False,2023-01-27,True
DNR-01120,ORG-HUM-01,Sandra,Smith,synthetic.dnr-01120@demo-causefleet.org,555-0180,20596 Jones Trafficway Suite 377,Claireburgh,MO,56486,Individual,Under 100,,False,2024-01-05,True
DNR-01121,ORG-HUM-01,Jason,Meza,synthetic.dnr-01121@demo-causefleet.org,555-0128,3427 Wells Underpass Apt. 259,North Robert,FM,52846,Foundation,100-999,,False,2024-03-01,True
DNR-01122,ORG-HUM-01,Christopher,Pacheco,synthetic.dnr-01122@demo-causefleet.org,555-0159,59229 Wilson Islands,Robinsonberg,OR,42148,Foundation,100-999,,False,2022-12-05,True
DNR-01123,ORG-HUM-01,Elizabeth,Perkins,synthetic.dnr-01123@demo-causefleet.org,555-0134,3726 Margaret Stream,Elizabethburgh,AZ,57053,Individual,Under 100,,False,2022-10-13,True
DNR-01124,ORG-HUM-01,Matthew,Green,synthetic.dnr-01124@demo-causefleet.org,555-0186,851 Jamie Coves,Lake Amanda,PR,05802,Individual,Under 100,,False,2023-01-18,True
DNR-01125,ORG-HUM-01,Audrey,York,synthetic.dnr-01125@demo-causefleet.org,555-0175,211 Melissa Court,Port Charles,WA,39307,Individual,100-999,,False,2021-08-09,True
DNR-01126,ORG-HUM-01,Rhonda,Rodriguez,synthetic.dnr-01126@demo-causefleet.org,555-0127,268 Nichols Locks Suite 019,New Markside,ND,08167,Individual,100-999,,False,2023-08-19,True
DNR-01127,ORG-HUM-01,Vanessa,Brady,synthetic.dnr-01127@demo-causefleet.org,555-0118,62987 Little Neck,Port Lee,MD,97068,Individual,Under 100,,False,2023-02-07,True
DNR-01128,ORG-HUM-01,Dana,Campbell,synthetic.dnr-01128@demo-causefleet.org,555-0145,419 Ramsey Forge Suite 219,Lake Sarah,AS,19484,Individual,Under 100,,False,2025-07-29,True
DNR-01129,ORG-HUM-01,James,Smith,synthetic.dnr-01129@demo-causefleet.org,555-0163,42948 Laura Creek,Jessicahaven,PW,74996,Individual,Under 100,,False,2022-03-11,True
DNR-01130,ORG-HUM-01,Holly,Rodriguez,synthetic.dnr-01130@demo-causefleet.org,555-0153,726 Johnston Pine Apt. 283,Lake Andreaton,IN,57122,Individual,Under 100,,False,2024-10-05,True
DNR-01131,ORG-HUM-01,Andrew,Watts,synthetic.dnr-01131@demo-causefleet.org,555-0174,000 Mayer Summit,New Matthew,ND,52409,Individual,Under 100,,False,2023-03-31,True
DNR-01132,ORG-HUM-01,Cole,Morris,synthetic.dnr-01132@demo-causefleet.org,555-0144,2438 Andrea Alley,Angelaburgh,MT,81234,Individual,Under 100,,False,2022-03-26,True
DNR-01133,ORG-HUM-01,Kimberly,Saunders,synthetic.dnr-01133@demo-causefleet.org,555-0110,76862 Avila Gardens,East Megan,FM,27607,Individual,Under 100,,False,2022-02-26,True
DNR-01134,ORG-HUM-01,Walter,Orozco,synthetic.dnr-01134@demo-causefleet.org,555-0146,76185 Nicole Plains,Thompsonmouth,CT,32984,Individual,Under 100,,False,2025-03-28,True
DNR-01135,ORG-HUM-01,Kevin,Waters,synthetic.dnr-01135@demo-causefleet.org,555-0148,32823 Jennifer Drives,Lake Amberhaven,VA,29835,Individual,100-999,,False,2023-04-19,True
DNR-01136,ORG-HUM-01,Jacob,Mclaughlin,synthetic.dnr-01136@demo-causefleet.org,555-0185,750 Cisneros Orchard,Cruzton,NE,99528,Individual,100-999,,False,2022-12-05,True
DNR-01137,ORG-HUM-01,Mitchell,Perkins,synthetic.dnr-01137@demo-causefleet.org,555-0184,881 Wright Club,South Catherine,MT,15807,Individual,Under 100,,False,2024-02-21,True
DNR-01138,ORG-HUM-01,Wesley,Rodriguez,synthetic.dnr-01138@demo-causefleet.org,555-0194,838 Bell Parks Apt. 026,Richardsonfurt,ND,50894,Individual,Under 100,,False,2023-05-31,True
DNR-01139,ORG-HUM-01,Cheryl,Gomez,synthetic.dnr-01139@demo-causefleet.org,555-0172,57349 Matthew Fork,Emilytown,WV,58741,Individual,100-999,,False,2024-09-21,True
DNR-01140,ORG-HUM-01,Olivia,Riley,synthetic.dnr-01140@demo-causefleet.org,555-0129,4729 Henderson Hollow,Port Samuelfurt,NM,03331,Individual,Under 100,,False,2024-08-12,True
DNR-01141,ORG-HUM-01,Angela,Larson,synthetic.dnr-01141@demo-causefleet.org,555-0167,748 Jennings Vista Suite 641,Port Charlene,NY,40119,Individual,"10,000-99,999",,False,2023-11-08,True
DNR-01142,ORG-HUM-01,Steven,Roberts,synthetic.dnr-01142@demo-causefleet.org,555-0178,536 Wendy Highway Apt. 445,Port Cassidyhaven,AS,52208,Individual,100-999,,False,2021-11-26,True
DNR-01143,ORG-HUM-01,Mark,Jackson,synthetic.dnr-01143@demo-causefleet.org,555-0171,62706 Roberts Rapids,North Maryburgh,KY,70577,Individual,Under 100,,False,2025-03-18,True
DNR-01144,ORG-HUM-01,Michael,Garcia,synthetic.dnr-01144@demo-causefleet.org,555-0154,88983 Mark Inlet,New Brooke,NJ,34830,Individual,"10,000-99,999",,False,2025-01-10,True
DNR-01145,ORG-HUM-01,Julia,Rodriguez,synthetic.dnr-01145@demo-causefleet.org,555-0152,3027 Herman Causeway Apt. 305,Wolffurt,CT,78118,Individual,Under 100,,False,2025-01-10,True
DNR-01146,ORG-HUM-01,Kimberly,Kelly,synthetic.dnr-01146@demo-causefleet.org,555-0180,56418 Saunders Fields,Irwinport,NE,59329,Individual,Under 100,,False,2025-04-07,True
DNR-01147,ORG-HUM-01,Wayne,Castillo,synthetic.dnr-01147@demo-causefleet.org,555-0179,187 Robert Row,North Danielborough,NE,49307,Individual,100-999,,False,2023-11-19,True
DNR-01148,ORG-HUM-01,David,Hall,synthetic.dnr-01148@demo-causefleet.org,555-0158,4299 Phillip Harbor Suite 686,Fredton,MS,19082,Individual,Under 100,,False,2025-04-07,True
DNR-01149,ORG-HUM-01,David,Morris,synthetic.dnr-01149@demo-causefleet.org,555-0168,967 Leslie Manors Apt. 221,West Joeport,NV,04354,Individual,"1,000-$9,999",,False,2024-10-29,True
DNR-01150,ORG-HUM-01,Kyle,Lester,synthetic.dnr-01150@demo-causefleet.org,555-0151,455 Carolyn Islands Apt. 138,West Adam,MP,11227,Individual,Under 100,,False,2022-07-15,True
DNR-01151,ORG-HUM-01,Karl,Chandler,synthetic.dnr-01151@demo-causefleet.org,555-0134,29003 Anderson Ferry,Port Carlosfort,IA,84399,Individual,Under 100,,False,2025-08-13,True
DNR-01152,ORG-HUM-01,Tara,Simpson,synthetic.dnr-01152@demo-causefleet.org,555-0199,8839 Peters Station Suite 852,New Elizabeth,GA,89796,Individual,Under 100,,False,2022-01-13,True
DNR-01153,ORG-HUM-01,Donald,Villarreal,synthetic.dnr-01153@demo-causefleet.org,555-0140,1857 Mendez Mission,North Matthewton,NC,83958,Individual,100-999,,False,2025-01-23,True
DNR-01154,ORG-HUM-01,Kyle,Davis,synthetic.dnr-01154@demo-causefleet.org,555-0183,4473 Fowler Knolls Apt. 478,Danielmouth,DE,47215,Individual,Under 100,,False,2021-08-14,True
DNR-01155,ORG-HUM-01,Jacqueline,Whitney,synthetic.dnr-01155@demo-causefleet.org,555-0159,44930 Hall Pass Apt. 331,South Christopher,WY,09498,Individual,Under 100,,False,2023-12-07,True
DNR-01156,ORG-HUM-01,John,Newman,synthetic.dnr-01156@demo-causefleet.org,555-0139,0878 Lisa Point,West Laurafort,ND,62788,Individual,100-999,,False,2024-05-25,True
DNR-01157,ORG-HUM-01,Justin,Peters,synthetic.dnr-01157@demo-causefleet.org,555-0162,1521 Holt Lodge,Marieborough,MD,96044,Individual,Under 100,,False,2022-04-07,True
DNR-01158,ORG-HUM-01,Lisa,Mueller,synthetic.dnr-01158@demo-causefleet.org,555-0115,89156 Lopez Harbors,Crawfordfort,NV,97796,Foundation,100-999,,False,2022-05-25,True
DNR-01159,ORG-HUM-01,Francisco,Lamb,synthetic.dnr-01159@demo-causefleet.org,555-0150,3362 Oneal Roads,Greenmouth,AR,80401,Individual,Under 100,,False,2023-01-21,True
DNR-01160,ORG-HUM-01,Brenda,Johnson,synthetic.dnr-01160@demo-causefleet.org,555-0170,08985 Perez Brook,Port Sarah,VT,45115,Individual,100-999,,False,2023-12-18,True
DNR-01161,ORG-HUM-01,Janet,Fernandez,synthetic.dnr-01161@demo-causefleet.org,555-0158,844 Debra Loaf Suite 884,Aguilarmouth,GA,74037,Individual,100-999,,False,2022-02-15,True
DNR-01162,ORG-HUM-01,Nathan,Rowe,synthetic.dnr-01162@demo-causefleet.org,555-0159,9582 Megan Center Apt. 217,Simonland,GU,18544,Individual,Under 100,,False,2025-05-12,True
DNR-01163,ORG-HUM-01,Amber,Fowler,synthetic.dnr-01163@demo-causefleet.org,555-0194,70598 Moon Greens Suite 143,Crawfordburgh,NC,51778,Individual,Under 100,,False,2022-09-17,True
DNR-01164,ORG-HUM-01,Daniel,White,synthetic.dnr-01164@demo-causefleet.org,555-0193,038 Walton Vista,Port Christopherbury,RI,64947,Individual,100-999,,False,2025-09-02,True
DNR-01165,ORG-HUM-01,Christopher,Landry,synthetic.dnr-01165@demo-causefleet.org,555-0129,009 Martha Mills Suite 905,Dylanchester,NE,77204,Individual,Under 100,,False,2025-01-11,True
DNR-01166,ORG-HUM-01,Madeline,Brooks,synthetic.dnr-01166@demo-causefleet.org,555-0173,880 Woodward Bridge Suite 326,Lake Julieville,OK,32106,Individual,"1,000-$9,999",,False,2022-04-25,True
DNR-01167,ORG-HUM-01,Christopher,Wright,synthetic.dnr-01167@demo-causefleet.org,555-0114,742 Bailey Gardens,Williamston,UT,70115,Individual,Under 100,,False,2024-10-29,True
DNR-01168,ORG-HUM-01,Amanda,Garcia,synthetic.dnr-01168@demo-causefleet.org,555-0126,45024 Jennifer Ford,Jonesmouth,UT,70091,Individual,Under 100,,False,2022-11-02,True
DNR-01169,ORG-HUM-01,Nicholas,Morales,synthetic.dnr-01169@demo-causefleet.org,555-0174,35896 Jason Garden Apt. 058,Theresachester,CO,48567,Individual,Under 100,,False,2023-07-26,True
DNR-01170,ORG-HUM-01,Kelly,Wade,synthetic.dnr-01170@demo-causefleet.org,555-0185,566 Brenda Port,West Michael,FM,15664,Individual,"1,000-$9,999",,False,2024-02-27,True
DNR-01171,ORG-HUM-01,Kelly,Long,synthetic.dnr-01171@demo-causefleet.org,555-0152,283 Tucker Motorway,Port Ericchester,WI,85718,Individual,Under 100,,False,2021-11-08,True
DNR-01172,ORG-HUM-01,Adam,Sloan,synthetic.dnr-01172@demo-causefleet.org,555-0122,81644 Lisa Springs Suite 101,Haleymouth,SC,27336,Corporation,100-999,,False,2023-01-20,True
DNR-01173,ORG-HUM-01,Monica,Walters,synthetic.dnr-01173@demo-causefleet.org,555-0166,4051 Jacob Points Apt. 273,West Douglaschester,IL,55842,Individual,"1,000-$9,999",,False,2022-11-12,True
DNR-01174,ORG-HUM-01,Meredith,Brennan,synthetic.dnr-01174@demo-causefleet.org,555-0122,447 Allison Prairie Apt. 953,New Robertton,MT,65420,Individual,Under 100,,False,2021-12-30,True
DNR-01175,ORG-HUM-01,Heather,Valencia,synthetic.dnr-01175@demo-causefleet.org,555-0177,228 Mays Pass,Hubbardmouth,WV,46455,Individual,Under 100,,False,2023-02-27,True
DNR-01176,ORG-HUM-01,Jasmine,Guerra,synthetic.dnr-01176@demo-causefleet.org,555-0168,727 Shawn Flat Apt. 688,Port Danielfurt,MP,36020,Individual,100-999,,False,2021-11-25,True
DNR-01177,ORG-HUM-01,Kathy,Johnson,synthetic.dnr-01177@demo-causefleet.org,555-0111,98818 Harris Mountains Suite 583,East Richard,WV,62746,Individual,Under 100,,False,2024-10-10,True
DNR-01178,ORG-HUM-01,Maria,Davis,synthetic.dnr-01178@demo-causefleet.org,555-0128,091 Lee Views,Costaburgh,ND,17241,Individual,100-999,,False,2023-05-13,True
DNR-01179,ORG-HUM-01,Michael,Cobb,synthetic.dnr-01179@demo-causefleet.org,555-0162,1231 Jennifer Knolls,Murraytown,KY,99848,Individual,Under 100,,False,2023-02-17,True
DNR-01180,ORG-HUM-01,Andrew,Zimmerman,synthetic.dnr-01180@demo-causefleet.org,555-0193,941 Erik Landing Apt. 810,Kleinport,CT,83638,Individual,Under 100,,False,2022-08-17,True
DNR-01181,ORG-HUM-01,Douglas,Hill,synthetic.dnr-01181@demo-causefleet.org,555-0129,98726 Glenn Ports Suite 322,Christianfort,MP,39632,Corporation,100-999,,False,2025-06-02,True
DNR-01182,ORG-HUM-01,Jacob,Smith,synthetic.dnr-01182@demo-causefleet.org,555-0119,61189 Austin Inlet,Foxville,UT,50502,Individual,Under 100,,False,2024-11-08,True
DNR-01183,ORG-HUM-01,Thomas,Hernandez,synthetic.dnr-01183@demo-causefleet.org,555-0170,2020 Brooke Tunnel Apt. 662,New Michaelchester,ND,76967,Individual,Under 100,,False,2022-05-07,True
DNR-01184,ORG-HUM-01,Matthew,Alvarez,synthetic.dnr-01184@demo-causefleet.org,555-0143,01732 Moses Port Apt. 073,Daviston,SD,59676,Foundation,Under 100,,False,2021-07-20,True
DNR-01185,ORG-HUM-01,Clayton,Harris,synthetic.dnr-01185@demo-causefleet.org,555-0153,087 Diana Park Apt. 210,Leslieview,WA,53914,Individual,Under 100,,False,2022-02-27,True
DNR-01186,ORG-HUM-01,Yolanda,Rodriguez,synthetic.dnr-01186@demo-causefleet.org,555-0189,170 Scott Gardens,Brownberg,GU,30068,Foundation,Under 100,,False,2024-11-06,True
DNR-01187,ORG-HUM-01,Kelly,Buchanan,synthetic.dnr-01187@demo-causefleet.org,555-0198,52160 Matthew Forest,Karinaberg,VA,87574,Individual,100-999,,False,2024-09-15,True
DNR-01188,ORG-HUM-01,Brandy,Torres,synthetic.dnr-01188@demo-causefleet.org,555-0160,2690 Emily Manor Suite 513,South Robert,SD,61530,Individual,Under 100,,False,2024-07-31,True
DNR-01189,ORG-HUM-01,Kevin,Grant,synthetic.dnr-01189@demo-causefleet.org,555-0193,5598 Rodriguez Camp,North Daniel,TN,14976,Individual,Under 100,,False,2024-01-11,True
DNR-01190,ORG-HUM-01,Sarah,Perkins,synthetic.dnr-01190@demo-causefleet.org,555-0120,68649 Scott Point,Moodyhaven,TX,55721,Individual,100-999,,False,2022-10-20,True
DNR-01191,ORG-HUM-01,Steven,Kidd,synthetic.dnr-01191@demo-causefleet.org,555-0152,844 Green Pass,South Lori,OH,12110,Individual,Under 100,,False,2021-12-18,True
DNR-01192,ORG-HUM-01,Daniel,Johnson,synthetic.dnr-01192@demo-causefleet.org,555-0196,921 Turner Causeway Suite 983,Franklinberg,MP,26372,Individual,Under 100,,False,2025-08-25,True
DNR-01193,ORG-HUM-01,Tina,Ramirez,synthetic.dnr-01193@demo-causefleet.org,555-0178,647 William Crest Apt. 986,Joshuaburgh,FL,94140,Individual,"1,000-$9,999",,False,2024-10-26,True
DNR-01194,ORG-HUM-01,Gary,Cuevas,synthetic.dnr-01194@demo-causefleet.org,555-0158,720 Orr Alley,Port Jeffery,AR,03203,Individual,100-999,,False,2025-02-14,True
DNR-01195,ORG-HUM-01,April,Wright,synthetic.dnr-01195@demo-causefleet.org,555-0150,673 Cheryl Alley Apt. 141,Yatestown,OR,12604,Individual,Under 100,,False,2021-06-29,True
DNR-01196,ORG-HUM-01,Karen,Burton,synthetic.dnr-01196@demo-causefleet.org,555-0190,73798 Singh River,South Alanmouth,ME,71715,Individual,100-999,,False,2023-01-30,True
DNR-01197,ORG-HUM-01,Stephanie,Bender,synthetic.dnr-01197@demo-causefleet.org,555-0172,4630 Andrew Ranch Suite 336,North Jenniferbury,NV,11312,Corporation,Under 100,,False,2025-09-13,True
DNR-01198,ORG-HUM-01,Alexandra,Miller,synthetic.dnr-01198@demo-causefleet.org,555-0179,985 Rivera Divide,Edwardtown,ID,83852,Corporation,Under 100,,False,2025-06-11,True
DNR-01199,ORG-HUM-01,Melanie,Smith,synthetic.dnr-01199@demo-causefleet.org,555-0114,53466 Sean Lane Suite 494,Reynoldsberg,VT,07535,Individual,Under 100,,False,2022-07-17,True
DNR-01200,ORG-HUM-01,Andrea,Adams,synthetic.dnr-01200@demo-causefleet.org,555-0189,81822 William Ranch,Tammyberg,MH,51760,Individual,Under 100,,False,2021-10-30,True
DNR-01201,ORG-HUM-01,Alyssa,Mason,synthetic.dnr-01201@demo-causefleet.org,555-0118,4527 Kristine Knolls,South Larry,IN,45647,Individual,Under 100,,False,2022-01-09,True
DNR-01202,ORG-HUM-01,Andre,Phillips,synthetic.dnr-01202@demo-causefleet.org,555-0140,182 Rodriguez Crescent,Maysburgh,WY,83279,Individual,Under 100,,False,2025-09-24,True
DNR-01203,ORG-HUM-01,Michael,Smith,synthetic.dnr-01203@demo-causefleet.org,555-0190,00792 Brian Meadow Suite 001,New John,FL,60568,Individual,Under 100,,False,2025-08-21,True
DNR-01204,ORG-HUM-01,Christopher,Koch,synthetic.dnr-01204@demo-causefleet.org,555-0197,29615 David Shoal,Staceystad,AL,65743,Individual,"1,000-$9,999",,False,2021-10-16,True
DNR-01205,ORG-HUM-01,Ryan,Nguyen,synthetic.dnr-01205@demo-causefleet.org,555-0146,6042 Tiffany Manor Apt. 460,New Christopherbury,AL,48466,Individual,Under 100,,False,2024-08-08,True
DNR-01206,ORG-HUM-01,Julia,Garrett,synthetic.dnr-01206@demo-causefleet.org,555-0139,472 Young Point,Millerchester,ND,22662,Individual,Under 100,,False,2023-07-31,True
DNR-01207,ORG-HUM-01,Louis,Garcia,synthetic.dnr-01207@demo-causefleet.org,555-0121,2670 Boone Squares,Donovanfurt,FL,17543,Individual,Under 100,,False,2022-02-14,True
DNR-01208,ORG-HUM-01,Chase,House,synthetic.dnr-01208@demo-causefleet.org,555-0165,8784 Kennedy Village Apt. 290,West Alexis,MT,14768,Individual,Under 100,,False,2022-08-12,True
DNR-01209,ORG-HUM-01,Kevin,Cunningham,synthetic.dnr-01209@demo-causefleet.org,555-0122,23543 Brown Stream Suite 682,East Christopherchester,MP,33633,Individual,100-999,,False,2024-11-28,True
DNR-01210,ORG-HUM-01,Karen,Martin,synthetic.dnr-01210@demo-causefleet.org,555-0191,206 Owen Row Apt. 119,Schroederside,OH,11027,Corporation,Under 100,,False,2024-01-14,True
DNR-01211,ORG-HUM-01,Steven,Smith,synthetic.dnr-01211@demo-causefleet.org,555-0122,43594 Jennifer Pines Suite 968,South Richardtown,MI,13390,Individual,Under 100,,False,2023-09-19,True
DNR-01212,ORG-HUM-01,Victoria,White,synthetic.dnr-01212@demo-causefleet.org,555-0166,4341 John Burgs,Lake Richardport,RI,98015,Individual,Under 100,,False,2024-12-14,True
DNR-01213,ORG-HUM-01,Rodney,Colon,synthetic.dnr-01213@demo-causefleet.org,555-0131,2186 Vanessa Flats,North Yvonne,ID,14268,Individual,100-999,,False,2025-07-15,True
DNR-01214,ORG-HUM-01,Andrea,Vargas,synthetic.dnr-01214@demo-causefleet.org,555-0198,14003 Ellison Mountains,East Danielfort,WA,13464,Individual,Under 100,,False,2023-12-29,True
DNR-01215,ORG-HUM-01,Steven,Pearson,synthetic.dnr-01215@demo-causefleet.org,555-0148,16259 Jennifer Green Apt. 947,Michelletown,SC,16292,Individual,Under 100,,False,2023-12-21,True
DNR-01216,ORG-HUM-01,Susan,Peterson,synthetic.dnr-01216@demo-causefleet.org,555-0113,210 Livingston Point Suite 807,Port Taylor,WV,07872,Individual,Under 100,,False,2021-09-30,True
DNR-01217,ORG-HUM-01,Taylor,Dougherty,synthetic.dnr-01217@demo-causefleet.org,555-0115,0881 Daugherty Drives,East Erica,FM,99875,Individual,Under 100,,False,2024-07-06,True
DNR-01218,ORG-HUM-01,Vanessa,King,synthetic.dnr-01218@demo-causefleet.org,555-0151,83753 Seth Manor Apt. 024,Lake Jenniferside,MN,46624,Individual,Under 100,,False,2023-12-18,True
DNR-01219,ORG-HUM-01,Tara,Johnson,synthetic.dnr-01219@demo-causefleet.org,555-0117,443 Jason Locks,East Tara,DE,51711,Individual,100-999,,False,2023-06-07,True
DNR-01220,ORG-HUM-01,Kristina,Cruz,synthetic.dnr-01220@demo-causefleet.org,555-0147,574 Estrada Brooks Suite 751,Harveyville,IA,76269,Individual,100-999,,False,2023-12-14,True
DNR-01221,ORG-HUM-01,Robin,Diaz,synthetic.dnr-01221@demo-causefleet.org,555-0155,50164 Paul Avenue,Penningtonborough,ID,48208,Foundation,100-999,,False,2025-02-05,True
DNR-01222,ORG-HUM-01,Shelley,Li,synthetic.dnr-01222@demo-causefleet.org,555-0157,43198 Becky Heights Suite 813,North Kevinville,WA,56217,Individual,Under 100,,False,2021-08-13,True
DNR-01223,ORG-HUM-01,Lisa,Cervantes,synthetic.dnr-01223@demo-causefleet.org,555-0165,02151 Alvarez Lakes Suite 463,Lake Mindy,RI,43754,Individual,Under 100,,False,2024-01-07,True
DNR-01224,ORG-HUM-01,Andrea,Davis,synthetic.dnr-01224@demo-causefleet.org,555-0128,14764 Tracy Viaduct Suite 157,New Matthew,WA,15071,Foundation,Under 100,,False,2022-06-04,True
DNR-01225,ORG-HUM-01,Kaylee,Bullock,synthetic.dnr-01225@demo-causefleet.org,555-0141,1239 Hubbard Parks Apt. 554,South Melissa,SC,06479,Individual,"10,000-99,999",,False,2022-01-03,True
DNR-01226,ORG-HUM-01,Lisa,Murray,synthetic.dnr-01226@demo-causefleet.org,555-0177,602 Buchanan Mews,Kelseychester,WI,61131,Individual,Under 100,,False,2024-09-19,True
DNR-01227,ORG-HUM-01,Benjamin,Brown,synthetic.dnr-01227@demo-causefleet.org,555-0162,73087 Michael Valley,Karenfort,ND,84546,Individual,100-999,,False,2023-06-12,True
DNR-01228,ORG-HUM-01,Timothy,Sharp,synthetic.dnr-01228@demo-causefleet.org,555-0182,75438 Kimberly Mills,Loriport,NY,43009,Individual,Under 100,,False,2024-09-04,True
DNR-01229,ORG-HUM-01,Emily,Reyes,synthetic.dnr-01229@demo-causefleet.org,555-0197,254 Jennings Lodge,South Jacob,NC,39856,Corporation,Under 100,,False,2024-06-22,True
DNR-01230,ORG-HUM-01,Shane,Patterson,synthetic.dnr-01230@demo-causefleet.org,555-0133,76327 Michele Squares,West Jared,OH,53046,Individual,Under 100,,False,2025-09-26,True
DNR-01231,ORG-HUM-01,Heather,Howard,synthetic.dnr-01231@demo-causefleet.org,555-0131,86879 Richard Skyway,Port Josehaven,MO,78006,Foundation,Under 100,,False,2023-06-24,True
DNR-01232,ORG-HUM-01,Gregory,Benson,synthetic.dnr-01232@demo-causefleet.org,555-0132,40508 Thomas Ports Suite 159,Pattersonview,WI,01658,Individual,"1,000-$9,999",,False,2024-05-11,True
DNR-01233,ORG-HUM-01,Erin,Rojas,synthetic.dnr-01233@demo-causefleet.org,555-0120,0789 Porter Junction Suite 426,New Janettown,IA,69571,Individual,"1,000-$9,999",,False,2022-10-11,True
DNR-01234,ORG-HUM-01,Megan,Woods,synthetic.dnr-01234@demo-causefleet.org,555-0188,273 Brian Fall Apt. 271,Port Charlesmouth,MP,49127,Individual,Under 100,,False,2022-07-17,True
DNR-01235,ORG-HUM-01,Tracy,Lawson,synthetic.dnr-01235@demo-causefleet.org,555-0158,62042 Wilson Grove Suite 983,West Gregoryville,MP,56184,Individual,Under 100,,False,2024-03-27,True
DNR-01236,ORG-HUM-01,Alan,Silva,synthetic.dnr-01236@demo-causefleet.org,555-0189,02698 Cody Grove,Lake Raymond,NM,10650,Individual,"1,000-$9,999",,False,2025-07-22,True
DNR-01237,ORG-HUM-01,Amy,Oneill,synthetic.dnr-01237@demo-causefleet.org,555-0197,0316 Sean Tunnel Apt. 500,Brandyborough,HI,54668,Individual,100-999,,False,2021-09-04,True
DNR-01238,ORG-HUM-01,Isaiah,Rangel,synthetic.dnr-01238@demo-causefleet.org,555-0140,317 Anna Tunnel Suite 638,New Jeffreyshire,AZ,97682,Individual,Under 100,,False,2025-01-13,True
DNR-01239,ORG-HUM-01,Sarah,Green,synthetic.dnr-01239@demo-causefleet.org,555-0173,9985 Holly Forges,East Steven,GA,99868,Corporation,Under 100,,False,2023-02-20,True
DNR-01240,ORG-HUM-01,Amber,Miller,synthetic.dnr-01240@demo-causefleet.org,555-0184,3504 Brown Village,Higginsmouth,MO,85158,Individual,Under 100,,False,2023-07-21,True
DNR-01241,ORG-HUM-01,George,Roy,synthetic.dnr-01241@demo-causefleet.org,555-0128,3974 Johnson Stream Apt. 886,Lisachester,WA,65402,Individual,Under 100,,False,2022-11-07,True
DNR-01242,ORG-HUM-01,Karen,Mathis,synthetic.dnr-01242@demo-causefleet.org,555-0139,08019 Brooke Expressway,Port Christian,MN,39729,Individual,Under 100,,False,2025-09-21,True
DNR-01243,ORG-HUM-01,John,Johnson,synthetic.dnr-01243@demo-causefleet.org,555-0169,909 Glenn Estate Suite 333,North Susan,IA,47361,Individual,Under 100,,False,2025-03-28,True
DNR-01244,ORG-HUM-01,Eric,Brooks,synthetic.dnr-01244@demo-causefleet.org,555-0191,0193 Campbell Underpass Apt. 369,Heatherborough,RI,25881,Individual,Under 100,,False,2021-09-15,True
DNR-01245,ORG-HUM-01,John,Golden,synthetic.dnr-01245@demo-causefleet.org,555-0142,62962 Lisa Burg Suite 983,East Marieview,WV,35919,Individual,Under 100,,False,2024-09-08,True
DNR-01246,ORG-HUM-01,Nichole,Brown,synthetic.dnr-01246@demo-causefleet.org,555-0168,659 Stephanie Crest Apt. 376,North Timothy,ME,77571,Individual,Under 100,,False,2021-10-22,True
DNR-01247,ORG-HUM-01,Ernest,Escobar,synthetic.dnr-01247@demo-causefleet.org,555-0142,94193 Peterson Underpass Apt. 922,Griffinbury,CT,63627,Individual,100-999,,False,2023-01-10,True
DNR-01248,ORG-HUM-01,Jennifer,Anderson,synthetic.dnr-01248@demo-causefleet.org,555-0195,7528 King Cove Apt. 096,South Lindseybury,AK,01092,Individual,100-999,,False,2023-01-11,True
DNR-01249,ORG-HUM-01,Eric,Harmon,synthetic.dnr-01249@demo-causefleet.org,555-0111,2403 Janet Circles Suite 355,West Clintonborough,VA,18795,Foundation,Under 100,,False,2023-11-22,True
DNR-01250,ORG-HUM-01,Danielle,Evans,synthetic.dnr-01250@demo-causefleet.org,555-0169,779 Little Green,Jacobsberg,MN,91258,Individual,"1,000-$9,999",,False,2021-11-06,True
DNR-01251,ORG-HUM-01,Michelle,Hernandez,synthetic.dnr-01251@demo-causefleet.org,555-0146,834 Graves Plains,New Henrytown,ME,71637,Individual,"1,000-$9,999",,False,2024-08-17,True
DNR-01252,ORG-HUM-01,Blake,Vasquez,synthetic.dnr-01252@demo-causefleet.org,555-0196,333 Brianna Point Suite 515,East Matthewside,TN,38490,Individual,Under 100,,False,2023-07-05,True
DNR-01253,ORG-HUM-01,Joshua,Stephenson,synthetic.dnr-01253@demo-causefleet.org,555-0179,858 Maria Plains Apt. 567,South Kristina,AK,97449,Individual,Under 100,,False,2025-07-29,True
DNR-01254,ORG-HUM-01,Raymond,Martinez,synthetic.dnr-01254@demo-causefleet.org,555-0130,4355 Kristi Lock,New Erik,HI,46423,Individual,100-999,,False,2023-08-14,True
DNR-01255,ORG-HUM-01,Daniel,White,synthetic.dnr-01255@demo-causefleet.org,555-0119,47286 Brianna Glen Apt. 012,East Sandra,CO,38180,Individual,100-999,,False,2021-06-14,True
DNR-01256,ORG-HUM-01,Gregory,Smith,synthetic.dnr-01256@demo-causefleet.org,555-0166,662 Williams Lodge,Smithmouth,GU,07397,Individual,"1,000-$9,999",,False,2023-11-19,True
DNR-01257,ORG-HUM-01,Michael,Lee,synthetic.dnr-01257@demo-causefleet.org,555-0154,4003 Brendan Trace,New Jeffreystad,WV,26819,Individual,"1,000-$9,999",,False,2025-08-03,True
DNR-01258,ORG-HUM-01,Gregory,Martin,synthetic.dnr-01258@demo-causefleet.org,555-0185,19360 Robert Brooks Apt. 770,Ricardofurt,DE,90296,Individual,Under 100,,False,2023-10-01,True
DNR-01259,ORG-HUM-01,Mariah,Brown,synthetic.dnr-01259@demo-causefleet.org,555-0148,64385 Alexis Islands Apt. 723,Rodneymouth,GU,56286,Individual,Under 100,,False,2024-08-28,True
DNR-01260,ORG-HUM-01,Meredith,Nunez,synthetic.dnr-01260@demo-causefleet.org,555-0191,61094 Marquez Mews,Derrickborough,VT,13495,Individual,Under 100,,False,2024-04-09,True
DNR-01261,ORG-HUM-01,Joshua,Montoya,synthetic.dnr-01261@demo-causefleet.org,555-0164,372 Harrison Loaf,Thomaschester,MH,99073,Individual,Under 100,,False,2023-02-06,True
DNR-01262,ORG-HUM-01,Michele,Clark,synthetic.dnr-01262@demo-causefleet.org,555-0198,429 Lori Meadow Apt. 755,New Andreatown,CO,65304,Individual,Under 100,,False,2021-07-21,True
DNR-01263,ORG-HUM-01,Anne,Thompson,synthetic.dnr-01263@demo-causefleet.org,555-0142,24837 Adams Grove,Port Tylerbury,KY,45766,Individual,100-999,,False,2024-02-07,True
DNR-01264,ORG-HUM-01,Matthew,Gonzalez,synthetic.dnr-01264@demo-causefleet.org,555-0168,479 Gabriel Well Suite 853,Wilkinsonberg,MT,73824,Individual,Under 100,,False,2023-04-10,True
DNR-01265,ORG-HUM-01,Juan,Mcdonald,synthetic.dnr-01265@demo-causefleet.org,555-0148,641 Tiffany Alley,Jeremymouth,SC,41520,Individual,100-999,,False,2023-11-16,True
DNR-01266,ORG-HUM-01,Sherry,Thompson,synthetic.dnr-01266@demo-causefleet.org,555-0135,435 Mary Bypass Apt. 781,Emilyton,ME,64559,Individual,Under 100,,False,2023-07-03,True
DNR-01267,ORG-HUM-01,Cynthia,Mclaughlin,synthetic.dnr-01267@demo-causefleet.org,555-0159,78844 Stephen Locks Suite 187,Natalieview,MH,54777,Individual,Under 100,,False,2025-01-30,True
DNR-01268,ORG-HUM-01,David,Mcdowell,synthetic.dnr-01268@demo-causefleet.org,555-0171,8154 April Viaduct,North Edwardfort,UT,22381,Individual,Under 100,,False,2025-02-04,True
DNR-01269,ORG-HUM-01,Daniel,Waters,synthetic.dnr-01269@demo-causefleet.org,555-0123,0786 Kelly Freeway Suite 660,Rachelbury,VT,33004,Individual,Under 100,,False,2023-12-01,True
DNR-01270,ORG-HUM-01,Robin,Vargas,synthetic.dnr-01270@demo-causefleet.org,555-0140,06773 Lisa Mountains,New Sarahburgh,WA,24540,Individual,100-999,,False,2023-05-05,True
DNR-01271,ORG-HUM-01,Pamela,Alvarez,synthetic.dnr-01271@demo-causefleet.org,555-0158,90878 Murphy Parkway Suite 906,Waltonshire,MT,27285,Individual,100-999,,False,2023-03-28,True
DNR-01272,ORG-HUM-01,Lisa,Horton,synthetic.dnr-01272@demo-causefleet.org,555-0183,0550 Duncan Dam Apt. 704,Hubbardland,ND,53122,Individual,"10,000-99,999",,False,2022-09-26,True
DNR-01273,ORG-HUM-01,Scott,Russell,synthetic.dnr-01273@demo-causefleet.org,555-0155,01629 Thomas Valleys,Port Mary,MP,81203,Individual,Under 100,,False,2024-05-16,True
DNR-01274,ORG-HUM-01,Wanda,Velasquez,synthetic.dnr-01274@demo-causefleet.org,555-0183,1826 Church Trafficway,Port Linda,NH,12354,Individual,Under 100,,False,2021-10-05,True
DNR-01275,ORG-HUM-01,Robin,Smith,synthetic.dnr-01275@demo-causefleet.org,555-0147,9426 Moore Ford Apt. 135,Gloriatown,DE,37499,Individual,Under 100,,False,2023-05-26,True
DNR-01276,ORG-HUM-01,Ariana,Good,synthetic.dnr-01276@demo-causefleet.org,555-0199,69219 Weiss Mill Apt. 054,West Jesse,PW,67692,Individual,Under 100,,False,2022-12-20,True
DNR-01277,ORG-HUM-01,Joshua,Hartman,synthetic.dnr-01277@demo-causefleet.org,555-0147,217 Robert Parkway,South Cynthiaview,TN,29571,Individual,100-999,,False,2024-08-19,True
DNR-01278,ORG-HUM-01,Matthew,Brewer,synthetic.dnr-01278@demo-causefleet.org,555-0112,64928 Mark Flats,Hamptonville,NJ,07631,Corporation,100-999,,False,2024-05-08,True
DNR-01279,ORG-HUM-01,Tiffany,Gutierrez,synthetic.dnr-01279@demo-causefleet.org,555-0194,70308 Zachary Way Apt. 726,New Gabriel,MT,72625,Individual,"1,000-$9,999",,False,2025-06-23,True
DNR-01280,ORG-HUM-01,Molly,Phillips,synthetic.dnr-01280@demo-causefleet.org,555-0160,500 Thomas Parkways Suite 927,Christopherchester,ND,00787,Individual,Under 100,,False,2022-03-03,True
DNR-01281,ORG-HUM-01,Brittany,Rodriguez,synthetic.dnr-01281@demo-causefleet.org,555-0145,27662 Angela Pines Apt. 039,South Brianburgh,MT,26010,Individual,100-999,,False,2023-04-01,True
DNR-01282,ORG-HUM-01,Nicole,Ramirez,synthetic.dnr-01282@demo-causefleet.org,555-0111,9624 Murillo Springs,Yoderland,HI,01936,Individual,Under 100,,False,2024-04-30,True
DNR-01283,ORG-HUM-01,Kenneth,Stanley,synthetic.dnr-01283@demo-causefleet.org,555-0182,2536 Brenda Drives,South Michael,AL,24439,Individual,"1,000-$9,999",,False,2024-08-08,True
DNR-01284,ORG-HUM-01,Joseph,Hayes,synthetic.dnr-01284@demo-causefleet.org,555-0197,96702 Allen Island,Port Kathy,UT,40915,Individual,Under 100,,False,2023-10-21,True
DNR-01285,ORG-HUM-01,Michael,Hale,synthetic.dnr-01285@demo-causefleet.org,555-0116,8187 Maxwell Harbors Apt. 364,North Michael,VT,75206,Individual,Under 100,,False,2021-08-06,True
DNR-01286,ORG-HUM-01,Tyrone,Holmes,synthetic.dnr-01286@demo-causefleet.org,555-0187,662 Susan Fort Suite 066,Munozhaven,MT,37686,Individual,Under 100,,False,2023-05-17,True
DNR-01287,ORG-HUM-01,David,Perkins,synthetic.dnr-01287@demo-causefleet.org,555-0173,220 Lopez Pine Suite 226,North Patrick,MO,10026,Individual,"1,000-$9,999",,False,2023-12-14,True
DNR-01288,ORG-HUM-01,Stacy,Carroll,synthetic.dnr-01288@demo-causefleet.org,555-0146,35699 Brianna Street Apt. 358,Grimesfurt,OH,67972,Individual,Under 100,,False,2025-08-08,True
DNR-01289,ORG-HUM-01,Tyler,Carr,synthetic.dnr-01289@demo-causefleet.org,555-0139,0413 Fox Causeway Suite 931,Jameshaven,WA,25352,Individual,Under 100,,False,2023-06-05,True
DNR-01290,ORG-HUM-01,Carol,Moore,synthetic.dnr-01290@demo-causefleet.org,555-0187,0001 Evans Shoal,Spearsberg,MP,81364,Individual,100-999,,False,2025-08-24,True
DNR-01291,ORG-HUM-01,Sherry,Frye,synthetic.dnr-01291@demo-causefleet.org,555-0155,304 Jeff Crest Apt. 389,Morrisside,NJ,17854,Individual,Under 100,,False,2024-07-21,True
DNR-01292,ORG-HUM-01,Chloe,Graham,synthetic.dnr-01292@demo-causefleet.org,555-0138,642 Kenneth Branch Suite 920,East Matthew,IN,04561,Individual,Under 100,,False,2021-07-23,True
DNR-01293,ORG-HUM-01,Todd,Simmons,synthetic.dnr-01293@demo-causefleet.org,555-0191,489 Martinez Port,Lake Vanessastad,MO,70486,Individual,Under 100,,False,2023-11-20,True
DNR-01294,ORG-HUM-01,Adam,Wells,synthetic.dnr-01294@demo-causefleet.org,555-0134,07966 Sharon Meadows Suite 724,West Johnport,NM,34268,Individual,Under 100,,False,2021-12-26,True
DNR-01295,ORG-HUM-01,Frank,Perez,synthetic.dnr-01295@demo-causefleet.org,555-0189,379 Jefferson Court,North Tylerfort,ID,84696,Individual,"1,000-$9,999",,False,2021-12-08,True
DNR-01296,ORG-HUM-01,Tyler,Arellano,synthetic.dnr-01296@demo-causefleet.org,555-0142,61920 Heather Village,New Jamesfort,ID,28021,Individual,100-999,,False,2022-02-24,True
DNR-01297,ORG-HUM-01,James,Dennis,synthetic.dnr-01297@demo-causefleet.org,555-0196,4748 Kimberly Park Suite 078,Clinebury,MD,09110,Individual,Under 100,,False,2023-05-29,True
DNR-01298,ORG-HUM-01,Nicole,Holt,synthetic.dnr-01298@demo-causefleet.org,555-0194,5191 Soto Spurs Suite 173,Port Amanda,MI,10784,Individual,"10,000-99,999",,False,2025-06-01,True
DNR-01299,ORG-HUM-01,Patrick,Bonilla,synthetic.dnr-01299@demo-causefleet.org,555-0197,185 Maxwell Plains,Lake Jillville,MD,59731,Individual,Under 100,,False,2022-07-30,True
DNR-01300,ORG-HUM-01,Jennifer,Harvey,synthetic.dnr-01300@demo-causefleet.org,555-0127,91607 Smith Haven Apt. 930,Luisport,DE,71224,Individual,Under 100,,False,2022-07-18,True
DNR-01301,ORG-HUM-01,Andrew,Juarez,synthetic.dnr-01301@demo-causefleet.org,555-0190,18039 Long Estates,East Willieside,OH,52843,Individual,Under 100,,False,2022-08-12,True
DNR-01302,ORG-HUM-01,Joshua,Stanton,synthetic.dnr-01302@demo-causefleet.org,555-0122,788 Edward Islands,New Heidi,CO,50588,Foundation,Under 100,,False,2024-05-19,True
DNR-01303,ORG-HUM-01,Samuel,Burke,synthetic.dnr-01303@demo-causefleet.org,555-0190,356 James Field,Evanstown,NY,66984,Individual,Under 100,,False,2022-08-22,True
DNR-01304,ORG-HUM-01,Kathleen,Pittman,synthetic.dnr-01304@demo-causefleet.org,555-0192,89870 Blake Springs Apt. 991,Michelleland,CO,26675,Individual,"1,000-$9,999",,False,2025-04-25,True
DNR-01305,ORG-HUM-01,Renee,Cochran,synthetic.dnr-01305@demo-causefleet.org,555-0115,15848 Hoffman Junctions Apt. 632,North Brittneyfurt,AZ,39202,Individual,100-999,,False,2024-05-13,True
DNR-01306,ORG-HUM-01,Lauren,Chambers,synthetic.dnr-01306@demo-causefleet.org,555-0149,05397 Thomas Groves,Jenniferport,NJ,95712,Individual,Under 100,,False,2025-09-21,True
DNR-01307,ORG-HUM-01,Kristy,Boyer,synthetic.dnr-01307@demo-causefleet.org,555-0166,317 Keith Summit,Port Christinamouth,VA,32466,Individual,Under 100,,False,2024-06-10,True
DNR-01308,ORG-HUM-01,Robert,Sparks,synthetic.dnr-01308@demo-causefleet.org,555-0114,2623 Warner Ports Suite 053,East Kaitlynland,WA,70574,Individual,100-999,,False,2023-11-30,True
DNR-01309,ORG-HUM-01,David,Tucker,synthetic.dnr-01309@demo-causefleet.org,555-0184,36860 Reilly Center Suite 306,Allentown,MN,06270,Individual,"1,000-$9,999",,False,2022-09-20,True
DNR-01310,ORG-HUM-01,Alyssa,Davidson,synthetic.dnr-01310@demo-causefleet.org,555-0156,0989 Alex Forge Apt. 912,Port Joycetown,FL,48320,Individual,"1,000-$9,999",,False,2021-12-22,True
DNR-01311,ORG-HUM-01,Charlene,Morgan,synthetic.dnr-01311@demo-causefleet.org,555-0126,5979 Hall Creek,South Bobby,RI,94428,Individual,Under 100,,False,2022-01-01,True
DNR-01312,ORG-HUM-01,Bradley,Roy,synthetic.dnr-01312@demo-causefleet.org,555-0121,7454 Jarvis Ramp Apt. 054,Heathermouth,IN,67845,Foundation,100-999,,False,2023-09-23,True
DNR-01313,ORG-HUM-01,Angela,Mccoy,synthetic.dnr-01313@demo-causefleet.org,555-0147,896 Soto Pines,West Olivia,PR,37593,Individual,Under 100,,False,2021-10-22,True
DNR-01314,ORG-HUM-01,Raymond,Sullivan,synthetic.dnr-01314@demo-causefleet.org,555-0151,521 Jensen Center,Hollyfurt,AL,31268,Individual,Under 100,,False,2024-09-19,True
DNR-01315,ORG-HUM-01,Ricky,Cochran,synthetic.dnr-01315@demo-causefleet.org,555-0163,8607 Kenneth Way,Port Robert,PW,53729,Individual,Under 100,,False,2025-08-13,True
DNR-01316,ORG-HUM-01,James,Marsh,synthetic.dnr-01316@demo-causefleet.org,555-0132,8501 Friedman Springs,North Scottland,NE,65650,Individual,Under 100,,False,2021-06-26,True
DNR-01317,ORG-HUM-01,Leslie,Brown,synthetic.dnr-01317@demo-causefleet.org,555-0135,052 Jonathan Club Apt. 395,Scottview,AR,93516,Individual,Under 100,,False,2024-12-02,True
DNR-01318,ORG-HUM-01,Joseph,Mcgee,synthetic.dnr-01318@demo-causefleet.org,555-0126,57905 Martinez Street,Port Dawnhaven,SC,75943,Individual,Under 100,,False,2023-01-16,True
DNR-01319,ORG-HUM-01,Ryan,Manning,synthetic.dnr-01319@demo-causefleet.org,555-0179,693 Rivera Crossing Apt. 359,Bakerside,NH,52403,Individual,Under 100,,False,2023-09-20,True
DNR-01320,ORG-HUM-01,Adam,Parks,synthetic.dnr-01320@demo-causefleet.org,555-0156,37718 Sanchez Avenue,New Jacobtown,PA,47671,Individual,100-999,,False,2023-10-14,True
DNR-01321,ORG-HUM-01,John,Lopez,synthetic.dnr-01321@demo-causefleet.org,555-0177,973 Jason Wall,Robertston,HI,73989,Individual,Under 100,,False,2023-04-16,True
DNR-01322,ORG-HUM-01,Marco,Hines,synthetic.dnr-01322@demo-causefleet.org,555-0174,6992 Martin Mountains Apt. 923,Deniseton,DC,31735,Individual,Under 100,,False,2025-05-29,True
DNR-01323,ORG-HUM-01,Andrew,Davis,synthetic.dnr-01323@demo-causefleet.org,555-0144,69332 Carter Forest,Troyland,PA,77963,Individual,Under 100,,False,2024-05-21,True
DNR-01324,ORG-HUM-01,Pamela,Smith,synthetic.dnr-01324@demo-causefleet.org,555-0131,5154 Martinez Loaf Apt. 756,East Andreabury,DE,04361,Individual,"1,000-$9,999",,False,2023-09-10,True
DNR-01325,ORG-HUM-01,Marisa,Kramer,synthetic.dnr-01325@demo-causefleet.org,555-0142,22622 Cole Mountain,East Sheila,MT,95656,Corporation,Under 100,,False,2021-06-06,True
DNR-01326,ORG-HUM-01,Susan,Friedman,synthetic.dnr-01326@demo-causefleet.org,555-0171,7070 Angelica Center Apt. 605,Gavinhaven,WY,40377,Individual,Under 100,,False,2023-08-11,True
DNR-01327,ORG-HUM-01,Keith,Luna,synthetic.dnr-01327@demo-causefleet.org,555-0147,740 Rachael Groves,Lake Deborahchester,NJ,99933,Individual,Under 100,,False,2022-01-01,True
DNR-01328,ORG-HUM-01,Gary,Chavez,synthetic.dnr-01328@demo-causefleet.org,555-0153,9062 Megan Gardens,Leehaven,TN,47271,Individual,100-999,,False,2023-01-02,True
DNR-01329,ORG-HUM-01,Laura,Acevedo,synthetic.dnr-01329@demo-causefleet.org,555-0124,1497 Edwards Oval Apt. 183,Goodmanside,VT,36912,Individual,"$100,000+",,False,2024-03-01,True
DNR-01330,ORG-HUM-01,Carly,Jones,synthetic.dnr-01330@demo-causefleet.org,555-0169,99550 Harper Union Apt. 266,Jayberg,WA,29655,Individual,Under 100,,False,2025-01-24,True
DNR-01331,ORG-HUM-01,Jonathan,James,synthetic.dnr-01331@demo-causefleet.org,555-0119,28981 Mark Heights,Jeremytown,AL,92225,Individual,Under 100,,False,2025-08-22,True
DNR-01332,ORG-HUM-01,Gina,Kim,synthetic.dnr-01332@demo-causefleet.org,555-0128,39847 Thompson Route,West Raymond,NH,98349,Individual,"1,000-$9,999",,False,2021-09-24,True
DNR-01333,ORG-HUM-01,Travis,Boone,synthetic.dnr-01333@demo-causefleet.org,555-0138,37887 Mark Plains,Carloshaven,AR,50887,Individual,Under 100,,False,2023-08-07,True
DNR-01334,ORG-HUM-01,Vanessa,Gonzalez,synthetic.dnr-01334@demo-causefleet.org,555-0196,564 Adkins Ports Suite 605,Parksview,OK,51202,Corporation,Under 100,,False,2024-06-09,True
DNR-01335,ORG-HUM-01,Erika,Allen,synthetic.dnr-01335@demo-causefleet.org,555-0196,723 Brock Causeway,New Nicolechester,CO,50857,Corporation,Under 100,,False,2022-04-02,True
DNR-01336,ORG-HUM-01,Adrian,Barnes,synthetic.dnr-01336@demo-causefleet.org,555-0160,7864 Porter Pike Suite 555,Bellburgh,KS,62138,Individual,Under 100,,False,2023-02-25,True
DNR-01337,ORG-HUM-01,Adam,Williams,synthetic.dnr-01337@demo-causefleet.org,555-0181,8682 Vega Knolls Apt. 665,Markberg,HI,34145,Individual,Under 100,,False,2023-04-14,True
DNR-01338,ORG-HUM-01,Jordan,Carrillo,synthetic.dnr-01338@demo-causefleet.org,555-0156,0233 Barr Meadow Apt. 835,Camacholand,NV,03106,Individual,Under 100,,False,2025-02-23,True
DNR-01339,ORG-HUM-01,Ricky,Williams,synthetic.dnr-01339@demo-causefleet.org,555-0121,2386 Glenn Union Suite 089,North Tonya,WI,36936,Individual,100-999,,False,2025-07-27,True
DNR-01340,ORG-HUM-01,Jason,Contreras,synthetic.dnr-01340@demo-causefleet.org,555-0160,619 Carlson Ways,Taylorview,MA,20536,Individual,"1,000-$9,999",,False,2024-08-26,True
DNR-01341,ORG-HUM-01,Daniel,Cox,synthetic.dnr-01341@demo-causefleet.org,555-0111,045 Steven Knoll Suite 748,New Marcbury,OK,33428,Individual,Under 100,,False,2023-10-27,True
DNR-01342,ORG-HUM-01,Pamela,Silva,synthetic.dnr-01342@demo-causefleet.org,555-0143,60294 Thomas Well,Port Jesusland,MI,70027,Individual,100-999,,False,2024-05-07,True
DNR-01343,ORG-HUM-01,Kathryn,Cook,synthetic.dnr-01343@demo-causefleet.org,555-0178,073 Hernandez Forks Apt. 977,Mitchellchester,NH,48024,Individual,Under 100,,False,2024-01-07,True
DNR-01344,ORG-HUM-01,Stephanie,Wilson,synthetic.dnr-01344@demo-causefleet.org,555-0125,86482 Adam Pike Apt. 958,Hortonview,CT,75284,Individual,Under 100,,False,2024-01-22,True
DNR-01345,ORG-HUM-01,John,Miranda,synthetic.dnr-01345@demo-causefleet.org,555-0168,0586 Martin Manor,Carterhaven,IL,13432,Individual,Under 100,,False,2023-03-28,True
DNR-01346,ORG-HUM-01,Scott,Lyons,synthetic.dnr-01346@demo-causefleet.org,555-0157,2931 Davis Valleys Apt. 788,West Kimberly,FM,50502,Individual,"1,000-$9,999",,False,2025-02-04,True
DNR-01347,ORG-HUM-01,Lorraine,Hart,synthetic.dnr-01347@demo-causefleet.org,555-0196,890 Reilly Freeway Apt. 723,Wilsonhaven,OR,04036,Individual,100-999,,False,2024-12-25,True
DNR-01348,ORG-HUM-01,Nicole,Perez,synthetic.dnr-01348@demo-causefleet.org,555-0196,65487 Emily Plaza,Lisamouth,OR,42832,Individual,100-999,,False,2025-08-31,True
DNR-01349,ORG-HUM-01,Chad,Moody,synthetic.dnr-01349@demo-causefleet.org,555-0143,5539 Vanessa Wells Apt. 737,West Brandymouth,NM,79475,Corporation,100-999,,False,2024-06-18,True
DNR-01350,ORG-HUM-01,Bianca,Wood,synthetic.dnr-01350@demo-causefleet.org,555-0184,68384 Jenkins Pine Apt. 207,Millerbury,OR,52818,Individual,100-999,,False,2021-08-31,True
DNR-01351,ORG-HUM-01,Henry,Walls,synthetic.dnr-01351@demo-causefleet.org,555-0158,518 Eric Port,Booneville,NY,18040,Individual,"1,000-$9,999",,False,2024-05-14,True
DNR-01352,ORG-HUM-01,Anthony,Carey,synthetic.dnr-01352@demo-causefleet.org,555-0191,6901 Shawn Curve,South Kimberly,OR,73224,Individual,100-999,,False,2024-12-12,True
DNR-01353,ORG-HUM-01,Angela,Barry,synthetic.dnr-01353@demo-causefleet.org,555-0157,8649 Morse Gardens,Bradleyfort,MD,60825,Individual,"1,000-$9,999",,False,2022-01-14,True
DNR-01354,ORG-HUM-01,Robert,Stone,synthetic.dnr-01354@demo-causefleet.org,555-0123,55707 Young Courts,Port Linda,MH,29077,Individual,Under 100,,False,2023-08-18,True
DNR-01355,ORG-HUM-01,Mark,Chen,synthetic.dnr-01355@demo-causefleet.org,555-0196,0521 Williamson Spring Apt. 844,Bradleystad,NY,70938,Individual,Under 100,,False,2021-11-06,True
DNR-01356,ORG-HUM-01,Teresa,Collins,synthetic.dnr-01356@demo-causefleet.org,555-0139,0123 Rosales Flat Suite 871,Courtneyfurt,GU,70469,Individual,Under 100,,False,2022-04-28,True
DNR-01357,ORG-HUM-01,Julia,Aguilar,synthetic.dnr-01357@demo-causefleet.org,555-0170,9780 Jesse Hollow Suite 568,Josefort,OK,38963,Foundation,Under 100,,False,2024-01-09,True
DNR-01358,ORG-HUM-01,Kathleen,Hall,synthetic.dnr-01358@demo-causefleet.org,555-0113,640 Ryan Dale Suite 737,Port David,OR,65803,Individual,Under 100,,False,2021-07-10,True
DNR-01359,ORG-HUM-01,Jasmine,Moore,synthetic.dnr-01359@demo-causefleet.org,555-0189,731 Nixon Trail,Lake Benjamin,OK,12130,Individual,Under 100,,False,2023-01-01,True
DNR-01360,ORG-HUM-01,Micheal,Thornton,synthetic.dnr-01360@demo-causefleet.org,555-0181,233 Kevin Lane Suite 185,Amandashire,NE,51496,Individual,100-999,,False,2022-11-07,True
DNR-01361,ORG-HUM-01,Steven,Clark,synthetic.dnr-01361@demo-causefleet.org,555-0151,7462 Michael Roads Suite 841,Adamsville,NE,08842,Foundation,Under 100,,False,2021-07-08,True
DNR-01362,ORG-HUM-01,Matthew,Vaughan,synthetic.dnr-01362@demo-causefleet.org,555-0188,81698 Debbie Heights,East Kristinport,MP,36343,Individual,Under 100,,False,2023-05-01,True
DNR-01363,ORG-HUM-01,Paul,Preston,synthetic.dnr-01363@demo-causefleet.org,555-0138,377 Johnson Crossroad Apt. 864,East Kelli,AK,20366,Individual,Under 100,,False,2024-04-22,True
DNR-01364,ORG-HUM-01,Melissa,Bailey,synthetic.dnr-01364@demo-causefleet.org,555-0192,962 Angela Field,Bennettmouth,DE,79115,Individual,"1,000-$9,999",,False,2023-04-04,True
DNR-01365,ORG-HUM-01,Veronica,Gutierrez,synthetic.dnr-01365@demo-causefleet.org,555-0118,25634 Lisa Bypass,Port Melinda,DC,18017,Individual,Under 100,,False,2024-08-25,True
DNR-01366,ORG-HUM-01,Tiffany,Adams,synthetic.dnr-01366@demo-causefleet.org,555-0191,37683 Freeman River,North Thomasmouth,RI,09960,Individual,Under 100,,False,2024-05-12,True
DNR-01367,ORG-HUM-01,Cynthia,Hill,synthetic.dnr-01367@demo-causefleet.org,555-0169,44092 John Walks Suite 174,Velezchester,FM,40762,Individual,100-999,,False,2022-11-01,True
DNR-01368,ORG-HUM-01,Lisa,Li,synthetic.dnr-01368@demo-causefleet.org,555-0199,637 Noah Cliff,Jillfurt,MH,80761,Foundation,Under 100,,False,2022-01-08,True
DNR-01369,ORG-HUM-01,Michael,Chang,synthetic.dnr-01369@demo-causefleet.org,555-0148,7641 Franklin Burg,Port Tanya,PW,72272,Individual,Under 100,,False,2024-02-29,True
DNR-01370,ORG-HUM-01,Teresa,Paul,synthetic.dnr-01370@demo-causefleet.org,555-0193,1344 Golden Locks Suite 228,New Aaron,NJ,99464,Individual,Under 100,,False,2022-10-25,True
DNR-01371,ORG-HUM-01,Jesus,King,synthetic.dnr-01371@demo-causefleet.org,555-0162,6157 Carpenter Flat Apt. 511,Heathershire,NH,69442,Corporation,Under 100,,False,2022-06-17,True
DNR-01372,ORG-HUM-01,Brittany,Stewart,synthetic.dnr-01372@demo-causefleet.org,555-0124,04095 Sanchez Park,Colemanhaven,ID,07286,Individual,"1,000-$9,999",,False,2023-08-28,True
DNR-01373,ORG-HUM-01,Linda,Shaw,synthetic.dnr-01373@demo-causefleet.org,555-0127,87314 Brandi Islands,North Johnchester,NJ,70606,Individual,Under 100,,False,2024-06-10,True
DNR-01374,ORG-HUM-01,Crystal,Landry,synthetic.dnr-01374@demo-causefleet.org,555-0115,8187 Brandon Skyway,Mccoymouth,NE,39978,Individual,Under 100,,False,2023-03-16,True
DNR-01375,ORG-HUM-01,Kathleen,Combs,synthetic.dnr-01375@demo-causefleet.org,555-0114,802 Short Shoals Apt. 315,Haroldborough,AL,53486,Individual,Under 100,,False,2021-12-22,True
DNR-01376,ORG-HUM-01,Jack,Brown,synthetic.dnr-01376@demo-causefleet.org,555-0148,5052 Keith Court Apt. 420,Ortizton,CT,41793,Individual,Under 100,,False,2021-07-23,True
DNR-01377,ORG-HUM-01,Luis,Chapman,synthetic.dnr-01377@demo-causefleet.org,555-0173,16633 David Walk,West Benjamin,MD,30923,Individual,100-999,,False,2021-09-28,True
DNR-01378,ORG-HUM-01,Brenda,Lopez,synthetic.dnr-01378@demo-causefleet.org,555-0124,56201 Melissa Crescent,West Amanda,IL,29812,Individual,Under 100,,False,2025-03-07,True
DNR-01379,ORG-HUM-01,James,May,synthetic.dnr-01379@demo-causefleet.org,555-0122,86132 Jessica Glens Suite 645,East Kevin,NY,52894,Individual,Under 100,,False,2023-11-29,True
DNR-01380,ORG-HUM-01,Linda,Lynch,synthetic.dnr-01380@demo-causefleet.org,555-0140,24986 Lee Extensions Apt. 953,Christensenfort,SC,32286,Individual,Under 100,,False,2022-09-16,True
DNR-01381,ORG-HUM-01,Ashley,Walsh,synthetic.dnr-01381@demo-causefleet.org,555-0178,97356 Matthew Fall Suite 655,West Tonyfurt,GA,48962,Individual,Under 100,,False,2022-08-13,True
DNR-01382,ORG-HUM-01,Monica,Dixon,synthetic.dnr-01382@demo-causefleet.org,555-0127,4147 Robinson Lodge Suite 247,Sandrafurt,NE,94830,Individual,Under 100,,False,2024-10-29,True
DNR-01383,ORG-HUM-01,Jesus,Clark,synthetic.dnr-01383@demo-causefleet.org,555-0159,98532 Harris Station Suite 792,Dakotafort,CO,21033,Corporation,100-999,,False,2022-10-17,True
DNR-01384,ORG-HUM-01,Michelle,Wolfe,synthetic.dnr-01384@demo-causefleet.org,555-0168,83543 Jenkins Isle Suite 390,Gloverfurt,VA,71070,Individual,100-999,,False,2024-03-11,True
DNR-01385,ORG-HUM-01,Ariana,Lawrence,synthetic.dnr-01385@demo-causefleet.org,555-0157,981 Davis Wall,Lake Stacey,CO,13805,Individual,"1,000-$9,999",,False,2022-01-19,True
DNR-01386,ORG-HUM-01,Kimberly,Rios,synthetic.dnr-01386@demo-causefleet.org,555-0195,03073 Anderson Circle Suite 201,Amandachester,GU,63674,Individual,100-999,,False,2023-02-14,True
DNR-01387,ORG-HUM-01,Rebecca,Smith,synthetic.dnr-01387@demo-causefleet.org,555-0199,4931 Tiffany Heights,Bowersshire,WI,39540,Individual,100-999,,False,2025-07-27,True
DNR-01388,ORG-HUM-01,Scott,White,synthetic.dnr-01388@demo-causefleet.org,555-0179,92645 Harris Via Apt. 917,Lake Sarah,VI,77654,Individual,Under 100,,False,2024-10-22,True
DNR-01389,ORG-HUM-01,Kevin,Lewis,synthetic.dnr-01389@demo-causefleet.org,555-0163,112 Park Lights Suite 971,Hayestown,MT,89882,Corporation,100-999,,False,2024-02-24,True
DNR-01390,ORG-HUM-01,Jeffrey,Murphy,synthetic.dnr-01390@demo-causefleet.org,555-0185,16125 Daniel Trail,New Carolyn,VA,77191,Individual,100-999,,False,2025-04-08,True
DNR-01391,ORG-HUM-01,Karen,Lee,synthetic.dnr-01391@demo-causefleet.org,555-0129,4376 Douglas Ford,Amandaville,LA,06476,Individual,100-999,,False,2021-07-24,True
DNR-01392,ORG-HUM-01,Amy,Vazquez,synthetic.dnr-01392@demo-causefleet.org,555-0163,016 Burke Camp,West Reginaland,CT,52989,Individual,Under 100,,False,2024-12-28,True
DNR-01393,ORG-HUM-01,Justin,Pena,synthetic.dnr-01393@demo-causefleet.org,555-0193,04202 Castaneda Crest,Moonton,WA,09984,Individual,Under 100,,False,2021-06-17,True
DNR-01394,ORG-HUM-01,Carrie,Wright,synthetic.dnr-01394@demo-causefleet.org,555-0122,34854 Beasley Circle,West James,NE,08546,Individual,100-999,,False,2025-03-18,True
DNR-01395,ORG-HUM-01,Ariana,Lambert,synthetic.dnr-01395@demo-causefleet.org,555-0172,138 Brown Islands Suite 117,East Natalieville,OR,89871,Individual,100-999,,False,2024-06-05,True
DNR-01396,ORG-HUM-01,Melanie,Smith,synthetic.dnr-01396@demo-causefleet.org,555-0188,7028 Keith Crest,Port Amanda,PR,83338,Individual,"10,000-99,999",,False,2022-10-03,True
DNR-01397,ORG-HUM-01,Derrick,Washington,synthetic.dnr-01397@demo-causefleet.org,555-0162,367 Henry Hill,Lopezland,IA,73129,Individual,Under 100,,False,2022-09-17,True
DNR-01398,ORG-HUM-01,Christopher,Hardin,synthetic.dnr-01398@demo-causefleet.org,555-0145,9161 Jackson Row Apt. 154,North Jenniferland,PW,44477,Individual,Under 100,,False,2024-10-31,True
DNR-01399,ORG-HUM-01,Brett,Carlson,synthetic.dnr-01399@demo-causefleet.org,555-0114,261 Kelley Via Suite 525,Port Diana,WA,41380,Individual,Under 100,,False,2022-05-11,True
DNR-01400,ORG-HUM-01,Aaron,Schultz,synthetic.dnr-01400@demo-causefleet.org,555-0198,1798 Meyer Knolls Suite 694,North Anthony,CT,77944,Individual,100-999,,False,2025-04-15,True
DNR-01401,ORG-HUM-01,Jaclyn,Peterson,synthetic.dnr-01401@demo-causefleet.org,555-0157,6355 Tanner Walk Apt. 717,South Richard,WV,86144,Individual,Under 100,,False,2025-09-15,True
DNR-01402,ORG-HUM-01,Michael,Green,synthetic.dnr-01402@demo-causefleet.org,555-0137,0014 Rodriguez Forges,Port Nicholaschester,VI,24098,Individual,Under 100,,False,2022-12-25,True
DNR-01403,ORG-HUM-01,Kristin,Hunt,synthetic.dnr-01403@demo-causefleet.org,555-0166,06689 Emily Unions,South Derekberg,AL,62329,Individual,"$100,000+",,False,2022-07-18,True
DNR-01404,ORG-HUM-01,James,Cortez,synthetic.dnr-01404@demo-causefleet.org,555-0166,2232 Henry Point,West Alexander,KY,62241,Individual,Under 100,,False,2023-03-08,True
DNR-01405,ORG-HUM-01,Eric,Lee,synthetic.dnr-01405@demo-causefleet.org,555-0140,04108 Chavez Unions Apt. 351,East Michaeltown,GU,41712,Individual,100-999,,False,2022-10-31,True
DNR-01406,ORG-HUM-01,Tammy,Acevedo,synthetic.dnr-01406@demo-causefleet.org,555-0156,89206 Wilson Squares,Sueside,AZ,78986,Individual,Under 100,,False,2022-04-04,True
DNR-01407,ORG-HUM-01,Alexandria,Johnson,synthetic.dnr-01407@demo-causefleet.org,555-0122,04194 Sanchez Club,Monicaberg,WY,67418,Individual,100-999,,False,2024-09-14,True
DNR-01408,ORG-HUM-01,Cody,Rios,synthetic.dnr-01408@demo-causefleet.org,555-0197,8674 Andrea Extensions Apt. 889,North Paul,WV,45636,Individual,Under 100,,False,2024-09-17,True
DNR-01409,ORG-HUM-01,Roberta,Day,synthetic.dnr-01409@demo-causefleet.org,555-0157,378 Elizabeth Court,Port Donna,VA,94705,Individual,"1,000-$9,999",,False,2023-07-28,True
DNR-01410,ORG-HUM-01,Sarah,Mckee,synthetic.dnr-01410@demo-causefleet.org,555-0179,905 Tran Key Suite 599,Heiditown,ND,36972,Individual,"1,000-$9,999",,False,2023-05-05,True
DNR-01411,ORG-HUM-01,Patricia,Smith,synthetic.dnr-01411@demo-causefleet.org,555-0192,690 Howard Drives Suite 061,South Martinmouth,IA,31110,Individual,Under 100,,False,2022-03-23,True
DNR-01412,ORG-HUM-01,Joshua,Wallace,synthetic.dnr-01412@demo-causefleet.org,555-0155,65276 Sara Manor,West Brianaside,AR,18852,Individual,Under 100,,False,2023-05-18,True
DNR-01413,ORG-HUM-01,Cynthia,Hunt,synthetic.dnr-01413@demo-causefleet.org,555-0117,6992 Phillips Hollow,Ayalafort,VI,24139,Individual,Under 100,,False,2022-12-19,True
DNR-01414,ORG-HUM-01,Nancy,Smith,synthetic.dnr-01414@demo-causefleet.org,555-0160,232 Thompson Hollow Apt. 041,Fletcherport,DE,94892,Individual,100-999,,False,2022-10-25,True
DNR-01415,ORG-HUM-01,John,Marks,synthetic.dnr-01415@demo-causefleet.org,555-0145,8557 Singleton Prairie,South Grantfort,OK,50154,Individual,"1,000-$9,999",,False,2022-11-06,True
DNR-01416,ORG-HUM-01,Joshua,Wood,synthetic.dnr-01416@demo-causefleet.org,555-0134,33295 Howard Forges,West Danielleberg,NC,51209,Foundation,Under 100,,False,2021-06-24,True
DNR-01417,ORG-HUM-01,Joshua,Buck,synthetic.dnr-01417@demo-causefleet.org,555-0125,662 Scott Courts,Phillipsburgh,PA,18698,Individual,Under 100,,False,2022-05-25,True
DNR-01418,ORG-HUM-01,Anthony,Miller,synthetic.dnr-01418@demo-causefleet.org,555-0168,215 Brittany Lodge Suite 937,South Jeffreyberg,GU,47025,Individual,Under 100,,False,2025-01-03,True
DNR-01419,ORG-HUM-01,Teresa,Martinez,synthetic.dnr-01419@demo-causefleet.org,555-0121,280 Schmidt View,Adrianberg,AZ,55287,Individual,100-999,,False,2024-09-02,True
DNR-01420,ORG-HUM-01,Brenda,Rodriguez,synthetic.dnr-01420@demo-causefleet.org,555-0194,335 Tracy Oval,New Bryanton,SD,03342,Foundation,"1,000-$9,999",,False,2021-10-29,True
DNR-01421,ORG-HUM-01,Bonnie,Peterson,synthetic.dnr-01421@demo-causefleet.org,555-0137,2256 Graves Circles,Michaelport,AL,95802,Individual,Under 100,,False,2022-03-18,True
DNR-01422,ORG-HUM-01,Whitney,Cain,synthetic.dnr-01422@demo-causefleet.org,555-0192,04532 Christopher Lights,Owensside,WI,10392,Individual,Under 100,,False,2023-05-13,True
DNR-01423,ORG-HUM-01,Nicholas,Alexander,synthetic.dnr-01423@demo-causefleet.org,555-0191,70194 Gonzalez Ridges Apt. 177,Costachester,MA,08157,Individual,Under 100,,False,2022-08-25,True
DNR-01424,ORG-HUM-01,Donna,Wong,synthetic.dnr-01424@demo-causefleet.org,555-0186,20928 Lori Rue Suite 780,Bateston,FL,17808,Individual,Under 100,,False,2022-11-28,True
DNR-01425,ORG-HUM-01,Emily,Myers,synthetic.dnr-01425@demo-causefleet.org,555-0112,67635 Derek Flat Suite 185,North Misty,MS,83831,Corporation,Under 100,,False,2022-06-25,True
DNR-01426,ORG-HUM-01,Justin,Hunt,synthetic.dnr-01426@demo-causefleet.org,555-0116,71142 Lee Canyon Apt. 375,New Karen,OK,91843,Corporation,Under 100,,False,2023-08-28,True
DNR-01427,ORG-HUM-01,John,Terry,synthetic.dnr-01427@demo-causefleet.org,555-0152,46598 James Fords,South Kari,ND,94034,Individual,Under 100,,False,2022-01-22,True
DNR-01428,ORG-HUM-01,Travis,Spencer,synthetic.dnr-01428@demo-causefleet.org,555-0141,5915 Samantha Dam Apt. 114,Port Paulstad,GA,92294,Foundation,Under 100,,False,2022-07-14,True
DNR-01429,ORG-HUM-01,Kelly,Jordan,synthetic.dnr-01429@demo-causefleet.org,555-0126,1272 Stewart Key,Port Renee,NM,48398,Individual,Under 100,,False,2023-04-09,True
DNR-01430,ORG-HUM-01,Lee,Potter,synthetic.dnr-01430@demo-causefleet.org,555-0182,4878 Chapman Estate Apt. 494,Mariatown,ME,53820,Individual,Under 100,,False,2024-04-30,True
DNR-01431,ORG-HUM-01,Leslie,Benjamin,synthetic.dnr-01431@demo-causefleet.org,555-0136,656 Trevino Divide,Port Robertberg,WV,59130,Individual,Under 100,,False,2024-02-16,True
DNR-01432,ORG-HUM-01,Jennifer,White,synthetic.dnr-01432@demo-causefleet.org,555-0118,509 Silva Forge,Gailview,VI,18652,Individual,100-999,,False,2025-03-18,True
DNR-01433,ORG-HUM-01,Barbara,Turner,synthetic.dnr-01433@demo-causefleet.org,555-0180,22347 Pierce Walks Apt. 457,Hodgeberg,MN,15733,Individual,100-999,,False,2021-09-24,True
DNR-01434,ORG-HUM-01,Kelly,Rios,synthetic.dnr-01434@demo-causefleet.org,555-0136,33982 Kelly Point Apt. 337,Lake Brian,OK,92083,Individual,Under 100,,False,2025-02-27,True
DNR-01435,ORG-HUM-01,Levi,Robbins,synthetic.dnr-01435@demo-causefleet.org,555-0185,6706 Richard Forges Apt. 863,North Carlosberg,FM,20364,Individual,Under 100,,False,2024-06-18,True
DNR-01436,ORG-HUM-01,Stacy,Williams,synthetic.dnr-01436@demo-causefleet.org,555-0137,426 Mejia Ways Apt. 336,Lowefurt,AK,67283,Individual,100-999,,False,2021-07-13,True
DNR-01437,ORG-HUM-01,Tiffany,Fernandez,synthetic.dnr-01437@demo-causefleet.org,555-0139,1360 Bowman Glen Suite 692,New Triciachester,KY,74983,Individual,"1,000-$9,999",,False,2022-02-19,True
DNR-01438,ORG-HUM-01,Brett,Camacho,synthetic.dnr-01438@demo-causefleet.org,555-0152,9519 Neil Views,North Danielmouth,LA,51816,Individual,Under 100,,False,2024-07-07,True
DNR-01439,ORG-HUM-01,Michael,Lam,synthetic.dnr-01439@demo-causefleet.org,555-0128,038 Justin Route,North Juanview,IA,08873,Individual,Under 100,,False,2021-11-21,True
DNR-01440,ORG-HUM-01,Paul,Hicks,synthetic.dnr-01440@demo-causefleet.org,555-0186,353 Joshua Rue,South Kyle,MD,46672,Individual,Under 100,,False,2022-12-04,True
DNR-01441,ORG-HUM-01,James,Weber,synthetic.dnr-01441@demo-causefleet.org,555-0110,68564 Rodriguez Ville,Dunnton,CO,80218,Corporation,Under 100,,False,2023-08-10,True
DNR-01442,ORG-HUM-01,Pamela,Tyler,synthetic.dnr-01442@demo-causefleet.org,555-0145,9883 Miles Mews,North Michaelfurt,NE,68312,Individual,Under 100,,False,2021-07-29,True
DNR-01443,ORG-HUM-01,Daniel,Carroll,synthetic.dnr-01443@demo-causefleet.org,555-0128,7598 Elizabeth Estate Suite 170,Michellemouth,ND,27682,Individual,Under 100,,False,2025-08-26,True
DNR-01444,ORG-HUM-01,Jonathan,Schneider,synthetic.dnr-01444@demo-causefleet.org,555-0126,565 Thornton Plains,Johnbury,IA,76326,Individual,100-999,,False,2023-01-15,True
DNR-01445,ORG-HUM-01,Kaylee,Hicks,synthetic.dnr-01445@demo-causefleet.org,555-0179,66217 Rogers Cape Apt. 584,Pattersonfort,PA,27766,Individual,Under 100,,False,2024-04-04,True
DNR-01446,ORG-HUM-01,Nancy,Harris,synthetic.dnr-01446@demo-causefleet.org,555-0142,532 White Throughway,Jordanside,AS,85350,Individual,Under 100,,False,2021-06-07,True
DNR-01447,ORG-HUM-01,Levi,Little,synthetic.dnr-01447@demo-causefleet.org,555-0132,52854 Rodriguez Garden,Port Amyborough,PW,01504,Individual,Under 100,,False,2022-05-18,True
DNR-01448,ORG-HUM-01,Anne,Kennedy,synthetic.dnr-01448@demo-causefleet.org,555-0124,738 Stephanie Underpass,Harrisonville,DE,66202,Individual,Under 100,,False,2023-09-26,True
DNR-01449,ORG-HUM-01,Luis,Steele,synthetic.dnr-01449@demo-causefleet.org,555-0194,863 Kimberly Circle Apt. 712,North Margaretview,FL,25858,Foundation,Under 100,,False,2022-09-07,True
DNR-01450,ORG-HUM-01,Kelly,Robinson,synthetic.dnr-01450@demo-causefleet.org,555-0113,7771 Michael Springs,Rodriguezstad,VT,80443,Individual,Under 100,,False,2022-09-11,True
DNR-01451,ORG-HUM-01,Kelsey,Powell,synthetic.dnr-01451@demo-causefleet.org,555-0126,4099 Warren Freeway Apt. 440,New Jenniferberg,GA,37404,Individual,"1,000-$9,999",,False,2023-04-19,True
DNR-01452,ORG-HUM-01,Valerie,James,synthetic.dnr-01452@demo-causefleet.org,555-0111,79322 Bethany Trace Suite 390,Smithport,NJ,88550,Individual,Under 100,,False,2025-07-05,True
DNR-01453,ORG-HUM-01,Brendan,Wilson,synthetic.dnr-01453@demo-causefleet.org,555-0155,911 Johnson Squares Apt. 016,South Alan,NY,04786,Individual,100-999,,False,2022-06-21,True
DNR-01454,ORG-HUM-01,Michael,Armstrong,synthetic.dnr-01454@demo-causefleet.org,555-0140,475 Boyer Walk,East Lucas,NY,66088,Individual,"1,000-$9,999",,False,2021-12-30,True
DNR-01455,ORG-HUM-01,Michael,Kline,synthetic.dnr-01455@demo-causefleet.org,555-0185,49679 Loretta Lights,Lake William,MT,83544,Individual,Under 100,,False,2024-07-04,True
DNR-01456,ORG-HUM-01,Justin,Decker,synthetic.dnr-01456@demo-causefleet.org,555-0151,31726 Diaz Tunnel,West Philip,MA,35086,Foundation,Under 100,,False,2023-02-04,True
DNR-01457,ORG-HUM-01,Brittany,Jackson,synthetic.dnr-01457@demo-causefleet.org,555-0112,240 Lisa Spurs Apt. 086,North Kevinfurt,WY,02790,Individual,Under 100,,False,2025-02-18,True
DNR-01458,ORG-HUM-01,Bridget,Hansen,synthetic.dnr-01458@demo-causefleet.org,555-0132,3271 Best Flats Apt. 335,Kirkborough,MS,78917,Individual,"1,000-$9,999",,False,2022-10-19,True
DNR-01459,ORG-HUM-01,Marissa,Gonzalez,synthetic.dnr-01459@demo-causefleet.org,555-0143,00090 Cameron Mills,Lake Adamport,PR,70191,Individual,"1,000-$9,999",,False,2024-07-03,True
DNR-01460,ORG-HUM-01,Glenn,Schneider,synthetic.dnr-01460@demo-causefleet.org,555-0116,4158 Colleen Causeway,North Sandra,VT,29418,Individual,100-999,,False,2025-08-10,True
DNR-01461,ORG-HUM-01,Robert,Davis,synthetic.dnr-01461@demo-causefleet.org,555-0126,2808 Donald Dam Suite 815,Kimberlyview,WI,60531,Individual,Under 100,,False,2024-02-28,True
DNR-01462,ORG-HUM-01,Monica,Pruitt,synthetic.dnr-01462@demo-causefleet.org,555-0163,10583 Alan Ridge,Crawfordborough,PA,59203,Individual,100-999,,False,2025-01-31,True
DNR-01463,ORG-HUM-01,Kelly,Taylor,synthetic.dnr-01463@demo-causefleet.org,555-0177,426 Thomas Lodge,Deborahville,MO,64178,Individual,Under 100,,False,2024-02-05,True
DNR-01464,ORG-HUM-01,Hannah,Garcia,synthetic.dnr-01464@demo-causefleet.org,555-0124,6288 Robert Freeway Suite 885,North Jessicafurt,FM,84371,Individual,Under 100,,False,2023-04-08,True
DNR-01465,ORG-HUM-01,Sandra,Jackson,synthetic.dnr-01465@demo-causefleet.org,555-0118,66678 Ashley Spurs,South Dawn,CO,52297,Corporation,Under 100,,False,2022-02-11,True
DNR-01466,ORG-HUM-01,Mark,Lopez,synthetic.dnr-01466@demo-causefleet.org,555-0170,4993 Cunningham Coves,West Matthew,NJ,63451,Individual,Under 100,,False,2025-09-14,True
DNR-01467,ORG-HUM-01,Ryan,Villegas,synthetic.dnr-01467@demo-causefleet.org,555-0167,4083 Moyer Place Apt. 501,Davidmouth,CT,51295,Corporation,100-999,,False,2023-06-06,True
DNR-01468,ORG-HUM-01,Andrea,Lopez,synthetic.dnr-01468@demo-causefleet.org,555-0156,95651 Miller Crescent,Aliciaton,AR,85892,Individual,Under 100,,False,2022-11-04,True
DNR-01469,ORG-HUM-01,Bradley,Higgins,synthetic.dnr-01469@demo-causefleet.org,555-0175,4928 Hoffman Overpass,Danielleton,SC,31029,Individual,Under 100,,False,2022-12-24,True
DNR-01470,ORG-HUM-01,Kim,Lawrence,synthetic.dnr-01470@demo-causefleet.org,555-0185,12501 Houston Camp,Hillshire,WV,03510,Individual,Under 100,,False,2024-03-14,True
DNR-01471,ORG-HUM-01,Dawn,Cooper,synthetic.dnr-01471@demo-causefleet.org,555-0123,33693 Cynthia Brook,Jacksonton,AL,65837,Individual,100-999,,False,2023-02-26,True
DNR-01472,ORG-HUM-01,Andrew,Taylor,synthetic.dnr-01472@demo-causefleet.org,555-0167,66249 Cox Mountains Suite 057,Port Dawnview,ME,51753,Individual,100-999,,False,2024-03-08,True
DNR-01473,ORG-HUM-01,Susan,Richardson,synthetic.dnr-01473@demo-causefleet.org,555-0174,740 Daniels Park Apt. 544,Jefferymouth,VA,09097,Individual,Under 100,,False,2025-07-07,True
DNR-01474,ORG-HUM-01,Diana,Kemp,synthetic.dnr-01474@demo-causefleet.org,555-0138,8348 Kristin Points Apt. 586,Port Robert,NM,28790,Individual,Under 100,,False,2022-08-19,True
DNR-01475,ORG-HUM-01,Peter,Evans,synthetic.dnr-01475@demo-causefleet.org,555-0188,20775 Smith Pass Suite 326,Lake Maria,KS,39923,Individual,Under 100,,False,2023-04-19,True
DNR-01476,ORG-HUM-01,Theresa,Jordan,synthetic.dnr-01476@demo-causefleet.org,555-0115,050 Flores Circle Suite 092,Richardburgh,VA,01574,Individual,"1,000-$9,999",,False,2022-06-22,True
DNR-01477,ORG-HUM-01,James,Jackson,synthetic.dnr-01477@demo-causefleet.org,555-0194,077 Robin Overpass,Port Teresa,MD,35843,Individual,Under 100,,False,2021-08-20,True
DNR-01478,ORG-HUM-01,Sandra,Estrada,synthetic.dnr-01478@demo-causefleet.org,555-0176,80162 Hansen Keys,West Benjaminberg,UT,91884,Individual,Under 100,,False,2024-03-02,True
DNR-01479,ORG-HUM-01,Kevin,Cooper,synthetic.dnr-01479@demo-causefleet.org,555-0148,143 Perez Circles,South Candace,WI,90125,Individual,Under 100,,False,2024-03-03,True
DNR-01480,ORG-HUM-01,Gabrielle,Holloway,synthetic.dnr-01480@demo-causefleet.org,555-0168,531 Daniel Garden Suite 904,South Michael,FM,60888,Individual,Under 100,,False,2024-05-22,True
DNR-01481,ORG-HUM-01,Edward,Hamilton,synthetic.dnr-01481@demo-causefleet.org,555-0192,51085 Walker Fields Suite 545,West Crystalchester,AZ,79619,Individual,100-999,,False,2024-12-15,True
DNR-01482,ORG-HUM-01,Connie,Richards,synthetic.dnr-01482@demo-causefleet.org,555-0113,17455 Campos Forges Suite 062,Lopezville,MT,60221,Individual,Under 100,,False,2024-12-26,True
DNR-01483,ORG-HUM-01,Scott,Cruz,synthetic.dnr-01483@demo-causefleet.org,555-0117,57562 Scott Courts,Port Roger,NY,34257,Individual,Under 100,,False,2022-04-13,True
DNR-01484,ORG-HUM-01,William,Bowers,synthetic.dnr-01484@demo-causefleet.org,555-0171,2099 Rodney Fort Apt. 963,Port Meganmouth,CA,57625,Individual,Under 100,,False,2023-09-11,True
DNR-01485,ORG-HUM-01,Shelley,Collins,synthetic.dnr-01485@demo-causefleet.org,555-0161,599 Samantha Crossroad,Alexanderville,HI,28722,Individual,Under 100,,False,2024-08-22,True
DNR-01486,ORG-HUM-01,Jermaine,Rowe,synthetic.dnr-01486@demo-causefleet.org,555-0164,8514 Brian Land,South Kenneth,AZ,89567,Individual,"1,000-$9,999",,False,2022-08-18,True
DNR-01487,ORG-HUM-01,Gregory,Bowen,synthetic.dnr-01487@demo-causefleet.org,555-0197,42755 Gray Ferry,North Jenniferport,OR,03683,Individual,Under 100,,False,2022-01-16,True
DNR-01488,ORG-HUM-01,Courtney,Lee,synthetic.dnr-01488@demo-causefleet.org,555-0123,343 Andrade Landing,Port Christopher,AZ,90373,Individual,100-999,,False,2024-08-28,True
DNR-01489,ORG-HUM-01,Eric,Zavala,synthetic.dnr-01489@demo-causefleet.org,555-0172,1150 Thomas Prairie Apt. 792,Bergermouth,AS,08919,Individual,100-999,,False,2024-03-30,True
DNR-01490,ORG-HUM-01,Jason,Martin,synthetic.dnr-01490@demo-causefleet.org,555-0166,2910 Perez River,East Corey,OH,32769,Individual,Under 100,,False,2025-05-11,True
DNR-01491,ORG-HUM-01,Rachel,Buchanan,synthetic.dnr-01491@demo-causefleet.org,555-0119,76710 Taylor Passage Suite 707,Michaelland,MN,26256,Individual,Under 100,,False,2023-02-19,True
DNR-01492,ORG-HUM-01,Joshua,Williams,synthetic.dnr-01492@demo-causefleet.org,555-0120,26838 Peters Bypass,Lake Shelby,SC,45880,Individual,Under 100,,False,2021-08-29,True
DNR-01493,ORG-HUM-01,George,Stewart,synthetic.dnr-01493@demo-causefleet.org,555-0151,6030 Smith Tunnel Apt. 467,Kennethland,ND,93691,Individual,100-999,,False,2025-03-25,True
DNR-01494,ORG-HUM-01,John,Coleman,synthetic.dnr-01494@demo-causefleet.org,555-0187,13827 Charles Well,Craigbury,KY,49691,Individual,Under 100,,False,2024-07-20,True
DNR-01495,ORG-HUM-01,Amy,Moore,synthetic.dnr-01495@demo-causefleet.org,555-0128,38825 Glenn Trail,Lake Jessica,FM,99101,Individual,Under 100,,False,2021-09-04,True
DNR-01496,ORG-HUM-01,Alexandra,Cummings,synthetic.dnr-01496@demo-causefleet.org,555-0118,60389 Deborah Squares Suite 369,South Kaitlynshire,VT,40642,Individual,Under 100,,False,2024-04-29,True
DNR-01497,ORG-HUM-01,Ross,Lopez,synthetic.dnr-01497@demo-causefleet.org,555-0126,52141 Tammy Branch,Wilsonbury,KY,73983,Individual,100-999,,False,2024-03-22,True
DNR-01498,ORG-HUM-01,Laura,Bauer,synthetic.dnr-01498@demo-causefleet.org,555-0145,23708 Miller Creek Apt. 944,Jordanstad,MT,79866,Individual,Under 100,,False,2022-12-31,True
DNR-01499,ORG-HUM-01,Christina,Cooper,synthetic.dnr-01499@demo-causefleet.org,555-0189,92767 Joel Mission Apt. 886,Port Ronald,OR,46949,Individual,Under 100,,False,2023-06-19,True
DNR-01500,ORG-HUM-01,Dennis,Morales,synthetic.dnr-01500@demo-causefleet.org,555-0191,8305 Snyder Mount Apt. 388,Burgesston,GA,96109,Individual,Under 100,,False,2023-02-25,True
DNR-01501,ORG-HUM-01,Grace,Pennington,synthetic.dnr-01501@demo-causefleet.org,555-0184,614 Cobb Light Apt. 763,North Kenneth,TX,14977,Individual,Under 100,,False,2022-01-08,True
DNR-01502,ORG-HUM-01,Stephen,Maxwell,synthetic.dnr-01502@demo-causefleet.org,555-0180,15248 Daniel Locks Suite 364,Johnsonview,MS,41551,Individual,100-999,,False,2021-09-22,True
DNR-01503,ORG-HUM-01,Tiffany,Hughes,synthetic.dnr-01503@demo-causefleet.org,555-0151,36883 Anthony Plains Apt. 793,Danielland,WV,45657,Individual,Under 100,,False,2023-01-18,True
DNR-01504,ORG-HUM-01,Herbert,Crane,synthetic.dnr-01504@demo-causefleet.org,555-0158,270 Rivera Fork,Calebview,AR,49930,Individual,100-999,,False,2023-11-30,True
DNR-01505,ORG-HUM-01,Gina,Riley,synthetic.dnr-01505@demo-causefleet.org,555-0186,722 Juan Crossing,North Christopher,DE,59004,Individual,100-999,,False,2024-08-19,True
DNR-01506,ORG-HUM-01,Kendra,Shah,synthetic.dnr-01506@demo-causefleet.org,555-0177,5789 Wall Neck,Bonniemouth,RI,79179,Individual,Under 100,,False,2024-06-07,True
DNR-01507,ORG-HUM-01,Evan,Oneill,synthetic.dnr-01507@demo-causefleet.org,555-0147,1148 Gibbs Mall,Zacharyville,OH,81740,Individual,100-999,,False,2021-08-30,True
DNR-01508,ORG-HUM-01,Curtis,Shepard,synthetic.dnr-01508@demo-causefleet.org,555-0168,1735 Hensley Court,Gonzalezville,GA,78669,Individual,Under 100,,False,2023-09-25,True
DNR-01509,ORG-HUM-01,Stephanie,Wall,synthetic.dnr-01509@demo-causefleet.org,555-0174,61694 Robinson Points Apt. 193,South Alyssaburgh,UT,06708,Individual,Under 100,,False,2023-05-31,True
DNR-01510,ORG-HUM-01,Jamie,Morrow,synthetic.dnr-01510@demo-causefleet.org,555-0187,67532 Paul Unions Apt. 613,South Christinahaven,MA,35596,Individual,100-999,,False,2021-11-28,True
DNR-01511,ORG-HUM-01,Karen,Williams,synthetic.dnr-01511@demo-causefleet.org,555-0165,72954 Black Isle,West Heather,MH,31226,Individual,Under 100,,False,2023-12-03,True
DNR-01512,ORG-HUM-01,Sally,Kelley,synthetic.dnr-01512@demo-causefleet.org,555-0122,74392 Renee Trail,Danielview,CA,79170,Individual,100-999,,False,2024-05-12,True
DNR-01513,ORG-HUM-01,Jack,Grant,synthetic.dnr-01513@demo-causefleet.org,555-0199,476 Rebecca Coves,Lake Jacob,AS,05392,Foundation,Under 100,,False,2024-06-13,True
DNR-01514,ORG-HUM-01,Amber,Hall,synthetic.dnr-01514@demo-causefleet.org,555-0124,4138 Flores Court Suite 630,North Patricia,AS,62143,Individual,"1,000-$9,999",,False,2021-12-10,True
DNR-01515,ORG-HUM-01,Adrienne,Doyle,synthetic.dnr-01515@demo-causefleet.org,555-0193,964 Macias Prairie,Taylorview,PW,96102,Individual,Under 100,,False,2024-01-03,True
DNR-01516,ORG-HUM-01,Tricia,Carr,synthetic.dnr-01516@demo-causefleet.org,555-0193,177 Mark Trace,South Richardland,CA,27527,Individual,Under 100,,False,2021-07-21,True
DNR-01517,ORG-HUM-01,Christy,Lee,synthetic.dnr-01517@demo-causefleet.org,555-0180,0721 Sandoval Squares Suite 024,Lake George,GA,96835,Individual,Under 100,,False,2022-05-08,True
DNR-01518,ORG-HUM-01,Joseph,Barker,synthetic.dnr-01518@demo-causefleet.org,555-0137,63236 Parker Bridge,New Coryport,LA,35687,Foundation,100-999,,False,2025-02-07,True
DNR-01519,ORG-HUM-01,Kathleen,Tran,synthetic.dnr-01519@demo-causefleet.org,555-0165,02435 Heidi Inlet Suite 651,Lake Jillchester,TN,09037,Individual,100-999,,False,2022-02-22,True
DNR-01520,ORG-HUM-01,Robert,Hill,synthetic.dnr-01520@demo-causefleet.org,555-0167,47539 Phyllis Mountain Apt. 542,Maryland,TX,83526,Foundation,Under 100,,False,2025-08-30,True
DNR-01521,ORG-HUM-01,William,Summers,synthetic.dnr-01521@demo-causefleet.org,555-0139,10356 Jensen Falls Apt. 023,Reyesfurt,NE,76927,Individual,"1,000-$9,999",,False,2024-02-13,True
DNR-01522,ORG-HUM-01,Yolanda,Greene,synthetic.dnr-01522@demo-causefleet.org,555-0162,533 Davis Glen,Port Cameronside,WY,99394,Foundation,Under 100,,False,2024-04-17,True
DNR-01523,ORG-HUM-01,Erica,Houston,synthetic.dnr-01523@demo-causefleet.org,555-0153,2424 Nicholas Spring,New Julie,KY,54255,Individual,Under 100,,False,2022-03-31,True
DNR-01524,ORG-HUM-01,Linda,Craig,synthetic.dnr-01524@demo-causefleet.org,555-0168,43751 Graham Ridge,Jessicahaven,NE,47945,Individual,"1,000-$9,999",,False,2022-03-30,True
DNR-01525,ORG-HUM-01,Gregory,Wright,synthetic.dnr-01525@demo-causefleet.org,555-0161,9285 Smith Grove,West Lori,AK,76210,Individual,"1,000-$9,999",,False,2024-12-07,True
DNR-01526,ORG-HUM-01,Frank,Malone,synthetic.dnr-01526@demo-causefleet.org,555-0163,470 Ashley Valley Suite 453,Carolynfort,MO,43510,Individual,100-999,,False,2025-02-24,True
DNR-01527,ORG-HUM-01,Stephen,Lang,synthetic.dnr-01527@demo-causefleet.org,555-0122,09954 Andrea Motorway,West Valerie,WA,96147,Individual,100-999,,False,2021-08-10,True
DNR-01528,ORG-HUM-01,Richard,Bennett,synthetic.dnr-01528@demo-causefleet.org,555-0150,7989 Bryant Lodge Apt. 706,North Meghanmouth,PW,11253,Individual,Under 100,,False,2024-01-23,True
DNR-01529,ORG-HUM-01,Tabitha,Lewis,synthetic.dnr-01529@demo-causefleet.org,555-0164,715 Castillo Knolls Suite 650,Chasehaven,NE,03122,Individual,100-999,,False,2021-10-06,True
DNR-01530,ORG-HUM-01,Patrick,Bates,synthetic.dnr-01530@demo-causefleet.org,555-0150,234 Tara Land Suite 985,West Mariotown,SD,44426,Individual,Under 100,,False,2024-05-22,True
DNR-01531,ORG-HUM-01,Ricky,Zimmerman,synthetic.dnr-01531@demo-causefleet.org,555-0195,5402 Santana Underpass,Jonesside,OR,22497,Individual,Under 100,,False,2024-10-20,True
DNR-01532,ORG-HUM-01,Laurie,Martinez,synthetic.dnr-01532@demo-causefleet.org,555-0142,50385 Patterson Extensions,Baxterport,NY,09852,Individual,Under 100,,False,2025-04-24,True
DNR-01533,ORG-HUM-01,Kathleen,Wright,synthetic.dnr-01533@demo-causefleet.org,555-0157,368 Emily Flat Suite 853,Lake Marytown,WI,10916,Individual,Under 100,,False,2024-02-21,True
DNR-01534,ORG-HUM-01,Donald,Dunn,synthetic.dnr-01534@demo-causefleet.org,555-0129,519 Aaron Hill Suite 277,Alexandriafort,AR,28843,Individual,Under 100,,False,2025-02-05,True
DNR-01535,ORG-HUM-01,Robert,Williams,synthetic.dnr-01535@demo-causefleet.org,555-0197,634 Frazier Forest,Richardfurt,WA,97330,Individual,Under 100,,False,2023-02-04,True
DNR-01536,ORG-HUM-01,Jesse,Medina,synthetic.dnr-01536@demo-causefleet.org,555-0170,35761 Klein Summit,South Nicoleville,FM,59024,Individual,Under 100,,False,2024-07-12,True
DNR-01537,ORG-HUM-01,Michelle,Murray,synthetic.dnr-01537@demo-causefleet.org,555-0118,62636 Medina Square Apt. 898,Cervantesview,WY,65485,Individual,Under 100,,False,2022-09-21,True
DNR-01538,ORG-HUM-01,Michele,Austin,synthetic.dnr-01538@demo-causefleet.org,555-0121,348 Taylor Knoll Apt. 774,Port Kristenfort,MS,61545,Individual,Under 100,,False,2025-08-08,True
DNR-01539,ORG-HUM-01,Thomas,Johnson,synthetic.dnr-01539@demo-causefleet.org,555-0120,76751 Carlson Keys,West Christopher,MD,99379,Individual,Under 100,,False,2023-03-27,True
DNR-01540,ORG-HUM-01,Jared,Waters,synthetic.dnr-01540@demo-causefleet.org,555-0121,900 Ashley Harbors,Port Robertfurt,MI,95655,Individual,Under 100,,False,2023-06-16,True
DNR-01541,ORG-HUM-01,John,Roberts,synthetic.dnr-01541@demo-causefleet.org,555-0165,3856 Sanchez Falls Apt. 266,Lake Francestown,VI,05326,Individual,100-999,,False,2023-08-11,True
DNR-01542,ORG-HUM-01,Anthony,Key,synthetic.dnr-01542@demo-causefleet.org,555-0122,03495 Miller Rapid,Bassland,CO,72278,Individual,"1,000-$9,999",,False,2022-07-17,True
DNR-01543,ORG-HUM-01,Olivia,Shaw,synthetic.dnr-01543@demo-causefleet.org,555-0157,6614 Ruiz Manors Apt. 868,Caldwellview,VA,60998,Individual,100-999,,False,2021-11-09,True
DNR-01544,ORG-HUM-01,Robert,Lambert,synthetic.dnr-01544@demo-causefleet.org,555-0126,290 Joseph Land Suite 599,Alvinland,KY,94653,Individual,Under 100,,False,2024-08-04,True
DNR-01545,ORG-HUM-01,Jesse,Hall,synthetic.dnr-01545@demo-causefleet.org,555-0181,276 Wyatt Island,Marybury,RI,70628,Corporation,100-999,,False,2022-02-15,True
DNR-01546,ORG-HUM-01,Robin,Jones,synthetic.dnr-01546@demo-causefleet.org,555-0117,1318 Bennett Inlet,Parkerbury,IL,72821,Individual,Under 100,,False,2023-03-31,True
DNR-01547,ORG-HUM-01,Christopher,Chavez,synthetic.dnr-01547@demo-causefleet.org,555-0185,47442 Jacob Rest Suite 410,Lake Jeremy,NY,63527,Individual,Under 100,,False,2023-12-23,True
DNR-01548,ORG-HUM-01,Mary,Gay,synthetic.dnr-01548@demo-causefleet.org,555-0181,4774 James Ford Suite 183,East Michaelstad,ID,35567,Individual,Under 100,,False,2024-03-18,True
DNR-01549,ORG-HUM-01,Tara,Barton,synthetic.dnr-01549@demo-causefleet.org,555-0181,3988 Little Square,South Andreamouth,MA,82108,Individual,100-999,,False,2025-04-26,True
DNR-01550,ORG-HUM-01,Brian,Ray,synthetic.dnr-01550@demo-causefleet.org,555-0152,128 Rivera Valley Apt. 675,East Amanda,PR,13228,Individual,Under 100,,False,2024-11-29,True
DNR-01551,ORG-HUM-01,Larry,Gill,synthetic.dnr-01551@demo-causefleet.org,555-0195,003 Lori Way,Lopezberg,VT,80022,Foundation,Under 100,,False,2023-12-18,True
DNR-01552,ORG-HUM-01,Gilbert,Melendez,synthetic.dnr-01552@demo-causefleet.org,555-0125,959 Garner Garden,Port Brianaville,HI,08799,Individual,Under 100,,False,2025-09-02,True
DNR-01553,ORG-HUM-01,Eric,Conway,synthetic.dnr-01553@demo-causefleet.org,555-0162,14613 Christopher Row Suite 530,West Jeffreyborough,AR,40780,Individual,100-999,,False,2023-08-25,True
DNR-01554,ORG-HUM-01,Shannon,Patel,synthetic.dnr-01554@demo-causefleet.org,555-0155,96598 Alvarado Island,Stephenchester,IA,98714,Foundation,100-999,,False,2022-09-13,True
DNR-01555,ORG-HUM-01,Mark,Mercado,synthetic.dnr-01555@demo-causefleet.org,555-0195,299 Donald Ridges,Matthewton,MT,40712,Individual,Under 100,,False,2024-11-18,True
DNR-01556,ORG-HUM-01,Sarah,Lowery,synthetic.dnr-01556@demo-causefleet.org,555-0164,61669 Andre Terrace,East Elizabeth,DC,97501,Individual,Under 100,,False,2024-05-19,True
DNR-01557,ORG-HUM-01,Amanda,Butler,synthetic.dnr-01557@demo-causefleet.org,555-0116,17562 Houston Port,Blevinstown,NC,25870,Individual,Under 100,,False,2021-12-13,True
DNR-01558,ORG-HUM-01,Tyler,Marsh,synthetic.dnr-01558@demo-causefleet.org,555-0146,005 Donald Union,Travisberg,OH,82722,Individual,100-999,,False,2024-02-25,True
DNR-01559,ORG-HUM-01,Jade,Moore,synthetic.dnr-01559@demo-causefleet.org,555-0186,74859 Moss Glens,New Steven,DE,19473,Individual,Under 100,,False,2023-05-23,True
DNR-01560,ORG-HUM-01,Christopher,Cook,synthetic.dnr-01560@demo-causefleet.org,555-0149,8028 Smith Light,West Andreaburgh,WY,24346,Foundation,100-999,,False,2024-01-22,True
DNR-01561,ORG-HUM-01,Robert,Howard,synthetic.dnr-01561@demo-causefleet.org,555-0155,4769 Williams Prairie Apt. 418,Ryanview,IL,05124,Individual,Under 100,,False,2022-07-20,True
DNR-01562,ORG-HUM-01,Paul,Sims,synthetic.dnr-01562@demo-causefleet.org,555-0123,2388 Schmidt Pass Suite 656,North Jamie,TN,07377,Individual,100-999,,False,2021-10-27,True
DNR-01563,ORG-HUM-01,David,Pennington,synthetic.dnr-01563@demo-causefleet.org,555-0183,13860 Olson Radial,Elizabethmouth,MH,10939,Individual,Under 100,,False,2023-03-22,True
DNR-01564,ORG-HUM-01,Christina,Lewis,synthetic.dnr-01564@demo-causefleet.org,555-0174,51489 Blair Points,Lake Ashley,ME,10124,Individual,Under 100,,False,2024-09-06,True
DNR-01565,ORG-HUM-01,Karen,Green,synthetic.dnr-01565@demo-causefleet.org,555-0137,3472 Brianna Course,Wellston,GU,74477,Individual,Under 100,,False,2023-12-20,True
DNR-01566,ORG-HUM-01,Jeffrey,Sandoval,synthetic.dnr-01566@demo-causefleet.org,555-0129,0848 Briggs Pines Suite 562,West Kim,TN,70597,Individual,Under 100,,False,2022-11-07,True
DNR-01567,ORG-HUM-01,Monique,Moore,synthetic.dnr-01567@demo-causefleet.org,555-0194,801 Eric Landing,North Samuel,NY,67903,Individual,Under 100,,False,2024-04-16,True
DNR-01568,ORG-HUM-01,Amanda,Evans,synthetic.dnr-01568@demo-causefleet.org,555-0171,6780 Ramirez Unions Apt. 744,Mariahfort,MA,19710,Individual,100-999,,False,2022-11-25,True
DNR-01569,ORG-HUM-01,Michael,Gonzalez,synthetic.dnr-01569@demo-causefleet.org,555-0138,5592 Hill Station Suite 411,Tarafurt,TX,21012,Individual,Under 100,,False,2021-10-04,True
DNR-01570,ORG-HUM-01,Marcus,Martinez,synthetic.dnr-01570@demo-causefleet.org,555-0123,976 Cook Grove,Kellymouth,CA,47449,Individual,100-999,,False,2023-04-10,True
DNR-01571,ORG-HUM-01,Ryan,Tanner,synthetic.dnr-01571@demo-causefleet.org,555-0154,8963 Robin Causeway Apt. 582,Port Danielborough,MP,05434,Individual,100-999,,False,2024-10-15,True
DNR-01572,ORG-HUM-01,Jill,Johnston,synthetic.dnr-01572@demo-causefleet.org,555-0181,42284 Kevin Shore,South Patrick,OH,06899,Individual,Under 100,,False,2021-10-14,True
DNR-01573,ORG-HUM-01,April,King,synthetic.dnr-01573@demo-causefleet.org,555-0157,80403 Renee Plaza,North Marymouth,VI,29228,Individual,100-999,,False,2023-11-16,True
DNR-01574,ORG-HUM-01,John,Norton,synthetic.dnr-01574@demo-causefleet.org,555-0124,7155 Nelson Brook Suite 392,Williamschester,NM,35539,Individual,100-999,,False,2023-04-26,True
DNR-01575,ORG-HUM-01,Makayla,Powell,synthetic.dnr-01575@demo-causefleet.org,555-0145,2053 Schaefer Walk,Claireland,CT,79052,Individual,Under 100,,False,2025-06-14,True
DNR-01576,ORG-HUM-01,Jennifer,Nicholson,synthetic.dnr-01576@demo-causefleet.org,555-0183,7285 George Corner Suite 538,Port Andrew,NM,60006,Individual,100-999,,False,2024-05-29,True
DNR-01577,ORG-HUM-01,Luke,Taylor,synthetic.dnr-01577@demo-causefleet.org,555-0138,2643 Sanders Row,Keithfurt,AL,58934,Individual,Under 100,,False,2022-11-21,True
DNR-01578,ORG-HUM-01,Kimberly,Johnson,synthetic.dnr-01578@demo-causefleet.org,555-0164,1991 Stephen Landing Suite 129,Kerryport,PA,22155,Individual,Under 100,,False,2023-11-06,True
DNR-01579,ORG-HUM-01,Emily,Jordan,synthetic.dnr-01579@demo-causefleet.org,555-0181,828 Zachary Row Suite 974,Wallacestad,MS,42344,Individual,100-999,,False,2022-11-19,True
DNR-01580,ORG-HUM-01,Benjamin,Smith,synthetic.dnr-01580@demo-causefleet.org,555-0189,9434 Tracey Meadows Suite 715,Owenburgh,FL,95649,Individual,Under 100,,False,2023-12-09,True
DNR-01581,ORG-HUM-01,Brandi,Saunders,synthetic.dnr-01581@demo-causefleet.org,555-0188,6341 Clark Ramp,Owenston,TN,06758,Individual,Under 100,,False,2021-06-05,True
DNR-01582,ORG-HUM-01,Stephanie,Schneider,synthetic.dnr-01582@demo-causefleet.org,555-0196,3494 Elizabeth Viaduct Suite 872,West Sherri,NH,66100,Individual,Under 100,,False,2021-11-21,True
DNR-01583,ORG-HUM-01,Jonathan,Walker,synthetic.dnr-01583@demo-causefleet.org,555-0192,741 Ferguson Wells Suite 739,Edwardberg,ND,48567,Individual,100-999,,False,2022-11-16,True
DNR-01584,ORG-HUM-01,Michael,Smith,synthetic.dnr-01584@demo-causefleet.org,555-0181,9475 Desiree Lodge Apt. 284,Port Jamesburgh,IA,28472,Individual,"1,000-$9,999",,False,2025-08-09,True
DNR-01585,ORG-HUM-01,Diana,Rivers,synthetic.dnr-01585@demo-causefleet.org,555-0113,0407 John Valley Suite 147,Lebury,LA,16817,Corporation,Under 100,,False,2024-08-18,True
DNR-01586,ORG-HUM-01,Jennifer,Armstrong,synthetic.dnr-01586@demo-causefleet.org,555-0187,374 Klein Lodge,North Stevenborough,PA,51396,Individual,100-999,,False,2023-10-29,True
DNR-01587,ORG-HUM-01,Christian,Bailey,synthetic.dnr-01587@demo-causefleet.org,555-0194,017 Shelby Mount,Autumnfort,ND,57186,Individual,"1,000-$9,999",,False,2021-11-07,True
DNR-01588,ORG-HUM-01,Gregory,Rice,synthetic.dnr-01588@demo-causefleet.org,555-0198,162 Kara Lakes Apt. 896,Moralesbury,MI,26445,Individual,Under 100,,False,2024-06-14,True
DNR-01589,ORG-HUM-01,Tommy,Allen,synthetic.dnr-01589@demo-causefleet.org,555-0144,896 Tracy Motorway Apt. 288,West Kimberly,IL,30710,Individual,Under 100,,False,2024-11-03,True
DNR-01590,ORG-HUM-01,Lori,Mullins,synthetic.dnr-01590@demo-causefleet.org,555-0113,43097 Martin Roads,Theresabury,NE,53609,Individual,100-999,,False,2024-11-19,True
DNR-01591,ORG-HUM-01,Sandra,Edwards,synthetic.dnr-01591@demo-causefleet.org,555-0133,1480 Jane Walk Apt. 073,Kimchester,MP,48310,Individual,100-999,,False,2025-02-07,True
DNR-01592,ORG-HUM-01,Eric,Holloway,synthetic.dnr-01592@demo-causefleet.org,555-0144,2637 Zimmerman Union,East Oliviahaven,MS,56752,Corporation,100-999,,False,2023-11-05,True
DNR-01593,ORG-HUM-01,Dale,Patrick,synthetic.dnr-01593@demo-causefleet.org,555-0199,21425 Linda Corner,New Tracyside,OK,19735,Individual,Under 100,,False,2025-06-26,True
DNR-01594,ORG-HUM-01,Lisa,Grimes,synthetic.dnr-01594@demo-causefleet.org,555-0149,7446 Graves Falls Suite 544,North Abigailside,TN,91764,Individual,Under 100,,False,2025-01-25,True
DNR-01595,ORG-HUM-01,Jason,Morse,synthetic.dnr-01595@demo-causefleet.org,555-0153,052 Jamie Views,Lake Brittanymouth,MP,95171,Individual,Under 100,,False,2022-11-25,True
DNR-01596,ORG-HUM-01,Kevin,Garcia,synthetic.dnr-01596@demo-causefleet.org,555-0154,1462 Anthony Club Suite 833,West Joseph,AR,13273,Individual,Under 100,,False,2023-04-10,True
DNR-01597,ORG-HUM-01,Scott,Weaver,synthetic.dnr-01597@demo-causefleet.org,555-0110,30876 Harrison Orchard Apt. 906,Grahamside,IA,61453,Individual,Under 100,,False,2021-11-24,True
DNR-01598,ORG-HUM-01,Joy,Brooks,synthetic.dnr-01598@demo-causefleet.org,555-0133,7162 Victor Canyon Suite 888,Hoffmanport,CT,66168,Individual,100-999,,False,2023-01-19,True
DNR-01599,ORG-HUM-01,Autumn,Williams,synthetic.dnr-01599@demo-causefleet.org,555-0128,4564 Mcdonald Coves,South Benjaminbury,PA,89856,Individual,Under 100,,False,2023-02-08,True
DNR-01600,ORG-HUM-01,Kristen,Wright,synthetic.dnr-01600@demo-causefleet.org,555-0182,703 Anderson Via,Lake Susanmouth,TX,07458,Foundation,100-999,,False,2021-07-03,True
DNR-01601,ORG-HUM-01,Chad,Boyer,synthetic.dnr-01601@demo-causefleet.org,555-0194,68296 Best Mountain,Gregorymouth,IA,09280,Individual,Under 100,,False,2021-12-13,True
DNR-01602,ORG-HUM-01,Dana,Sanders,synthetic.dnr-01602@demo-causefleet.org,555-0161,2602 Daniel Ports,New Jeanmouth,MN,36722,Individual,Under 100,,False,2024-01-04,True
DNR-01603,ORG-HUM-01,Donald,Cameron,synthetic.dnr-01603@demo-causefleet.org,555-0118,58384 Faith Road,North Rickymouth,IA,43266,Individual,Under 100,,False,2023-08-24,True
DNR-01604,ORG-HUM-01,Timothy,Morgan,synthetic.dnr-01604@demo-causefleet.org,555-0128,9351 Nancy Street Apt. 401,New John,CO,75389,Individual,Under 100,,False,2025-02-07,True
DNR-01605,ORG-HUM-01,William,Walters,synthetic.dnr-01605@demo-causefleet.org,555-0191,903 Morton Wall Suite 177,Port Toddtown,ID,04781,Individual,Under 100,,False,2022-11-06,True
DNR-01606,ORG-HUM-01,Vincent,Solomon,synthetic.dnr-01606@demo-causefleet.org,555-0113,24605 Sylvia Glen Apt. 895,East Shane,OH,34431,Individual,"1,000-$9,999",,False,2022-11-29,True
DNR-01607,ORG-HUM-01,Angela,Gallagher,synthetic.dnr-01607@demo-causefleet.org,555-0121,7600 Ramirez Inlet Suite 973,Lake Kathrynbury,AZ,30339,Individual,100-999,,False,2021-11-30,True
DNR-01608,ORG-HUM-01,Joseph,Moody,synthetic.dnr-01608@demo-causefleet.org,555-0177,7451 Kevin Harbors Apt. 947,Port Dave,CO,45647,Individual,Under 100,,False,2022-05-24,True
DNR-01609,ORG-HUM-01,Melissa,Bruce,synthetic.dnr-01609@demo-causefleet.org,555-0137,0799 Roth Stravenue,Leahchester,MP,15884,Individual,Under 100,,False,2023-02-03,True
DNR-01610,ORG-HUM-01,Brett,Ashley,synthetic.dnr-01610@demo-causefleet.org,555-0158,4754 Barnes Mountain Apt. 897,East Paul,OK,28037,Individual,"1,000-$9,999",,False,2021-11-14,True
DNR-01611,ORG-HUM-01,Matthew,Harding,synthetic.dnr-01611@demo-causefleet.org,555-0163,90984 Rice Keys,Smithchester,MS,95340,Foundation,Under 100,,False,2022-09-12,True
DNR-01612,ORG-HUM-01,Carla,Weeks,synthetic.dnr-01612@demo-causefleet.org,555-0168,38268 Johnson Trafficway Suite 777,Taylorborough,OK,74556,Individual,Under 100,,False,2023-12-22,True
DNR-01613,ORG-HUM-01,Richard,Bennett,synthetic.dnr-01613@demo-causefleet.org,555-0153,9271 Brian Mill Apt. 512,Jacksonton,MT,71232,Individual,Under 100,,False,2025-04-14,True
DNR-01614,ORG-HUM-01,Denise,Jackson,synthetic.dnr-01614@demo-causefleet.org,555-0130,33302 Christina Forks,Joshuatown,WY,53078,Individual,"1,000-$9,999",,False,2025-08-09,True
DNR-01615,ORG-HUM-01,Pamela,Davenport,synthetic.dnr-01615@demo-causefleet.org,555-0157,430 Salazar Shoal Apt. 357,Morrisberg,PA,40546,Individual,Under 100,,False,2024-12-11,True
DNR-01616,ORG-HUM-01,William,Sanchez,synthetic.dnr-01616@demo-causefleet.org,555-0149,64488 Mitchell Neck,Johnville,OR,83305,Individual,Under 100,,False,2021-10-22,True
DNR-01617,ORG-HUM-01,Lauren,Logan,synthetic.dnr-01617@demo-causefleet.org,555-0151,55428 Mario Mills Suite 425,Laurenfort,OH,56111,Corporation,"1,000-$9,999",,False,2024-09-05,True
DNR-01618,ORG-HUM-01,Dana,Griffin,synthetic.dnr-01618@demo-causefleet.org,555-0182,20392 David Club Suite 019,Annchester,IL,78078,Individual,Under 100,,False,2023-10-20,True
DNR-01619,ORG-HUM-01,Dorothy,Fernandez,synthetic.dnr-01619@demo-causefleet.org,555-0186,872 Harris Union Apt. 424,Lauraburgh,OK,15325,Individual,Under 100,,False,2024-10-10,True
DNR-01620,ORG-HUM-01,Elizabeth,Long,synthetic.dnr-01620@demo-causefleet.org,555-0120,60332 Thomas Brook Suite 102,Collinsland,FL,03280,Individual,Under 100,,False,2023-06-21,True
DNR-01621,ORG-HUM-01,Erik,Warner,synthetic.dnr-01621@demo-causefleet.org,555-0116,75454 Raymond Pines,Harveyland,AR,35767,Individual,100-999,,False,2022-01-19,True
DNR-01622,ORG-HUM-01,David,Owens,synthetic.dnr-01622@demo-causefleet.org,555-0129,52697 Hill Views,East Mindyfurt,AR,63583,Individual,Under 100,,False,2023-03-05,True
DNR-01623,ORG-HUM-01,Katie,Carter,synthetic.dnr-01623@demo-causefleet.org,555-0130,09587 Rachel Spurs,South Amanda,SD,01872,Individual,"10,000-99,999",,False,2023-09-25,True
DNR-01624,ORG-HUM-01,Laura,Lin,synthetic.dnr-01624@demo-causefleet.org,555-0189,9232 Washington Grove Suite 819,Smithstad,AZ,95183,Foundation,100-999,,False,2023-04-06,True
DNR-01625,ORG-HUM-01,Ryan,Lynch,synthetic.dnr-01625@demo-causefleet.org,555-0116,209 Michael Ports Apt. 018,New Jennifer,MI,17059,Individual,Under 100,,False,2021-11-17,True
DNR-01626,ORG-HUM-01,Janet,Montes,synthetic.dnr-01626@demo-causefleet.org,555-0196,49379 Wagner Ramp Apt. 585,Lisaland,NE,28158,Individual,"10,000-99,999",,False,2022-06-13,True
DNR-01627,ORG-HUM-01,Debbie,Miller,synthetic.dnr-01627@demo-causefleet.org,555-0120,75741 Melendez Hills,Serranoshire,MT,21269,Individual,Under 100,,False,2024-11-21,True
DNR-01628,ORG-HUM-01,Michael,Miller,synthetic.dnr-01628@demo-causefleet.org,555-0144,124 Luna Freeway,Ericksonmouth,NJ,23025,Individual,Under 100,,False,2023-02-01,True
DNR-01629,ORG-HUM-01,Jonathan,Lee,synthetic.dnr-01629@demo-causefleet.org,555-0166,54978 Martin Way Suite 571,Rebeccaport,IN,68465,Individual,Under 100,,False,2025-03-27,True
DNR-01630,ORG-HUM-01,Deborah,Conley,synthetic.dnr-01630@demo-causefleet.org,555-0194,48042 Ruiz Way,Woodwardtown,VA,07033,Individual,Under 100,,False,2025-03-03,True
DNR-01631,ORG-HUM-01,Albert,Jones,synthetic.dnr-01631@demo-causefleet.org,555-0164,3762 Koch Lodge Suite 225,Brittneyton,IN,54580,Individual,Under 100,,False,2023-11-16,True
DNR-01632,ORG-HUM-01,Jerry,Larson,synthetic.dnr-01632@demo-causefleet.org,555-0172,401 Hernandez Garden,Lake Danielmouth,HI,24392,Individual,Under 100,,False,2024-10-20,True
DNR-01633,ORG-HUM-01,Rhonda,Green,synthetic.dnr-01633@demo-causefleet.org,555-0187,9001 Martinez Ridge Apt. 359,Shaneport,GA,21199,Individual,Under 100,,False,2023-02-17,True
DNR-01634,ORG-HUM-01,Dana,Flowers,synthetic.dnr-01634@demo-causefleet.org,555-0166,667 Robles Corner Suite 390,East Ryan,PW,21934,Individual,100-999,,False,2023-11-28,True
DNR-01635,ORG-HUM-01,Steven,Chan,synthetic.dnr-01635@demo-causefleet.org,555-0163,0032 Autumn Squares Apt. 647,Jonesport,ME,19591,Foundation,Under 100,,False,2024-08-18,True
DNR-01636,ORG-HUM-01,Tracy,Wilkinson,synthetic.dnr-01636@demo-causefleet.org,555-0144,4042 David River Suite 920,Ramosstad,AS,35581,Individual,"$100,000+",,False,2023-05-16,True
DNR-01637,ORG-HUM-01,Jeffrey,Gonzalez,synthetic.dnr-01637@demo-causefleet.org,555-0137,969 Joshua Walk,Lake Kimberly,OR,24516,Individual,Under 100,,False,2025-07-07,True
DNR-01638,ORG-HUM-01,Haley,Thompson,synthetic.dnr-01638@demo-causefleet.org,555-0175,357 John Union Apt. 330,Hallmouth,IA,82954,Individual,Under 100,,False,2024-11-04,True
DNR-01639,ORG-HUM-01,Erin,Williams,synthetic.dnr-01639@demo-causefleet.org,555-0124,4122 Chang Glen,Lake Ashleystad,ID,94162,Corporation,Under 100,,False,2025-04-22,True
DNR-01640,ORG-HUM-01,Eric,Allen,synthetic.dnr-01640@demo-causefleet.org,555-0154,51602 Lorraine Islands Apt. 071,Staceymouth,ND,65860,Foundation,Under 100,,False,2024-12-18,True
DNR-01641,ORG-HUM-01,Briana,Burch,synthetic.dnr-01641@demo-causefleet.org,555-0165,2245 Torres Common,West Lisa,PR,11983,Individual,Under 100,,False,2021-08-25,True
DNR-01642,ORG-HUM-01,Jesse,Owen,synthetic.dnr-01642@demo-causefleet.org,555-0124,8191 Lynn Street,Rebeccastad,VT,97877,Individual,100-999,,False,2021-12-26,True
DNR-01643,ORG-HUM-01,Haley,Carr,synthetic.dnr-01643@demo-causefleet.org,555-0146,97157 Howard Crossing Suite 632,West Robert,AK,56938,Individual,"1,000-$9,999",,False,2022-05-20,True
DNR-01644,ORG-HUM-01,Robert,Bruce,synthetic.dnr-01644@demo-causefleet.org,555-0196,856 Leslie Branch,South Ryanland,MD,05945,Individual,"10,000-99,999",,False,2021-12-08,True
DNR-01645,ORG-HUM-01,Brian,Lawson,synthetic.dnr-01645@demo-causefleet.org,555-0196,569 Murray Club Suite 336,New Bobbyshire,AZ,14827,Individual,Under 100,,False,2022-09-01,True
DNR-01646,ORG-HUM-01,Sabrina,Hubbard,synthetic.dnr-01646@demo-causefleet.org,555-0185,103 Todd Passage Apt. 893,West Laurenfurt,TN,15519,Individual,"1,000-$9,999",,False,2021-08-09,True
DNR-01647,ORG-HUM-01,John,Mills,synthetic.dnr-01647@demo-causefleet.org,555-0172,785 Alison Spur Suite 690,Courtneyshire,MS,44288,Individual,Under 100,,False,2023-02-01,True
DNR-01648,ORG-HUM-01,Katherine,Herrera,synthetic.dnr-01648@demo-causefleet.org,555-0177,7280 Timothy Drives,Mooretown,VA,84166,Individual,Under 100,,False,2025-09-20,True
DNR-01649,ORG-HUM-01,Daniel,Barnett,synthetic.dnr-01649@demo-causefleet.org,555-0195,2373 Fisher Brook Suite 830,North Kayla,PA,58624,Individual,100-999,,False,2025-09-04,True
DNR-01650,ORG-HUM-01,Abigail,George,synthetic.dnr-01650@demo-causefleet.org,555-0149,45498 Robert Common Suite 674,South Nicholashaven,VA,55270,Individual,100-999,,False,2025-07-17,True
DNR-01651,ORG-HUM-01,Carlos,Hoffman,synthetic.dnr-01651@demo-causefleet.org,555-0115,16456 Michael Rest Suite 634,Port Christopher,AR,82528,Individual,Under 100,,False,2023-05-13,True
DNR-01652,ORG-HUM-01,Jason,Frederick,synthetic.dnr-01652@demo-causefleet.org,555-0138,025 Patterson Trace,East Kaylee,VT,62998,Individual,Under 100,,False,2024-04-04,True
DNR-01653,ORG-HUM-01,John,Rhodes,synthetic.dnr-01653@demo-causefleet.org,555-0160,7871 Mary Coves,Justinfort,TX,20646,Individual,Under 100,,False,2023-07-04,True
DNR-01654,ORG-HUM-01,Dale,Baker,synthetic.dnr-01654@demo-causefleet.org,555-0186,54550 Wendy Hill,New Victoriaton,TN,74371,Individual,100-999,,False,2021-06-20,True
DNR-01655,ORG-HUM-01,Andrea,Clark,synthetic.dnr-01655@demo-causefleet.org,555-0117,7388 Taylor Lane Apt. 630,Port Laura,LA,33102,Individual,Under 100,,False,2023-12-15,True
DNR-01656,ORG-HUM-01,Kelsey,Brown,synthetic.dnr-01656@demo-causefleet.org,555-0110,143 Moore Inlet,North Travis,VT,36936,Foundation,"10,000-99,999",,False,2023-09-11,True
DNR-01657,ORG-HUM-01,Victoria,Knight,synthetic.dnr-01657@demo-causefleet.org,555-0136,4662 Steele Knolls Apt. 896,East Matthew,NV,43401,Individual,Under 100,,False,2021-11-16,True
DNR-01658,ORG-HUM-01,Brian,Martin,synthetic.dnr-01658@demo-causefleet.org,555-0148,23405 Manning Mission,East Michaelstad,NC,74407,Individual,Under 100,,False,2024-02-26,True
DNR-01659,ORG-HUM-01,Margaret,Garcia,synthetic.dnr-01659@demo-causefleet.org,555-0137,051 Powell Cape,Port Hectorshire,DC,64437,Individual,Under 100,,False,2024-08-10,True
DNR-01660,ORG-HUM-01,Kelly,Hill,synthetic.dnr-01660@demo-causefleet.org,555-0127,863 Miller Dam,Myersmouth,MP,72807,Individual,Under 100,,False,2023-09-13,True
DNR-01661,ORG-HUM-01,Melissa,Campbell,synthetic.dnr-01661@demo-causefleet.org,555-0142,02248 John Plains Suite 313,Youngland,ME,48603,Individual,Under 100,,False,2024-12-04,True
DNR-01662,ORG-HUM-01,Sherry,Monroe,synthetic.dnr-01662@demo-causefleet.org,555-0147,026 Welch Valleys,West Kristinbury,TN,75703,Individual,100-999,,False,2021-08-05,True
DNR-01663,ORG-HUM-01,Patrick,Johnson,synthetic.dnr-01663@demo-causefleet.org,555-0151,89119 Jessica Vista Suite 924,Ortizside,TN,28212,Foundation,100-999,,False,2023-03-10,True
DNR-01664,ORG-HUM-01,Tanya,Robinson,synthetic.dnr-01664@demo-causefleet.org,555-0125,1318 Daniel Walks,West Alecmouth,PW,11763,Individual,"1,000-$9,999",,False,2022-09-02,True
DNR-01665,ORG-HUM-01,Jesse,Edwards,synthetic.dnr-01665@demo-causefleet.org,555-0110,9044 Johnson Lake,Smithview,WY,06761,Corporation,100-999,,False,2024-06-08,True
DNR-01666,ORG-HUM-01,Raven,Chavez,synthetic.dnr-01666@demo-causefleet.org,555-0173,878 Chad Flat Apt. 456,Leroyberg,WV,20485,Individual,100-999,,False,2024-11-28,True
DNR-01667,ORG-HUM-01,Doris,Kennedy,synthetic.dnr-01667@demo-causefleet.org,555-0165,74033 Baker River Suite 093,New Daniel,IN,52036,Individual,Under 100,,False,2023-05-26,True
DNR-01668,ORG-HUM-01,Yolanda,Roberts,synthetic.dnr-01668@demo-causefleet.org,555-0132,641 Martha Brook,East Ronald,AS,59604,Foundation,100-999,,False,2024-08-27,True
DNR-01669,ORG-HUM-01,Shelby,Warner,synthetic.dnr-01669@demo-causefleet.org,555-0126,7631 Christopher Place,Schneiderport,MT,12903,Individual,Under 100,,False,2022-12-07,True
DNR-01670,ORG-HUM-01,Jeremiah,Johnson,synthetic.dnr-01670@demo-causefleet.org,555-0158,04748 Marshall Hills Suite 989,Williamhaven,CA,61750,Individual,Under 100,,False,2022-02-18,True
DNR-01671,ORG-HUM-01,Debra,Sullivan,synthetic.dnr-01671@demo-causefleet.org,555-0178,07701 Tucker Track,Lake Timothy,OK,41125,Individual,Under 100,,False,2021-06-20,True
DNR-01672,ORG-HUM-01,Lisa,Cabrera,synthetic.dnr-01672@demo-causefleet.org,555-0139,8111 Rodriguez Squares,Collierton,KY,81252,Individual,Under 100,,False,2023-12-30,True
DNR-01673,ORG-HUM-01,Sandra,Adams,synthetic.dnr-01673@demo-causefleet.org,555-0174,55967 Perez Fort Suite 965,Shelbybury,OK,14774,Individual,Under 100,,False,2021-07-08,True
DNR-01674,ORG-HUM-01,Erin,Cardenas,synthetic.dnr-01674@demo-causefleet.org,555-0181,3004 Paul Lodge,Jasonfurt,VT,15137,Individual,"1,000-$9,999",,False,2023-06-30,True
DNR-01675,ORG-HUM-01,Christina,Holland,synthetic.dnr-01675@demo-causefleet.org,555-0195,17394 Benson Drives Suite 872,Port Julie,OH,46244,Individual,Under 100,,False,2025-07-25,True
DNR-01676,ORG-HUM-01,Nicholas,Rivera,synthetic.dnr-01676@demo-causefleet.org,555-0155,276 Beck Green,East Joshuaborough,WY,16802,Individual,Under 100,,False,2025-01-29,True
DNR-01677,ORG-HUM-01,Timothy,Lynch,synthetic.dnr-01677@demo-causefleet.org,555-0119,60558 Tim Forks Suite 792,Lake Davidberg,MA,03711,Individual,Under 100,,False,2025-04-17,True
DNR-01678,ORG-HUM-01,Lisa,Grant,synthetic.dnr-01678@demo-causefleet.org,555-0160,4646 Lori Place,Smithport,TN,82865,Individual,Under 100,,False,2023-02-13,True
DNR-01679,ORG-HUM-01,Michael,Smith,synthetic.dnr-01679@demo-causefleet.org,555-0115,342 Dominguez Courts,Sandersshire,FL,47964,Individual,Under 100,,False,2024-03-19,True
DNR-01680,ORG-HUM-01,Cassandra,Phelps,synthetic.dnr-01680@demo-causefleet.org,555-0165,0926 Adrian Shores,Port Susanville,TN,98784,Individual,Under 100,,False,2022-10-23,True
DNR-01681,ORG-HUM-01,Lisa,Coleman,synthetic.dnr-01681@demo-causefleet.org,555-0112,97384 Faulkner Summit Apt. 213,North Emilyside,NY,18842,Individual,Under 100,,False,2021-08-27,True
DNR-01682,ORG-HUM-01,James,Nash,synthetic.dnr-01682@demo-causefleet.org,555-0168,908 Woods Flat Apt. 104,Allisonfort,TX,61607,Corporation,Under 100,,False,2024-04-03,True
DNR-01683,ORG-HUM-01,John,Braun,synthetic.dnr-01683@demo-causefleet.org,555-0119,6192 Vanessa Trail Apt. 206,Port Christopher,VA,52619,Individual,100-999,,False,2025-07-11,True
DNR-01684,ORG-HUM-01,David,Cruz,synthetic.dnr-01684@demo-causefleet.org,555-0150,23641 Lawson Manors,West Robin,RI,77971,Individual,100-999,,False,2024-12-23,True
DNR-01685,ORG-HUM-01,Melanie,Hamilton,synthetic.dnr-01685@demo-causefleet.org,555-0183,23919 Donna Junctions,Port Rachel,FL,83740,Individual,Under 100,,False,2021-09-13,True
DNR-01686,ORG-HUM-01,Linda,Buck,synthetic.dnr-01686@demo-causefleet.org,555-0164,9379 Jacobs Road,Meganburgh,HI,41529,Individual,Under 100,,False,2024-11-26,True
DNR-01687,ORG-HUM-01,Christina,Gill,synthetic.dnr-01687@demo-causefleet.org,555-0183,8436 Hunter Well Apt. 143,North Ronald,AK,79799,Foundation,Under 100,,False,2022-03-20,True
DNR-01688,ORG-HUM-01,Angel,Hoffman,synthetic.dnr-01688@demo-causefleet.org,555-0161,55590 Hale Expressway Suite 879,East Sandrashire,CT,90691,Individual,100-999,,False,2024-06-25,True
DNR-01689,ORG-HUM-01,Jennifer,Adams,synthetic.dnr-01689@demo-causefleet.org,555-0191,72162 Foster Brooks Apt. 235,Charlestown,HI,82091,Individual,Under 100,,False,2022-01-27,True
DNR-01690,ORG-HUM-01,Diane,Lawrence,synthetic.dnr-01690@demo-causefleet.org,555-0163,3793 Davila Walk Suite 519,West Jennifer,KY,89916,Individual,Under 100,,False,2022-10-19,True
DNR-01691,ORG-HUM-01,Caleb,Leonard,synthetic.dnr-01691@demo-causefleet.org,555-0147,0386 Susan Lock Suite 611,West Stacy,LA,96220,Individual,100-999,,False,2021-10-14,True
DNR-01692,ORG-HUM-01,Jamie,Johnson,synthetic.dnr-01692@demo-causefleet.org,555-0124,056 Antonio Pass,New Tamara,SC,33628,Individual,Under 100,,False,2025-02-05,True
DNR-01693,ORG-HUM-01,Angelica,Dixon,synthetic.dnr-01693@demo-causefleet.org,555-0161,10788 Christopher Roads,Perezchester,MI,38591,Individual,Under 100,,False,2025-09-21,True
DNR-01694,ORG-HUM-01,Edward,Smith,synthetic.dnr-01694@demo-causefleet.org,555-0112,19708 Taylor Mountains,Marialand,NE,89876,Individual,Under 100,,False,2023-10-11,True
DNR-01695,ORG-HUM-01,Tracy,Wolfe,synthetic.dnr-01695@demo-causefleet.org,555-0151,651 Colleen Street,Michaelland,TX,93480,Individual,"1,000-$9,999",,False,2024-07-09,True
DNR-01696,ORG-HUM-01,Susan,Dyer,synthetic.dnr-01696@demo-causefleet.org,555-0131,194 Mckinney Crossroad,Wileyborough,UT,06747,Individual,100-999,,False,2021-07-01,True
DNR-01697,ORG-HUM-01,Robert,Ferrell,synthetic.dnr-01697@demo-causefleet.org,555-0189,35028 Aaron Field,Feliciaview,ID,60387,Individual,100-999,,False,2021-06-21,True
DNR-01698,ORG-HUM-01,Jamie,Wilson,synthetic.dnr-01698@demo-causefleet.org,555-0168,280 Monica Station Suite 316,Salazarside,NJ,95775,Individual,Under 100,,False,2022-11-06,True
DNR-01699,ORG-HUM-01,Albert,Clark,synthetic.dnr-01699@demo-causefleet.org,555-0198,5441 Perry Mews,Bakermouth,AL,04515,Corporation,Under 100,,False,2024-05-06,True
DNR-01700,ORG-HUM-01,Karl,Mccormick,synthetic.dnr-01700@demo-causefleet.org,555-0156,015 Tracy Hills Apt. 962,New Davidville,DE,47511,Individual,"10,000-99,999",,False,2024-05-21,True
DNR-01701,ORG-HUM-01,Lisa,Pena,synthetic.dnr-01701@demo-causefleet.org,555-0121,961 David Villages Apt. 552,Lake Francisco,TN,72941,Corporation,"1,000-$9,999",,False,2021-06-10,True
DNR-01702,ORG-HUM-01,Mark,Monroe,synthetic.dnr-01702@demo-causefleet.org,555-0165,7435 Singh Squares,Tylerfurt,HI,45047,Individual,Under 100,,False,2025-06-20,True
DNR-01703,ORG-HUM-01,Erica,Larson,synthetic.dnr-01703@demo-causefleet.org,555-0123,11525 Hunter Mews,South Sean,ND,72874,Individual,100-999,,False,2024-08-25,True
DNR-01704,ORG-HUM-01,Richard,Walker,synthetic.dnr-01704@demo-causefleet.org,555-0141,8903 Jonathan Knolls Apt. 971,Jonesport,GU,17703,Individual,Under 100,,False,2023-10-01,True
DNR-01705,ORG-HUM-01,Victoria,Robinson,synthetic.dnr-01705@demo-causefleet.org,555-0165,459 Brandon Street Suite 967,Seanland,CT,89711,Individual,Under 100,,False,2022-03-09,True
DNR-01706,ORG-HUM-01,Shane,Vargas,synthetic.dnr-01706@demo-causefleet.org,555-0185,45762 Sawyer Islands,North Wendytown,OH,75210,Individual,100-999,,False,2022-03-26,True
DNR-01707,ORG-HUM-01,Melinda,Faulkner,synthetic.dnr-01707@demo-causefleet.org,555-0161,15221 James Station Suite 008,West Stephen,TX,98586,Individual,Under 100,,False,2025-08-28,True
DNR-01708,ORG-HUM-01,Emily,Reid,synthetic.dnr-01708@demo-causefleet.org,555-0177,74611 Jessica Ports,Rayberg,NH,14280,Individual,"1,000-$9,999",,False,2021-09-20,True
DNR-01709,ORG-HUM-01,Sarah,Dominguez,synthetic.dnr-01709@demo-causefleet.org,555-0120,38788 Khan Drive,Jessicaside,VI,81080,Individual,Under 100,,False,2024-02-28,True
DNR-01710,ORG-HUM-01,William,Garcia,synthetic.dnr-01710@demo-causefleet.org,555-0160,97630 Deanna Mountains Apt. 794,Kimberlymouth,NH,90153,Individual,Under 100,,False,2023-08-20,True
DNR-01711,ORG-HUM-01,Donna,Kane,synthetic.dnr-01711@demo-causefleet.org,555-0149,1076 Julia Dale Suite 543,Kaylastad,OK,14804,Individual,"1,000-$9,999",,False,2025-04-26,True
DNR-01712,ORG-HUM-01,Anthony,Mcbride,synthetic.dnr-01712@demo-causefleet.org,555-0153,59839 Blevins Route Apt. 799,Coxmouth,NV,67004,Individual,"1,000-$9,999",,False,2024-05-27,True
DNR-01713,ORG-HUM-01,Sandra,Crawford,synthetic.dnr-01713@demo-causefleet.org,555-0138,816 Fox View Apt. 407,North Wendy,SD,88309,Individual,Under 100,,False,2024-09-10,True
DNR-01714,ORG-HUM-01,Gloria,Owens,synthetic.dnr-01714@demo-causefleet.org,555-0152,35007 Paul Estate Apt. 338,Justinbury,MH,25285,Individual,Under 100,,False,2021-11-02,True
DNR-01715,ORG-HUM-01,Briana,Peterson,synthetic.dnr-01715@demo-causefleet.org,555-0131,023 Kathy Dam Suite 532,Youngmouth,AS,16082,Individual,Under 100,,False,2023-03-10,True
DNR-01716,ORG-HUM-01,Shannon,Baker,synthetic.dnr-01716@demo-causefleet.org,555-0119,22347 Jones Manors,Oliviashire,IA,93609,Corporation,Under 100,,False,2022-08-25,True
DNR-01717,ORG-HUM-01,Micheal,Neal,synthetic.dnr-01717@demo-causefleet.org,555-0175,00617 Jones Manor,Josephstad,OK,36427,Individual,"1,000-$9,999",,False,2022-12-18,True
DNR-01718,ORG-HUM-01,Lauren,Rodriguez,synthetic.dnr-01718@demo-causefleet.org,555-0191,89391 Tim Street,Port Roberttown,NV,96831,Individual,"1,000-$9,999",,False,2024-11-17,True
DNR-01719,ORG-HUM-01,Rebecca,Jackson,synthetic.dnr-01719@demo-causefleet.org,555-0124,305 Phillips Manor,Johntown,KS,49125,Corporation,Under 100,,False,2023-03-04,True
DNR-01720,ORG-HUM-01,Lisa,Peterson,synthetic.dnr-01720@demo-causefleet.org,555-0177,26356 Vincent Oval Suite 332,Ortizborough,OK,95288,Individual,Under 100,,False,2023-01-07,True
DNR-01721,ORG-HUM-01,Jose,Colon,synthetic.dnr-01721@demo-causefleet.org,555-0175,82369 Le Viaduct,South Pamela,OK,02777,Individual,Under 100,,False,2024-01-07,True
DNR-01722,ORG-HUM-01,Gina,Hernandez,synthetic.dnr-01722@demo-causefleet.org,555-0134,5061 Mejia Camp Suite 701,Erikaburgh,AZ,07817,Individual,"1,000-$9,999",,False,2022-03-18,True
DNR-01723,ORG-HUM-01,Melinda,King,synthetic.dnr-01723@demo-causefleet.org,555-0154,6972 Patrick Stream,New Deborahbury,WV,90450,Individual,Under 100,,False,2022-04-25,True
DNR-01724,ORG-HUM-01,Brianna,Reid,synthetic.dnr-01724@demo-causefleet.org,555-0154,929 Logan Ridge,North Aaron,MA,29904,Individual,Under 100,,False,2024-12-16,True
DNR-01725,ORG-HUM-01,Christopher,Thompson,synthetic.dnr-01725@demo-causefleet.org,555-0192,08228 Denise Mills Suite 270,Justinside,MD,64856,Individual,Under 100,,False,2021-07-10,True
DNR-01726,ORG-HUM-01,Amanda,Wallace,synthetic.dnr-01726@demo-causefleet.org,555-0128,206 Edward Square,North Tinaburgh,MT,76119,Individual,Under 100,,False,2024-08-08,True
DNR-01727,ORG-HUM-01,Rachel,Green,synthetic.dnr-01727@demo-causefleet.org,555-0140,8952 Henry Bridge Suite 064,Mooreview,PW,45411,Individual,Under 100,,False,2023-10-25,True
DNR-01728,ORG-HUM-01,Steven,Chavez,synthetic.dnr-01728@demo-causefleet.org,555-0123,477 Smith Alley Suite 657,Elliston,NE,11827,Corporation,Under 100,,False,2022-03-08,True
DNR-01729,ORG-HUM-01,Christina,Porter,synthetic.dnr-01729@demo-causefleet.org,555-0128,84268 Laura Dale Apt. 616,Davidtown,AL,45275,Individual,"1,000-$9,999",,False,2022-01-12,True
DNR-01730,ORG-HUM-01,Travis,Brewer,synthetic.dnr-01730@demo-causefleet.org,555-0142,56688 Laura Club Suite 647,Cynthiaberg,NH,76867,Individual,"1,000-$9,999",,False,2022-04-07,True
DNR-01731,ORG-HUM-01,Priscilla,Beard,synthetic.dnr-01731@demo-causefleet.org,555-0135,85354 Mary Turnpike Apt. 199,New Angelaview,OH,03085,Individual,100-999,,False,2023-09-08,True
DNR-01732,ORG-HUM-01,Aaron,Park,synthetic.dnr-01732@demo-causefleet.org,555-0132,86715 Benjamin Mountain Apt. 074,West Jeremychester,OH,76389,Individual,Under 100,,False,2023-09-05,True
DNR-01733,ORG-HUM-01,Scott,Gray,synthetic.dnr-01733@demo-causefleet.org,555-0187,461 Mark Cliff,North Sarashire,AL,07217,Individual,Under 100,,False,2023-01-12,True
DNR-01734,ORG-HUM-01,Brent,Rodriguez,synthetic.dnr-01734@demo-causefleet.org,555-0129,20502 Ortega Port Suite 239,North Christopher,TX,23064,Individual,100-999,,False,2024-05-06,True
DNR-01735,ORG-HUM-01,Nina,Diaz,synthetic.dnr-01735@demo-causefleet.org,555-0193,7539 Morris Way Suite 442,Edwardview,TN,85494,Individual,Under 100,,False,2024-02-07,True
DNR-01736,ORG-HUM-01,Juan,Sullivan,synthetic.dnr-01736@demo-causefleet.org,555-0119,3740 Davis Field,South Sharon,RI,30617,Foundation,"1,000-$9,999",,False,2022-02-18,True
DNR-01737,ORG-HUM-01,Kristine,Hogan,synthetic.dnr-01737@demo-causefleet.org,555-0132,997 Ferguson Summit Suite 085,Tylerland,AS,60506,Individual,100-999,,False,2025-03-06,True
DNR-01738,ORG-HUM-01,Diane,Marsh,synthetic.dnr-01738@demo-causefleet.org,555-0190,688 Joshua Radial Apt. 803,Wesleyburgh,LA,96769,Individual,Under 100,,False,2022-09-20,True
DNR-01739,ORG-HUM-01,Michael,Scott,synthetic.dnr-01739@demo-causefleet.org,555-0173,99986 Ian Landing Apt. 527,North Rachelland,UT,07939,Individual,"1,000-$9,999",,False,2021-08-11,True
DNR-01740,ORG-HUM-01,April,Owen,synthetic.dnr-01740@demo-causefleet.org,555-0169,466 Carlson Viaduct,North John,GU,76113,Individual,"1,000-$9,999",,False,2025-05-13,True
DNR-01741,ORG-HUM-01,Vincent,Clark,synthetic.dnr-01741@demo-causefleet.org,555-0182,348 Natalie Canyon Apt. 264,West Christina,NM,87362,Individual,Under 100,,False,2023-03-15,True
DNR-01742,ORG-HUM-01,Alan,York,synthetic.dnr-01742@demo-causefleet.org,555-0184,298 Morse Plaza Apt. 921,Thomasview,PA,96032,Individual,Under 100,,False,2025-06-16,True
DNR-01743,ORG-HUM-01,Sean,Hughes,synthetic.dnr-01743@demo-causefleet.org,555-0167,93717 Fleming Underpass Apt. 146,South Isaacmouth,ND,06716,Individual,Under 100,,False,2023-10-03,True
DNR-01744,ORG-HUM-01,Maurice,Thomas,synthetic.dnr-01744@demo-causefleet.org,555-0197,7698 Lawrence Plains,Shepardmouth,LA,37041,Individual,Under 100,,False,2024-12-02,True
DNR-01745,ORG-HUM-01,Jonathan,Hayes,synthetic.dnr-01745@demo-causefleet.org,555-0182,34019 Jennifer Prairie Apt. 605,Whitemouth,MA,87465,Individual,Under 100,,False,2022-11-04,True
DNR-01746,ORG-HUM-01,Vanessa,Perkins,synthetic.dnr-01746@demo-causefleet.org,555-0192,3890 Eric Harbors Suite 479,South Jennifer,TN,46307,Individual,Under 100,,False,2025-09-16,True
DNR-01747,ORG-HUM-01,Samantha,Jones,synthetic.dnr-01747@demo-causefleet.org,555-0191,8622 Mindy Circle Suite 065,Aprilmouth,IN,13888,Individual,"1,000-$9,999",,False,2023-03-07,True
DNR-01748,ORG-HUM-01,David,Anderson,synthetic.dnr-01748@demo-causefleet.org,555-0189,30372 Jones Loop Apt. 447,Robertland,AS,14281,Individual,Under 100,,False,2023-01-21,True
DNR-01749,ORG-HUM-01,Charles,Stephens,synthetic.dnr-01749@demo-causefleet.org,555-0151,8287 Rebecca Mall,West Heidiport,MI,82104,Individual,Under 100,,False,2021-12-23,True
DNR-01750,ORG-HUM-01,Mark,Morales,synthetic.dnr-01750@demo-causefleet.org,555-0190,6541 Frederick Walk,West Donald,GA,87371,Individual,100-999,,False,2025-02-24,True
DNR-01751,ORG-HUM-01,Amber,Reynolds,synthetic.dnr-01751@demo-causefleet.org,555-0150,9469 Thompson Parkway,Lake Mary,LA,59353,Individual,Under 100,,False,2023-09-07,True
DNR-01752,ORG-HUM-01,Mark,Williams,synthetic.dnr-01752@demo-causefleet.org,555-0129,329 Davis Street,East Julie,PW,02699,Individual,100-999,,False,2025-03-30,True
DNR-01753,ORG-HUM-01,Ryan,James,synthetic.dnr-01753@demo-causefleet.org,555-0166,2778 Taylor Plains Suite 272,Rodgerstown,VA,32377,Individual,Under 100,,False,2022-04-26,True
DNR-01754,ORG-HUM-01,William,Durham,synthetic.dnr-01754@demo-causefleet.org,555-0118,347 Sue Avenue Suite 283,West Dana,MI,99380,Individual,Under 100,,False,2022-01-23,True
DNR-01755,ORG-HUM-01,Stephanie,Padilla,synthetic.dnr-01755@demo-causefleet.org,555-0170,56232 Porter Station Apt. 045,West Alyssa,VT,77048,Corporation,Under 100,,False,2024-09-10,True
DNR-01756,ORG-HUM-01,Bruce,Martinez,synthetic.dnr-01756@demo-causefleet.org,555-0166,22857 Larry Estates Suite 025,Matthewchester,NC,79620,Individual,100-999,,False,2023-06-14,True
DNR-01757,ORG-HUM-01,Isabella,Walker,synthetic.dnr-01757@demo-causefleet.org,555-0190,0411 Woods Point Apt. 596,Ricardomouth,IN,69660,Foundation,Under 100,,False,2024-07-24,True
DNR-01758,ORG-HUM-01,Kristin,Russo,synthetic.dnr-01758@demo-causefleet.org,555-0148,044 Reese Meadows Suite 332,New Melanie,UT,21870,Individual,100-999,,False,2023-02-09,True
DNR-01759,ORG-HUM-01,Carrie,Bell,synthetic.dnr-01759@demo-causefleet.org,555-0145,700 Vance Garden Suite 599,Susanchester,KY,04665,Individual,Under 100,,False,2022-08-23,True
DNR-01760,ORG-HUM-01,Andrew,Peters,synthetic.dnr-01760@demo-causefleet.org,555-0185,01203 Barbara Burgs Apt. 387,Port Katherineberg,ND,29840,Individual,Under 100,,False,2023-07-13,True
DNR-01761,ORG-HUM-01,Roger,Weber,synthetic.dnr-01761@demo-causefleet.org,555-0117,108 Stacey Lakes Apt. 374,West Richard,AK,17448,Individual,Under 100,,False,2022-06-28,True
DNR-01762,ORG-HUM-01,Shannon,Martin,synthetic.dnr-01762@demo-causefleet.org,555-0155,56596 Ford Prairie Suite 575,Cherylstad,MN,03832,Individual,"1,000-$9,999",,False,2024-03-03,True
DNR-01763,ORG-HUM-01,Mario,Wong,synthetic.dnr-01763@demo-causefleet.org,555-0174,91714 Hutchinson Villages Suite 183,Sherimouth,DC,97372,Individual,"1,000-$9,999",,False,2025-04-11,True
DNR-01764,ORG-HUM-01,Penny,Thomas,synthetic.dnr-01764@demo-causefleet.org,555-0119,8821 Santos Court,New Crystalburgh,CO,39739,Individual,Under 100,,False,2025-02-10,True
DNR-01765,ORG-HUM-01,Nicholas,Phillips,synthetic.dnr-01765@demo-causefleet.org,555-0149,2030 Thomas Lights Suite 730,West Stephanie,ID,96023,Individual,Under 100,,False,2025-01-08,True
DNR-01766,ORG-HUM-01,Michele,Jackson,synthetic.dnr-01766@demo-causefleet.org,555-0169,44029 Yolanda Mews,West Dawn,WY,03391,Individual,Under 100,,False,2022-12-26,True
DNR-01767,ORG-HUM-01,Christopher,Robles,synthetic.dnr-01767@demo-causefleet.org,555-0167,052 Mendoza Island,Lake Anthonyfort,PA,33646,Individual,Under 100,,False,2023-11-29,True
DNR-01768,ORG-HUM-01,Lauren,Rios,synthetic.dnr-01768@demo-causefleet.org,555-0114,4601 Stephanie Tunnel,East Laurenbury,KS,66343,Individual,Under 100,,False,2021-10-19,True
DNR-01769,ORG-HUM-01,Thomas,Harris,synthetic.dnr-01769@demo-causefleet.org,555-0117,276 Miller Park Apt. 421,East Anthonyburgh,RI,11814,Individual,"1,000-$9,999",,False,2024-06-29,True
DNR-01770,ORG-HUM-01,Jasmine,Shaw,synthetic.dnr-01770@demo-causefleet.org,555-0157,14948 Francisco Pine,New Amyhaven,VT,09706,Individual,"1,000-$9,999",,False,2025-03-29,True
DNR-01771,ORG-HUM-01,Erica,Turner,synthetic.dnr-01771@demo-causefleet.org,555-0146,31919 William Cliff Apt. 356,North Scott,FL,31106,Individual,Under 100,,False,2023-12-03,True
DNR-01772,ORG-HUM-01,Nicole,Garrett,synthetic.dnr-01772@demo-causefleet.org,555-0119,41710 Hannah Port Apt. 918,Robertsmouth,GU,04455,Individual,Under 100,,False,2024-09-16,True
DNR-01773,ORG-HUM-01,Jennifer,Harrington,synthetic.dnr-01773@demo-causefleet.org,555-0192,44956 Susan Club,Patriciafort,WI,51729,Foundation,"1,000-$9,999",,False,2021-11-25,True
DNR-01774,ORG-HUM-01,Margaret,Crawford,synthetic.dnr-01774@demo-causefleet.org,555-0121,257 Jeremy Views Suite 316,Port Jamesfort,SD,66538,Foundation,100-999,,False,2022-11-29,True
DNR-01775,ORG-HUM-01,Christopher,Compton,synthetic.dnr-01775@demo-causefleet.org,555-0188,7039 Heath Ford,South Raymondmouth,AK,02292,Individual,Under 100,,False,2024-07-27,True
DNR-01776,ORG-HUM-01,Cathy,Powell,synthetic.dnr-01776@demo-causefleet.org,555-0186,9323 Hannah Circle Apt. 715,Port Anthonyfort,VI,09112,Individual,Under 100,,False,2022-11-29,True
DNR-01777,ORG-HUM-01,Brandon,Fisher,synthetic.dnr-01777@demo-causefleet.org,555-0174,34306 Preston Tunnel,Carterside,UT,69462,Individual,Under 100,,False,2022-08-09,True
DNR-01778,ORG-HUM-01,Cindy,Curtis,synthetic.dnr-01778@demo-causefleet.org,555-0159,5909 Lopez Pine,Robinberg,TX,49500,Individual,Under 100,,False,2023-10-22,True
DNR-01779,ORG-HUM-01,Matthew,Hill,synthetic.dnr-01779@demo-causefleet.org,555-0169,39196 Tamara Inlet Apt. 367,New Jennifer,ID,52455,Individual,Under 100,,False,2023-10-20,True
DNR-01780,ORG-HUM-01,Maureen,Lee,synthetic.dnr-01780@demo-causefleet.org,555-0184,004 Robert Mill,Aprilchester,MT,36345,Individual,Under 100,,False,2025-03-21,True
DNR-01781,ORG-HUM-01,Joann,Acevedo,synthetic.dnr-01781@demo-causefleet.org,555-0180,63712 Richard Coves Suite 552,Castilloton,DE,34599,Individual,100-999,,False,2023-08-28,True
DNR-01782,ORG-HUM-01,Kevin,Hunt,synthetic.dnr-01782@demo-causefleet.org,555-0115,441 Gonzales Plains,Lake Larryborough,UT,50209,Foundation,Under 100,,False,2022-12-20,True
DNR-01783,ORG-HUM-01,Charles,Ryan,synthetic.dnr-01783@demo-causefleet.org,555-0167,46036 Christopher Rest,South Kaitlyn,AK,44127,Individual,Under 100,,False,2025-04-12,True
DNR-01784,ORG-HUM-01,Jenna,Nelson,synthetic.dnr-01784@demo-causefleet.org,555-0183,2683 Hunter Glens Apt. 771,Lindsayborough,LA,89191,Individual,Under 100,,False,2022-11-23,True
DNR-01785,ORG-HUM-01,Gina,Campbell,synthetic.dnr-01785@demo-causefleet.org,555-0193,566 Alan Avenue Apt. 196,East Tyler,FL,29408,Individual,100-999,,False,2022-08-06,True
DNR-01786,ORG-HUM-01,Nicholas,Matthews,synthetic.dnr-01786@demo-causefleet.org,555-0134,217 Peter Pines Apt. 850,Marymouth,AK,77240,Foundation,100-999,,False,2025-08-12,True
DNR-01787,ORG-HUM-01,Anthony,Moran,synthetic.dnr-01787@demo-causefleet.org,555-0151,5081 Jacob Unions,Melissatown,IA,36558,Individual,Under 100,,False,2022-04-03,True
DNR-01788,ORG-HUM-01,Courtney,Hoffman,synthetic.dnr-01788@demo-causefleet.org,555-0187,770 Hannah Extensions,Reillymouth,VT,87108,Individual,Under 100,,False,2024-12-14,True
DNR-01789,ORG-HUM-01,Nancy,Martinez,synthetic.dnr-01789@demo-causefleet.org,555-0170,544 Patterson Isle,Devonland,WA,99011,Individual,"10,000-99,999",,False,2023-11-30,True
DNR-01790,ORG-HUM-01,Megan,Wolfe,synthetic.dnr-01790@demo-causefleet.org,555-0174,2752 Tammy Creek Suite 173,Kevinshire,TN,37799,Individual,Under 100,,False,2024-06-07,True
DNR-01791,ORG-HUM-01,Luis,White,synthetic.dnr-01791@demo-causefleet.org,555-0129,163 Madeline Manors Suite 897,Lake Stephanieton,AR,12362,Individual,Under 100,,False,2024-06-08,True
DNR-01792,ORG-HUM-01,Steven,Church,synthetic.dnr-01792@demo-causefleet.org,555-0117,94576 Joan Garden,Port Josephshire,ME,73827,Individual,Under 100,,False,2023-05-06,True
DNR-01793,ORG-HUM-01,Holly,Castaneda,synthetic.dnr-01793@demo-causefleet.org,555-0167,355 Kristin Via,Lake Jason,GA,88909,Individual,Under 100,,False,2022-08-21,True
DNR-01794,ORG-HUM-01,Thomas,Howard,synthetic.dnr-01794@demo-causefleet.org,555-0123,798 Donna Causeway Apt. 656,Danafort,CT,11352,Individual,Under 100,,False,2023-09-25,True
DNR-01795,ORG-HUM-01,Ann,Stephenson,synthetic.dnr-01795@demo-causefleet.org,555-0153,708 Jones Stravenue,South Jessicaville,DE,55095,Individual,"1,000-$9,999",,False,2022-11-23,True
DNR-01796,ORG-HUM-01,Kevin,Morales,synthetic.dnr-01796@demo-causefleet.org,555-0120,1198 Bruce Ports Suite 542,Morganfort,IL,96402,Individual,Under 100,,False,2021-12-06,True
DNR-01797,ORG-HUM-01,Ellen,Stark,synthetic.dnr-01797@demo-causefleet.org,555-0174,237 Waller Points Suite 700,Castroville,SC,19772,Individual,Under 100,,False,2024-12-09,True
DNR-01798,ORG-HUM-01,Gerald,Velazquez,synthetic.dnr-01798@demo-causefleet.org,555-0192,80822 Webb Prairie,New Robertfurt,MT,95923,Individual,"1,000-$9,999",,False,2022-11-22,True
DNR-01799,ORG-HUM-01,Amber,Ward,synthetic.dnr-01799@demo-causefleet.org,555-0132,395 Brown Inlet,Changhaven,DC,14711,Individual,Under 100,,False,2021-07-01,True
DNR-01800,ORG-HUM-01,Aaron,Smith,synthetic.dnr-01800@demo-causefleet.org,555-0115,90703 Meyer Circle Suite 693,North Victor,MP,99127,Individual,Under 100,,False,2024-09-29,True
DNR-01801,ORG-HUM-01,Ashley,Small,synthetic.dnr-01801@demo-causefleet.org,555-0141,8492 Vasquez Hollow,Grimesburgh,RI,54220,Foundation,Under 100,,False,2024-06-23,True
DNR-01802,ORG-HUM-01,Melissa,Lindsey,synthetic.dnr-01802@demo-causefleet.org,555-0166,6572 Ruiz Lake Suite 198,New Dakota,OR,36080,Individual,Under 100,,False,2022-12-03,True
DNR-01803,ORG-HUM-01,Barbara,Smith,synthetic.dnr-01803@demo-causefleet.org,555-0166,45220 Samuel Fall,Carrbury,AR,28905,Individual,Under 100,,False,2023-07-29,True
DNR-01804,ORG-HUM-01,Julia,Alvarado,synthetic.dnr-01804@demo-causefleet.org,555-0177,2573 Alejandro Stravenue Apt. 740,Perezland,NE,67995,Individual,Under 100,,False,2021-12-15,True
DNR-01805,ORG-HUM-01,Deborah,Nelson,synthetic.dnr-01805@demo-causefleet.org,555-0176,751 Matthew Point Apt. 799,North Jenniferstad,MP,28018,Individual,100-999,,False,2022-11-25,True
DNR-01806,ORG-HUM-01,Sandra,Russell,synthetic.dnr-01806@demo-causefleet.org,555-0188,27633 Anderson Place,Heidiburgh,WI,68610,Individual,100-999,,False,2023-02-23,True
DNR-01807,ORG-HUM-01,Donald,Buchanan,synthetic.dnr-01807@demo-causefleet.org,555-0130,2259 Curtis Fort,Lake Thomas,WI,96622,Individual,100-999,,False,2022-06-01,True
DNR-01808,ORG-HUM-01,Nicole,Smith,synthetic.dnr-01808@demo-causefleet.org,555-0156,34037 Joseph Field Apt. 318,New Juan,MO,83681,Individual,Under 100,,False,2024-06-11,True
DNR-01809,ORG-HUM-01,Christopher,Ward,synthetic.dnr-01809@demo-causefleet.org,555-0157,047 Scott Ramp Suite 176,Fernandezfurt,LA,48935,Individual,Under 100,,False,2024-09-25,True
DNR-01810,ORG-HUM-01,Michael,Turner,synthetic.dnr-01810@demo-causefleet.org,555-0146,57837 Ryan Burgs,Jamieberg,SC,59523,Individual,Under 100,,False,2025-01-27,True
DNR-01811,ORG-HUM-01,Tara,Donaldson,synthetic.dnr-01811@demo-causefleet.org,555-0159,859 Jose Curve Apt. 903,Austinmouth,PW,89228,Individual,Under 100,,False,2022-04-10,True
DNR-01812,ORG-HUM-01,Michelle,Byrd,synthetic.dnr-01812@demo-causefleet.org,555-0162,503 Cody Pass,Katherinechester,MI,48054,Individual,"1,000-$9,999",,False,2024-04-29,True
DNR-01813,ORG-HUM-01,Erin,Luna,synthetic.dnr-01813@demo-causefleet.org,555-0153,0666 Little Trafficway,South Debbiebury,ME,65278,Individual,Under 100,,False,2024-10-16,True
DNR-01814,ORG-HUM-01,Clayton,Evans,synthetic.dnr-01814@demo-causefleet.org,555-0196,28959 Pamela Alley Apt. 852,Dwaynefort,MS,22638,Individual,Under 100,,False,2023-03-23,True
DNR-01815,ORG-HUM-01,Mark,Knight,synthetic.dnr-01815@demo-causefleet.org,555-0186,74396 Candace Glens Suite 940,New Anna,MD,98031,Individual,100-999,,False,2022-01-28,True
DNR-01816,ORG-HUM-01,Michael,Osborne,synthetic.dnr-01816@demo-causefleet.org,555-0116,17087 Anthony Drive Apt. 027,South Emily,IN,90009,Corporation,Under 100,,False,2022-08-27,True
DNR-01817,ORG-HUM-01,Gary,Fitzgerald,synthetic.dnr-01817@demo-causefleet.org,555-0190,22348 Adams Forest Apt. 660,New Davidtown,ME,72422,Individual,Under 100,,False,2024-08-20,True
DNR-01818,ORG-HUM-01,Randy,Cordova,synthetic.dnr-01818@demo-causefleet.org,555-0192,732 Collins Throughway,Ayalaside,FM,75345,Individual,100-999,,False,2023-09-01,True
DNR-01819,ORG-HUM-01,James,Harrison,synthetic.dnr-01819@demo-causefleet.org,555-0152,541 Frey Underpass Apt. 909,South Colin,MT,38857,Individual,100-999,,False,2024-02-20,True
DNR-01820,ORG-HUM-01,Kellie,Sandoval,synthetic.dnr-01820@demo-causefleet.org,555-0118,810 Bell Overpass Apt. 466,Jonathanfort,WY,28472,Individual,100-999,,False,2025-05-19,True
DNR-01821,ORG-HUM-01,Tanya,Ryan,synthetic.dnr-01821@demo-causefleet.org,555-0152,528 Donna Loaf,Cooperland,OH,25585,Individual,Under 100,,False,2024-05-26,True
DNR-01822,ORG-HUM-01,Lauren,Turner,synthetic.dnr-01822@demo-causefleet.org,555-0122,1988 Tiffany Harbor Apt. 450,Romeroborough,NY,05819,Individual,Under 100,,False,2023-05-02,True
DNR-01823,ORG-HUM-01,Julie,Brown,synthetic.dnr-01823@demo-causefleet.org,555-0181,89964 Pham Route,West Sarah,ME,30935,Individual,100-999,,False,2023-02-16,True
DNR-01824,ORG-HUM-01,Allison,Larson,synthetic.dnr-01824@demo-causefleet.org,555-0196,21560 William Circles,New Amyborough,MA,41178,Individual,Under 100,,False,2022-12-20,True
DNR-01825,ORG-HUM-01,Kelly,Simmons,synthetic.dnr-01825@demo-causefleet.org,555-0159,037 Green Harbor Suite 691,South Christopherburgh,DE,44807,Individual,Under 100,,False,2023-03-27,True
DNR-01826,ORG-HUM-01,Karen,Acosta,synthetic.dnr-01826@demo-causefleet.org,555-0146,558 Mckinney Station Apt. 900,Davidhaven,PA,29547,Individual,"1,000-$9,999",,False,2021-08-10,True
DNR-01827,ORG-HUM-01,Nathan,Bruce,synthetic.dnr-01827@demo-causefleet.org,555-0142,601 Zachary Island Apt. 029,Kristenfort,ID,68482,Individual,Under 100,,False,2022-05-07,True
DNR-01828,ORG-HUM-01,Victoria,Wilkerson,synthetic.dnr-01828@demo-causefleet.org,555-0194,45718 Rhonda Points,South Julieland,PA,39193,Corporation,100-999,,False,2021-06-19,True
DNR-01829,ORG-HUM-01,Kelli,Wilson,synthetic.dnr-01829@demo-causefleet.org,555-0187,505 Martinez Court Apt. 968,Millerchester,WY,87043,Individual,Under 100,,False,2024-01-18,True
DNR-01830,ORG-HUM-01,Timothy,Herrera,synthetic.dnr-01830@demo-causefleet.org,555-0129,293 Karen Vista Suite 071,Millershire,IN,27703,Individual,Under 100,,False,2023-07-20,True
DNR-01831,ORG-HUM-01,Charles,Lee,synthetic.dnr-01831@demo-causefleet.org,555-0152,20940 Sherry Views Apt. 717,Coxside,MI,51010,Corporation,Under 100,,False,2024-12-08,True
DNR-01832,ORG-HUM-01,Shane,Weaver,synthetic.dnr-01832@demo-causefleet.org,555-0120,1126 Jennifer Run Apt. 069,Sherrychester,MD,64776,Individual,100-999,,False,2022-01-31,True
DNR-01833,ORG-HUM-01,Gary,Wilson,synthetic.dnr-01833@demo-causefleet.org,555-0184,18112 Nancy Ridges Apt. 302,Michaelhaven,WI,65423,Individual,Under 100,,False,2024-05-02,True
DNR-01834,ORG-HUM-01,Rose,Brown,synthetic.dnr-01834@demo-causefleet.org,555-0194,14596 Megan Prairie,Schultzshire,WV,53527,Individual,Under 100,,False,2023-12-07,True
DNR-01835,ORG-HUM-01,Brandon,Roberts,synthetic.dnr-01835@demo-causefleet.org,555-0128,2112 Megan Turnpike,Smithville,MO,36425,Individual,100-999,,False,2025-02-21,True
DNR-01836,ORG-HUM-01,Shelly,Wu,synthetic.dnr-01836@demo-causefleet.org,555-0154,4608 Heather Parks,West Benjaminside,MP,31445,Individual,100-999,,False,2024-10-11,True
DNR-01837,ORG-HUM-01,Anne,Baker,synthetic.dnr-01837@demo-causefleet.org,555-0149,60958 Robert Curve Suite 456,Wheelerbury,TX,81534,Individual,"1,000-$9,999",,False,2022-08-07,True
DNR-01838,ORG-HUM-01,Robin,Bailey,synthetic.dnr-01838@demo-causefleet.org,555-0193,4294 Kevin Shores,West Christinemouth,VI,85768,Individual,Under 100,,False,2024-03-06,True
DNR-01839,ORG-HUM-01,Ryan,Stewart,synthetic.dnr-01839@demo-causefleet.org,555-0199,847 Mullins Rapids,New Lindsayborough,AZ,13048,Foundation,Under 100,,False,2023-05-03,True
DNR-01840,ORG-HUM-01,Melissa,Mitchell,synthetic.dnr-01840@demo-causefleet.org,555-0194,617 Chambers Lane,Branditown,DC,90466,Individual,"1,000-$9,999",,False,2023-02-09,True
DNR-01841,ORG-HUM-01,Chelsea,Griffin,synthetic.dnr-01841@demo-causefleet.org,555-0160,16628 Graham Trafficway Apt. 498,West Lindsey,MO,72379,Individual,100-999,,False,2023-02-04,True
DNR-01842,ORG-HUM-01,Crystal,Hartman,synthetic.dnr-01842@demo-causefleet.org,555-0126,0165 Moore Parks Suite 402,West Lydiafort,DC,27538,Individual,Under 100,,False,2023-12-29,True
DNR-01843,ORG-HUM-01,Sharon,Morris,synthetic.dnr-01843@demo-causefleet.org,555-0186,35256 Aaron Islands Suite 961,Whitestad,PR,07915,Individual,Under 100,,False,2021-10-16,True
DNR-01844,ORG-HUM-01,Edward,Garrett,synthetic.dnr-01844@demo-causefleet.org,555-0120,3131 Watson Loop,West Cheyennebury,LA,87517,Individual,100-999,,False,2022-11-20,True
DNR-01845,ORG-HUM-01,Edward,Swanson,synthetic.dnr-01845@demo-causefleet.org,555-0149,91294 Small Fork,Port Lisaland,KY,04560,Foundation,Under 100,,False,2022-01-23,True
DNR-01846,ORG-HUM-01,Amanda,Tyler,synthetic.dnr-01846@demo-causefleet.org,555-0181,3779 Hannah Hollow,Port Edgarville,NE,70087,Individual,100-999,,False,2024-11-30,True
DNR-01847,ORG-HUM-01,Christopher,Vasquez,synthetic.dnr-01847@demo-causefleet.org,555-0158,100 Hernandez Inlet,South Maurice,NH,68569,Individual,Under 100,,False,2022-01-20,True
DNR-01848,ORG-HUM-01,Kari,Graham,synthetic.dnr-01848@demo-causefleet.org,555-0192,558 Hayes Haven,Michellechester,IL,92549,Individual,Under 100,,False,2024-10-05,True
DNR-01849,ORG-HUM-01,Alexandra,Patel,synthetic.dnr-01849@demo-causefleet.org,555-0152,725 Phillips Ferry,Lake Marc,MD,15804,Foundation,Under 100,,False,2022-09-19,True
DNR-01850,ORG-HUM-01,Steven,Fox,synthetic.dnr-01850@demo-causefleet.org,555-0126,050 Johnathan Lakes,New Jill,HI,67450,Individual,Under 100,,False,2021-09-16,True
DNR-01851,ORG-HUM-01,Erik,Benitez,synthetic.dnr-01851@demo-causefleet.org,555-0195,7666 Amanda Plains Suite 458,Millerberg,AR,82521,Individual,Under 100,,False,2025-08-02,True
DNR-01852,ORG-HUM-01,Jared,Sutton,synthetic.dnr-01852@demo-causefleet.org,555-0199,685 Curtis Trail,South David,TN,86332,Individual,Under 100,,False,2023-06-19,True
DNR-01853,ORG-HUM-01,Maureen,Joseph,synthetic.dnr-01853@demo-causefleet.org,555-0197,4301 Linda Common,Sandrastad,FL,77948,Individual,Under 100,,False,2021-07-25,True
DNR-01854,ORG-HUM-01,Carla,Velazquez,synthetic.dnr-01854@demo-causefleet.org,555-0177,744 Jason Ranch Suite 115,East Lori,FM,36759,Individual,100-999,,False,2024-10-31,True
DNR-01855,ORG-HUM-01,Sarah,Martin,synthetic.dnr-01855@demo-causefleet.org,555-0121,701 Karen Summit Apt. 434,Carolfort,MN,97349,Foundation,100-999,,False,2024-10-26,True
DNR-01856,ORG-HUM-01,Jacqueline,Cervantes,synthetic.dnr-01856@demo-causefleet.org,555-0192,188 Mary Mountains Suite 021,Ashleyberg,NM,80062,Individual,100-999,,False,2024-07-01,True
DNR-01857,ORG-HUM-01,Stephen,Levine,synthetic.dnr-01857@demo-causefleet.org,555-0195,274 Stephanie Fords,North Ethan,HI,30531,Individual,Under 100,,False,2022-07-09,True
DNR-01858,ORG-HUM-01,Marc,Hawkins,synthetic.dnr-01858@demo-causefleet.org,555-0164,47314 Lauren Point Suite 477,Scottmouth,AK,29491,Individual,Under 100,,False,2025-03-10,True
DNR-01859,ORG-HUM-01,Robert,Bolton,synthetic.dnr-01859@demo-causefleet.org,555-0175,0076 Fernando Plaza Apt. 128,North Bianca,IL,66488,Individual,Under 100,,False,2023-02-28,True
DNR-01860,ORG-HUM-01,Susan,Martin,synthetic.dnr-01860@demo-causefleet.org,555-0156,2643 James Branch Suite 596,Lake Kathleen,MH,53230,Individual,"1,000-$9,999",,False,2023-03-20,True
DNR-01861,ORG-HUM-01,Tammy,Johnson,synthetic.dnr-01861@demo-causefleet.org,555-0112,531 James Shoal Suite 358,Bethside,CO,15242,Individual,100-999,,False,2023-02-25,True
DNR-01862,ORG-HUM-01,Diane,Jarvis,synthetic.dnr-01862@demo-causefleet.org,555-0156,1242 Anthony Loaf Apt. 781,Shermantown,ME,73784,Individual,100-999,,False,2025-08-09,True
DNR-01863,ORG-HUM-01,Sharon,Mccormick,synthetic.dnr-01863@demo-causefleet.org,555-0149,811 Barber Prairie Suite 585,Garrettbury,NM,75711,Individual,Under 100,,False,2024-06-29,True
DNR-01864,ORG-HUM-01,Sandra,Clark,synthetic.dnr-01864@demo-causefleet.org,555-0133,65972 Ross Meadow Suite 775,West Kristina,NE,09925,Individual,Under 100,,False,2024-09-07,True
DNR-01865,ORG-HUM-01,Kimberly,Davis,synthetic.dnr-01865@demo-causefleet.org,555-0137,195 Kim Point Apt. 884,South Kristin,PR,17576,Corporation,Under 100,,False,2022-04-27,True
DNR-01866,ORG-HUM-01,Cathy,Smith,synthetic.dnr-01866@demo-causefleet.org,555-0153,1500 Charles Fork Apt. 548,West Justinborough,MT,33415,Foundation,Under 100,,False,2022-03-31,True
DNR-01867,ORG-HUM-01,Eric,Jones,synthetic.dnr-01867@demo-causefleet.org,555-0172,08616 Petersen Squares,West Maryshire,CO,45409,Individual,Under 100,,False,2023-07-31,True
DNR-01868,ORG-HUM-01,Timothy,Moreno,synthetic.dnr-01868@demo-causefleet.org,555-0134,7996 Estrada Loaf,Whiteton,OR,89051,Individual,"1,000-$9,999",,False,2025-09-01,True
DNR-01869,ORG-HUM-01,Brandon,White,synthetic.dnr-01869@demo-causefleet.org,555-0138,2643 Brian Pass,Bradleymouth,GA,35491,Individual,Under 100,,False,2023-02-15,True
DNR-01870,ORG-HUM-01,Christine,Harrison,synthetic.dnr-01870@demo-causefleet.org,555-0127,7932 Owens Crest Apt. 549,Port Tammyfort,IL,82466,Individual,Under 100,,False,2025-05-13,True
DNR-01871,ORG-HUM-01,Jessica,Horn,synthetic.dnr-01871@demo-causefleet.org,555-0129,685 Romero Spurs,Websterton,WV,69149,Individual,Under 100,,False,2024-12-01,True
DNR-01872,ORG-HUM-01,Cassidy,Gonzalez,synthetic.dnr-01872@demo-causefleet.org,555-0119,679 Calderon Square Apt. 644,Williamsfurt,ID,20211,Individual,"1,000-$9,999",,False,2022-11-26,True
DNR-01873,ORG-HUM-01,Mary,Barrett,synthetic.dnr-01873@demo-causefleet.org,555-0147,645 Rios Loaf Suite 949,Teresaland,MI,46845,Individual,Under 100,,False,2023-07-16,True
DNR-01874,ORG-HUM-01,Lisa,Allen,synthetic.dnr-01874@demo-causefleet.org,555-0122,5024 Kim Garden Suite 729,New Jessicahaven,RI,52715,Individual,100-999,,False,2025-01-23,True
DNR-01875,ORG-HUM-01,Jeremy,Hanson,synthetic.dnr-01875@demo-causefleet.org,555-0174,37548 Kendra Orchard Apt. 538,East Jessica,MN,53311,Individual,"1,000-$9,999",,False,2022-10-12,True
DNR-01876,ORG-HUM-01,Jacob,Lawson,synthetic.dnr-01876@demo-causefleet.org,555-0179,9648 Heather Harbor,South Jeffreyborough,AR,36524,Individual,Under 100,,False,2023-12-06,True
DNR-01877,ORG-HUM-01,Aaron,Hobbs,synthetic.dnr-01877@demo-causefleet.org,555-0177,40510 Rick Path,Port Amanda,SC,76709,Individual,100-999,,False,2021-10-17,True
DNR-01878,ORG-HUM-01,James,Carter,synthetic.dnr-01878@demo-causefleet.org,555-0114,4646 Reese Gateway Apt. 273,Bakermouth,PA,19720,Individual,Under 100,,False,2023-04-15,True
DNR-01879,ORG-HUM-01,Jeanne,Chang,synthetic.dnr-01879@demo-causefleet.org,555-0194,01027 Williams Unions Apt. 951,Evanshaven,KS,78082,Individual,Under 100,,False,2024-10-21,True
DNR-01880,ORG-HUM-01,Thomas,Schultz,synthetic.dnr-01880@demo-causefleet.org,555-0153,330 Miller Glen,West Sergio,SD,49155,Individual,100-999,,False,2025-03-26,True
DNR-01881,ORG-HUM-01,Stacey,Rice,synthetic.dnr-01881@demo-causefleet.org,555-0189,0526 Jacob Mountain,Lake Richardhaven,NJ,44294,Individual,100-999,,False,2022-08-01,True
DNR-01882,ORG-HUM-01,Thomas,Castillo,synthetic.dnr-01882@demo-causefleet.org,555-0126,92361 Ashley Crossroad,South Steven,MN,78911,Individual,Under 100,,False,2023-04-16,True
DNR-01883,ORG-HUM-01,Abigail,Evans,synthetic.dnr-01883@demo-causefleet.org,555-0186,337 Mcconnell Mission,West Sabrinahaven,WI,02035,Individual,Under 100,,False,2024-03-17,True
DNR-01884,ORG-HUM-01,Carl,Williams,synthetic.dnr-01884@demo-causefleet.org,555-0158,510 Adams Park Apt. 783,Scottview,NY,26227,Individual,Under 100,,False,2023-07-15,True
DNR-01885,ORG-HUM-01,Jeremy,Holmes,synthetic.dnr-01885@demo-causefleet.org,555-0129,3654 Miranda Wells Suite 927,New Brian,AL,25292,Individual,Under 100,,False,2024-11-27,True
DNR-01886,ORG-HUM-01,Shannon,Booth,synthetic.dnr-01886@demo-causefleet.org,555-0130,643 Ronnie Summit,Juliehaven,MP,35494,Individual,Under 100,,False,2021-12-04,True
DNR-01887,ORG-HUM-01,Victoria,Oneal,synthetic.dnr-01887@demo-causefleet.org,555-0133,930 Wendy Road Apt. 756,Port Jennifermouth,FL,55987,Individual,Under 100,,False,2025-07-10,True
DNR-01888,ORG-HUM-01,Kimberly,Martinez,synthetic.dnr-01888@demo-causefleet.org,555-0198,30299 James Forges Apt. 923,Melissafurt,MI,35200,Individual,Under 100,,False,2024-02-06,True
DNR-01889,ORG-HUM-01,Tiffany,Johnson,synthetic.dnr-01889@demo-causefleet.org,555-0189,4027 Sandra Burg,East Michellestad,IL,12745,Individual,100-999,,False,2025-08-13,True
DNR-01890,ORG-HUM-01,Sandra,Smith,synthetic.dnr-01890@demo-causefleet.org,555-0131,31820 Mahoney Crossroad Apt. 481,New Johnton,PW,45929,Corporation,Under 100,,False,2023-11-01,True
DNR-01891,ORG-HUM-01,Keith,West,synthetic.dnr-01891@demo-causefleet.org,555-0166,7973 Joseph Stravenue Suite 538,West Micheleside,GA,64204,Individual,Under 100,,False,2022-09-14,True
DNR-01892,ORG-HUM-01,Erika,Duran,synthetic.dnr-01892@demo-causefleet.org,555-0115,4295 William Ferry,Michaelmouth,TX,55394,Individual,Under 100,,False,2022-01-17,True
DNR-01893,ORG-HUM-01,Krista,Stanley,synthetic.dnr-01893@demo-causefleet.org,555-0162,5903 Sharon Crossing,Lunamouth,PR,40259,Individual,100-999,,False,2024-10-08,True
DNR-01894,ORG-HUM-01,Warren,Hughes,synthetic.dnr-01894@demo-causefleet.org,555-0156,48849 Nicole Vista Suite 089,Lake Jonathan,MT,93803,Individual,Under 100,,False,2022-07-20,True
DNR-01895,ORG-HUM-01,John,Cook,synthetic.dnr-01895@demo-causefleet.org,555-0196,9555 Micheal Isle Apt. 082,South Samuel,MA,39825,Individual,Under 100,,False,2022-09-03,True
DNR-01896,ORG-HUM-01,Mary,Burton,synthetic.dnr-01896@demo-causefleet.org,555-0140,5925 Suarez Crest Apt. 387,Port Keith,OR,33048,Individual,Under 100,,False,2023-05-09,True
DNR-01897,ORG-HUM-01,Theodore,Johnson,synthetic.dnr-01897@demo-causefleet.org,555-0166,45594 Carroll Street Suite 741,Simmonsborough,TX,74378,Individual,100-999,,False,2023-07-04,True
DNR-01898,ORG-HUM-01,Robert,Bruce,synthetic.dnr-01898@demo-causefleet.org,555-0188,55935 Sarah Trail,Jordanview,RI,96738,Individual,Under 100,,False,2022-11-22,True
DNR-01899,ORG-HUM-01,Nicholas,Martinez,synthetic.dnr-01899@demo-causefleet.org,555-0146,72765 Linda Haven,Stacyborough,KY,14030,Individual,100-999,,False,2024-11-04,True
DNR-01900,ORG-HUM-01,Sarah,Fuentes,synthetic.dnr-01900@demo-causefleet.org,555-0167,4558 Kristy Knoll,Cindymouth,FM,48149,Individual,"1,000-$9,999",,False,2023-07-26,True
DNR-01901,ORG-HUM-01,Laurie,Mullen,synthetic.dnr-01901@demo-causefleet.org,555-0139,335 Lyons Wall Suite 680,Katherineport,AS,97994,Individual,100-999,,False,2025-06-02,True
DNR-01902,ORG-HUM-01,Anthony,Butler,synthetic.dnr-01902@demo-causefleet.org,555-0178,3171 Bartlett Springs,Hansenburgh,CO,82518,Individual,Under 100,,False,2023-12-06,True
DNR-01903,ORG-HUM-01,Stephen,Hall,synthetic.dnr-01903@demo-causefleet.org,555-0140,609 Monica Skyway Suite 089,Debbietown,CO,04880,Individual,Under 100,,False,2024-07-11,True
DNR-01904,ORG-HUM-01,Kristy,Arnold,synthetic.dnr-01904@demo-causefleet.org,555-0149,15320 Richard Causeway,New Jeanbury,VT,28961,Individual,Under 100,,False,2023-01-05,True
DNR-01905,ORG-HUM-01,Ryan,Porter,synthetic.dnr-01905@demo-causefleet.org,555-0170,03887 Sherry Circles,New Kenneth,NV,68623,Individual,"10,000-99,999",,False,2025-06-28,True
DNR-01906,ORG-HUM-01,Katelyn,Mejia,synthetic.dnr-01906@demo-causefleet.org,555-0134,3420 Kerry Squares Apt. 242,Grahamfort,KY,20017,Individual,Under 100,,False,2021-11-05,True
DNR-01907,ORG-HUM-01,Robert,Hill,synthetic.dnr-01907@demo-causefleet.org,555-0157,7832 Greene Mews,Allenmouth,NC,12680,Foundation,Under 100,,False,2024-07-27,True
DNR-01908,ORG-HUM-01,Andrea,Wallace,synthetic.dnr-01908@demo-causefleet.org,555-0196,9924 Fox Shore Apt. 446,Port Ashley,VT,44404,Individual,100-999,,False,2024-05-17,True
DNR-01909,ORG-HUM-01,Lisa,Rivera,synthetic.dnr-01909@demo-causefleet.org,555-0183,4239 Smith Drives Suite 908,Adamsshire,MS,51681,Individual,Under 100,,False,2022-06-30,True
DNR-01910,ORG-HUM-01,Wendy,Stone,synthetic.dnr-01910@demo-causefleet.org,555-0166,822 John Trail,West Patrick,NM,18506,Individual,Under 100,,False,2023-03-25,True
DNR-01911,ORG-HUM-01,Brian,Mcdonald,synthetic.dnr-01911@demo-causefleet.org,555-0169,8406 James Loop,Gillespiehaven,MD,65482,Individual,Under 100,,False,2022-03-22,True
DNR-01912,ORG-HUM-01,Brett,Baker,synthetic.dnr-01912@demo-causefleet.org,555-0146,9657 Pearson Shores Suite 786,North Oliviamouth,CA,96807,Individual,Under 100,,False,2023-08-03,True
DNR-01913,ORG-HUM-01,Randall,Goodman,synthetic.dnr-01913@demo-causefleet.org,555-0158,4943 Sexton Expressway Suite 056,West Suzannestad,ID,33440,Corporation,100-999,,False,2021-12-26,True
DNR-01914,ORG-HUM-01,Gregory,Brown,synthetic.dnr-01914@demo-causefleet.org,555-0174,86747 Michelle Dam,East Markshire,CO,75428,Individual,Under 100,,False,2024-11-17,True
DNR-01915,ORG-HUM-01,Michael,Raymond,synthetic.dnr-01915@demo-causefleet.org,555-0177,6513 Leslie Walk,Brandonland,SC,34987,Individual,Under 100,,False,2025-08-16,True
DNR-01916,ORG-HUM-01,Rita,Whitaker,synthetic.dnr-01916@demo-causefleet.org,555-0163,6327 Kimberly Crossroad Apt. 381,South Billyhaven,RI,10648,Individual,Under 100,,False,2025-09-13,True
DNR-01917,ORG-HUM-01,Travis,Johnson,synthetic.dnr-01917@demo-causefleet.org,555-0130,91845 Mccullough Shoal,Bettychester,MN,81521,Foundation,100-999,,False,2024-08-10,True
DNR-01918,ORG-HUM-01,Matthew,Anderson,synthetic.dnr-01918@demo-causefleet.org,555-0135,259 Davis Creek,Jasonhaven,GU,25894,Individual,100-999,,False,2024-01-04,True
DNR-01919,ORG-HUM-01,Sheri,Smith,synthetic.dnr-01919@demo-causefleet.org,555-0187,5130 Jones Ranch Apt. 216,Robertsborough,GU,60781,Individual,Under 100,,False,2021-08-10,True
DNR-01920,ORG-HUM-01,Yesenia,Allen,synthetic.dnr-01920@demo-causefleet.org,555-0127,43192 Campbell Union,East Robertchester,MI,52686,Individual,100-999,,False,2021-11-22,True
DNR-01921,ORG-HUM-01,Gregory,Harris,synthetic.dnr-01921@demo-causefleet.org,555-0142,5580 Farmer Glen,Nguyenmouth,FL,55680,Individual,Under 100,,False,2025-02-14,True
DNR-01922,ORG-HUM-01,Dominic,Brown,synthetic.dnr-01922@demo-causefleet.org,555-0116,7027 Rodriguez Avenue,Rebeccachester,OH,64389,Individual,"1,000-$9,999",,False,2023-05-25,True
DNR-01923,ORG-HUM-01,Beth,Flores,synthetic.dnr-01923@demo-causefleet.org,555-0192,21816 Kane Rapid,Port Henry,IA,48339,Individual,Under 100,,False,2021-08-05,True
DNR-01924,ORG-HUM-01,Jacob,Lara,synthetic.dnr-01924@demo-causefleet.org,555-0171,54849 Donaldson Ways,Riveraton,MH,58482,Individual,100-999,,False,2024-11-17,True
DNR-01925,ORG-HUM-01,Jacob,Valencia,synthetic.dnr-01925@demo-causefleet.org,555-0157,24264 Brady Tunnel,Courtneymouth,WA,14967,Individual,Under 100,,False,2023-12-08,True
DNR-01926,ORG-HUM-01,Douglas,Johnson,synthetic.dnr-01926@demo-causefleet.org,555-0180,154 Kimberly Courts,New Jeffreyport,MO,48345,Individual,Under 100,,False,2023-11-25,True
DNR-01927,ORG-HUM-01,Jeffrey,Butler,synthetic.dnr-01927@demo-causefleet.org,555-0123,57543 Haynes Center,New Loriport,DE,53666,Individual,Under 100,,False,2024-07-20,True
DNR-01928,ORG-HUM-01,Joseph,Hayes,synthetic.dnr-01928@demo-causefleet.org,555-0176,21704 Brown Viaduct Apt. 592,Port Jason,PW,82759,Individual,100-999,,False,2024-10-03,True
DNR-01929,ORG-HUM-01,Julie,Davis,synthetic.dnr-01929@demo-causefleet.org,555-0125,8176 Brooks Knoll Apt. 739,North Kathryn,CA,07999,Individual,Under 100,,False,2024-12-19,True
DNR-01930,ORG-HUM-01,Jennifer,Stafford,synthetic.dnr-01930@demo-causefleet.org,555-0146,9833 Tony Forest,Robertsfort,AK,68544,Individual,"1,000-$9,999",,False,2024-05-21,True
DNR-01931,ORG-HUM-01,Lisa,Sharp,synthetic.dnr-01931@demo-causefleet.org,555-0120,5452 Duncan Ville,Stuartfort,PR,50596,Individual,Under 100,,False,2024-01-10,True
DNR-01932,ORG-HUM-01,Adam,Green,synthetic.dnr-01932@demo-causefleet.org,555-0130,78562 Shannon Prairie,South Anthony,DC,83283,Individual,Under 100,,False,2025-03-01,True
DNR-01933,ORG-HUM-01,Kristin,Fuentes,synthetic.dnr-01933@demo-causefleet.org,555-0144,86801 Veronica Turnpike,South Mary,OR,85613,Individual,Under 100,,False,2024-04-07,True
DNR-01934,ORG-HUM-01,Joshua,Armstrong,synthetic.dnr-01934@demo-causefleet.org,555-0167,700 Virginia Parks,Estradahaven,AK,45684,Individual,100-999,,False,2021-09-16,True
DNR-01935,ORG-HUM-01,Leah,Estrada,synthetic.dnr-01935@demo-causefleet.org,555-0175,7701 Lambert Mountain Apt. 682,North Annachester,SD,86489,Individual,Under 100,,False,2025-06-10,True
DNR-01936,ORG-HUM-01,Carol,Morales,synthetic.dnr-01936@demo-causefleet.org,555-0128,77359 Myers Union Apt. 922,West Michelleville,IL,48787,Individual,"1,000-$9,999",,False,2024-10-06,True
DNR-01937,ORG-HUM-01,Melissa,Daniel,synthetic.dnr-01937@demo-causefleet.org,555-0165,8925 Brandon Knolls Apt. 674,Fowlerborough,MN,71455,Individual,"1,000-$9,999",,False,2023-02-26,True
DNR-01938,ORG-HUM-01,David,Rodriguez,synthetic.dnr-01938@demo-causefleet.org,555-0121,8747 Lawson Landing Suite 843,West Paul,OR,77866,Individual,"1,000-$9,999",,False,2021-12-08,True
DNR-01939,ORG-HUM-01,David,Bell,synthetic.dnr-01939@demo-causefleet.org,555-0138,93064 Bowman Crossing,South Lisa,DE,76172,Individual,Under 100,,False,2023-06-14,True
DNR-01940,ORG-HUM-01,Robert,Richards,synthetic.dnr-01940@demo-causefleet.org,555-0167,53031 Kathy Neck,North Manuel,MO,70017,Individual,100-999,,False,2021-10-19,True
DNR-01941,ORG-HUM-01,Lauren,Cummings,synthetic.dnr-01941@demo-causefleet.org,555-0154,3355 Rodney Extension Apt. 294,Kinghaven,DE,15408,Individual,100-999,,False,2021-12-27,True
DNR-01942,ORG-HUM-01,Eric,Garza,synthetic.dnr-01942@demo-causefleet.org,555-0113,5173 Lauren Dam,North Scott,NH,67437,Individual,Under 100,,False,2022-03-22,True
DNR-01943,ORG-HUM-01,Rebecca,Smith,synthetic.dnr-01943@demo-causefleet.org,555-0163,475 Leslie Orchard,Hardyshire,CO,60621,Individual,Under 100,,False,2023-04-15,True
DNR-01944,ORG-HUM-01,Charles,Martinez,synthetic.dnr-01944@demo-causefleet.org,555-0116,45353 Casey Isle Suite 509,South Eric,RI,36109,Individual,Under 100,,False,2022-09-19,True
DNR-01945,ORG-HUM-01,Jessica,Lopez,synthetic.dnr-01945@demo-causefleet.org,555-0160,5629 Gonzalez Ports Apt. 686,Brayhaven,ND,41844,Individual,Under 100,,False,2023-08-26,True
DNR-01946,ORG-HUM-01,Ricardo,Blake,synthetic.dnr-01946@demo-causefleet.org,555-0174,441 Kristi Cliff,West Dustinfort,WI,98631,Individual,Under 100,,False,2022-10-27,True
DNR-01947,ORG-HUM-01,Jorge,Lee,synthetic.dnr-01947@demo-causefleet.org,555-0157,210 Melissa Union Apt. 889,Carrville,IL,20898,Individual,Under 100,,False,2023-12-26,True
DNR-01948,ORG-HUM-01,Michelle,Willis,synthetic.dnr-01948@demo-causefleet.org,555-0140,5384 Craig Islands Suite 034,Woodton,SD,12626,Individual,Under 100,,False,2024-09-20,True
DNR-01949,ORG-HUM-01,Mary,Mitchell,synthetic.dnr-01949@demo-causefleet.org,555-0159,2455 Butler Estates,East Suzannebury,MA,93437,Individual,Under 100,,False,2025-03-10,True
DNR-01950,ORG-HUM-01,Pedro,Fletcher,synthetic.dnr-01950@demo-causefleet.org,555-0120,39407 Karen Gateway,Jeremyfurt,MS,08635,Individual,100-999,,False,2022-07-02,True
DNR-01951,ORG-HUM-01,Laurie,Howe,synthetic.dnr-01951@demo-causefleet.org,555-0157,0060 Sara Pine Apt. 079,Danielborough,MA,17994,Individual,Under 100,,False,2025-05-24,True
DNR-01952,ORG-HUM-01,Cynthia,Rojas,synthetic.dnr-01952@demo-causefleet.org,555-0138,22417 Ross Lights,New Matthewview,TN,11759,Individual,Under 100,,False,2021-09-27,True
DNR-01953,ORG-HUM-01,Stephanie,Rogers,synthetic.dnr-01953@demo-causefleet.org,555-0113,33665 Donald Junctions,West Rebeccamouth,OH,15780,Individual,Under 100,,False,2023-09-16,True
DNR-01954,ORG-HUM-01,Cheyenne,Estrada,synthetic.dnr-01954@demo-causefleet.org,555-0150,290 Thompson Unions Suite 922,Port Brendaville,SD,90360,Individual,Under 100,,False,2023-04-27,True
DNR-01955,ORG-HUM-01,Justin,Hudson,synthetic.dnr-01955@demo-causefleet.org,555-0122,141 Smith Corner Apt. 856,New David,PR,22574,Corporation,100-999,,False,2021-11-10,True
DNR-01956,ORG-HUM-01,Eric,Bullock,synthetic.dnr-01956@demo-causefleet.org,555-0193,017 Wu Drive,New Rachelport,UT,40769,Foundation,Under 100,,False,2023-03-15,True
DNR-01957,ORG-HUM-01,Tina,Palmer,synthetic.dnr-01957@demo-causefleet.org,555-0152,5948 Hannah Drive Suite 291,Lake Paul,FM,88060,Individual,100-999,,False,2023-04-21,True
DNR-01958,ORG-HUM-01,Catherine,Garcia,synthetic.dnr-01958@demo-causefleet.org,555-0128,4915 Laura Stravenue Apt. 801,East Bryanmouth,FM,18509,Individual,Under 100,,False,2022-10-31,True
DNR-01959,ORG-HUM-01,Michael,Poole,synthetic.dnr-01959@demo-causefleet.org,555-0127,42840 Dylan Stream,Ralphfurt,NJ,11206,Individual,100-999,,False,2022-05-11,True
DNR-01960,ORG-HUM-01,Yvette,Moore,synthetic.dnr-01960@demo-causefleet.org,555-0114,3423 Alexander Canyon,Wellstown,ME,18145,Individual,Under 100,,False,2024-02-22,True
DNR-01961,ORG-HUM-01,Jessica,Pearson,synthetic.dnr-01961@demo-causefleet.org,555-0146,667 Williams Plains Suite 721,South Debraburgh,WY,38788,Individual,Under 100,,False,2024-02-06,True
DNR-01962,ORG-HUM-01,Brett,Allen,synthetic.dnr-01962@demo-causefleet.org,555-0170,051 Hailey Via,Levyberg,LA,61049,Individual,100-999,,False,2025-01-25,True
DNR-01963,ORG-HUM-01,Devin,Hill,synthetic.dnr-01963@demo-causefleet.org,555-0199,4168 Brittney Oval Suite 398,Hollybury,OH,86689,Individual,Under 100,,False,2024-11-25,True
DNR-01964,ORG-HUM-01,Andrea,Pope,synthetic.dnr-01964@demo-causefleet.org,555-0127,3278 Black Neck,West Henrybury,MI,60349,Individual,100-999,,False,2021-11-11,True
DNR-01965,ORG-HUM-01,Jerry,Meyer,synthetic.dnr-01965@demo-causefleet.org,555-0170,311 Maldonado Ramp Apt. 135,West Jasmine,VA,07975,Individual,Under 100,,False,2024-10-07,True
DNR-01966,ORG-HUM-01,Lisa,Lucero,synthetic.dnr-01966@demo-causefleet.org,555-0167,7508 Knight Shoals,Gonzalezstad,NH,50031,Individual,Under 100,,False,2022-12-01,True
DNR-01967,ORG-HUM-01,Janet,Perry,synthetic.dnr-01967@demo-causefleet.org,555-0188,80595 Cheryl View,Andreastad,KY,98575,Individual,Under 100,,False,2023-08-08,True
DNR-01968,ORG-HUM-01,Rachel,Aguilar,synthetic.dnr-01968@demo-causefleet.org,555-0110,33059 Michael Court Suite 351,North Candicefort,ME,45409,Individual,Under 100,,False,2022-02-27,True
DNR-01969,ORG-HUM-01,Jerry,Valencia,synthetic.dnr-01969@demo-causefleet.org,555-0120,65905 Johnathan Overpass Apt. 722,West Dennis,VI,92521,Individual,"1,000-$9,999",,False,2021-11-17,True
DNR-01970,ORG-HUM-01,Wayne,Pacheco,synthetic.dnr-01970@demo-causefleet.org,555-0112,323 Donald Common,Brownhaven,GU,82039,Individual,100-999,,False,2023-07-11,True
DNR-01971,ORG-HUM-01,Ashley,Hall,synthetic.dnr-01971@demo-causefleet.org,555-0142,752 Chad Estates Suite 596,Port Melissa,MH,29003,Individual,Under 100,,False,2024-04-01,True
DNR-01972,ORG-HUM-01,Kevin,Skinner,synthetic.dnr-01972@demo-causefleet.org,555-0137,10886 Terri Center,Dennismouth,WY,76714,Individual,Under 100,,False,2021-09-20,True
DNR-01973,ORG-HUM-01,Emily,Johnson,synthetic.dnr-01973@demo-causefleet.org,555-0129,180 Janet Hills,Jenniferton,PW,06337,Individual,Under 100,,False,2025-04-07,True
DNR-01974,ORG-HUM-01,Vincent,Torres,synthetic.dnr-01974@demo-causefleet.org,555-0180,81702 Compton Circles Suite 878,Mayborough,HI,08919,Individual,100-999,,False,2021-12-22,True
DNR-01975,ORG-HUM-01,Catherine,Mendoza,synthetic.dnr-01975@demo-causefleet.org,555-0187,20434 Scott Stream,West Kevin,CT,06187,Individual,Under 100,,False,2022-08-20,True
DNR-01976,ORG-HUM-01,Carl,Williams,synthetic.dnr-01976@demo-causefleet.org,555-0177,6010 Rodriguez Crossing,West Michael,WA,60166,Foundation,Under 100,,False,2023-03-14,True
DNR-01977,ORG-HUM-01,Dean,Le,synthetic.dnr-01977@demo-causefleet.org,555-0164,239 Henderson Wall,Andersonland,NM,50016,Individual,"1,000-$9,999",,False,2023-11-22,True
DNR-01978,ORG-HUM-01,Chase,Mills,synthetic.dnr-01978@demo-causefleet.org,555-0124,877 Alvarez Mill Suite 138,Marshallland,DC,28430,Individual,Under 100,,False,2024-11-10,True
DNR-01979,ORG-HUM-01,Christopher,Maddox,synthetic.dnr-01979@demo-causefleet.org,555-0146,720 Hunter Fork,West Michaelshire,KS,42324,Individual,Under 100,,False,2024-01-17,True
DNR-01980,ORG-HUM-01,Walter,Noble,synthetic.dnr-01980@demo-causefleet.org,555-0140,734 Amanda Spur,South Suzanneshire,TN,53288,Individual,"1,000-$9,999",,False,2022-11-23,True
DNR-01981,ORG-HUM-01,Jessica,Williams,synthetic.dnr-01981@demo-causefleet.org,555-0148,7585 Rebecca Coves,Johnfurt,VA,18878,Individual,Under 100,,False,2024-10-15,True
DNR-01982,ORG-HUM-01,Rachel,Wilcox,synthetic.dnr-01982@demo-causefleet.org,555-0125,92719 King Loop,New Lee,MT,60281,Individual,Under 100,,False,2021-07-23,True
DNR-01983,ORG-HUM-01,Tiffany,Rodgers,synthetic.dnr-01983@demo-causefleet.org,555-0116,3784 Brian Key,Faithstad,VA,44616,Individual,Under 100,,False,2021-06-14,True
DNR-01984,ORG-HUM-01,Emily,Adams,synthetic.dnr-01984@demo-causefleet.org,555-0140,8967 Hale Parkway,Lake Jennifer,VA,18251,Individual,Under 100,,False,2024-09-09,True
DNR-01985,ORG-HUM-01,Lauren,Farmer,synthetic.dnr-01985@demo-causefleet.org,555-0163,072 Sara Brooks,Troyland,DE,23279,Individual,Under 100,,False,2025-08-22,True
DNR-01986,ORG-HUM-01,Daniel,Wallace,synthetic.dnr-01986@demo-causefleet.org,555-0191,041 Stephanie Inlet Suite 671,Scottview,FL,57308,Individual,"1,000-$9,999",,False,2022-09-11,True
DNR-01987,ORG-HUM-01,Kelly,Colon,synthetic.dnr-01987@demo-causefleet.org,555-0189,49867 Danny Brook Apt. 877,East Johnmouth,NH,06662,Individual,Under 100,,False,2021-12-17,True
DNR-01988,ORG-HUM-01,Donna,Walker,synthetic.dnr-01988@demo-causefleet.org,555-0168,3246 Barton Port,Sandovalview,PA,89540,Individual,100-999,,False,2024-06-01,True
DNR-01989,ORG-HUM-01,Jason,Parsons,synthetic.dnr-01989@demo-causefleet.org,555-0118,81779 Jose Ville Apt. 470,Melissaville,CT,89641,Individual,"1,000-$9,999",,False,2021-09-03,True
DNR-01990,ORG-HUM-01,Christopher,Simmons,synthetic.dnr-01990@demo-causefleet.org,555-0124,23145 Ochoa Court Apt. 275,Port Thomastown,IA,36051,Individual,Under 100,,False,2022-03-31,True
DNR-01991,ORG-HUM-01,Katherine,Nelson,synthetic.dnr-01991@demo-causefleet.org,555-0173,6740 Clark Dam,Christopherberg,IL,16684,Individual,Under 100,,False,2022-06-19,True
DNR-01992,ORG-HUM-01,Matthew,Rodriguez,synthetic.dnr-01992@demo-causefleet.org,555-0186,90206 Tracy Gateway,Banksborough,AR,04832,Individual,Under 100,,False,2021-09-24,True
DNR-01993,ORG-HUM-01,David,Jones,synthetic.dnr-01993@demo-causefleet.org,555-0178,2673 Velasquez Points Suite 256,North Marissaville,TX,41483,Individual,"1,000-$9,999",,False,2022-12-23,True
DNR-01994,ORG-HUM-01,Christine,Baldwin,synthetic.dnr-01994@demo-causefleet.org,555-0112,2618 Rosales Isle Suite 375,South Alyssa,VA,84538,Individual,100-999,,False,2024-04-23,True
DNR-01995,ORG-HUM-01,Brian,Rodriguez,synthetic.dnr-01995@demo-causefleet.org,555-0190,23235 Watkins Views Suite 803,Nancyburgh,NY,68379,Individual,Under 100,,False,2024-02-15,True
DNR-01996,ORG-HUM-01,Anthony,Shaffer,synthetic.dnr-01996@demo-causefleet.org,555-0175,78197 Michael Turnpike Suite 252,Janefort,NM,64550,Individual,100-999,,False,2021-07-18,True
DNR-01997,ORG-HUM-01,Justin,Browning,synthetic.dnr-01997@demo-causefleet.org,555-0183,9304 Campbell Center Apt. 606,South Kenneth,NE,17003,Foundation,Under 100,,False,2023-07-04,True
DNR-01998,ORG-HUM-01,Emily,Diaz,synthetic.dnr-01998@demo-causefleet.org,555-0140,77938 Leach Way Suite 609,East Davidview,AK,61814,Individual,"1,000-$9,999",,False,2025-07-30,True
DNR-01999,ORG-HUM-01,Michael,Pacheco,synthetic.dnr-01999@demo-causefleet.org,555-0128,396 Christopher Mews Apt. 993,Port Crystal,KS,61938,Individual,Under 100,,False,2022-02-04,True
DNR-02000,ORG-HUM-01,Anne,Sanders,synthetic.dnr-02000@demo-causefleet.org,555-0147,1743 Gina Trail,East Davidton,SD,30796,Individual,Under 100,,False,2021-07-20,True
DNR-02001,ORG-HUM-01,Tiffany,Waters,synthetic.dnr-02001@demo-causefleet.org,555-0164,98844 Steve Ports Suite 236,Port Melissashire,PW,35182,Individual,100-999,,False,2024-08-30,True
DNR-02002,ORG-HUM-01,Jessica,Rogers,synthetic.dnr-02002@demo-causefleet.org,555-0110,595 Quinn Wells Apt. 273,South Jennaport,TX,95905,Individual,Under 100,,False,2023-11-20,True
DNR-02003,ORG-HUM-01,Laurie,Gonzales,synthetic.dnr-02003@demo-causefleet.org,555-0188,322 Barrera Estates,New Tammie,MO,87750,Foundation,Under 100,,False,2025-02-26,True
DNR-02004,ORG-HUM-01,Thomas,Garcia,synthetic.dnr-02004@demo-causefleet.org,555-0155,0404 Rogers Lakes Apt. 128,Hallland,DE,02586,Individual,Under 100,,False,2025-05-18,True
DNR-02005,ORG-HUM-01,Sharon,Zimmerman,synthetic.dnr-02005@demo-causefleet.org,555-0140,920 Hampton Highway,Brianaburgh,WY,69430,Individual,Under 100,,False,2022-12-07,True
DNR-02006,ORG-HUM-01,Stacey,Ramos,synthetic.dnr-02006@demo-causefleet.org,555-0183,7423 Lucas Greens Apt. 373,Lake Scott,IL,80181,Individual,Under 100,,False,2025-08-26,True
DNR-02007,ORG-HUM-01,Julie,Lopez,synthetic.dnr-02007@demo-causefleet.org,555-0163,00260 Alexander Expressway Apt. 434,Hubershire,TN,50656,Individual,"1,000-$9,999",,False,2023-03-25,True
DNR-02008,ORG-HUM-01,Sara,Cooper,synthetic.dnr-02008@demo-causefleet.org,555-0133,55731 Michael Avenue Apt. 187,North Elizabeth,OK,47864,Individual,Under 100,,False,2025-08-16,True
DNR-02009,ORG-HUM-01,Cindy,Skinner,synthetic.dnr-02009@demo-causefleet.org,555-0195,3129 Zhang Harbor Apt. 485,Port Ernestmouth,TN,49406,Individual,Under 100,,False,2021-08-21,True
DNR-02010,ORG-HUM-01,Maria,Horton,synthetic.dnr-02010@demo-causefleet.org,555-0195,8009 Thomas Extensions,New Dianafort,CO,21029,Individual,100-999,,False,2024-01-17,True
DNR-02011,ORG-HUM-01,David,Silva,synthetic.dnr-02011@demo-causefleet.org,555-0120,2395 Barton Curve Apt. 315,Shahville,NH,47788,Individual,Under 100,,False,2025-07-03,True
DNR-02012,ORG-HUM-01,Christine,Gonzalez,synthetic.dnr-02012@demo-causefleet.org,555-0177,88806 Norma Haven,South Matthewburgh,WY,96739,Individual,Under 100,,False,2023-05-07,True
DNR-02013,ORG-HUM-01,Stacey,Cantu,synthetic.dnr-02013@demo-causefleet.org,555-0156,8867 Black Tunnel,Nguyenside,MA,01141,Foundation,100-999,,False,2022-08-17,True
DNR-02014,ORG-HUM-01,Bailey,Davis,synthetic.dnr-02014@demo-causefleet.org,555-0118,49723 Gutierrez Highway Suite 272,Mosesville,ND,16864,Individual,100-999,,False,2023-12-18,True
DNR-02015,ORG-HUM-01,Hannah,Williams,synthetic.dnr-02015@demo-causefleet.org,555-0177,845 Evelyn Spurs,Rebeccaberg,CT,64332,Individual,100-999,,False,2022-08-30,True
DNR-02016,ORG-HUM-01,Jose,Lee,synthetic.dnr-02016@demo-causefleet.org,555-0179,394 Ronald Wells Suite 740,Petersside,TX,91592,Individual,100-999,,False,2025-03-19,True
DNR-02017,ORG-HUM-01,William,Flowers,synthetic.dnr-02017@demo-causefleet.org,555-0174,574 Susan Corners Apt. 667,South Keith,CO,66561,Individual,Under 100,,False,2023-03-27,True
DNR-02018,ORG-HUM-01,Joel,Riley,synthetic.dnr-02018@demo-causefleet.org,555-0174,77012 Andrews Wells Apt. 645,West Tina,NV,72142,Foundation,"1,000-$9,999",,False,2023-05-10,True
DNR-02019,ORG-HUM-01,Scott,Carter,synthetic.dnr-02019@demo-causefleet.org,555-0180,936 Jones Pass Suite 569,South Rachel,MH,77766,Individual,Under 100,,False,2021-06-24,True
DNR-02020,ORG-HUM-01,Brendan,Arellano,synthetic.dnr-02020@demo-causefleet.org,555-0112,273 Parsons Crest,West Pedro,NJ,24695,Individual,100-999,,False,2022-01-07,True
DNR-02021,ORG-HUM-01,Eric,Wright,synthetic.dnr-02021@demo-causefleet.org,555-0159,578 French Crescent,Jimport,HI,45120,Corporation,Under 100,,False,2025-09-13,True
DNR-02022,ORG-HUM-01,Oscar,Smith,synthetic.dnr-02022@demo-causefleet.org,555-0170,7836 Heidi Ford,East Rachelview,CA,32730,Individual,"1,000-$9,999",,False,2024-10-10,True
DNR-02023,ORG-HUM-01,Richard,Pena,synthetic.dnr-02023@demo-causefleet.org,555-0115,856 Jensen Springs,Glennmouth,GU,04120,Foundation,100-999,,False,2024-12-22,True
DNR-02024,ORG-HUM-01,Laurie,Simmons,synthetic.dnr-02024@demo-causefleet.org,555-0191,4614 John Mills,North Kristenshire,CO,96127,Individual,100-999,,False,2024-08-09,True
DNR-02025,ORG-HUM-01,Tracy,Parker,synthetic.dnr-02025@demo-causefleet.org,555-0159,68716 William Squares Suite 621,Patriciafort,AS,39960,Individual,Under 100,,False,2025-03-05,True
DNR-02026,ORG-HUM-01,Jocelyn,Scott,synthetic.dnr-02026@demo-causefleet.org,555-0157,661 Kelly Plains Suite 414,South William,FM,31154,Individual,Under 100,,False,2025-01-08,True
DNR-02027,ORG-HUM-01,John,Swanson,synthetic.dnr-02027@demo-causefleet.org,555-0142,63492 Cynthia Dale Apt. 399,North Lee,WY,03621,Individual,Under 100,,False,2024-02-19,True
DNR-02028,ORG-HUM-01,Holly,Martinez,synthetic.dnr-02028@demo-causefleet.org,555-0112,044 Leblanc Keys,Chavezfort,CA,48129,Corporation,100-999,,False,2021-06-23,True
DNR-02029,ORG-HUM-01,Elizabeth,Rodriguez,synthetic.dnr-02029@demo-causefleet.org,555-0155,660 Stewart Plaza Apt. 911,Jenningsport,MN,58195,Individual,Under 100,,False,2025-01-04,True
DNR-02030,ORG-HUM-01,Travis,Buchanan,synthetic.dnr-02030@demo-causefleet.org,555-0118,5766 Callahan Orchard Suite 085,North Vincent,WA,45330,Individual,"1,000-$9,999",,False,2024-03-30,True
DNR-02031,ORG-HUM-01,Donald,Graham,synthetic.dnr-02031@demo-causefleet.org,555-0154,2175 Karl Road Suite 829,Ferrellmouth,MN,39702,Individual,"1,000-$9,999",,False,2025-02-05,True
DNR-02032,ORG-HUM-01,Donald,Smith,synthetic.dnr-02032@demo-causefleet.org,555-0140,850 Zamora Extension,Bowersbury,SD,69469,Individual,Under 100,,False,2024-08-16,True
DNR-02033,ORG-HUM-01,Gina,Johnson,synthetic.dnr-02033@demo-causefleet.org,555-0194,2466 Breanna Gardens Apt. 143,East Christopherborough,OK,31835,Individual,100-999,,False,2023-04-15,True
DNR-02034,ORG-HUM-01,Andrew,Miller,synthetic.dnr-02034@demo-causefleet.org,555-0190,406 King Place,Matthewfort,MD,49198,Corporation,Under 100,,False,2022-06-18,True
DNR-02035,ORG-HUM-01,Keith,Hernandez,synthetic.dnr-02035@demo-causefleet.org,555-0123,51436 Mayer Key Suite 835,South Susanside,ID,85719,Individual,Under 100,,False,2021-12-29,True
DNR-02036,ORG-HUM-01,Jennifer,Davis,synthetic.dnr-02036@demo-causefleet.org,555-0184,5669 Mcpherson Gateway,Port Mary,VT,75889,Individual,Under 100,,False,2023-08-04,True
DNR-02037,ORG-HUM-01,Nicole,Medina,synthetic.dnr-02037@demo-causefleet.org,555-0152,78256 Heather Rapid Apt. 624,Villaport,SC,62173,Individual,Under 100,,False,2022-12-15,True
DNR-02038,ORG-HUM-01,Stacy,Vargas,synthetic.dnr-02038@demo-causefleet.org,555-0127,842 Fox Lake Apt. 797,South Timothy,VA,79957,Individual,100-999,,False,2023-03-29,True
DNR-02039,ORG-HUM-01,Brandon,Hess,synthetic.dnr-02039@demo-causefleet.org,555-0115,71909 Chase Streets,Port Albert,ND,87062,Individual,Under 100,,False,2025-04-04,True
DNR-02040,ORG-HUM-01,Craig,Anderson,synthetic.dnr-02040@demo-causefleet.org,555-0155,190 Nolan Street Suite 244,Barkerberg,AZ,12802,Individual,100-999,,False,2023-05-20,True
DNR-02041,ORG-HUM-01,Ronald,Robinson,synthetic.dnr-02041@demo-causefleet.org,555-0179,350 Keith Street,South David,IA,88790,Individual,100-999,,False,2023-02-09,True
DNR-02042,ORG-HUM-01,Stephanie,Smith,synthetic.dnr-02042@demo-causefleet.org,555-0153,755 Jones Harbor,North Donald,LA,69866,Individual,100-999,,False,2023-10-01,True
DNR-02043,ORG-HUM-01,Karen,Reed,synthetic.dnr-02043@demo-causefleet.org,555-0192,5093 Shelly Passage Apt. 999,Johnsonview,KY,01013,Individual,Under 100,,False,2022-09-14,True
DNR-02044,ORG-HUM-01,Kristin,Miller,synthetic.dnr-02044@demo-causefleet.org,555-0132,7182 Erica Squares,East Katherine,NM,62722,Individual,100-999,,False,2022-09-22,True
DNR-02045,ORG-HUM-01,Jeffrey,Graham,synthetic.dnr-02045@demo-causefleet.org,555-0197,7617 Scott Mountains Apt. 554,West Taylorville,HI,51571,Individual,Under 100,,False,2024-02-22,True
DNR-02046,ORG-HUM-01,Daniel,Vance,synthetic.dnr-02046@demo-causefleet.org,555-0169,392 White Station,Port Dominicland,MI,08217,Individual,Under 100,,False,2023-03-06,True
DNR-02047,ORG-HUM-01,Corey,Dyer,synthetic.dnr-02047@demo-causefleet.org,555-0199,390 Moore River,Williamport,AS,59019,Individual,Under 100,,False,2025-06-18,True
DNR-02048,ORG-HUM-01,Jason,Wilkerson,synthetic.dnr-02048@demo-causefleet.org,555-0171,99037 Haley Creek,South Michael,IA,74865,Individual,Under 100,,False,2023-06-20,True
DNR-02049,ORG-HUM-01,Michael,Murray,synthetic.dnr-02049@demo-causefleet.org,555-0190,2116 Tonya Bypass,Gatesmouth,PA,12145,Individual,"1,000-$9,999",,False,2024-06-08,True
DNR-02050,ORG-HUM-01,Jennifer,Flowers,synthetic.dnr-02050@demo-causefleet.org,555-0133,4364 King View,Lake Kimberly,AS,55341,Individual,Under 100,,False,2021-08-12,True
DNR-02051,ORG-HUM-01,Johnny,Moore,synthetic.dnr-02051@demo-causefleet.org,555-0127,072 Samantha Mills,Robbinsbury,MD,21106,Individual,100-999,,False,2023-12-19,True
DNR-02052,ORG-HUM-01,Brandon,Burton,synthetic.dnr-02052@demo-causefleet.org,555-0118,571 Carolyn Forge Apt. 853,North Bradleyton,MH,08364,Individual,Under 100,,False,2023-06-02,True
DNR-02053,ORG-HUM-01,Jason,Cantrell,synthetic.dnr-02053@demo-causefleet.org,555-0168,677 Campbell Land Suite 172,Tamaratown,IA,38419,Individual,Under 100,,False,2024-04-19,True
DNR-02054,ORG-HUM-01,Robert,Robinson,synthetic.dnr-02054@demo-causefleet.org,555-0114,465 Foley Pines,Shawnaland,MA,39388,Foundation,"10,000-99,999",,False,2022-08-09,True
DNR-02055,ORG-HUM-01,Jessica,Cook,synthetic.dnr-02055@demo-causefleet.org,555-0147,7351 Rodriguez Stream Suite 696,Janeshire,MN,76511,Individual,100-999,,False,2024-08-28,True
DNR-02056,ORG-HUM-01,Kristina,Smith,synthetic.dnr-02056@demo-causefleet.org,555-0135,375 Ian Ville,Doylehaven,KS,84049,Individual,Under 100,,False,2023-03-09,True
DNR-02057,ORG-HUM-01,Alan,Moore,synthetic.dnr-02057@demo-causefleet.org,555-0115,1455 Hardin Roads,Maryborough,NH,84540,Individual,Under 100,,False,2022-01-08,True
DNR-02058,ORG-HUM-01,Todd,Gutierrez,synthetic.dnr-02058@demo-causefleet.org,555-0135,42643 Jackson Vista Suite 081,Port Tommy,HI,77877,Individual,Under 100,,False,2021-12-24,True
DNR-02059,ORG-HUM-01,David,Harvey,synthetic.dnr-02059@demo-causefleet.org,555-0115,2439 Gabriel Route,Antonioport,OK,52159,Individual,Under 100,,False,2023-11-03,True
DNR-02060,ORG-HUM-01,Angela,Johnson,synthetic.dnr-02060@demo-causefleet.org,555-0150,953 Samantha Mountain Apt. 476,Mcdanieltown,AR,57950,Individual,100-999,,False,2025-04-22,True
DNR-02061,ORG-HUM-01,Lance,Ross,synthetic.dnr-02061@demo-causefleet.org,555-0149,9483 Noble Viaduct Apt. 943,Wagnerstad,MH,96023,Individual,100-999,,False,2023-08-10,True
DNR-02062,ORG-HUM-01,Mark,Riley,synthetic.dnr-02062@demo-causefleet.org,555-0175,629 Sparks Lane Suite 923,West Seth,GU,21320,Individual,Under 100,,False,2021-06-26,True
DNR-02063,ORG-HUM-01,Crystal,Torres,synthetic.dnr-02063@demo-causefleet.org,555-0160,927 Jessica Groves Suite 233,Danachester,MT,52635,Individual,"1,000-$9,999",,False,2023-07-13,True
DNR-02064,ORG-HUM-01,Michael,Pineda,synthetic.dnr-02064@demo-causefleet.org,555-0179,618 Tina Ways Suite 288,Toddhaven,UT,68891,Individual,Under 100,,False,2021-11-14,True
DNR-02065,ORG-HUM-01,Sherri,Jensen,synthetic.dnr-02065@demo-causefleet.org,555-0170,4940 Erin Underpass,Christopherchester,RI,93205,Individual,Under 100,,False,2025-07-22,True
DNR-02066,ORG-HUM-01,Lauren,Hall,synthetic.dnr-02066@demo-causefleet.org,555-0142,0883 Misty Plains Apt. 801,Rileyborough,KY,61962,Individual,Under 100,,False,2022-10-26,True
DNR-02067,ORG-HUM-01,Carlos,Taylor,synthetic.dnr-02067@demo-causefleet.org,555-0114,7939 Christopher Spring,East Sarah,AK,10564,Individual,Under 100,,False,2023-03-29,True
DNR-02068,ORG-HUM-01,Cody,Duran,synthetic.dnr-02068@demo-causefleet.org,555-0192,02391 Hernandez Cliffs,East Lisa,MO,84014,Individual,Under 100,,False,2023-02-01,True
DNR-02069,ORG-HUM-01,Jay,Jones,synthetic.dnr-02069@demo-causefleet.org,555-0134,821 Todd Falls,North Andrea,PW,56396,Individual,Under 100,,False,2024-09-15,True
DNR-02070,ORG-HUM-01,Austin,Rodriguez,synthetic.dnr-02070@demo-causefleet.org,555-0146,031 Tucker Island Suite 900,Lake Danielshire,SC,99043,Individual,Under 100,,False,2023-07-07,True
DNR-02071,ORG-HUM-01,Stephanie,Bennett,synthetic.dnr-02071@demo-causefleet.org,555-0155,24483 Esparza Tunnel Suite 151,Justinfort,ME,57564,Individual,Under 100,,False,2024-08-29,True
DNR-02072,ORG-HUM-01,Daniel,Bray,synthetic.dnr-02072@demo-causefleet.org,555-0116,870 Timothy Place,North Megan,AR,06607,Individual,100-999,,False,2024-02-05,True
DNR-02073,ORG-HUM-01,Diane,Oconnor,synthetic.dnr-02073@demo-causefleet.org,555-0193,349 Guy Ford,North Omar,TX,02154,Individual,Under 100,,False,2024-02-12,True
DNR-02074,ORG-HUM-01,Michelle,Harrell,synthetic.dnr-02074@demo-causefleet.org,555-0152,41832 Lopez Mission,Martinberg,SD,06128,Individual,Under 100,,False,2021-07-10,True
DNR-02075,ORG-HUM-01,Christopher,Rodriguez,synthetic.dnr-02075@demo-causefleet.org,555-0144,9542 Gary Lights Suite 011,Griffinville,DE,57256,Individual,100-999,,False,2025-03-31,True
DNR-02076,ORG-HUM-01,Taylor,Calderon,synthetic.dnr-02076@demo-causefleet.org,555-0125,290 Luis Isle Apt. 864,South Scott,WI,02564,Individual,"1,000-$9,999",,False,2025-09-10,True
DNR-02077,ORG-HUM-01,Billy,Berry,synthetic.dnr-02077@demo-causefleet.org,555-0157,5304 Michael Flat,New Alejandraland,AR,87630,Individual,"1,000-$9,999",,False,2022-02-26,True
DNR-02078,ORG-HUM-01,Seth,Pope,synthetic.dnr-02078@demo-causefleet.org,555-0165,485 Amy Loop,Griffinbury,WY,65587,Individual,Under 100,,False,2022-11-25,True
DNR-02079,ORG-HUM-01,Ryan,Bishop,synthetic.dnr-02079@demo-causefleet.org,555-0161,083 Debra Lock,Donnaton,MA,67339,Corporation,Under 100,,False,2023-08-08,True
DNR-02080,ORG-HUM-01,Mark,Huang,synthetic.dnr-02080@demo-causefleet.org,555-0166,2727 Sanchez Stream,New Jacob,AK,15941,Individual,Under 100,,False,2022-06-03,True
DNR-02081,ORG-HUM-01,Amy,Young,synthetic.dnr-02081@demo-causefleet.org,555-0159,1121 Jonathan Meadow,Port Patrick,AK,10068,Individual,Under 100,,False,2025-01-31,True
DNR-02082,ORG-HUM-01,Candace,Cox,synthetic.dnr-02082@demo-causefleet.org,555-0153,0651 Emily Route,Melissafort,AS,10677,Individual,"1,000-$9,999",,False,2025-04-03,True
DNR-02083,ORG-HUM-01,Steven,Barnett,synthetic.dnr-02083@demo-causefleet.org,555-0133,579 Gaines Point Suite 312,Mariamouth,WA,87040,Individual,Under 100,,False,2024-07-13,True
DNR-02084,ORG-HUM-01,Kyle,Evans,synthetic.dnr-02084@demo-causefleet.org,555-0173,88190 Cory Terrace,Lorimouth,UT,53830,Foundation,Under 100,,False,2024-01-13,True
DNR-02085,ORG-HUM-01,Heather,Marshall,synthetic.dnr-02085@demo-causefleet.org,555-0198,95249 Rojas Court Suite 092,South Robertmouth,CA,63831,Individual,Under 100,,False,2023-08-01,True
DNR-02086,ORG-HUM-01,Steven,Lindsey,synthetic.dnr-02086@demo-causefleet.org,555-0173,38045 Kevin Parkways,South Steven,DC,42784,Individual,Under 100,,False,2025-03-09,True
DNR-02087,ORG-HUM-01,Jessica,Brown,synthetic.dnr-02087@demo-causefleet.org,555-0157,928 Warren Point Suite 358,Thompsonmouth,GA,81686,Individual,100-999,,False,2025-02-24,True
DNR-02088,ORG-HUM-01,Stefanie,Lewis,synthetic.dnr-02088@demo-causefleet.org,555-0176,702 Johnson Via Apt. 986,Gonzalezhaven,ME,50848,Individual,Under 100,,False,2024-01-18,True
DNR-02089,ORG-HUM-01,Justin,Taylor,synthetic.dnr-02089@demo-causefleet.org,555-0144,98356 Anderson Garden Apt. 886,Sullivanberg,NJ,33128,Individual,Under 100,,False,2022-08-28,True
DNR-02090,ORG-HUM-01,Tina,Perez,synthetic.dnr-02090@demo-causefleet.org,555-0120,0620 Robert Fields,West Kimberly,DE,34816,Individual,Under 100,,False,2022-11-10,True
DNR-02091,ORG-HUM-01,Dean,Brooks,synthetic.dnr-02091@demo-causefleet.org,555-0164,5263 Jackson Ways,Whiteborough,ID,48268,Individual,Under 100,,False,2024-05-30,True
DNR-02092,ORG-HUM-01,Justin,Adams,synthetic.dnr-02092@demo-causefleet.org,555-0120,143 Pitts Drive Apt. 117,Josephshire,KS,38908,Corporation,Under 100,,False,2023-05-29,True
DNR-02093,ORG-HUM-01,Martin,May,synthetic.dnr-02093@demo-causefleet.org,555-0165,88424 Young Creek,Charlesville,DE,53961,Individual,Under 100,,False,2025-09-17,True
DNR-02094,ORG-HUM-01,Travis,Bishop,synthetic.dnr-02094@demo-causefleet.org,555-0187,642 Thompson Mill Apt. 539,Brooksshire,AS,16000,Individual,Under 100,,False,2022-08-07,True
DNR-02095,ORG-HUM-01,Melissa,Brown,synthetic.dnr-02095@demo-causefleet.org,555-0133,45183 Castillo Port Apt. 305,Hessside,GA,34589,Individual,100-999,,False,2022-12-23,True
DNR-02096,ORG-HUM-01,James,Jones,synthetic.dnr-02096@demo-causefleet.org,555-0179,46437 Case Inlet,Lake Brandon,GU,83822,Individual,"1,000-$9,999",,False,2022-10-27,True
DNR-02097,ORG-HUM-01,Joseph,Perry,synthetic.dnr-02097@demo-causefleet.org,555-0147,9610 Lamb Ranch Suite 374,Port Dylanland,NC,64868,Individual,"1,000-$9,999",,False,2021-09-21,True
DNR-02098,ORG-HUM-01,Isabel,Johnson,synthetic.dnr-02098@demo-causefleet.org,555-0151,61471 Perkins Cove Apt. 250,Lake Vicki,CO,54937,Individual,"1,000-$9,999",,False,2024-01-03,True
DNR-02099,ORG-HUM-01,Renee,Juarez,synthetic.dnr-02099@demo-causefleet.org,555-0123,2898 Mccormick Wall,Lake Dennis,HI,08375,Individual,Under 100,,False,2021-08-09,True
DNR-02100,ORG-HUM-01,Pamela,Baker,synthetic.dnr-02100@demo-causefleet.org,555-0120,50796 Williamson Via Suite 842,North Deborahport,CO,36973,Individual,Under 100,,False,2023-10-26,True
DNR-02101,ORG-HUM-01,Derek,Myers,synthetic.dnr-02101@demo-causefleet.org,555-0151,72386 Jennifer Knoll Suite 285,Stephenmouth,TN,62175,Foundation,Under 100,,False,2025-01-17,True
DNR-02102,ORG-HUM-01,Jason,Molina,synthetic.dnr-02102@demo-causefleet.org,555-0194,982 Anthony Island Suite 797,South Scott,AK,61979,Individual,"1,000-$9,999",,False,2024-06-09,True
DNR-02103,ORG-HUM-01,Connie,Williams,synthetic.dnr-02103@demo-causefleet.org,555-0147,481 Smith Harbors,New Brian,IA,45196,Individual,"10,000-99,999",,False,2022-10-07,True
DNR-02104,ORG-HUM-01,Ryan,Johnson,synthetic.dnr-02104@demo-causefleet.org,555-0149,586 Coleman Bridge,Lewisport,TX,61843,Individual,100-999,,False,2025-08-19,True
DNR-02105,ORG-HUM-01,Philip,Knox,synthetic.dnr-02105@demo-causefleet.org,555-0167,21018 Anderson Expressway Apt. 644,New Andrewberg,PR,36863,Individual,Under 100,,False,2025-05-07,True
DNR-02106,ORG-HUM-01,Kelly,Shaw,synthetic.dnr-02106@demo-causefleet.org,555-0187,6535 Laurie Row,South Kendra,WV,96169,Individual,"1,000-$9,999",,False,2022-11-29,True
DNR-02107,ORG-HUM-01,Mark,Morrow,synthetic.dnr-02107@demo-causefleet.org,555-0164,557 Todd Wall Suite 852,Charlesburgh,MA,98080,Individual,Under 100,,False,2025-07-06,True
DNR-02108,ORG-HUM-01,Kelly,Ellis,synthetic.dnr-02108@demo-causefleet.org,555-0131,75227 Christine Port,Murphyburgh,IL,82312,Foundation,Under 100,,False,2023-10-20,True
DNR-02109,ORG-HUM-01,Jonathan,Marks,synthetic.dnr-02109@demo-causefleet.org,555-0198,03854 Samuel Circle,Katherinemouth,OK,94151,Individual,Under 100,,False,2023-02-20,True
DNR-02110,ORG-HUM-01,David,Thomas,synthetic.dnr-02110@demo-causefleet.org,555-0166,5385 Jasmine Flats Suite 635,New Justin,CA,41433,Corporation,Under 100,,False,2021-10-09,True
DNR-02111,ORG-HUM-01,Ryan,Jackson,synthetic.dnr-02111@demo-causefleet.org,555-0154,85206 James Lodge Apt. 189,Foxborough,NV,19365,Individual,Under 100,,False,2021-12-25,True
DNR-02112,ORG-HUM-01,Debra,Winters,synthetic.dnr-02112@demo-causefleet.org,555-0167,380 Garcia Ridge,South Christopherfurt,AR,32641,Individual,Under 100,,False,2023-09-04,True
DNR-02113,ORG-HUM-01,Maria,Lara,synthetic.dnr-02113@demo-causefleet.org,555-0115,85441 Wright Shoal,Brownburgh,TX,02584,Individual,Under 100,,False,2022-04-17,True
DNR-02114,ORG-HUM-01,Samantha,Miller,synthetic.dnr-02114@demo-causefleet.org,555-0155,802 Anthony Garden Suite 767,Loganmouth,IA,55031,Foundation,Under 100,,False,2024-02-24,True
DNR-02115,ORG-HUM-01,Stephanie,Bennett,synthetic.dnr-02115@demo-causefleet.org,555-0188,4590 John Parkways Apt. 954,West Kelsey,VA,15055,Individual,100-999,,False,2022-11-24,True
DNR-02116,ORG-HUM-01,Brent,Reyes,synthetic.dnr-02116@demo-causefleet.org,555-0165,553 Lynn Plain,East Hayley,ID,86064,Individual,100-999,,False,2021-11-18,True
DNR-02117,ORG-HUM-01,Christopher,Diaz,synthetic.dnr-02117@demo-causefleet.org,555-0145,8550 Johnson Lane,Andreberg,AS,55890,Individual,Under 100,,False,2025-07-07,True
DNR-02118,ORG-HUM-01,Scott,Love,synthetic.dnr-02118@demo-causefleet.org,555-0191,144 Kim Coves Suite 483,Donnamouth,UT,76378,Individual,100-999,,False,2021-06-23,True
DNR-02119,ORG-HUM-01,Brian,Aguilar,synthetic.dnr-02119@demo-causefleet.org,555-0117,9572 Jackson Bypass,East Joy,WI,47847,Individual,"1,000-$9,999",,False,2023-05-20,True
DNR-02120,ORG-HUM-01,Jamie,Murray,synthetic.dnr-02120@demo-causefleet.org,555-0119,58284 Brittany Views,Mariastad,CO,50844,Foundation,Under 100,,False,2023-08-12,True
DNR-02121,ORG-HUM-01,Matthew,Aguilar,synthetic.dnr-02121@demo-causefleet.org,555-0195,6446 Saunders Divide Apt. 900,Charlesstad,GA,40236,Individual,Under 100,,False,2024-05-10,True
DNR-02122,ORG-HUM-01,Tiffany,Koch,synthetic.dnr-02122@demo-causefleet.org,555-0191,8554 Zamora Turnpike Apt. 897,Georgestad,WV,06406,Individual,Under 100,,False,2025-03-13,True
DNR-02123,ORG-HUM-01,Gail,Bennett,synthetic.dnr-02123@demo-causefleet.org,555-0161,936 Thomas Row,Rebeccaberg,PW,66496,Corporation,Under 100,,False,2021-12-15,True
DNR-02124,ORG-HUM-01,Brian,Vazquez,synthetic.dnr-02124@demo-causefleet.org,555-0156,7073 Haynes Manors,Lake Johnchester,CT,29541,Individual,100-999,,False,2024-06-09,True
DNR-02125,ORG-HUM-01,Alexander,Freeman,synthetic.dnr-02125@demo-causefleet.org,555-0175,164 Olson Ville,South Michael,SD,23986,Corporation,100-999,,False,2024-04-16,True
DNR-02126,ORG-HUM-01,Jennifer,Estrada,synthetic.dnr-02126@demo-causefleet.org,555-0196,86785 Susan Springs,South Rebeccafurt,NC,67097,Individual,Under 100,,False,2024-07-10,True
DNR-02127,ORG-HUM-01,Michael,Mcdonald,synthetic.dnr-02127@demo-causefleet.org,555-0130,6616 Castro Prairie Suite 093,Villabury,MS,33384,Individual,100-999,,False,2021-09-20,True
DNR-02128,ORG-HUM-01,Alexis,Carroll,synthetic.dnr-02128@demo-causefleet.org,555-0113,1611 Jamie Isle Suite 322,Rebeccaland,NY,19977,Individual,100-999,,False,2023-03-07,True
DNR-02129,ORG-HUM-01,Catherine,Jones,synthetic.dnr-02129@demo-causefleet.org,555-0128,26974 Riley Plaza,Aliciashire,WV,67015,Foundation,"1,000-$9,999",,False,2023-01-12,True
DNR-02130,ORG-HUM-01,Veronica,Stevenson,synthetic.dnr-02130@demo-causefleet.org,555-0187,630 Martin Road,West Jeannefurt,OK,24513,Individual,Under 100,,False,2024-02-19,True
DNR-02131,ORG-HUM-01,Michael,Elliott,synthetic.dnr-02131@demo-causefleet.org,555-0196,4230 Dennis Haven,Willistown,DE,64445,Individual,"1,000-$9,999",,False,2022-03-13,True
DNR-02132,ORG-HUM-01,Teresa,Mullins,synthetic.dnr-02132@demo-causefleet.org,555-0166,863 Ferrell Run,Port Alexandriastad,IN,51397,Individual,Under 100,,False,2023-02-09,True
DNR-02133,ORG-HUM-01,Kristin,Thompson,synthetic.dnr-02133@demo-causefleet.org,555-0114,3567 Danielle Knoll,Gibsonfurt,RI,96368,Individual,Under 100,,False,2021-06-08,True
DNR-02134,ORG-HUM-01,Katie,Meyer,synthetic.dnr-02134@demo-causefleet.org,555-0126,40032 Harris Forge,West Katie,HI,93489,Individual,Under 100,,False,2022-09-02,True
DNR-02135,ORG-HUM-01,Michelle,Benitez,synthetic.dnr-02135@demo-causefleet.org,555-0118,523 Combs Common,New Zacharyberg,AL,32329,Individual,Under 100,,False,2023-05-05,True
DNR-02136,ORG-HUM-01,Amber,Mcdaniel,synthetic.dnr-02136@demo-causefleet.org,555-0140,958 Levy Shore Apt. 853,Lake Dakotaburgh,NY,10803,Foundation,100-999,,False,2025-01-12,True
DNR-02137,ORG-HUM-01,Laura,Johnson,synthetic.dnr-02137@demo-causefleet.org,555-0192,666 Perez Run,Timothyhaven,CA,85703,Individual,Under 100,,False,2023-06-09,True
DNR-02138,ORG-HUM-01,Robert,Sweeney,synthetic.dnr-02138@demo-causefleet.org,555-0156,0337 Jennifer Shores Suite 037,Jefferyborough,TN,97791,Individual,Under 100,,False,2022-06-25,True
DNR-02139,ORG-HUM-01,James,Page,synthetic.dnr-02139@demo-causefleet.org,555-0156,75671 Williams Valley Apt. 056,Petersmouth,WY,09290,Individual,Under 100,,False,2021-11-18,True
DNR-02140,ORG-HUM-01,Michele,Sanders,synthetic.dnr-02140@demo-causefleet.org,555-0159,9489 Vincent Estate,New Wesley,GA,01022,Individual,100-999,,False,2021-12-17,True
DNR-02141,ORG-HUM-01,Charles,Martinez,synthetic.dnr-02141@demo-causefleet.org,555-0182,7649 John Stream Apt. 657,Combsberg,NY,22327,Individual,Under 100,,False,2025-05-06,True
DNR-02142,ORG-HUM-01,Jacqueline,Ballard,synthetic.dnr-02142@demo-causefleet.org,555-0114,95490 Anna Points Suite 943,Joymouth,NH,63449,Individual,100-999,,False,2025-07-27,True
DNR-02143,ORG-HUM-01,Valerie,Boyer,synthetic.dnr-02143@demo-causefleet.org,555-0187,388 Cooper Junctions,Port Jillianton,VT,76866,Individual,Under 100,,False,2025-01-10,True
DNR-02144,ORG-HUM-01,Heidi,Wheeler,synthetic.dnr-02144@demo-causefleet.org,555-0129,783 Sophia Port Suite 936,North Bethport,CO,20716,Individual,Under 100,,False,2025-02-06,True
DNR-02145,ORG-HUM-01,Anthony,Reyes,synthetic.dnr-02145@demo-causefleet.org,555-0196,360 Nichols Mill Apt. 020,Lake Jennifer,OH,72476,Individual,Under 100,,False,2024-03-05,True
DNR-02146,ORG-HUM-01,Carl,Smith,synthetic.dnr-02146@demo-causefleet.org,555-0167,7637 Sheryl Flats Suite 344,South Michael,NJ,00626,Individual,Under 100,,False,2021-11-06,True
DNR-02147,ORG-HUM-01,Craig,Fuller,synthetic.dnr-02147@demo-causefleet.org,555-0157,6574 Brianna Overpass,Johnsonview,MO,59560,Individual,Under 100,,False,2023-05-30,True
DNR-02148,ORG-HUM-01,John,Long,synthetic.dnr-02148@demo-causefleet.org,555-0157,546 Francis Garden,Port Michaelhaven,NE,70467,Individual,Under 100,,False,2022-04-15,True
DNR-02149,ORG-HUM-01,Melissa,Rivera,synthetic.dnr-02149@demo-causefleet.org,555-0166,92662 Nelson Park,Lake Antoniomouth,NC,07283,Individual,"1,000-$9,999",,False,2021-12-15,True
DNR-02150,ORG-HUM-01,Melissa,Chan,synthetic.dnr-02150@demo-causefleet.org,555-0119,59700 Chad Prairie Apt. 073,Jonathanmouth,PW,99889,Individual,100-999,,False,2022-09-28,True
DNR-02151,ORG-HUM-01,Crystal,Chandler,synthetic.dnr-02151@demo-causefleet.org,555-0183,69390 Garcia Coves Suite 967,New Jefferyville,ID,02240,Individual,Under 100,,False,2024-06-27,True
DNR-02152,ORG-HUM-01,David,Keller,synthetic.dnr-02152@demo-causefleet.org,555-0127,251 Christopher Prairie Apt. 359,Michelletown,OK,39010,Individual,Under 100,,False,2022-12-07,True
DNR-02153,ORG-HUM-01,Barbara,Brown,synthetic.dnr-02153@demo-causefleet.org,555-0177,9799 Jessica Forks,East Angela,VT,59176,Individual,100-999,,False,2022-02-18,True
DNR-02154,ORG-HUM-01,Vanessa,Price,synthetic.dnr-02154@demo-causefleet.org,555-0156,62895 Patricia Tunnel Suite 039,Pierceside,NH,38088,Individual,Under 100,,False,2024-05-11,True
DNR-02155,ORG-HUM-01,Holly,Lee,synthetic.dnr-02155@demo-causefleet.org,555-0160,363 Hannah Port,Lake Cindy,TX,59184,Individual,Under 100,,False,2022-09-03,True
DNR-02156,ORG-HUM-01,Henry,Goodwin,synthetic.dnr-02156@demo-causefleet.org,555-0150,207 Michael Inlet,New Markbury,IN,14321,Individual,100-999,,False,2024-06-22,True
DNR-02157,ORG-HUM-01,Terry,Perry,synthetic.dnr-02157@demo-causefleet.org,555-0193,7677 Brittany Squares Apt. 030,New Tara,NV,42390,Individual,Under 100,,False,2021-10-01,True
DNR-02158,ORG-HUM-01,Joseph,Howard,synthetic.dnr-02158@demo-causefleet.org,555-0145,03606 Burns Orchard,New Monicaburgh,KY,78763,Individual,Under 100,,False,2024-11-24,True
DNR-02159,ORG-HUM-01,Sarah,Gray,synthetic.dnr-02159@demo-causefleet.org,555-0141,1364 Woods Green Suite 145,South Michael,HI,47089,Individual,Under 100,,False,2023-06-18,True
DNR-02160,ORG-HUM-01,Kevin,Roman,synthetic.dnr-02160@demo-causefleet.org,555-0124,2699 Jasmine Via,Stacyville,GU,15209,Individual,Under 100,,False,2023-05-03,True
DNR-02161,ORG-HUM-01,Ryan,Barry,synthetic.dnr-02161@demo-causefleet.org,555-0113,515 Patterson Street,Snyderton,SD,48770,Individual,100-999,,False,2022-10-12,True
DNR-02162,ORG-HUM-01,Robert,Glenn,synthetic.dnr-02162@demo-causefleet.org,555-0133,838 Victoria Wall,West Ryan,UT,08435,Individual,Under 100,,False,2021-09-04,True
DNR-02163,ORG-HUM-01,Todd,Hicks,synthetic.dnr-02163@demo-causefleet.org,555-0173,34563 Melissa Tunnel Apt. 349,Devonmouth,NV,07526,Individual,Under 100,,False,2022-03-08,True
DNR-02164,ORG-HUM-01,Levi,Gilmore,synthetic.dnr-02164@demo-causefleet.org,555-0176,782 Lee Plains Apt. 324,South Christopher,DE,87676,Individual,Under 100,,False,2022-11-19,True
DNR-02165,ORG-HUM-01,Emily,Mejia,synthetic.dnr-02165@demo-causefleet.org,555-0159,747 Cummings Falls Apt. 703,Deniseview,NJ,73936,Individual,Under 100,,False,2023-09-10,True
DNR-02166,ORG-HUM-01,Karen,Neal,synthetic.dnr-02166@demo-causefleet.org,555-0181,193 Laura Drives Apt. 941,Lake Jeffrey,NY,99285,Corporation,"1,000-$9,999",,False,2024-09-12,True
DNR-02167,ORG-HUM-01,Michelle,Duran,synthetic.dnr-02167@demo-causefleet.org,555-0125,53941 Hill Land Suite 189,West Amber,NC,31831,Individual,100-999,,False,2024-06-08,True
DNR-02168,ORG-HUM-01,Katie,Williams,synthetic.dnr-02168@demo-causefleet.org,555-0143,6303 William Meadows,Leeport,VI,80765,Individual,100-999,,False,2021-10-14,True
DNR-02169,ORG-HUM-01,Tonya,Riley,synthetic.dnr-02169@demo-causefleet.org,555-0143,7168 Pena Course Apt. 250,Thompsonside,MT,70787,Individual,Under 100,,False,2021-06-15,True
DNR-02170,ORG-HUM-01,Kelly,Weber,synthetic.dnr-02170@demo-causefleet.org,555-0167,6088 Jason Ports Apt. 587,New Carly,SD,84370,Individual,Under 100,,False,2022-10-10,True
DNR-02171,ORG-HUM-01,Steven,Golden,synthetic.dnr-02171@demo-causefleet.org,555-0137,3163 Allen Plaza,Paulville,NJ,21170,Individual,Under 100,,False,2022-09-02,True
DNR-02172,ORG-HUM-01,Tammy,Hernandez,synthetic.dnr-02172@demo-causefleet.org,555-0188,36490 Patton Shores,Campbellland,SC,12337,Individual,Under 100,,False,2024-08-22,True
DNR-02173,ORG-HUM-01,Yolanda,King,synthetic.dnr-02173@demo-causefleet.org,555-0146,031 Jennifer Spurs,South Robertfurt,NE,23952,Individual,"10,000-99,999",,False,2023-04-17,True
DNR-02174,ORG-HUM-01,Tasha,Warren,synthetic.dnr-02174@demo-causefleet.org,555-0198,4140 Chavez Walk Suite 229,Charlesville,SC,00741,Individual,Under 100,,False,2025-09-06,True
DNR-02175,ORG-HUM-01,Alison,Miller,synthetic.dnr-02175@demo-causefleet.org,555-0172,600 Michelle Avenue Suite 690,South Josemouth,ID,67493,Individual,Under 100,,False,2023-08-19,True
DNR-02176,ORG-HUM-01,Claudia,Stout,synthetic.dnr-02176@demo-causefleet.org,555-0135,44106 Sims Plains Suite 573,North Russell,AR,23792,Individual,Under 100,,False,2025-01-03,True
DNR-02177,ORG-HUM-01,Joshua,Prince,synthetic.dnr-02177@demo-causefleet.org,555-0125,4407 Lauren Row,Lake Stevenburgh,RI,68109,Individual,100-999,,False,2025-05-13,True
DNR-02178,ORG-HUM-01,Gary,Stanley,synthetic.dnr-02178@demo-causefleet.org,555-0127,0667 Johnny Junction,East Diane,WI,16499,Individual,Under 100,,False,2023-01-15,True
DNR-02179,ORG-HUM-01,Christopher,Gibson,synthetic.dnr-02179@demo-causefleet.org,555-0119,4129 Kelly Trace Apt. 202,West Kristiburgh,AR,67218,Individual,Under 100,,False,2023-07-31,True
DNR-02180,ORG-HUM-01,Yvonne,Gomez,synthetic.dnr-02180@demo-causefleet.org,555-0167,6801 Robert Meadows,West Tammie,PR,43441,Individual,Under 100,,False,2023-12-16,True
DNR-02181,ORG-HUM-01,Thomas,Perez,synthetic.dnr-02181@demo-causefleet.org,555-0132,9139 Allen Gateway,West Brandon,WV,22571,Individual,"1,000-$9,999",,False,2024-09-14,True
DNR-02182,ORG-HUM-01,Caroline,Cervantes,synthetic.dnr-02182@demo-causefleet.org,555-0166,384 Williams Springs,South Dawn,MI,34172,Individual,Under 100,,False,2023-07-10,True
DNR-02183,ORG-HUM-01,Brandy,Adams,synthetic.dnr-02183@demo-causefleet.org,555-0121,803 Tricia Pike Suite 414,Riosberg,OR,85547,Individual,"1,000-$9,999",,False,2022-04-30,True
DNR-02184,ORG-HUM-01,Luis,Smith,synthetic.dnr-02184@demo-causefleet.org,555-0197,8715 Mary Crest,East Steven,GA,14233,Individual,100-999,,False,2021-08-14,True
DNR-02185,ORG-HUM-01,Brett,King,synthetic.dnr-02185@demo-causefleet.org,555-0150,9391 Thomas Oval Suite 003,Michaelhaven,TX,66577,Individual,Under 100,,False,2021-09-02,True
DNR-02186,ORG-HUM-01,Rose,Moreno,synthetic.dnr-02186@demo-causefleet.org,555-0195,737 Norman Rapid Suite 660,Taylorfurt,MS,96132,Foundation,100-999,,False,2024-05-24,True
DNR-02187,ORG-HUM-01,Kelly,Keith,synthetic.dnr-02187@demo-causefleet.org,555-0154,1208 Amy Fields Suite 893,West Mary,DC,70425,Individual,Under 100,,False,2021-08-31,True
DNR-02188,ORG-HUM-01,Brenda,Campbell,synthetic.dnr-02188@demo-causefleet.org,555-0118,93516 Derrick Rest Suite 775,Lake Samantha,MT,73985,Individual,"1,000-$9,999",,False,2024-05-09,True
DNR-02189,ORG-HUM-01,Angelica,Williams,synthetic.dnr-02189@demo-causefleet.org,555-0180,3678 Steve Drive,Maryside,CA,33071,Individual,Under 100,,False,2022-09-02,True
DNR-02190,ORG-HUM-01,Tony,Tanner,synthetic.dnr-02190@demo-causefleet.org,555-0179,839 Alexander Road,Johnstad,DC,97559,Individual,Under 100,,False,2022-11-18,True
DNR-02191,ORG-HUM-01,Melinda,Williams,synthetic.dnr-02191@demo-causefleet.org,555-0147,29873 Bush Burgs Apt. 149,Houstonport,NH,43629,Individual,Under 100,,False,2024-06-10,True
DNR-02192,ORG-HUM-01,Tracy,Powers,synthetic.dnr-02192@demo-causefleet.org,555-0148,0499 Barbara Mall Suite 819,Michaelfurt,VI,44592,Foundation,Under 100,,False,2022-08-06,True
DNR-02193,ORG-HUM-01,Sonya,Hall,synthetic.dnr-02193@demo-causefleet.org,555-0130,03405 Harris Locks Apt. 080,Lisafort,FM,41627,Individual,"10,000-99,999",,False,2023-11-28,True
DNR-02194,ORG-HUM-01,Danielle,Zamora,synthetic.dnr-02194@demo-causefleet.org,555-0199,2188 Stanley Unions,Lake Jennifershire,OR,13721,Individual,Under 100,,False,2023-04-11,True
DNR-02195,ORG-HUM-01,William,White,synthetic.dnr-02195@demo-causefleet.org,555-0191,41104 Gonzales Point Suite 712,Murphyfort,UT,21448,Individual,100-999,,False,2023-02-03,True
DNR-02196,ORG-HUM-01,Carl,Novak,synthetic.dnr-02196@demo-causefleet.org,555-0132,78988 Buck Expressway,Barbarashire,CA,82358,Individual,Under 100,,False,2023-10-18,True
DNR-02197,ORG-HUM-01,Anthony,Moreno,synthetic.dnr-02197@demo-causefleet.org,555-0156,585 Lee Station,North Jasmin,KY,28616,Individual,"1,000-$9,999",,False,2025-03-23,True
DNR-02198,ORG-HUM-01,Robert,Martinez,synthetic.dnr-02198@demo-causefleet.org,555-0175,9670 Underwood Mews Suite 481,Karatown,AL,08248,Individual,Under 100,,False,2023-05-23,True
DNR-02199,ORG-HUM-01,Joseph,Mueller,synthetic.dnr-02199@demo-causefleet.org,555-0138,0231 Jessica Inlet Apt. 797,New Robert,WA,21646,Individual,Under 100,,False,2024-08-25,True
DNR-02200,ORG-HUM-01,Anna,Stanley,synthetic.dnr-02200@demo-causefleet.org,555-0125,427 Julia Green Suite 992,Dannyfort,UT,26047,Individual,Under 100,,False,2022-03-07,True
DNR-02201,ORG-HUM-01,Ricky,Holloway,synthetic.dnr-02201@demo-causefleet.org,555-0135,7587 Stephanie Orchard Apt. 053,West Deborah,OR,07728,Corporation,100-999,,False,2024-12-08,True
DNR-02202,ORG-HUM-01,Heather,Simpson,synthetic.dnr-02202@demo-causefleet.org,555-0127,536 Katrina Coves,Robertsbury,UT,03125,Individual,Under 100,,False,2024-11-12,True
DNR-02203,ORG-HUM-01,Sylvia,Moore,synthetic.dnr-02203@demo-causefleet.org,555-0140,04131 Fleming Vista Suite 752,Franktown,NV,14984,Individual,Under 100,,False,2022-07-13,True
DNR-02204,ORG-HUM-01,Nicole,Johnston,synthetic.dnr-02204@demo-causefleet.org,555-0173,76350 Marks Trace Suite 272,Lake Kellyhaven,OH,82955,Individual,Under 100,,False,2025-09-16,True
DNR-02205,ORG-HUM-01,Rebekah,Russell,synthetic.dnr-02205@demo-causefleet.org,555-0113,27025 Wright Cliffs Suite 391,Williamchester,KY,63742,Individual,100-999,,False,2021-11-07,True
DNR-02206,ORG-HUM-01,Robert,Mckenzie,synthetic.dnr-02206@demo-causefleet.org,555-0156,8203 Oliver Lock Apt. 550,South Renee,IA,34234,Foundation,Under 100,,False,2021-12-17,True
DNR-02207,ORG-HUM-01,Cindy,Ewing,synthetic.dnr-02207@demo-causefleet.org,555-0180,22066 Graham Islands,Dianamouth,IN,96954,Individual,Under 100,,False,2021-07-17,True
DNR-02208,ORG-HUM-01,Joshua,Burton,synthetic.dnr-02208@demo-causefleet.org,555-0183,694 Matthew Squares,New Julie,PW,10105,Individual,Under 100,,False,2024-03-02,True
DNR-02209,ORG-HUM-01,Elizabeth,Diaz,synthetic.dnr-02209@demo-causefleet.org,555-0157,80573 Darrell Lane,Mathewsside,MS,39378,Individual,100-999,,False,2023-06-09,True
DNR-02210,ORG-HUM-01,Marilyn,Anderson,synthetic.dnr-02210@demo-causefleet.org,555-0169,1070 Wade Parks,West Tamaraburgh,RI,49453,Foundation,"1,000-$9,999",,False,2022-12-17,True
DNR-02211,ORG-HUM-01,Raymond,Vasquez,synthetic.dnr-02211@demo-causefleet.org,555-0180,1235 Rios Island Suite 926,West Ryan,AZ,50685,Individual,Under 100,,False,2021-07-28,True
DNR-02212,ORG-HUM-01,Matthew,Reed,synthetic.dnr-02212@demo-causefleet.org,555-0126,79751 Thomas Pike Suite 953,Port Tiffanymouth,AS,26438,Individual,Under 100,,False,2024-03-23,True
DNR-02213,ORG-HUM-01,Miranda,Aguirre,synthetic.dnr-02213@demo-causefleet.org,555-0188,019 Henderson Estate Apt. 346,South Joshuafurt,CA,42423,Individual,Under 100,,False,2022-07-28,True
DNR-02214,ORG-HUM-01,Holly,Moon,synthetic.dnr-02214@demo-causefleet.org,555-0121,22247 Judith Pass Apt. 014,East Brandimouth,CA,81165,Corporation,Under 100,,False,2022-01-22,True
DNR-02215,ORG-HUM-01,Joseph,Schroeder,synthetic.dnr-02215@demo-causefleet.org,555-0118,74812 Robertson Oval Apt. 008,West Zacharyshire,PA,02063,Individual,Under 100,,False,2023-11-01,True
DNR-02216,ORG-HUM-01,Destiny,Hays,synthetic.dnr-02216@demo-causefleet.org,555-0149,140 Jay Station,West Virginiaside,MP,97635,Individual,100-999,,False,2022-11-04,True
DNR-02217,ORG-HUM-01,Jennifer,Williams,synthetic.dnr-02217@demo-causefleet.org,555-0160,358 Patrick Ramp Apt. 213,North Robertchester,OK,40276,Individual,Under 100,,False,2021-11-25,True
DNR-02218,ORG-HUM-01,Pamela,Yu,synthetic.dnr-02218@demo-causefleet.org,555-0171,46764 William Drive,Ashleeborough,MO,21301,Individual,"1,000-$9,999",,False,2023-03-24,True
DNR-02219,ORG-HUM-01,Loretta,Adams,synthetic.dnr-02219@demo-causefleet.org,555-0177,591 Paul Wall Apt. 033,Lake Meganchester,MN,55191,Individual,Under 100,,False,2021-08-21,True
DNR-02220,ORG-HUM-01,Michael,Baldwin,synthetic.dnr-02220@demo-causefleet.org,555-0162,6578 Jason Heights,Melissaport,IA,66208,Individual,100-999,,False,2025-08-12,True
DNR-02221,ORG-HUM-01,Karen,Roberts,synthetic.dnr-02221@demo-causefleet.org,555-0162,4508 Thomas Stream,Jamesberg,WI,17157,Individual,Under 100,,False,2023-11-20,True
DNR-02222,ORG-HUM-01,Andrew,Ferrell,synthetic.dnr-02222@demo-causefleet.org,555-0183,876 Davis Ferry Suite 139,Lisastad,NM,33438,Individual,Under 100,,False,2025-01-31,True
DNR-02223,ORG-HUM-01,Randy,Gordon,synthetic.dnr-02223@demo-causefleet.org,555-0119,583 Larry Camp,West Joseph,GU,37103,Individual,Under 100,,False,2022-10-21,True
DNR-02224,ORG-HUM-01,Emma,Wells,synthetic.dnr-02224@demo-causefleet.org,555-0126,881 Alexis Ridge Suite 569,East Mitchell,PW,78869,Individual,Under 100,,False,2025-01-21,True
DNR-02225,ORG-HUM-01,Douglas,Ellis,synthetic.dnr-02225@demo-causefleet.org,555-0150,36831 Theodore Fort,Davidborough,RI,97432,Individual,Under 100,,False,2023-03-19,True
DNR-02226,ORG-HUM-01,Karen,Cooper,synthetic.dnr-02226@demo-causefleet.org,555-0192,780 Rebecca Tunnel Apt. 801,Crawfordtown,MT,17533,Individual,100-999,,False,2024-01-18,True
DNR-02227,ORG-HUM-01,Michael,Sloan,synthetic.dnr-02227@demo-causefleet.org,555-0119,694 Gibson Trail,Elizabethview,CT,84719,Individual,"1,000-$9,999",,False,2023-11-10,True
DNR-02228,ORG-HUM-01,John,Jones,synthetic.dnr-02228@demo-causefleet.org,555-0167,31866 Gates Route,South Robertfort,WA,34187,Individual,Under 100,,False,2022-08-21,True
DNR-02229,ORG-HUM-01,Debbie,Taylor,synthetic.dnr-02229@demo-causefleet.org,555-0169,110 Smith Forks,Johnmouth,PR,73614,Individual,Under 100,,False,2023-06-16,True
DNR-02230,ORG-HUM-01,Andrew,Miller,synthetic.dnr-02230@demo-causefleet.org,555-0197,7953 Michelle Summit Suite 225,New Jeremy,RI,17497,Individual,Under 100,,False,2022-03-02,True
DNR-02231,ORG-HUM-01,David,Dyer,synthetic.dnr-02231@demo-causefleet.org,555-0176,7277 Cox Spring Suite 021,Jacobville,LA,69488,Individual,Under 100,,False,2021-12-30,True
DNR-02232,ORG-HUM-01,Wanda,Perez,synthetic.dnr-02232@demo-causefleet.org,555-0154,83968 Weaver Parkways Suite 204,Riverashire,WI,73959,Individual,Under 100,,False,2022-10-03,True
DNR-02233,ORG-HUM-01,Elizabeth,Moody,synthetic.dnr-02233@demo-causefleet.org,555-0126,7069 Felicia Fall Suite 320,West Lance,CO,55510,Foundation,100-999,,False,2022-06-26,True
DNR-02234,ORG-HUM-01,Janet,Wells,synthetic.dnr-02234@demo-causefleet.org,555-0180,7781 Lewis Mall Apt. 395,Kimberlymouth,WY,77279,Individual,"10,000-99,999",,False,2024-07-03,True
DNR-02235,ORG-HUM-01,Teresa,Wilson,synthetic.dnr-02235@demo-causefleet.org,555-0191,723 Ali Center Apt. 947,South Tony,NE,18541,Individual,"1,000-$9,999",,False,2021-12-31,True
DNR-02236,ORG-HUM-01,James,Herman,synthetic.dnr-02236@demo-causefleet.org,555-0185,4997 Hudson Station Suite 822,North Andreaville,AK,04453,Individual,Under 100,,False,2023-02-25,True
DNR-02237,ORG-HUM-01,Jonathan,Wagner,synthetic.dnr-02237@demo-causefleet.org,555-0133,690 White Corner Suite 759,Danielshire,WI,99428,Foundation,100-999,,False,2021-11-02,True
DNR-02238,ORG-HUM-01,Annette,Sanders,synthetic.dnr-02238@demo-causefleet.org,555-0126,080 Jennifer Roads,Zacharyfort,MH,24538,Individual,100-999,,False,2024-09-17,True
DNR-02239,ORG-HUM-01,Donna,Webb,synthetic.dnr-02239@demo-causefleet.org,555-0165,966 Padilla Crossroad Suite 830,Dannyville,OR,61416,Individual,Under 100,,False,2022-08-06,True
DNR-02240,ORG-HUM-01,Martin,White,synthetic.dnr-02240@demo-causefleet.org,555-0174,3353 Ford Spring,Frazierfort,NV,28376,Individual,Under 100,,False,2022-02-01,True
DNR-02241,ORG-HUM-01,Jennifer,Hoover,synthetic.dnr-02241@demo-causefleet.org,555-0117,8750 Elizabeth Branch Suite 979,West Aaronfort,CA,83017,Individual,100-999,,False,2022-07-02,True
DNR-02242,ORG-HUM-01,Courtney,Dillon,synthetic.dnr-02242@demo-causefleet.org,555-0125,1990 Kirby Lock,Claychester,PA,65714,Individual,Under 100,,False,2025-04-18,True
DNR-02243,ORG-HUM-01,Joshua,Hernandez,synthetic.dnr-02243@demo-causefleet.org,555-0176,1243 Price Parkway,Port Veronica,AR,29077,Individual,Under 100,,False,2025-01-08,True
DNR-02244,ORG-HUM-01,Katherine,Hughes,synthetic.dnr-02244@demo-causefleet.org,555-0129,255 Luna Light Suite 350,Montesland,WA,07760,Corporation,Under 100,,False,2022-01-30,True
DNR-02245,ORG-HUM-01,Gregory,Barker,synthetic.dnr-02245@demo-causefleet.org,555-0148,6461 Erin Corners Suite 993,Santiagobury,CT,75619,Individual,Under 100,,False,2024-04-12,True
DNR-02246,ORG-HUM-01,Michelle,Rangel,synthetic.dnr-02246@demo-causefleet.org,555-0131,4439 Brandy Circles Suite 663,North Deniseborough,MS,19518,Individual,Under 100,,False,2023-02-16,True
DNR-02247,ORG-HUM-01,David,Ewing,synthetic.dnr-02247@demo-causefleet.org,555-0130,164 Sean Mountain Apt. 481,East Joycestad,WV,99295,Individual,"1,000-$9,999",,False,2024-06-30,True
DNR-02248,ORG-HUM-01,Sarah,Blair,synthetic.dnr-02248@demo-causefleet.org,555-0151,652 Weeks Estates,Beverlyside,MO,58260,Individual,100-999,,False,2022-04-06,True
DNR-02249,ORG-HUM-01,Heidi,Cook,synthetic.dnr-02249@demo-causefleet.org,555-0138,990 Davis Falls Suite 991,Kellyside,HI,63187,Individual,100-999,,False,2023-05-31,True
DNR-02250,ORG-HUM-01,Diane,Berry,synthetic.dnr-02250@demo-causefleet.org,555-0154,132 Hicks Fields,Ochoachester,AK,21027,Individual,Under 100,,False,2021-06-15,True
DNR-02251,ORG-HUM-01,Ryan,Gardner,synthetic.dnr-02251@demo-causefleet.org,555-0176,57712 Alicia Extensions Suite 195,Mullinsfort,NE,87851,Individual,Under 100,,False,2021-09-10,True
DNR-02252,ORG-HUM-01,Michael,Grant,synthetic.dnr-02252@demo-causefleet.org,555-0146,35528 Hawkins Skyway,Port Vanessachester,ID,01253,Foundation,Under 100,,False,2025-09-11,True
DNR-02253,ORG-HUM-01,Edward,Hernandez,synthetic.dnr-02253@demo-causefleet.org,555-0120,335 Amy Mill,Garciaborough,MI,78964,Individual,Under 100,,False,2024-10-23,True
DNR-02254,ORG-HUM-01,Kevin,Harding,synthetic.dnr-02254@demo-causefleet.org,555-0142,474 Hill Lake Suite 072,North Katherine,DE,72672,Individual,Under 100,,False,2024-03-24,True
DNR-02255,ORG-HUM-01,Jessica,Williams,synthetic.dnr-02255@demo-causefleet.org,555-0135,756 Fuentes Keys,Lake Ericaside,DE,85764,Individual,Under 100,,False,2025-07-12,True
DNR-02256,ORG-HUM-01,Alyssa,Rodriguez,synthetic.dnr-02256@demo-causefleet.org,555-0191,9744 Graham Radial Apt. 788,Bennettfurt,WY,83600,Individual,Under 100,,False,2021-06-19,True
DNR-02257,ORG-HUM-01,Kathryn,Allen,synthetic.dnr-02257@demo-causefleet.org,555-0180,47749 Dickson Flat,Rayberg,FL,91254,Individual,Under 100,,False,2022-09-12,True
DNR-02258,ORG-HUM-01,Patricia,Shaw,synthetic.dnr-02258@demo-causefleet.org,555-0145,0237 Clark Route,Sanchezmouth,AR,42854,Individual,Under 100,,False,2023-04-13,True
DNR-02259,ORG-HUM-01,Darius,Roberts,synthetic.dnr-02259@demo-causefleet.org,555-0126,047 Karen Burg Suite 962,West Michaelshire,NM,59600,Individual,Under 100,,False,2025-08-04,True
DNR-02260,ORG-HUM-01,Tara,Gray,synthetic.dnr-02260@demo-causefleet.org,555-0190,198 Scott Hills Suite 366,Jamiemouth,SD,69801,Individual,"10,000-99,999",,False,2022-06-09,True
DNR-02261,ORG-HUM-01,Alexandria,Drake,synthetic.dnr-02261@demo-causefleet.org,555-0148,571 Daniel Roads Suite 449,Brownchester,IA,74489,Individual,Under 100,,False,2023-09-13,True
DNR-02262,ORG-HUM-01,Matthew,King,synthetic.dnr-02262@demo-causefleet.org,555-0188,4372 Donald Parkways Suite 877,Patrickland,WY,81876,Individual,100-999,,False,2022-10-20,True
DNR-02263,ORG-HUM-01,Amy,Hart,synthetic.dnr-02263@demo-causefleet.org,555-0178,5798 David Ferry Apt. 005,West Justinville,NV,30662,Foundation,Under 100,,False,2021-10-07,True
DNR-02264,ORG-HUM-01,Andrea,Mitchell,synthetic.dnr-02264@demo-causefleet.org,555-0121,919 Joshua Ferry Suite 627,East Jacobbury,IA,07752,Individual,Under 100,,False,2023-01-23,True
DNR-02265,ORG-HUM-01,Kathryn,Rogers,synthetic.dnr-02265@demo-causefleet.org,555-0174,3597 Cantu View,New Randyburgh,NY,24867,Individual,"10,000-99,999",,False,2024-10-09,True
DNR-02266,ORG-HUM-01,David,Powell,synthetic.dnr-02266@demo-causefleet.org,555-0192,787 Chen Parkways,Port Jacqueline,NJ,25449,Individual,Under 100,,False,2024-07-30,True
DNR-02267,ORG-HUM-01,Sheila,Wright,synthetic.dnr-02267@demo-causefleet.org,555-0131,3983 Bruce Loop Apt. 979,Gordonmouth,MA,01960,Individual,Under 100,,False,2023-06-07,True
DNR-02268,ORG-HUM-01,Karen,Parks,synthetic.dnr-02268@demo-causefleet.org,555-0185,5072 Moore Ridge Apt. 107,Lake Hunter,FL,53553,Individual,100-999,,False,2024-11-04,True
DNR-02269,ORG-HUM-01,Shane,Moore,synthetic.dnr-02269@demo-causefleet.org,555-0184,3059 Lambert Street Suite 671,South Scottborough,OR,72740,Individual,Under 100,,False,2022-12-16,True
DNR-02270,ORG-HUM-01,Susan,Dougherty,synthetic.dnr-02270@demo-causefleet.org,555-0129,45819 Lambert Parkways Suite 075,Kathyside,AS,00791,Individual,100-999,,False,2025-01-20,True
DNR-02271,ORG-HUM-01,Judith,Morgan,synthetic.dnr-02271@demo-causefleet.org,555-0131,68395 Kayla Streets Apt. 513,South Catherinemouth,HI,08997,Individual,Under 100,,False,2022-12-30,True
DNR-02272,ORG-HUM-01,Amanda,Stewart,synthetic.dnr-02272@demo-causefleet.org,555-0194,702 Grimes Pike,Jeffreyshire,FM,73474,Individual,Under 100,,False,2024-10-16,True
DNR-02273,ORG-HUM-01,Daniel,Good,synthetic.dnr-02273@demo-causefleet.org,555-0189,1371 Allen Ways,Barkershire,AZ,69861,Individual,Under 100,,False,2024-10-03,True
DNR-02274,ORG-HUM-01,Jason,Russell,synthetic.dnr-02274@demo-causefleet.org,555-0187,836 Rodney Estates Apt. 866,Elizabethton,MO,62734,Individual,Under 100,,False,2023-01-10,True
DNR-02275,ORG-HUM-01,Wendy,Bell,synthetic.dnr-02275@demo-causefleet.org,555-0153,3541 Lucas Summit Suite 725,West Benjaminmouth,UT,98642,Foundation,"1,000-$9,999",,False,2023-07-02,True
DNR-02276,ORG-HUM-01,Christina,Shaw,synthetic.dnr-02276@demo-causefleet.org,555-0182,85587 Jason Oval,Katelynfort,SC,20027,Individual,100-999,,False,2023-09-23,True
DNR-02277,ORG-HUM-01,Andrew,Roberts,synthetic.dnr-02277@demo-causefleet.org,555-0115,41507 Riley Crescent,Grayhaven,TN,16083,Individual,Under 100,,False,2021-08-13,True
DNR-02278,ORG-HUM-01,Erin,Wilson,synthetic.dnr-02278@demo-causefleet.org,555-0113,566 Jerry Haven Apt. 475,North Blakeport,MA,72852,Individual,Under 100,,False,2023-04-09,True
DNR-02279,ORG-HUM-01,Stacy,Spencer,synthetic.dnr-02279@demo-causefleet.org,555-0120,70699 Sara Lights,Catherineport,RI,32219,Individual,100-999,,False,2022-09-20,True
DNR-02280,ORG-HUM-01,Debra,Stevenson,synthetic.dnr-02280@demo-causefleet.org,555-0115,363 Richard Oval,Port Fred,MN,43126,Individual,Under 100,,False,2022-11-08,True
DNR-02281,ORG-HUM-01,Sabrina,Davis,synthetic.dnr-02281@demo-causefleet.org,555-0192,335 Kimberly Trail,Monicaburgh,KS,36171,Individual,Under 100,,False,2024-10-03,True
DNR-02282,ORG-HUM-01,Monica,Salazar,synthetic.dnr-02282@demo-causefleet.org,555-0183,3900 Jordan Forest Apt. 488,Simpsonburgh,MP,41943,Individual,Under 100,,False,2024-03-21,True
DNR-02283,ORG-HUM-01,Alejandro,Johnston,synthetic.dnr-02283@demo-causefleet.org,555-0143,709 Clark Parks,New Walterville,FM,52667,Individual,Under 100,,False,2021-11-13,True
DNR-02284,ORG-HUM-01,Susan,Bartlett,synthetic.dnr-02284@demo-causefleet.org,555-0193,03846 Erin Plaza,West Brianfurt,KS,43166,Individual,100-999,,False,2025-08-13,True
DNR-02285,ORG-HUM-01,Robert,Cowan,synthetic.dnr-02285@demo-causefleet.org,555-0136,3125 Robert Crossroad Suite 698,Fosterburgh,WY,99580,Individual,"10,000-99,999",,False,2022-07-19,True
DNR-02286,ORG-HUM-01,Brandy,Reilly,synthetic.dnr-02286@demo-causefleet.org,555-0183,4508 Crystal Rue Suite 173,North Katherine,WI,65517,Individual,Under 100,,False,2025-07-04,True
DNR-02287,ORG-HUM-01,Roger,English,synthetic.dnr-02287@demo-causefleet.org,555-0163,1447 Peggy Isle,Port Josephville,MN,24795,Corporation,Under 100,,False,2021-10-27,True
DNR-02288,ORG-HUM-01,Justin,Cooper,synthetic.dnr-02288@demo-causefleet.org,555-0189,694 Scott Shoals,Port Jeffreymouth,OH,06338,Individual,Under 100,,False,2023-04-12,True
DNR-02289,ORG-HUM-01,William,Poole,synthetic.dnr-02289@demo-causefleet.org,555-0191,93837 Brooke Islands,West Rachel,GU,62789,Individual,Under 100,,False,2022-07-08,True
DNR-02290,ORG-HUM-01,Aaron,Solis,synthetic.dnr-02290@demo-causefleet.org,555-0113,146 Kirk Groves Apt. 261,West James,FL,43171,Individual,Under 100,,False,2024-04-26,True
DNR-02291,ORG-HUM-01,Paul,Hawkins,synthetic.dnr-02291@demo-causefleet.org,555-0173,2138 Mcmillan Wall,Melvintown,OK,87927,Individual,100-999,,False,2022-12-12,True
DNR-02292,ORG-HUM-01,Sarah,Harrell,synthetic.dnr-02292@demo-causefleet.org,555-0190,75056 William Harbor Apt. 072,Jonesfurt,ID,27439,Individual,Under 100,,False,2022-12-09,True
DNR-02293,ORG-HUM-01,Heather,Lopez,synthetic.dnr-02293@demo-causefleet.org,555-0179,8132 Harrison Mission,East Eric,MT,16934,Individual,Under 100,,False,2022-09-29,True
DNR-02294,ORG-HUM-01,Ruth,Jordan,synthetic.dnr-02294@demo-causefleet.org,555-0147,9588 Beverly Vista Suite 687,Goodwinshire,TX,20299,Individual,Under 100,,False,2023-05-12,True
DNR-02295,ORG-HUM-01,Keith,Lawson,synthetic.dnr-02295@demo-causefleet.org,555-0192,36757 Vanessa Village,Ortizview,VT,79607,Individual,Under 100,,False,2025-08-23,True
DNR-02296,ORG-HUM-01,Adam,Mcdaniel,synthetic.dnr-02296@demo-causefleet.org,555-0148,6783 Anthony Club,Martinezborough,VI,14565,Individual,Under 100,,False,2025-08-04,True
DNR-02297,ORG-HUM-01,Candice,Peterson,synthetic.dnr-02297@demo-causefleet.org,555-0171,38833 Cristian Island Apt. 801,Powellside,GU,01986,Individual,100-999,,False,2023-07-06,True
DNR-02298,ORG-HUM-01,Rodney,Medina,synthetic.dnr-02298@demo-causefleet.org,555-0141,388 Friedman Cliffs,West Joshuabury,OK,63943,Individual,Under 100,,False,2022-02-05,True
DNR-02299,ORG-HUM-01,Clinton,Washington,synthetic.dnr-02299@demo-causefleet.org,555-0197,59106 Smith Manor Apt. 365,West Randyberg,MT,86093,Individual,100-999,,False,2023-10-10,True
DNR-02300,ORG-HUM-01,Douglas,Roy,synthetic.dnr-02300@demo-causefleet.org,555-0161,922 Garcia Tunnel Apt. 613,Bradleychester,DC,09028,Individual,Under 100,,False,2022-03-04,True
DNR-02301,ORG-HUM-01,Keith,Jones,synthetic.dnr-02301@demo-causefleet.org,555-0148,970 Taylor Ridges Apt. 099,Dayburgh,VI,55898,Individual,Under 100,,False,2021-09-04,True
DNR-02302,ORG-HUM-01,Robert,Brooks,synthetic.dnr-02302@demo-causefleet.org,555-0168,8168 Daniel Canyon,Mckayfort,ID,07567,Individual,Under 100,,False,2023-09-19,True
DNR-02303,ORG-HUM-01,Terri,Miller,synthetic.dnr-02303@demo-causefleet.org,555-0119,90390 Anthony Center Suite 626,South Adrianburgh,SD,37796,Individual,Under 100,,False,2023-09-10,True
DNR-02304,ORG-HUM-01,William,Nguyen,synthetic.dnr-02304@demo-causefleet.org,555-0198,888 Bryan Extension Suite 381,Sheilaberg,PA,27660,Individual,Under 100,,False,2023-07-20,True
DNR-02305,ORG-HUM-01,Bailey,Lambert,synthetic.dnr-02305@demo-causefleet.org,555-0117,4014 Andrea Vista,Tracystad,LA,31266,Foundation,Under 100,,False,2022-03-01,True
DNR-02306,ORG-HUM-01,William,Morales,synthetic.dnr-02306@demo-causefleet.org,555-0130,9478 Brian Via Apt. 463,Jenkinshaven,IA,63158,Individual,100-999,,False,2024-03-11,True
DNR-02307,ORG-HUM-01,Michael,Little,synthetic.dnr-02307@demo-causefleet.org,555-0166,045 Amber Lake Apt. 077,New Biancaborough,DE,58670,Individual,100-999,,False,2025-01-24,True
DNR-02308,ORG-HUM-01,Cody,Koch,synthetic.dnr-02308@demo-causefleet.org,555-0163,9804 Jason Creek,Emilyshire,MT,35188,Individual,Under 100,,False,2024-11-01,True
DNR-02309,ORG-HUM-01,Brandon,Edwards,synthetic.dnr-02309@demo-causefleet.org,555-0171,93352 Melinda Mews,East Lisa,MS,07652,Individual,Under 100,,False,2021-06-30,True
DNR-02310,ORG-HUM-01,Jamie,Fritz,synthetic.dnr-02310@demo-causefleet.org,555-0169,66331 Davis Center Apt. 310,South Christophermouth,DE,79414,Individual,Under 100,,False,2024-05-22,True
DNR-02311,ORG-HUM-01,Kenneth,Marshall,synthetic.dnr-02311@demo-causefleet.org,555-0136,51995 Angela Rapid Apt. 056,Yatesbury,SC,47439,Individual,Under 100,,False,2024-11-08,True
DNR-02312,ORG-HUM-01,Robert,Perez,synthetic.dnr-02312@demo-causefleet.org,555-0153,76352 Rodriguez Run Apt. 228,Mendozaville,AR,52517,Individual,Under 100,,False,2022-02-05,True
DNR-02313,ORG-HUM-01,Julia,Smith,synthetic.dnr-02313@demo-causefleet.org,555-0187,235 Alexander Heights Apt. 490,Thomasfort,MA,25620,Individual,"1,000-$9,999",,False,2023-03-18,True
DNR-02314,ORG-HUM-01,Jennifer,Shields,synthetic.dnr-02314@demo-causefleet.org,555-0128,526 Leslie Mountain Apt. 683,South Taramouth,VI,15354,Individual,Under 100,,False,2022-01-26,True
DNR-02315,ORG-HUM-01,Jonathan,Cummings,synthetic.dnr-02315@demo-causefleet.org,555-0150,48454 Gonzales Club,South Charles,WA,62099,Corporation,Under 100,,False,2021-10-27,True
DNR-02316,ORG-HUM-01,Nicole,Baker,synthetic.dnr-02316@demo-causefleet.org,555-0150,669 Collins Island,New Michaeltown,ID,33815,Individual,Under 100,,False,2025-04-18,True
DNR-02317,ORG-HUM-01,David,Hooper,synthetic.dnr-02317@demo-causefleet.org,555-0154,6170 Garcia Run,North Daleberg,NV,28447,Individual,Under 100,,False,2021-06-12,True
DNR-02318,ORG-HUM-01,Mercedes,Ortega,synthetic.dnr-02318@demo-causefleet.org,555-0161,2035 Matthews Knolls,Greentown,CA,75177,Individual,100-999,,False,2023-09-21,True
DNR-02319,ORG-HUM-01,Kim,Santos,synthetic.dnr-02319@demo-causefleet.org,555-0126,2607 Melissa Club Apt. 643,Kathrynburgh,ME,87112,Individual,Under 100,,False,2021-09-10,True
DNR-02320,ORG-HUM-01,Megan,Huff,synthetic.dnr-02320@demo-causefleet.org,555-0157,5466 Joshua Terrace Apt. 230,Klineport,DC,97801,Individual,Under 100,,False,2024-06-24,True
DNR-02321,ORG-HUM-01,Christian,Knapp,synthetic.dnr-02321@demo-causefleet.org,555-0175,0389 Davis Squares Suite 923,Samanthachester,MO,42260,Foundation,100-999,,False,2021-09-25,True
DNR-02322,ORG-HUM-01,Megan,Simpson,synthetic.dnr-02322@demo-causefleet.org,555-0181,5331 Goodwin Groves Suite 060,Debbieport,CT,13100,Individual,Under 100,,False,2022-01-19,True
DNR-02323,ORG-HUM-01,Jason,Baird,synthetic.dnr-02323@demo-causefleet.org,555-0123,46310 Daniels Vista,Lake Timothychester,OK,90219,Individual,100-999,,False,2024-05-29,True
DNR-02324,ORG-HUM-01,Shawn,Bennett,synthetic.dnr-02324@demo-causefleet.org,555-0150,830 Rodriguez Spring,Cynthiaview,SC,37657,Individual,Under 100,,False,2024-08-30,True
DNR-02325,ORG-HUM-01,Mary,Allen,synthetic.dnr-02325@demo-causefleet.org,555-0140,359 Wright Trace Suite 016,Ericstad,MP,32144,Individual,Under 100,,False,2023-07-14,True
DNR-02326,ORG-HUM-01,Lindsey,Park,synthetic.dnr-02326@demo-causefleet.org,555-0169,40937 Christopher Summit Apt. 859,Hawkinsmouth,KY,84945,Foundation,100-999,,False,2021-09-30,True
DNR-02327,ORG-HUM-01,Christine,Jackson,synthetic.dnr-02327@demo-causefleet.org,555-0125,5095 Dorsey Drives,New Josephberg,MS,52696,Individual,Under 100,,False,2021-06-29,True
DNR-02328,ORG-HUM-01,Randy,Harris,synthetic.dnr-02328@demo-causefleet.org,555-0144,1611 Hensley Camp,Thompsonfort,NY,85184,Individual,Under 100,,False,2023-08-09,True
DNR-02329,ORG-HUM-01,Cheryl,Dixon,synthetic.dnr-02329@demo-causefleet.org,555-0167,8311 Susan View,South Sharonmouth,PA,18791,Individual,Under 100,,False,2025-04-12,True
DNR-02330,ORG-HUM-01,Edgar,Mckenzie,synthetic.dnr-02330@demo-causefleet.org,555-0141,31256 Jimenez Key,Port Hannahborough,NC,45594,Individual,Under 100,,False,2025-03-22,True
DNR-02331,ORG-HUM-01,Patricia,Martinez,synthetic.dnr-02331@demo-causefleet.org,555-0128,714 Jake Turnpike,South Denise,NM,25224,Individual,Under 100,,False,2025-07-02,True
DNR-02332,ORG-HUM-01,Leslie,Vasquez,synthetic.dnr-02332@demo-causefleet.org,555-0122,2142 Chelsea Ferry Apt. 793,Greenstad,SD,67109,Individual,100-999,,False,2022-01-14,True
DNR-02333,ORG-HUM-01,Christina,Jensen,synthetic.dnr-02333@demo-causefleet.org,555-0116,0592 Perez Ways,Port Katiestad,MI,90821,Individual,"$100,000+",,False,2023-05-22,True
DNR-02334,ORG-HUM-01,Gabriella,Vasquez,synthetic.dnr-02334@demo-causefleet.org,555-0147,4273 Richards Motorway,East Abigail,SC,13548,Individual,Under 100,,False,2025-02-02,True
DNR-02335,ORG-HUM-01,Erin,Conway,synthetic.dnr-02335@demo-causefleet.org,555-0159,213 Garcia Shoals,East Dianaton,CT,04352,Individual,Under 100,,False,2023-03-31,True
DNR-02336,ORG-HUM-01,Jacob,Dougherty,synthetic.dnr-02336@demo-causefleet.org,555-0188,46948 Dawson Wells,East Jasonberg,HI,30404,Individual,Under 100,,False,2023-06-23,True
DNR-02337,ORG-HUM-01,Rebecca,Grant,synthetic.dnr-02337@demo-causefleet.org,555-0163,570 Clark Village,East Timothyhaven,MI,74144,Individual,Under 100,,False,2025-02-15,True
DNR-02338,ORG-HUM-01,Susan,Harris,synthetic.dnr-02338@demo-causefleet.org,555-0141,31682 Nicholas Center,New Wendyborough,NV,09362,Individual,Under 100,,False,2025-03-21,True
DNR-02339,ORG-HUM-01,Claudia,Jones,synthetic.dnr-02339@demo-causefleet.org,555-0130,449 Amber Flat Suite 473,North Jeffreyborough,NV,08522,Individual,Under 100,,False,2023-01-11,True
DNR-02340,ORG-HUM-01,Bailey,Foster,synthetic.dnr-02340@demo-causefleet.org,555-0151,5407 Khan Bridge Apt. 535,Debrahaven,NC,17562,Individual,"1,000-$9,999",,False,2024-04-28,True
DNR-02341,ORG-HUM-01,Sally,Arnold,synthetic.dnr-02341@demo-causefleet.org,555-0183,180 Annette Summit,New Victoria,AR,18363,Individual,Under 100,,False,2025-02-11,True
DNR-02342,ORG-HUM-01,Amanda,Vasquez,synthetic.dnr-02342@demo-causefleet.org,555-0150,8753 Jones Landing,Carrilloville,MD,31284,Individual,Under 100,,False,2024-07-29,True
DNR-02343,ORG-HUM-01,Arthur,Ingram,synthetic.dnr-02343@demo-causefleet.org,555-0134,6706 Kathy Fort Apt. 191,Terryville,OR,44067,Individual,Under 100,,False,2022-05-09,True
DNR-02344,ORG-HUM-01,Jeffrey,Larson,synthetic.dnr-02344@demo-causefleet.org,555-0130,13403 Vasquez Club Suite 037,North Robert,AS,71077,Individual,100-999,,False,2022-11-16,True
DNR-02345,ORG-HUM-01,Natasha,Kemp,synthetic.dnr-02345@demo-causefleet.org,555-0173,8207 Lindsay Lock Apt. 474,West Ryan,KY,63177,Foundation,100-999,,False,2023-12-07,True
DNR-02346,ORG-HUM-01,Michael,Clarke,synthetic.dnr-02346@demo-causefleet.org,555-0175,65299 Matthew Forges Suite 791,North Lisa,GA,98547,Individual,Under 100,,False,2022-06-21,True
DNR-02347,ORG-HUM-01,Christine,Woods,synthetic.dnr-02347@demo-causefleet.org,555-0169,55081 Ryan Union,Joshuachester,MD,92781,Individual,Under 100,,False,2024-07-27,True
DNR-02348,ORG-HUM-01,Wendy,Terry,synthetic.dnr-02348@demo-causefleet.org,555-0173,744 Arthur Island,Brianstad,MH,11631,Individual,100-999,,False,2023-05-09,True
DNR-02349,ORG-HUM-01,Samantha,Leblanc,synthetic.dnr-02349@demo-causefleet.org,555-0149,7409 Brandon Stream Suite 759,North Sandy,AK,09879,Individual,Under 100,,False,2025-08-20,True
DNR-02350,ORG-HUM-01,Jonathan,Burton,synthetic.dnr-02350@demo-causefleet.org,555-0173,58067 Ashley Ville Suite 465,Apriltown,AR,02277,Individual,100-999,,False,2022-05-21,True
DNR-02351,ORG-HUM-01,Kelly,Johnson,synthetic.dnr-02351@demo-causefleet.org,555-0112,5497 Rice Forest Suite 875,West Richard,LA,72799,Individual,Under 100,,False,2021-08-03,True
DNR-02352,ORG-HUM-01,Donald,Campbell,synthetic.dnr-02352@demo-causefleet.org,555-0121,57601 Alyssa Square Suite 951,New Danielville,WY,50840,Foundation,Under 100,,False,2023-12-07,True
DNR-02353,ORG-HUM-01,Erin,Watson,synthetic.dnr-02353@demo-causefleet.org,555-0160,9590 Allen Junction,South Mirandaland,WI,65677,Individual,Under 100,,False,2022-12-11,True
DNR-02354,ORG-HUM-01,Crystal,Sutton,synthetic.dnr-02354@demo-causefleet.org,555-0174,6310 Kimberly Estate Apt. 197,Ruizburgh,MN,40778,Individual,100-999,,False,2022-07-12,True
DNR-02355,ORG-HUM-01,Cory,Hicks,synthetic.dnr-02355@demo-causefleet.org,555-0168,6964 Juarez Row Apt. 441,East William,WI,09323,Individual,Under 100,,False,2025-08-04,True
DNR-02356,ORG-HUM-01,Melissa,Pope,synthetic.dnr-02356@demo-causefleet.org,555-0140,244 Mahoney Ranch Apt. 975,Lake Micheleport,NC,75900,Individual,100-999,,False,2025-03-04,True
DNR-02357,ORG-HUM-01,Andrew,Smith,synthetic.dnr-02357@demo-causefleet.org,555-0137,5846 Nicole Underpass Apt. 488,Castrofort,WV,32470,Foundation,Under 100,,False,2025-09-19,True
DNR-02358,ORG-HUM-01,Elizabeth,Nunez,synthetic.dnr-02358@demo-causefleet.org,555-0184,4973 Schmidt Islands Apt. 425,New Coryside,NH,16572,Individual,Under 100,,False,2023-06-28,True
DNR-02359,ORG-HUM-01,Melanie,Armstrong,synthetic.dnr-02359@demo-causefleet.org,555-0155,6766 Molina Square Apt. 919,West Frank,MP,33677,Individual,Under 100,,False,2023-04-02,True
DNR-02360,ORG-HUM-01,Barbara,Wong,synthetic.dnr-02360@demo-causefleet.org,555-0116,76970 Fisher Walks,Floresville,AK,82860,Individual,Under 100,,False,2021-12-17,True
DNR-02361,ORG-HUM-01,Denise,Gross,synthetic.dnr-02361@demo-causefleet.org,555-0116,967 Dorothy Walks,Kristenfort,NJ,15047,Individual,Under 100,,False,2023-01-15,True
DNR-02362,ORG-HUM-01,Michael,Cole,synthetic.dnr-02362@demo-causefleet.org,555-0146,25015 Estes Glens Suite 099,Stephenmouth,DC,49024,Individual,Under 100,,False,2022-08-05,True
DNR-02363,ORG-HUM-01,Crystal,Henry,synthetic.dnr-02363@demo-causefleet.org,555-0173,845 Oconnor Station Suite 663,Port Matthew,KY,24584,Individual,100-999,,False,2023-02-07,True
DNR-02364,ORG-HUM-01,Rebecca,Cook,synthetic.dnr-02364@demo-causefleet.org,555-0186,07277 Allison Squares Apt. 769,Emilyside,NM,08390,Individual,Under 100,,False,2021-06-06,True
DNR-02365,ORG-HUM-01,Angela,Ritter,synthetic.dnr-02365@demo-causefleet.org,555-0193,660 Robert Manors,Port Daisymouth,NE,89806,Individual,"1,000-$9,999",,False,2025-07-08,True
DNR-02366,ORG-HUM-01,Joseph,Thompson,synthetic.dnr-02366@demo-causefleet.org,555-0196,50079 Pham Meadows Suite 377,Beckerview,DC,36964,Individual,Under 100,,False,2025-03-17,True
DNR-02367,ORG-HUM-01,Robert,Roberts,synthetic.dnr-02367@demo-causefleet.org,555-0170,163 Perkins Brooks,Langmouth,PA,23560,Individual,100-999,,False,2023-07-18,True
DNR-02368,ORG-HUM-01,Cory,Obrien,synthetic.dnr-02368@demo-causefleet.org,555-0146,9780 Weber Divide Apt. 070,New Bryanborough,WV,98743,Individual,Under 100,,False,2022-11-27,True
DNR-02369,ORG-HUM-01,Jillian,Smith,synthetic.dnr-02369@demo-causefleet.org,555-0178,4326 Katherine Harbors,Connortown,CO,91819,Individual,Under 100,,False,2022-10-01,True
DNR-02370,ORG-HUM-01,Barbara,Gomez,synthetic.dnr-02370@demo-causefleet.org,555-0111,29464 John Coves,New Steven,PA,12878,Individual,Under 100,,False,2023-01-22,True
DNR-02371,ORG-HUM-01,Robin,Lawrence,synthetic.dnr-02371@demo-causefleet.org,555-0123,20339 Victoria Rapids,Riggschester,SD,76478,Individual,Under 100,,False,2022-07-22,True
DNR-02372,ORG-HUM-01,Jay,Meza,synthetic.dnr-02372@demo-causefleet.org,555-0165,83754 Alyssa Hills Suite 377,West Courtney,SC,43034,Individual,100-999,,False,2022-07-07,True
DNR-02373,ORG-HUM-01,John,Velasquez,synthetic.dnr-02373@demo-causefleet.org,555-0127,7217 Lisa Locks,West Brandon,MP,43755,Individual,Under 100,,False,2021-08-25,True
DNR-02374,ORG-HUM-01,Eric,Ramos,synthetic.dnr-02374@demo-causefleet.org,555-0143,4837 Ralph Point,Farmerfort,OR,32035,Individual,Under 100,,False,2022-12-11,True
DNR-02375,ORG-HUM-01,Nichole,Fox,synthetic.dnr-02375@demo-causefleet.org,555-0156,128 Ramos Parkways Suite 747,Calhounland,AR,39110,Individual,100-999,,False,2024-08-05,True
DNR-02376,ORG-HUM-01,Nicolas,Wiggins,synthetic.dnr-02376@demo-causefleet.org,555-0161,696 White Summit,Craigmouth,NM,29389,Individual,Under 100,,False,2021-06-29,True
DNR-02377,ORG-HUM-01,Willie,Taylor,synthetic.dnr-02377@demo-causefleet.org,555-0156,41071 Dennis Trail Suite 337,East Robertmouth,NC,13567,Individual,100-999,,False,2021-09-26,True
DNR-02378,ORG-HUM-01,Randall,Mcbride,synthetic.dnr-02378@demo-causefleet.org,555-0115,19353 Dorothy Burgs Apt. 584,Randallbury,FM,12510,Individual,Under 100,,False,2022-09-04,True
DNR-02379,ORG-HUM-01,Thomas,Benson,synthetic.dnr-02379@demo-causefleet.org,555-0161,749 Christopher Mission,Roberttown,AS,65993,Individual,100-999,,False,2024-12-08,True
DNR-02380,ORG-HUM-01,Adam,Acevedo,synthetic.dnr-02380@demo-causefleet.org,555-0116,73397 Christopher Well Apt. 149,South Eric,GU,72800,Individual,Under 100,,False,2025-09-29,True
DNR-02381,ORG-HUM-01,Eric,Grimes,synthetic.dnr-02381@demo-causefleet.org,555-0182,06138 Cook Vista Suite 602,Melissaview,IA,45247,Individual,Under 100,,False,2024-02-02,True
DNR-02382,ORG-HUM-01,Blake,Hill,synthetic.dnr-02382@demo-causefleet.org,555-0181,18004 Williams Island Apt. 119,Cherylchester,AR,20306,Individual,Under 100,,False,2023-10-07,True
DNR-02383,ORG-HUM-01,Caroline,Lee,synthetic.dnr-02383@demo-causefleet.org,555-0134,7966 Melanie Glens Suite 625,Bellview,GA,24023,Foundation,"1,000-$9,999",,False,2023-07-03,True
DNR-02384,ORG-HUM-01,Michelle,Sherman,synthetic.dnr-02384@demo-causefleet.org,555-0156,486 Kimberly Trace Suite 541,South Kimberly,CT,15680,Individual,Under 100,,False,2022-10-04,True
DNR-02385,ORG-HUM-01,Angela,Kramer,synthetic.dnr-02385@demo-causefleet.org,555-0180,58019 Lambert Wall Suite 570,South Travis,OH,50494,Individual,Under 100,,False,2022-09-19,True
DNR-02386,ORG-HUM-01,Mark,Williams,synthetic.dnr-02386@demo-causefleet.org,555-0146,414 Francis Road Suite 267,New Amberstad,PR,06219,Individual,Under 100,,False,2025-02-05,True
DNR-02387,ORG-HUM-01,Lori,Perez,synthetic.dnr-02387@demo-causefleet.org,555-0119,68497 Kelly Glens Apt. 698,West Edwardtown,NV,50590,Individual,"1,000-$9,999",,False,2021-09-11,True
DNR-02388,ORG-HUM-01,Christian,Valdez,synthetic.dnr-02388@demo-causefleet.org,555-0159,8143 Ward Mountains,Lake Sarah,PA,98574,Individual,100-999,,False,2024-04-09,True
DNR-02389,ORG-HUM-01,Taylor,Jenkins,synthetic.dnr-02389@demo-causefleet.org,555-0174,054 Michelle Tunnel,West Benjaminfort,NE,02323,Individual,"10,000-99,999",,False,2024-03-26,True
DNR-02390,ORG-HUM-01,Marie,Bryant,synthetic.dnr-02390@demo-causefleet.org,555-0167,800 Gaines Plaza,Haroldport,MN,48026,Individual,Under 100,,False,2021-10-06,True
DNR-02391,ORG-HUM-01,Curtis,Garrett,synthetic.dnr-02391@demo-causefleet.org,555-0180,0667 Hailey Rapids Apt. 283,Brendaville,KS,27410,Individual,Under 100,,False,2023-05-24,True
DNR-02392,ORG-HUM-01,Cynthia,Pope,synthetic.dnr-02392@demo-causefleet.org,555-0145,2725 Nichols Flat,Mckaymouth,PW,37252,Individual,Under 100,,False,2021-06-17,True
DNR-02393,ORG-HUM-01,Brian,Warren,synthetic.dnr-02393@demo-causefleet.org,555-0189,05994 Watts Road,Garzaside,VI,71214,Individual,100-999,,False,2024-10-25,True
DNR-02394,ORG-HUM-01,Gregory,Schroeder,synthetic.dnr-02394@demo-causefleet.org,555-0197,2083 Davis Bridge Apt. 257,Port Chadfurt,VI,85557,Individual,Under 100,,False,2021-07-17,True
DNR-02395,ORG-HUM-01,Brandon,Valdez,synthetic.dnr-02395@demo-causefleet.org,555-0188,0355 Dyer Road,West Davidmouth,MH,50149,Foundation,Under 100,,False,2022-02-22,True
DNR-02396,ORG-HUM-01,Ryan,Gutierrez,synthetic.dnr-02396@demo-causefleet.org,555-0125,8636 David Lake Apt. 687,East Lisa,RI,19922,Individual,100-999,,False,2024-09-05,True
DNR-02397,ORG-HUM-01,Morgan,Ward,synthetic.dnr-02397@demo-causefleet.org,555-0126,9409 Hansen Mountain,Port Susan,SD,73750,Individual,Under 100,,False,2022-03-09,True
DNR-02398,ORG-HUM-01,Collin,Larsen,synthetic.dnr-02398@demo-causefleet.org,555-0122,410 Danielle Mews,Morrisport,NY,38144,Individual,Under 100,,False,2023-07-29,True
DNR-02399,ORG-HUM-01,Tammy,Allen,synthetic.dnr-02399@demo-causefleet.org,555-0160,04603 Copeland Station,Smithside,PA,91768,Individual,Under 100,,False,2025-09-18,True
DNR-02400,ORG-HUM-01,Courtney,Clay,synthetic.dnr-02400@demo-causefleet.org,555-0157,9375 Justin Mountain Apt. 583,West Terryberg,NM,86333,Individual,Under 100,,False,2025-02-09,True
DNR-02401,ORG-HUM-01,Andrew,Allison,synthetic.dnr-02401@demo-causefleet.org,555-0153,5130 Malik Roads Apt. 198,Ruthmouth,ME,63703,Individual,100-999,,False,2023-09-17,True
DNR-02402,ORG-HUM-01,Amber,Hampton,synthetic.dnr-02402@demo-causefleet.org,555-0181,74062 Walter Tunnel Apt. 725,Jeffreytown,MN,91395,Individual,Under 100,,False,2022-04-29,True
DNR-02403,ORG-HUM-01,Amanda,Jones,synthetic.dnr-02403@demo-causefleet.org,555-0156,13524 Miller Unions Suite 887,Alexanderstad,DE,27798,Individual,Under 100,,False,2022-01-08,True
DNR-02404,ORG-HUM-01,Cindy,Holt,synthetic.dnr-02404@demo-causefleet.org,555-0128,80514 David Station Apt. 740,Jessicastad,CA,43914,Individual,Under 100,,False,2025-09-04,True
DNR-02405,ORG-HUM-01,Cassandra,Massey,synthetic.dnr-02405@demo-causefleet.org,555-0135,76926 West Pass,Hoodborough,AZ,74864,Individual,Under 100,,False,2023-04-09,True
DNR-02406,ORG-HUM-01,Emily,Thompson,synthetic.dnr-02406@demo-causefleet.org,555-0187,060 Gutierrez Loop,South Christopherport,MP,16635,Individual,100-999,,False,2025-06-21,True
DNR-02407,ORG-HUM-01,Jamie,Bruce,synthetic.dnr-02407@demo-causefleet.org,555-0175,58193 Price Heights,South Kenneth,NE,46368,Individual,Under 100,,False,2022-04-19,True
DNR-02408,ORG-HUM-01,James,Barrett,synthetic.dnr-02408@demo-causefleet.org,555-0161,945 Arnold Crest Suite 089,Victoriaport,MS,92413,Individual,Under 100,,False,2024-05-09,True
DNR-02409,ORG-HUM-01,Denise,Irwin,synthetic.dnr-02409@demo-causefleet.org,555-0174,897 Norman Garden Apt. 230,Ericborough,IA,29601,Corporation,Under 100,,False,2022-06-04,True
DNR-02410,ORG-HUM-01,Alicia,Blake,synthetic.dnr-02410@demo-causefleet.org,555-0115,960 Mark Ridge,South Allen,AL,03679,Individual,Under 100,,False,2024-05-30,True
DNR-02411,ORG-HUM-01,John,Conley,synthetic.dnr-02411@demo-causefleet.org,555-0115,6847 Lisa Run Apt. 602,Edwardshaven,PA,55350,Individual,Under 100,,False,2024-10-14,True
DNR-02412,ORG-HUM-01,James,Gordon,synthetic.dnr-02412@demo-causefleet.org,555-0114,73808 James Walk Apt. 970,New Laurashire,ND,22747,Individual,100-999,,False,2025-07-17,True
DNR-02413,ORG-HUM-01,Vincent,Mccoy,synthetic.dnr-02413@demo-causefleet.org,555-0127,1862 Aaron Parkways Suite 367,New Deborah,CA,56025,Individual,100-999,,False,2022-09-10,True
DNR-02414,ORG-HUM-01,Audrey,Smith,synthetic.dnr-02414@demo-causefleet.org,555-0152,8812 Chapman Inlet Apt. 528,Nicholashaven,AK,55851,Individual,100-999,,False,2023-10-10,True
DNR-02415,ORG-HUM-01,Charles,Cole,synthetic.dnr-02415@demo-causefleet.org,555-0170,41997 Smith Crossing,New Bryanborough,KS,73739,Individual,Under 100,,False,2023-10-13,True
DNR-02416,ORG-HUM-01,Christine,Sloan,synthetic.dnr-02416@demo-causefleet.org,555-0176,448 Pierce Cape Suite 833,Robertmouth,ND,49934,Corporation,Under 100,,False,2024-07-22,True
DNR-02417,ORG-HUM-01,Stephen,Fitzgerald,synthetic.dnr-02417@demo-causefleet.org,555-0168,0213 Elizabeth Parkways,South Jacquelinechester,ME,07855,Individual,Under 100,,False,2025-05-24,True
DNR-02418,ORG-HUM-01,Danielle,Henson,synthetic.dnr-02418@demo-causefleet.org,555-0129,430 Hardy Branch Apt. 782,Janicebury,NV,14514,Individual,Under 100,,False,2022-10-20,True
DNR-02419,ORG-HUM-01,Jessica,Baxter,synthetic.dnr-02419@demo-causefleet.org,555-0187,41557 Jimmy Street Suite 314,North Mary,TN,44832,Individual,Under 100,,False,2021-12-18,True
DNR-02420,ORG-HUM-01,Devin,Castillo,synthetic.dnr-02420@demo-causefleet.org,555-0175,433 Tyler Plains Apt. 730,Debrafort,MT,57478,Individual,Under 100,,False,2023-02-04,True
DNR-02421,ORG-HUM-01,Allison,Bryan,synthetic.dnr-02421@demo-causefleet.org,555-0127,464 Kathryn Isle Suite 746,Taylorfort,NY,87297,Individual,"10,000-99,999",,False,2021-12-31,True
DNR-02422,ORG-HUM-01,Ronald,Welch,synthetic.dnr-02422@demo-causefleet.org,555-0151,4245 Morales Extensions Apt. 990,Martinchester,NJ,81227,Individual,Under 100,,False,2022-10-15,True
DNR-02423,ORG-HUM-01,Ryan,Johnson,synthetic.dnr-02423@demo-causefleet.org,555-0188,1382 Love Fort Suite 883,New Dennis,ID,70806,Individual,Under 100,,False,2022-08-04,True
DNR-02424,ORG-HUM-01,Catherine,Myers,synthetic.dnr-02424@demo-causefleet.org,555-0150,4686 Anna Meadows,North Jeremyfurt,MN,65674,Individual,100-999,,False,2024-04-20,True
DNR-02425,ORG-HUM-01,Angela,Hansen,synthetic.dnr-02425@demo-causefleet.org,555-0130,71492 Thomas Fort Suite 060,Lake Chrischester,MT,37904,Individual,Under 100,,False,2022-07-31,True
DNR-02426,ORG-HUM-01,Dana,Johnson,synthetic.dnr-02426@demo-causefleet.org,555-0160,49091 Brandon Coves Suite 659,Kyleport,VA,33087,Foundation,100-999,,False,2025-02-14,True
DNR-02427,ORG-HUM-01,Cody,Dyer,synthetic.dnr-02427@demo-causefleet.org,555-0188,2742 Rhonda Island Apt. 258,Parksborough,AR,65915,Individual,100-999,,False,2021-08-01,True
DNR-02428,ORG-HUM-01,James,Rodriguez,synthetic.dnr-02428@demo-causefleet.org,555-0148,6910 Brown Place Suite 117,East Elizabethview,AL,84299,Foundation,"1,000-$9,999",,False,2024-10-07,True
DNR-02429,ORG-HUM-01,Arthur,Johnson,synthetic.dnr-02429@demo-causefleet.org,555-0185,27643 Collier Rue Suite 652,Nunezstad,AR,42428,Individual,Under 100,,False,2022-01-19,True
DNR-02430,ORG-HUM-01,Justin,Oneal,synthetic.dnr-02430@demo-causefleet.org,555-0153,16028 Haynes Wells Suite 388,Cooperside,NM,41975,Foundation,100-999,,False,2025-08-19,True
DNR-02431,ORG-HUM-01,Joanne,Brown,synthetic.dnr-02431@demo-causefleet.org,555-0174,552 Kathryn Causeway,South Sandraview,VA,30777,Individual,Under 100,,False,2023-11-10,True
DNR-02432,ORG-HUM-01,Donna,Burton,synthetic.dnr-02432@demo-causefleet.org,555-0175,774 Schneider Heights,East Kimberly,FL,78245,Individual,100-999,,False,2021-07-03,True
DNR-02433,ORG-HUM-01,Michael,Bryant,synthetic.dnr-02433@demo-causefleet.org,555-0178,4047 Anderson Roads Suite 497,Port Miranda,WA,67339,Corporation,Under 100,,False,2024-06-16,True
DNR-02434,ORG-HUM-01,Kim,Garcia,synthetic.dnr-02434@demo-causefleet.org,555-0172,7100 Hansen Highway,New William,OR,75201,Individual,Under 100,,False,2022-05-01,True
DNR-02435,ORG-HUM-01,Nicolas,Green,synthetic.dnr-02435@demo-causefleet.org,555-0182,82658 Horne Mountains,Port Katieport,NC,78113,Corporation,Under 100,,False,2022-06-27,True
DNR-02436,ORG-HUM-01,Matthew,Cox,synthetic.dnr-02436@demo-causefleet.org,555-0148,8434 Mcclain Keys,Lake Dylanbury,LA,27315,Individual,Under 100,,False,2021-09-22,True
DNR-02437,ORG-HUM-01,Joshua,Moran,synthetic.dnr-02437@demo-causefleet.org,555-0170,080 Castaneda Forge Apt. 395,Johnmouth,ND,98741,Individual,100-999,,False,2025-05-25,True
DNR-02438,ORG-HUM-01,Sabrina,Vincent,synthetic.dnr-02438@demo-causefleet.org,555-0112,731 Alexandra Cliffs,Port Charlesfurt,ME,84044,Individual,100-999,,False,2024-10-23,True
DNR-02439,ORG-HUM-01,Teresa,Dixon,synthetic.dnr-02439@demo-causefleet.org,555-0157,4788 Katrina Roads Suite 070,Melissamouth,AK,81990,Individual,100-999,,False,2022-01-27,True
DNR-02440,ORG-HUM-01,Deanna,Smith,synthetic.dnr-02440@demo-causefleet.org,555-0152,63276 Sarah Station Apt. 265,Hernandezfort,PA,69349,Individual,Under 100,,False,2023-01-09,True
DNR-02441,ORG-HUM-01,Joanne,Williams,synthetic.dnr-02441@demo-causefleet.org,555-0196,9877 Martin Run,New Brianna,NE,26081,Individual,100-999,,False,2021-08-23,True
DNR-02442,ORG-HUM-01,Linda,Cochran,synthetic.dnr-02442@demo-causefleet.org,555-0124,4419 Tina Lake Suite 928,South Lindsey,WA,79759,Individual,Under 100,,False,2023-02-06,True
DNR-02443,ORG-HUM-01,Robert,Hardin,synthetic.dnr-02443@demo-causefleet.org,555-0163,9952 Mcfarland Mission,Rosariostad,SD,43950,Individual,"1,000-$9,999",,False,2021-06-29,True
DNR-02444,ORG-HUM-01,James,Harris,synthetic.dnr-02444@demo-causefleet.org,555-0184,313 Roth Isle Suite 196,Port Stevenstad,SC,07131,Individual,"1,000-$9,999",,False,2024-08-06,True
DNR-02445,ORG-HUM-01,Leah,Pham,synthetic.dnr-02445@demo-causefleet.org,555-0149,78649 Barron View,Browntown,MI,16311,Individual,Under 100,,False,2022-01-12,True
DNR-02446,ORG-HUM-01,Sheri,Perez,synthetic.dnr-02446@demo-causefleet.org,555-0198,631 Mark Forge,Davenportfurt,PA,27789,Individual,100-999,,False,2024-03-04,True
DNR-02447,ORG-HUM-01,Angela,Schultz,synthetic.dnr-02447@demo-causefleet.org,555-0190,746 Harold Passage,Stewartland,CA,98393,Individual,Under 100,,False,2022-02-26,True
DNR-02448,ORG-HUM-01,Frank,Green,synthetic.dnr-02448@demo-causefleet.org,555-0113,720 Nguyen Rapids,Lake Collin,VI,85829,Individual,Under 100,,False,2025-03-27,True
DNR-02449,ORG-HUM-01,Destiny,Adams,synthetic.dnr-02449@demo-causefleet.org,555-0186,964 Costa Ports,Thompsonview,TN,27044,Individual,Under 100,,False,2022-09-18,True
DNR-02450,ORG-HUM-01,Adam,Andrews,synthetic.dnr-02450@demo-causefleet.org,555-0170,7157 Elizabeth Loop,Adammouth,AR,42508,Individual,Under 100,,False,2023-10-24,True
DNR-02451,ORG-HUM-01,Paula,Moore,synthetic.dnr-02451@demo-causefleet.org,555-0143,103 Denise Mews,Andersontown,NJ,47048,Individual,100-999,,False,2024-05-02,True
DNR-02452,ORG-HUM-01,Joshua,Poole,synthetic.dnr-02452@demo-causefleet.org,555-0193,6196 Chandler Spur Suite 015,Lake Josephview,AL,11140,Corporation,Under 100,,False,2023-12-04,True
DNR-02453,ORG-HUM-01,Jacob,Valdez,synthetic.dnr-02453@demo-causefleet.org,555-0184,6475 Richard Vista Suite 573,New Dawn,NJ,39935,Individual,Under 100,,False,2021-06-02,True
DNR-02454,ORG-HUM-01,Brian,Smith,synthetic.dnr-02454@demo-causefleet.org,555-0183,023 Brian Tunnel Suite 621,Jacquelinetown,VI,55310,Individual,Under 100,,False,2021-10-11,True
DNR-02455,ORG-HUM-01,Mary,Sampson,synthetic.dnr-02455@demo-causefleet.org,555-0139,73053 Martin Ranch Apt. 781,Hernandezborough,AR,75933,Individual,100-999,,False,2025-01-17,True
DNR-02456,ORG-HUM-01,Nicholas,Bell,synthetic.dnr-02456@demo-causefleet.org,555-0116,1066 Ray Center,South Melanie,NH,08061,Individual,"1,000-$9,999",,False,2024-11-23,True
DNR-02457,ORG-HUM-01,Brian,Wilson,synthetic.dnr-02457@demo-causefleet.org,555-0184,977 Leonard Cove Suite 670,Nunezside,NH,36040,Individual,100-999,,False,2022-11-08,True
DNR-02458,ORG-HUM-01,Maria,Roy,synthetic.dnr-02458@demo-causefleet.org,555-0171,830 Weaver Inlet,Chavezshire,ND,67143,Individual,100-999,,False,2024-01-31,True
DNR-02459,ORG-HUM-01,Eric,Strickland,synthetic.dnr-02459@demo-causefleet.org,555-0131,9686 Davies Mission Suite 823,Port Kimberlyton,OK,93959,Individual,Under 100,,False,2025-05-05,True
DNR-02460,ORG-HUM-01,Rachel,Scott,synthetic.dnr-02460@demo-causefleet.org,555-0177,501 Melissa Unions Apt. 672,North Maryfurt,NV,96429,Individual,Under 100,,False,2023-04-28,True
DNR-02461,ORG-HUM-01,Carl,Smith,synthetic.dnr-02461@demo-causefleet.org,555-0190,246 Hurley Row,Lake Johnland,MT,43237,Corporation,Under 100,,False,2023-09-05,True
DNR-02462,ORG-HUM-01,Joshua,Bowman,synthetic.dnr-02462@demo-causefleet.org,555-0189,159 Fowler Mountains,Port Jeffreyland,MN,14421,Foundation,Under 100,,False,2021-08-28,True
DNR-02463,ORG-HUM-01,Charles,Allen,synthetic.dnr-02463@demo-causefleet.org,555-0158,47904 Gross Haven,Brianstad,TX,72109,Individual,100-999,,False,2023-08-21,True
DNR-02464,ORG-HUM-01,Corey,Hodges,synthetic.dnr-02464@demo-causefleet.org,555-0128,78911 Ryan Ville Apt. 098,Bernardton,SC,55911,Individual,Under 100,,False,2021-09-11,True
DNR-02465,ORG-HUM-01,Alexandra,Stafford,synthetic.dnr-02465@demo-causefleet.org,555-0197,1666 Curtis Trace Suite 294,North Robert,VI,61946,Individual,100-999,,False,2024-12-30,True
DNR-02466,ORG-HUM-01,Tanya,Peterson,synthetic.dnr-02466@demo-causefleet.org,555-0141,240 Dean Neck Suite 957,West Yolanda,AZ,30709,Individual,Under 100,,False,2021-08-19,True
DNR-02467,ORG-HUM-01,Christopher,Brown,synthetic.dnr-02467@demo-causefleet.org,555-0114,75989 Thompson Drive Suite 947,Bakerville,RI,35953,Individual,Under 100,,False,2021-09-01,True
DNR-02468,ORG-HUM-01,Megan,Shields,synthetic.dnr-02468@demo-causefleet.org,555-0183,51990 Alejandro Wall,Hallview,RI,18050,Individual,Under 100,,False,2023-12-21,True
DNR-02469,ORG-HUM-01,Scott,Walton,synthetic.dnr-02469@demo-causefleet.org,555-0199,85942 Hunter Freeway Suite 543,Jonathanburgh,CO,32094,Individual,100-999,,False,2025-09-04,True
DNR-02470,ORG-HUM-01,Adam,Martinez,synthetic.dnr-02470@demo-causefleet.org,555-0124,6941 Berg Cove Apt. 985,Lindabury,GA,27342,Individual,100-999,,False,2023-09-06,True
DNR-02471,ORG-HUM-01,Alexander,Chang,synthetic.dnr-02471@demo-causefleet.org,555-0134,17525 Erin Stravenue Apt. 243,Hollyville,WA,27307,Individual,"1,000-$9,999",,False,2023-06-15,True
DNR-02472,ORG-HUM-01,Lauren,Olson,synthetic.dnr-02472@demo-causefleet.org,555-0112,6280 Gonzalez Fork Suite 006,Melissamouth,WI,43239,Corporation,Under 100,,False,2023-11-18,True
DNR-02473,ORG-HUM-01,Bradley,Barry,synthetic.dnr-02473@demo-causefleet.org,555-0166,407 April Ferry,Jessicahaven,NV,98608,Foundation,"10,000-99,999",,False,2024-07-15,True
DNR-02474,ORG-HUM-01,Jaime,Oconnor,synthetic.dnr-02474@demo-causefleet.org,555-0150,62587 Oscar Pine Apt. 558,Port Erica,MT,19323,Individual,Under 100,,False,2022-03-12,True
DNR-02475,ORG-HUM-01,Sharon,Beck,synthetic.dnr-02475@demo-causefleet.org,555-0163,5011 Gonzalez Dale Suite 034,Port Rebeccaport,NV,62996,Individual,Under 100,,False,2024-09-09,True
DNR-02476,ORG-HUM-01,Katherine,Rosales,synthetic.dnr-02476@demo-causefleet.org,555-0129,71379 Smith Burgs Suite 382,Port Gregoryberg,SD,29730,Individual,"$100,000+",,False,2025-06-04,True
DNR-02477,ORG-HUM-01,Misty,Myers,synthetic.dnr-02477@demo-causefleet.org,555-0162,5376 Drake Isle Apt. 256,East Eric,ND,86589,Individual,Under 100,,False,2025-09-06,True
DNR-02478,ORG-HUM-01,Juan,Russell,synthetic.dnr-02478@demo-causefleet.org,555-0198,429 Martinez Path Apt. 718,Williamschester,OK,78177,Individual,100-999,,False,2022-04-22,True
DNR-02479,ORG-HUM-01,James,George,synthetic.dnr-02479@demo-causefleet.org,555-0136,06838 Christina Cliffs Suite 298,Smithburgh,NM,66934,Individual,Under 100,,False,2024-11-14,True
DNR-02480,ORG-HUM-01,Tyler,Lindsey,synthetic.dnr-02480@demo-causefleet.org,555-0162,63056 Curtis Run,Durhammouth,SC,05031,Individual,Under 100,,False,2023-01-12,True
DNR-02481,ORG-HUM-01,Patrick,Evans,synthetic.dnr-02481@demo-causefleet.org,555-0174,52888 Erica Plaza,Farmerhaven,CA,12528,Individual,"1,000-$9,999",,False,2024-05-22,True
DNR-02482,ORG-HUM-01,Adam,Garcia,synthetic.dnr-02482@demo-causefleet.org,555-0188,60368 William Isle,Joseview,IL,64460,Individual,Under 100,,False,2025-03-31,True
DNR-02483,ORG-HUM-01,Daniel,Gonzalez,synthetic.dnr-02483@demo-causefleet.org,555-0170,776 Michelle Tunnel Apt. 191,Port Kevinhaven,MH,39434,Foundation,100-999,,False,2021-12-30,True
DNR-02484,ORG-HUM-01,Brandon,Garza,synthetic.dnr-02484@demo-causefleet.org,555-0117,756 Thompson Point Apt. 801,Ramirezburgh,PA,12493,Individual,Under 100,,False,2024-06-10,True
DNR-02485,ORG-HUM-01,Heather,Perez,synthetic.dnr-02485@demo-causefleet.org,555-0127,65974 Smith Centers,Lake Jason,DC,09959,Individual,100-999,,False,2024-07-04,True
DNR-02486,ORG-HUM-01,Daniel,Buchanan,synthetic.dnr-02486@demo-causefleet.org,555-0176,2327 Fox Plaza,Port Christophermouth,RI,22358,Corporation,Under 100,,False,2023-07-15,True
DNR-02487,ORG-HUM-01,Jeffery,Vincent,synthetic.dnr-02487@demo-causefleet.org,555-0136,5272 Davis Port,North Baileybury,CT,06074,Individual,Under 100,,False,2021-07-09,True
DNR-02488,ORG-HUM-01,Rachel,Jones,synthetic.dnr-02488@demo-causefleet.org,555-0181,1362 James Run,North Jasonmouth,AZ,23651,Individual,Under 100,,False,2021-06-30,True
DNR-02489,ORG-HUM-01,Ariel,Clay,synthetic.dnr-02489@demo-causefleet.org,555-0151,401 Price Loaf,Port Janetfurt,AZ,61505,Individual,Under 100,,False,2021-07-18,True
DNR-02490,ORG-HUM-01,Patricia,Moore,synthetic.dnr-02490@demo-causefleet.org,555-0194,0980 Fitzgerald Ford Suite 333,Anthonyfurt,VT,25076,Individual,"1,000-$9,999",,False,2023-07-25,True
DNR-02491,ORG-HUM-01,Mark,Jones,synthetic.dnr-02491@demo-causefleet.org,555-0171,461 Sanchez Wells Suite 151,East Diane,AK,78053,Individual,Under 100,,False,2023-03-29,True
DNR-02492,ORG-HUM-01,James,Hancock,synthetic.dnr-02492@demo-causefleet.org,555-0177,0741 Matthew Roads,Perrybury,IA,74355,Individual,Under 100,,False,2023-02-17,True
DNR-02493,ORG-HUM-01,Laura,Perez,synthetic.dnr-02493@demo-causefleet.org,555-0158,4339 Brianna Well Apt. 008,Curtisberg,TX,49940,Individual,Under 100,,False,2021-08-18,True
DNR-02494,ORG-HUM-01,Bradley,Reeves,synthetic.dnr-02494@demo-causefleet.org,555-0150,314 Cox Village Apt. 394,Michellestad,NY,94428,Individual,Under 100,,False,2023-07-13,True
DNR-02495,ORG-HUM-01,Jennifer,Roberts,synthetic.dnr-02495@demo-causefleet.org,555-0132,201 Kathryn Rapid Apt. 232,North Nicholasstad,CT,79150,Individual,100-999,,False,2024-05-05,True
DNR-02496,ORG-HUM-01,Sarah,Smith,synthetic.dnr-02496@demo-causefleet.org,555-0168,175 Stephen Junctions,Lake Bethburgh,MS,60987,Individual,"10,000-99,999",,False,2023-09-05,True
DNR-02497,ORG-HUM-01,Michael,Smith,synthetic.dnr-02497@demo-causefleet.org,555-0178,62284 Jessica Spring Suite 568,Muellerburgh,AL,19137,Individual,Under 100,,False,2023-06-20,True
DNR-02498,ORG-HUM-01,Jonathan,Booker,synthetic.dnr-02498@demo-causefleet.org,555-0153,03653 Freeman Terrace Suite 144,Lake Tamara,VI,98308,Individual,100-999,,False,2025-04-07,True
DNR-02499,ORG-HUM-01,Gina,Perkins,synthetic.dnr-02499@demo-causefleet.org,555-0179,5314 Carpenter Knoll Apt. 800,Lake Christina,AK,56407,Corporation,Under 100,,False,2023-06-13,True
DNR-02500,ORG-HUM-01,Michael,Ruiz,synthetic.dnr-02500@demo-causefleet.org,555-0155,4272 Harris Roads Apt. 090,West Marcus,SD,68857,Individual,Under 100,,False,2024-07-13,True
DNR-02501,ORG-HUM-01,Jenna,Ortega,synthetic.dnr-02501@demo-causefleet.org,555-0196,23607 Rodriguez Circle Suite 022,Geoffreymouth,PW,26997,Individual,100-999,,False,2021-12-02,True
DNR-02502,ORG-HUM-01,Christopher,Scott,synthetic.dnr-02502@demo-causefleet.org,555-0197,6228 Rebecca Key,Sarafort,MN,35353,Individual,Under 100,,False,2024-04-11,True
DNR-02503,ORG-HUM-01,Cole,Wright,synthetic.dnr-02503@demo-causefleet.org,555-0192,058 Spencer Plaza Apt. 739,East Kari,RI,97873,Individual,100-999,,False,2024-05-10,True
DNR-02504,ORG-HUM-01,Crystal,Garcia,synthetic.dnr-02504@demo-causefleet.org,555-0198,656 Derrick Circle,Mitchellview,VA,54082,Foundation,"1,000-$9,999",,False,2023-03-05,True
DNR-02505,ORG-HUM-01,Zoe,Bennett,synthetic.dnr-02505@demo-causefleet.org,555-0143,562 Nolan Point Suite 501,Johnshire,OR,74528,Individual,Under 100,,False,2025-01-15,True
DNR-02506,ORG-HUM-01,Taylor,Smith,synthetic.dnr-02506@demo-causefleet.org,555-0188,610 Abigail Road,Kathyville,KS,31750,Individual,"1,000-$9,999",,False,2022-02-01,True
DNR-02507,ORG-HUM-01,Michele,Morris,synthetic.dnr-02507@demo-causefleet.org,555-0171,03286 Wall Crest Apt. 980,Jacobborough,AS,79764,Individual,100-999,,False,2023-09-15,True
DNR-02508,ORG-HUM-01,Nicole,Horn,synthetic.dnr-02508@demo-causefleet.org,555-0134,06730 Lisa Forks Suite 016,Marshallfurt,OR,19155,Individual,Under 100,,False,2024-10-04,True
DNR-02509,ORG-HUM-01,Monica,Perkins,synthetic.dnr-02509@demo-causefleet.org,555-0141,050 Ibarra Prairie,Johnsonstad,NM,38936,Individual,Under 100,,False,2024-06-06,True
DNR-02510,ORG-HUM-01,Katherine,Bailey,synthetic.dnr-02510@demo-causefleet.org,555-0145,69143 Lindsey Mountains Apt. 843,Port Heathermouth,WA,49346,Foundation,Under 100,,False,2025-08-16,True
DNR-02511,ORG-HUM-01,Roger,Edwards,synthetic.dnr-02511@demo-causefleet.org,555-0181,296 Jillian Forks Apt. 732,Staciefort,WV,06122,Individual,"10,000-99,999",,False,2023-03-17,True
DNR-02512,ORG-HUM-01,Michelle,Gilbert,synthetic.dnr-02512@demo-causefleet.org,555-0148,6651 Brown Fort,Jamesmouth,MO,68443,Foundation,100-999,,False,2022-03-29,True
DNR-02513,ORG-HUM-01,Jerry,Avery,synthetic.dnr-02513@demo-causefleet.org,555-0138,8160 Patrick Road Apt. 917,East Erinburgh,VI,31662,Individual,Under 100,,False,2024-03-28,True
DNR-02514,ORG-HUM-01,John,Wright,synthetic.dnr-02514@demo-causefleet.org,555-0148,3801 Tara Pine,Jamesland,ID,45649,Individual,Under 100,,False,2023-04-09,True
DNR-02515,ORG-HUM-01,Timothy,Wilson,synthetic.dnr-02515@demo-causefleet.org,555-0146,826 Cameron Streets Suite 762,South Jamiemouth,ND,63609,Individual,100-999,,False,2025-02-20,True
DNR-02516,ORG-HUM-01,Karen,Quinn,synthetic.dnr-02516@demo-causefleet.org,555-0136,45564 Orr Fields Apt. 168,Brittanyfurt,MO,30830,Foundation,Under 100,,False,2025-04-03,True
DNR-02517,ORG-HUM-01,Jessica,Smith,synthetic.dnr-02517@demo-causefleet.org,555-0198,83014 Wells Street Apt. 656,New Alyssaton,FM,89344,Individual,Under 100,,False,2023-06-20,True
DNR-02518,ORG-HUM-01,Joseph,Jones,synthetic.dnr-02518@demo-causefleet.org,555-0172,244 Drake Ferry,South Cameron,IL,34881,Individual,Under 100,,False,2024-11-06,True
DNR-02519,ORG-HUM-01,Austin,Ayers,synthetic.dnr-02519@demo-causefleet.org,555-0150,63149 Hannah Path Apt. 372,New Joanna,NC,98074,Individual,Under 100,,False,2024-06-01,True
DNR-02520,ORG-HUM-01,Kevin,Smith,synthetic.dnr-02520@demo-causefleet.org,555-0171,83491 Richard Overpass,Scottburgh,VA,63058,Individual,Under 100,,False,2025-09-24,True
DNR-02521,ORG-HUM-01,Hannah,Russell,synthetic.dnr-02521@demo-causefleet.org,555-0154,37227 Angela Lakes,Rachaelshire,HI,48348,Individual,Under 100,,False,2022-04-09,True
DNR-02522,ORG-HUM-01,Amanda,Johnson,synthetic.dnr-02522@demo-causefleet.org,555-0181,36716 Denise Gardens,Charlesfort,WV,68803,Individual,Under 100,,False,2024-05-25,True
DNR-02523,ORG-HUM-01,Alexander,Dixon,synthetic.dnr-02523@demo-causefleet.org,555-0145,072 Gentry Spur Suite 881,West Heatherbury,OR,12045,Individual,100-999,,False,2023-05-22,True
DNR-02524,ORG-HUM-01,Amanda,Thompson,synthetic.dnr-02524@demo-causefleet.org,555-0146,9398 Bullock Port,Port Wendy,WI,73397,Individual,Under 100,,False,2023-03-23,True
DNR-02525,ORG-HUM-01,Tammy,Mcguire,synthetic.dnr-02525@demo-causefleet.org,555-0125,814 Armstrong Gateway Suite 369,East Stacey,WI,23351,Individual,Under 100,,False,2025-04-14,True
DNR-02526,ORG-HUM-01,Gary,Turner,synthetic.dnr-02526@demo-causefleet.org,555-0183,15623 Lisa Loaf Suite 801,Paulton,CO,36801,Individual,Under 100,,False,2021-08-07,True
DNR-02527,ORG-HUM-01,Chris,Hernandez,synthetic.dnr-02527@demo-causefleet.org,555-0196,4712 Vanessa Flats,Andersonside,NV,40814,Individual,Under 100,,False,2024-06-19,True
DNR-02528,ORG-HUM-01,Richard,Lewis,synthetic.dnr-02528@demo-causefleet.org,555-0179,861 Mcintosh Unions Apt. 776,Lake Robertborough,RI,85718,Foundation,Under 100,,False,2023-08-07,True
DNR-02529,ORG-HUM-01,Danielle,Mccarthy,synthetic.dnr-02529@demo-causefleet.org,555-0158,990 Ward Mountains Suite 169,Deannachester,MO,93347,Individual,Under 100,,False,2024-05-22,True
DNR-02530,ORG-HUM-01,John,Figueroa,synthetic.dnr-02530@demo-causefleet.org,555-0160,1845 Matthew Mission Suite 785,Lake Chelsea,MA,66705,Corporation,Under 100,,False,2022-06-21,True
DNR-02531,ORG-HUM-01,Charles,Dudley,synthetic.dnr-02531@demo-causefleet.org,555-0154,4489 James River,Johnsonberg,KY,35494,Individual,100-999,,False,2022-06-05,True
DNR-02532,ORG-HUM-01,Ian,Wall,synthetic.dnr-02532@demo-causefleet.org,555-0128,0217 Christine Turnpike Apt. 610,South Jennifer,IL,21714,Individual,100-999,,False,2022-10-27,True
DNR-02533,ORG-HUM-01,Aaron,Flowers,synthetic.dnr-02533@demo-causefleet.org,555-0147,3741 Samuel View,New Jessicamouth,MD,16245,Individual,100-999,,False,2023-12-20,True
DNR-02534,ORG-HUM-01,Robert,Castaneda,synthetic.dnr-02534@demo-causefleet.org,555-0115,78393 Jimmy Road Suite 027,Briannaburgh,MI,06111,Individual,100-999,,False,2021-06-25,True
DNR-02535,ORG-HUM-01,Shelby,Brooks,synthetic.dnr-02535@demo-causefleet.org,555-0146,5748 Lewis Drive Apt. 070,Phillipmouth,MD,63264,Individual,100-999,,False,2021-09-13,True
DNR-02536,ORG-HUM-01,Jennifer,Hines,synthetic.dnr-02536@demo-causefleet.org,555-0120,09600 Reilly Views Apt. 615,North Scott,MO,03233,Individual,Under 100,,False,2022-04-29,True
DNR-02537,ORG-HUM-01,Franklin,Carter,synthetic.dnr-02537@demo-causefleet.org,555-0154,9791 Kelly Forks Suite 975,Cookstad,KS,52038,Individual,100-999,,False,2024-11-25,True
DNR-02538,ORG-HUM-01,Patrick,Lee,synthetic.dnr-02538@demo-causefleet.org,555-0166,0533 Lisa Inlet,Chapmanfurt,VA,07078,Individual,Under 100,,False,2024-10-26,True
DNR-02539,ORG-HUM-01,Kimberly,Pineda,synthetic.dnr-02539@demo-causefleet.org,555-0193,758 Keith Highway,East Robertbury,ME,69502,Individual,100-999,,False,2023-10-14,True
DNR-02540,ORG-HUM-01,Matthew,Taylor,synthetic.dnr-02540@demo-causefleet.org,555-0142,93790 Eric Summit Apt. 094,Jasonland,TX,21908,Individual,100-999,,False,2023-05-06,True
DNR-02541,ORG-HUM-01,James,Chaney,synthetic.dnr-02541@demo-causefleet.org,555-0171,7999 Samantha Mountains Apt. 566,Andersonbury,AR,50516,Individual,Under 100,,False,2021-10-13,True
DNR-02542,ORG-HUM-01,Shelley,Bailey,synthetic.dnr-02542@demo-causefleet.org,555-0137,1510 Garcia Locks,Gibsonfurt,NM,79957,Individual,Under 100,,False,2024-03-11,True
DNR-02543,ORG-HUM-01,Bethany,Steele,synthetic.dnr-02543@demo-causefleet.org,555-0135,224 Mendoza Mountain,New Robertmouth,MA,59686,Individual,Under 100,,False,2022-12-24,True
DNR-02544,ORG-HUM-01,David,Anderson,synthetic.dnr-02544@demo-causefleet.org,555-0178,4028 Barrera Ford Apt. 697,Duncanville,IA,88986,Individual,100-999,,False,2023-12-10,True
DNR-02545,ORG-HUM-01,Tommy,Miranda,synthetic.dnr-02545@demo-causefleet.org,555-0144,996 April Neck Suite 391,Davidbury,MD,77058,Individual,100-999,,False,2023-02-06,True
DNR-02546,ORG-HUM-01,Jenny,Hanson,synthetic.dnr-02546@demo-causefleet.org,555-0181,444 Ramirez Mount,South Devinport,KY,45535,Individual,100-999,,False,2021-07-31,True
DNR-02547,ORG-HUM-01,Timothy,Jenkins,synthetic.dnr-02547@demo-causefleet.org,555-0199,547 Andrea Harbor,South Louisland,VI,80932,Individual,Under 100,,False,2024-07-24,True
DNR-02548,ORG-HUM-01,David,King,synthetic.dnr-02548@demo-causefleet.org,555-0144,78280 Lee Pike,Lake Rebeccaside,SD,85269,Individual,100-999,,False,2022-06-24,True
DNR-02549,ORG-HUM-01,Troy,Stevens,synthetic.dnr-02549@demo-causefleet.org,555-0127,0139 Mary Rapid Apt. 567,Holtport,WI,89171,Individual,Under 100,,False,2023-01-11,True
DNR-02550,ORG-HUM-01,Lisa,Davis,synthetic.dnr-02550@demo-causefleet.org,555-0123,1862 Russell Mill Suite 163,Port Anna,IL,70511,Individual,"1,000-$9,999",,False,2024-12-04,True
DNR-02551,ORG-HUM-01,Alex,Gonzalez,synthetic.dnr-02551@demo-causefleet.org,555-0188,49864 Chelsea Lodge Suite 549,Chavezmouth,IN,52162,Individual,Under 100,,False,2021-12-06,True
DNR-02552,ORG-HUM-01,Tamara,Pratt,synthetic.dnr-02552@demo-causefleet.org,555-0185,541 Daniel Mountain Suite 208,Port Charlesburgh,VI,70105,Individual,Under 100,,False,2022-09-14,True
DNR-02553,ORG-HUM-01,Peggy,Hardin,synthetic.dnr-02553@demo-causefleet.org,555-0140,009 Mackenzie Knoll,Port Paul,AK,38359,Individual,Under 100,,False,2024-01-31,True
DNR-02554,ORG-HUM-01,Reginald,Simmons,synthetic.dnr-02554@demo-causefleet.org,555-0141,001 Nancy Field Apt. 524,West Patriciaville,MD,84028,Foundation,100-999,,False,2024-02-28,True
DNR-02555,ORG-HUM-01,Willie,Adams,synthetic.dnr-02555@demo-causefleet.org,555-0116,6861 Timothy Via,Port John,IA,43587,Individual,"1,000-$9,999",,False,2023-05-24,True
DNR-02556,ORG-HUM-01,Mckenzie,Collins,synthetic.dnr-02556@demo-causefleet.org,555-0195,18445 Long Lane,South Mistyburgh,FM,75904,Foundation,Under 100,,False,2023-04-22,True
DNR-02557,ORG-HUM-01,Robin,Wise,synthetic.dnr-02557@demo-causefleet.org,555-0177,641 Jason Place,Bryanfort,FM,32708,Individual,Under 100,,False,2025-01-22,True
DNR-02558,ORG-HUM-01,Danielle,Richardson,synthetic.dnr-02558@demo-causefleet.org,555-0138,46554 Adkins Crossroad,East Kathleenside,KY,97157,Individual,"1,000-$9,999",,False,2024-04-24,True
DNR-02559,ORG-HUM-01,Spencer,Thompson,synthetic.dnr-02559@demo-causefleet.org,555-0191,0198 Janice Pass Apt. 435,West Nancy,SC,34861,Individual,Under 100,,False,2025-08-28,True
DNR-02560,ORG-HUM-01,Matthew,Espinoza,synthetic.dnr-02560@demo-causefleet.org,555-0139,86078 Mary Gateway Suite 751,Lake Kathy,WI,06185,Individual,Under 100,,False,2024-12-28,True
DNR-02561,ORG-HUM-01,Joshua,Davis,synthetic.dnr-02561@demo-causefleet.org,555-0116,58240 Powers Island Suite 651,North Richard,AK,87253,Individual,Under 100,,False,2023-06-04,True
DNR-02562,ORG-HUM-01,Ryan,Davis,synthetic.dnr-02562@demo-causefleet.org,555-0122,737 Mark Turnpike Apt. 315,Nicholasbury,WV,78611,Individual,Under 100,,False,2024-02-19,True
DNR-02563,ORG-HUM-01,Joseph,Flowers,synthetic.dnr-02563@demo-causefleet.org,555-0162,054 Bruce Expressway,North Bailey,AR,62389,Individual,100-999,,False,2024-10-21,True
DNR-02564,ORG-HUM-01,John,Gilmore,synthetic.dnr-02564@demo-causefleet.org,555-0152,390 John Groves Apt. 292,Thomasmouth,TX,48251,Individual,100-999,,False,2023-11-04,True
DNR-02565,ORG-HUM-01,Michael,Reed,synthetic.dnr-02565@demo-causefleet.org,555-0170,84975 Hogan Street Suite 833,New Beverly,LA,27701,Individual,Under 100,,False,2024-09-30,True
DNR-02566,ORG-HUM-01,Beth,Bell,synthetic.dnr-02566@demo-causefleet.org,555-0122,8782 Erika Port Suite 728,New Sean,ID,02089,Individual,Under 100,,False,2021-09-22,True
DNR-02567,ORG-HUM-01,Charles,Morrison,synthetic.dnr-02567@demo-causefleet.org,555-0197,9846 Marissa Terrace Suite 562,Erikafurt,SC,61810,Individual,100-999,,False,2024-05-15,True
DNR-02568,ORG-HUM-01,Jason,Moore,synthetic.dnr-02568@demo-causefleet.org,555-0127,875 Carson Center,Lake Davidfort,MA,87403,Individual,Under 100,,False,2021-06-06,True
DNR-02569,ORG-HUM-01,Brandon,Morales,synthetic.dnr-02569@demo-causefleet.org,555-0110,4390 Petersen Place,Timothyfort,ID,80963,Individual,"1,000-$9,999",,False,2025-05-05,True
DNR-02570,ORG-HUM-01,Edward,Soto,synthetic.dnr-02570@demo-causefleet.org,555-0180,0731 Miller Plains Apt. 112,Port Jamesfurt,NM,24068,Foundation,Under 100,,False,2022-02-21,True
DNR-02571,ORG-HUM-01,Tara,Jones,synthetic.dnr-02571@demo-causefleet.org,555-0130,426 Tiffany Trail Suite 664,Jonestown,NM,91514,Individual,Under 100,,False,2024-01-23,True
DNR-02572,ORG-HUM-01,Michael,Ramos,synthetic.dnr-02572@demo-causefleet.org,555-0162,2083 Stephanie Track Apt. 001,Millerhaven,IN,23893,Foundation,"1,000-$9,999",,False,2023-11-25,True
DNR-02573,ORG-HUM-01,Eric,Carroll,synthetic.dnr-02573@demo-causefleet.org,555-0193,74166 Clark Camp,Johnsonport,FL,73405,Individual,100-999,,False,2021-10-22,True
DNR-02574,ORG-HUM-01,Joe,Sanders,synthetic.dnr-02574@demo-causefleet.org,555-0170,24644 Wilson Light,Port Phillipchester,NH,84897,Individual,Under 100,,False,2025-02-17,True
DNR-02575,ORG-HUM-01,Rebecca,Rice,synthetic.dnr-02575@demo-causefleet.org,555-0171,41810 Stephen Valley,New Donnafort,RI,70370,Individual,100-999,,False,2022-06-11,True
DNR-02576,ORG-HUM-01,Jessica,Rios,synthetic.dnr-02576@demo-causefleet.org,555-0193,56476 Ryan Land Suite 579,East Lindabury,MO,82870,Individual,Under 100,,False,2024-07-14,True
DNR-02577,ORG-HUM-01,Jessica,Schultz,synthetic.dnr-02577@demo-causefleet.org,555-0135,9109 Julia Orchard Suite 865,East Kelli,ND,01085,Corporation,Under 100,,False,2023-06-01,True
DNR-02578,ORG-HUM-01,Mary,Lee,synthetic.dnr-02578@demo-causefleet.org,555-0146,49820 Allison Alley,East Philipmouth,MI,44744,Individual,"$100,000+",,False,2022-09-01,True
DNR-02579,ORG-HUM-01,Michael,Burnett,synthetic.dnr-02579@demo-causefleet.org,555-0151,1638 Matthew Cove Suite 230,Port Lisa,NY,21977,Individual,100-999,,False,2022-07-20,True
DNR-02580,ORG-HUM-01,Laurie,Thompson,synthetic.dnr-02580@demo-causefleet.org,555-0146,30804 Amanda Spurs Suite 112,Wayneport,ME,92525,Individual,100-999,,False,2021-10-21,True
DNR-02581,ORG-HUM-01,Brian,Jarvis,synthetic.dnr-02581@demo-causefleet.org,555-0192,2112 Rodriguez Lodge Apt. 098,Port Donnamouth,MT,56719,Individual,Under 100,,False,2025-03-24,True
DNR-02582,ORG-HUM-01,Roberta,Anderson,synthetic.dnr-02582@demo-causefleet.org,555-0117,67371 Alexander Track Apt. 686,Hillport,CT,38619,Foundation,Under 100,,False,2025-08-21,True
DNR-02583,ORG-HUM-01,Joe,Golden,synthetic.dnr-02583@demo-causefleet.org,555-0121,8953 Carter Ferry Suite 257,Schaeferside,OR,75165,Individual,Under 100,,False,2023-06-19,True
DNR-02584,ORG-HUM-01,Travis,Olson,synthetic.dnr-02584@demo-causefleet.org,555-0193,951 Sims Lights,East Jessicabury,TN,63470,Individual,Under 100,,False,2024-03-10,True
DNR-02585,ORG-HUM-01,Anthony,Baker,synthetic.dnr-02585@demo-causefleet.org,555-0183,507 Michael Trafficway,New Chelseafurt,VA,87982,Individual,100-999,,False,2024-08-14,True
DNR-02586,ORG-HUM-01,Jeffrey,Walker,synthetic.dnr-02586@demo-causefleet.org,555-0139,7259 Jones Course Suite 953,Port Kimberly,WI,38670,Individual,Under 100,,False,2024-02-25,True
DNR-02587,ORG-HUM-01,David,Sherman,synthetic.dnr-02587@demo-causefleet.org,555-0178,2881 Cortez Stream,Sandersborough,AK,75957,Individual,100-999,,False,2021-10-24,True
DNR-02588,ORG-HUM-01,Michael,Miller,synthetic.dnr-02588@demo-causefleet.org,555-0114,3493 Wright Mews,Lake Wendyhaven,NM,58556,Individual,Under 100,,False,2023-09-26,True
DNR-02589,ORG-HUM-01,Samantha,Church,synthetic.dnr-02589@demo-causefleet.org,555-0132,7244 Jane Mountain,Thomasside,NM,98174,Individual,Under 100,,False,2024-01-31,True
DNR-02590,ORG-HUM-01,Andrew,Russell,synthetic.dnr-02590@demo-causefleet.org,555-0163,2932 Rice Stream Suite 870,New Melinda,CT,55633,Individual,Under 100,,False,2022-09-03,True
DNR-02591,ORG-HUM-01,Ann,Lawrence,synthetic.dnr-02591@demo-causefleet.org,555-0132,4826 Samuel Ford Apt. 125,East Ellenside,PW,61444,Individual,Under 100,,False,2024-04-29,True
DNR-02592,ORG-HUM-01,Richard,Adams,synthetic.dnr-02592@demo-causefleet.org,555-0114,97447 Peterson Falls Apt. 469,Blackmouth,WV,15551,Individual,Under 100,,False,2023-02-13,True
DNR-02593,ORG-HUM-01,Gregory,Woods,synthetic.dnr-02593@demo-causefleet.org,555-0160,1352 Murphy Row,Johnsonmouth,AL,82501,Individual,"1,000-$9,999",,False,2023-03-15,True
DNR-02594,ORG-HUM-01,Linda,Gonzales,synthetic.dnr-02594@demo-causefleet.org,555-0173,807 Barnes Place Suite 841,New Elizabeth,DE,23936,Individual,Under 100,,False,2021-07-07,True
DNR-02595,ORG-HUM-01,Brandon,Nichols,synthetic.dnr-02595@demo-causefleet.org,555-0133,59482 Samantha Lake,West Margaret,AS,99716,Individual,"1,000-$9,999",,False,2023-05-24,True
DNR-02596,ORG-HUM-01,David,Salas,synthetic.dnr-02596@demo-causefleet.org,555-0147,3417 Graves Knoll,Richardview,CT,14027,Individual,Under 100,,False,2023-10-05,True
DNR-02597,ORG-HUM-01,Beth,Rodriguez,synthetic.dnr-02597@demo-causefleet.org,555-0114,7391 Maria Parkways,Port Lawrence,KS,37428,Individual,"10,000-99,999",,False,2024-03-17,True
DNR-02598,ORG-HUM-01,Paula,Smith,synthetic.dnr-02598@demo-causefleet.org,555-0111,77127 Terry Islands,Hollandmouth,ID,79350,Individual,Under 100,,False,2023-11-04,True
DNR-02599,ORG-HUM-01,Brittany,Maldonado,synthetic.dnr-02599@demo-causefleet.org,555-0148,7940 Diane Burgs Apt. 290,Greenville,PA,81466,Individual,"1,000-$9,999",,False,2021-06-08,True
DNR-02600,ORG-HUM-01,Mark,Curry,synthetic.dnr-02600@demo-causefleet.org,555-0182,93764 Martinez Mall,Angelaberg,NC,02369,Individual,Under 100,,False,2024-09-22,True
DNR-02601,ORG-HUM-01,John,Johns,synthetic.dnr-02601@demo-causefleet.org,555-0187,2600 Michael Plains Apt. 188,North Hollytown,AL,44040,Individual,100-999,,False,2025-06-10,True
DNR-02602,ORG-HUM-01,Stephen,Hernandez,synthetic.dnr-02602@demo-causefleet.org,555-0123,722 Rebekah Field Apt. 710,Port Rogerburgh,GA,27379,Individual,"1,000-$9,999",,False,2025-06-08,True
DNR-02603,ORG-HUM-01,Brittany,Gray,synthetic.dnr-02603@demo-causefleet.org,555-0152,15415 Theresa Points Apt. 702,Grossburgh,MP,91535,Individual,Under 100,,False,2025-03-14,True
DNR-02604,ORG-HUM-01,Melinda,Randolph,synthetic.dnr-02604@demo-causefleet.org,555-0146,58349 Jade Loaf Apt. 898,Newmanview,RI,42942,Individual,Under 100,,False,2023-12-28,True
DNR-02605,ORG-HUM-01,Christopher,Lynch,synthetic.dnr-02605@demo-causefleet.org,555-0168,55885 Bruce Drive,West Ricardo,IL,85388,Individual,Under 100,,False,2022-12-08,True
DNR-02606,ORG-HUM-01,Chelsea,Clay,synthetic.dnr-02606@demo-causefleet.org,555-0192,905 Choi Point,Diaztown,UT,83894,Individual,"1,000-$9,999",,False,2023-08-26,True
DNR-02607,ORG-HUM-01,Robert,Nelson,synthetic.dnr-02607@demo-causefleet.org,555-0179,941 Mcdonald Islands,Lake Bobby,NH,78593,Individual,Under 100,,False,2022-01-23,True
DNR-02608,ORG-HUM-01,William,Fleming,synthetic.dnr-02608@demo-causefleet.org,555-0177,5481 Anna Ridges,South Conniehaven,KY,44696,Individual,Under 100,,False,2024-10-18,True
DNR-02609,ORG-HUM-01,Kevin,Rodgers,synthetic.dnr-02609@demo-causefleet.org,555-0173,400 Robert Plaza Suite 580,Douglastown,MP,07815,Individual,Under 100,,False,2024-10-22,True
DNR-02610,ORG-HUM-01,Ebony,Kelly,synthetic.dnr-02610@demo-causefleet.org,555-0127,97435 Morris Drive,West Maurice,GU,91923,Individual,Under 100,,False,2023-10-31,True
DNR-02611,ORG-HUM-01,Morgan,Fisher,synthetic.dnr-02611@demo-causefleet.org,555-0174,846 Aaron Junction,East Kimberlyfurt,PR,20469,Individual,100-999,,False,2024-09-15,True
DNR-02612,ORG-HUM-01,Jacob,Oliver,synthetic.dnr-02612@demo-causefleet.org,555-0169,0025 Ashley Canyon Suite 724,Kimberlyton,RI,47626,Individual,Under 100,,False,2022-08-07,True
DNR-02613,ORG-HUM-01,Thomas,Washington,synthetic.dnr-02613@demo-causefleet.org,555-0144,8774 Hughes Center,West Scott,TN,70833,Individual,100-999,,False,2024-12-02,True
DNR-02614,ORG-HUM-01,Shirley,Davis,synthetic.dnr-02614@demo-causefleet.org,555-0134,63474 William Viaduct,Pamelaberg,AZ,89362,Individual,"1,000-$9,999",,False,2024-01-11,True
DNR-02615,ORG-HUM-01,James,Stewart,synthetic.dnr-02615@demo-causefleet.org,555-0124,7336 Sarah Vista Suite 657,Jessicastad,DC,43998,Individual,Under 100,,False,2022-01-30,True
DNR-02616,ORG-HUM-01,Angela,Shepard,synthetic.dnr-02616@demo-causefleet.org,555-0152,66487 Diane Inlet Suite 130,North Gregorystad,KS,53612,Individual,100-999,,False,2023-08-15,True
DNR-02617,ORG-HUM-01,Matthew,Wright,synthetic.dnr-02617@demo-causefleet.org,555-0130,9852 Reid Pass Suite 470,Lorettaport,MN,05118,Individual,Under 100,,False,2024-03-11,True
DNR-02618,ORG-HUM-01,Julie,Lewis,synthetic.dnr-02618@demo-causefleet.org,555-0168,0695 Melissa Pike,New Phillipville,ID,70600,Individual,Under 100,,False,2022-11-03,True
DNR-02619,ORG-HUM-01,Melissa,Cox,synthetic.dnr-02619@demo-causefleet.org,555-0192,9422 Elizabeth Gateway Apt. 419,Boonemouth,VA,11920,Individual,Under 100,,False,2024-03-17,True
DNR-02620,ORG-HUM-01,Adam,Rodriguez,synthetic.dnr-02620@demo-causefleet.org,555-0142,7436 Maria Plains Apt. 985,South Cory,KS,29776,Individual,100-999,,False,2021-10-07,True
DNR-02621,ORG-HUM-01,Ashley,Nelson,synthetic.dnr-02621@demo-causefleet.org,555-0133,347 Terry Path Apt. 861,Welchland,UT,69503,Individual,Under 100,,False,2024-05-19,True
DNR-02622,ORG-HUM-01,Linda,Reyes,synthetic.dnr-02622@demo-causefleet.org,555-0111,084 Christopher River Suite 521,Hoodton,SC,04131,Foundation,Under 100,,False,2024-04-19,True
DNR-02623,ORG-HUM-01,James,Brown,synthetic.dnr-02623@demo-causefleet.org,555-0153,55740 Rebecca Union Suite 595,Hendersonmouth,MN,74593,Individual,Under 100,,False,2025-02-20,True
DNR-02624,ORG-HUM-01,Clifford,Jackson,synthetic.dnr-02624@demo-causefleet.org,555-0147,07837 Daniel Pike,West Bonnie,ME,14802,Foundation,Under 100,,False,2025-03-10,True
DNR-02625,ORG-HUM-01,Joel,Manning,synthetic.dnr-02625@demo-causefleet.org,555-0182,9232 Steele Centers Apt. 455,Jonesville,WI,50729,Individual,100-999,,False,2022-02-26,True
DNR-02626,ORG-HUM-01,Lisa,Marshall,synthetic.dnr-02626@demo-causefleet.org,555-0196,1492 Harris Park,East Jamiemouth,KS,83593,Corporation,Under 100,,False,2025-09-21,True
DNR-02627,ORG-HUM-01,Arthur,Warren,synthetic.dnr-02627@demo-causefleet.org,555-0134,60763 Hill Fords,Erintown,HI,85639,Individual,100-999,,False,2025-04-30,True
DNR-02628,ORG-HUM-01,Olivia,Bennett,synthetic.dnr-02628@demo-causefleet.org,555-0132,56416 Brittany Plaza,Johnsonburgh,MA,20259,Individual,Under 100,,False,2025-09-30,True
DNR-02629,ORG-HUM-01,Jennifer,Liu,synthetic.dnr-02629@demo-causefleet.org,555-0188,351 Anderson Flat Suite 850,Jessicaport,ND,48167,Individual,100-999,,False,2021-10-28,True
DNR-02630,ORG-HUM-01,Brett,Stephenson,synthetic.dnr-02630@demo-causefleet.org,555-0191,354 Hernandez Extension,Austinmouth,VA,47712,Individual,Under 100,,False,2022-02-24,True
DNR-02631,ORG-HUM-01,Peggy,Williams,synthetic.dnr-02631@demo-causefleet.org,555-0161,13900 Diaz Pines Apt. 752,West Brett,NM,05188,Individual,Under 100,,False,2024-11-22,True
DNR-02632,ORG-HUM-01,Robert,Norton,synthetic.dnr-02632@demo-causefleet.org,555-0164,55563 Lawrence Circles,New Jorge,IL,80785,Individual,Under 100,,False,2024-09-03,True
DNR-02633,ORG-HUM-01,Samuel,Moreno,synthetic.dnr-02633@demo-causefleet.org,555-0175,800 Moran Overpass Apt. 380,Hansonberg,MO,83032,Individual,100-999,,False,2023-11-10,True
DNR-02634,ORG-HUM-01,Becky,Roberts,synthetic.dnr-02634@demo-causefleet.org,555-0151,7501 Aguirre Bridge Suite 665,Zacharyton,SD,52631,Individual,Under 100,,False,2023-02-05,True
DNR-02635,ORG-HUM-01,Sarah,Dillon,synthetic.dnr-02635@demo-causefleet.org,555-0121,223 Keith Canyon Suite 300,Allenland,OK,14268,Individual,"1,000-$9,999",,False,2022-10-25,True
DNR-02636,ORG-HUM-01,Margaret,Phelps,synthetic.dnr-02636@demo-causefleet.org,555-0161,36359 Kathleen Union Apt. 420,New Raymond,DC,19429,Individual,"1,000-$9,999",,False,2025-03-05,True
DNR-02637,ORG-HUM-01,Angela,Shelton,synthetic.dnr-02637@demo-causefleet.org,555-0195,0245 Taylor Green,East Justin,AK,19986,Corporation,Under 100,,False,2022-05-09,True
DNR-02638,ORG-HUM-01,David,Park,synthetic.dnr-02638@demo-causefleet.org,555-0122,13278 Amy Spring,West Eileen,MA,08545,Individual,Under 100,,False,2022-06-02,True
DNR-02639,ORG-HUM-01,Mary,Bradley,synthetic.dnr-02639@demo-causefleet.org,555-0133,3295 Wilson Oval,Whiteview,MH,97037,Foundation,Under 100,,False,2024-03-11,True
DNR-02640,ORG-HUM-01,Joshua,Moss,synthetic.dnr-02640@demo-causefleet.org,555-0127,0897 Carpenter Lake Apt. 614,New Jaimemouth,AZ,78805,Individual,Under 100,,False,2024-06-07,True
DNR-02641,ORG-HUM-01,John,Spears,synthetic.dnr-02641@demo-causefleet.org,555-0171,27315 Harrison Stream Apt. 617,South Jacob,FL,38705,Individual,100-999,,False,2021-08-25,True
DNR-02642,ORG-HUM-01,Carmen,Gardner,synthetic.dnr-02642@demo-causefleet.org,555-0151,773 Hayley Fields Apt. 146,New Ernest,HI,21553,Individual,100-999,,False,2022-10-22,True
DNR-02643,ORG-HUM-01,Melissa,Gonzalez,synthetic.dnr-02643@demo-causefleet.org,555-0141,85223 Guzman Burgs,Thomastown,WI,76641,Individual,100-999,,False,2025-07-07,True
DNR-02644,ORG-HUM-01,Kelly,Hatfield,synthetic.dnr-02644@demo-causefleet.org,555-0110,144 George Junction,East Brittany,FL,33483,Individual,Under 100,,False,2025-02-24,True
DNR-02645,ORG-HUM-01,Paul,Leonard,synthetic.dnr-02645@demo-causefleet.org,555-0143,350 Perry Estate,East Dawn,NH,36982,Individual,Under 100,,False,2024-12-05,True
DNR-02646,ORG-HUM-01,Sandra,Trevino,synthetic.dnr-02646@demo-causefleet.org,555-0159,87895 Jessica Valley,West Johnton,OR,84257,Individual,Under 100,,False,2021-11-26,True
DNR-02647,ORG-HUM-01,Matthew,Olson,synthetic.dnr-02647@demo-causefleet.org,555-0140,82572 Hunter Square Apt. 007,New Robertland,OH,57613,Foundation,100-999,,False,2024-08-22,True
DNR-02648,ORG-HUM-01,Kevin,Petersen,synthetic.dnr-02648@demo-causefleet.org,555-0167,747 Jackson River Apt. 483,Stephaniefurt,VI,48087,Individual,Under 100,,False,2024-01-11,True
DNR-02649,ORG-HUM-01,Dana,James,synthetic.dnr-02649@demo-causefleet.org,555-0144,270 Mason Curve,Leahview,MH,82539,Individual,100-999,,False,2021-08-05,True
DNR-02650,ORG-HUM-01,Daniel,Contreras,synthetic.dnr-02650@demo-causefleet.org,555-0152,6241 Roberto Lodge Suite 680,Stephaniemouth,OK,53230,Individual,Under 100,,False,2021-11-11,True
DNR-02651,ORG-HUM-01,Austin,Gonzalez,synthetic.dnr-02651@demo-causefleet.org,555-0148,45320 Flores Vista Apt. 261,Vanessaport,VI,08189,Individual,Under 100,,False,2022-09-22,True
DNR-02652,ORG-HUM-01,Rebecca,Randall,synthetic.dnr-02652@demo-causefleet.org,555-0184,1524 Laura Cape,West Emmachester,ND,32935,Individual,Under 100,,False,2024-06-05,True
DNR-02653,ORG-HUM-01,Anthony,Mcintyre,synthetic.dnr-02653@demo-causefleet.org,555-0183,12252 Hill Mills Suite 787,South Samuelfurt,LA,37438,Individual,Under 100,,False,2024-03-26,True
DNR-02654,ORG-HUM-01,Robert,Mayer,synthetic.dnr-02654@demo-causefleet.org,555-0111,70781 Jessica Street,North Derekport,NC,01715,Individual,Under 100,,False,2022-02-14,True
DNR-02655,ORG-HUM-01,Catherine,Phillips,synthetic.dnr-02655@demo-causefleet.org,555-0143,18749 Anthony Glens,Port Brianton,NV,22724,Individual,100-999,,False,2023-01-10,True
DNR-02656,ORG-HUM-01,Gwendolyn,Dennis,synthetic.dnr-02656@demo-causefleet.org,555-0193,204 Allen Mall Suite 041,North Brian,AZ,88482,Individual,"1,000-$9,999",,False,2024-06-10,True
DNR-02657,ORG-HUM-01,Gina,Clark,synthetic.dnr-02657@demo-causefleet.org,555-0156,5031 Luna Passage,Dunnton,MS,54929,Individual,Under 100,,False,2025-02-01,True
DNR-02658,ORG-HUM-01,Ryan,Levy,synthetic.dnr-02658@demo-causefleet.org,555-0198,141 Boyd Key Apt. 560,Davidberg,NH,62646,Individual,Under 100,,False,2021-06-25,True
DNR-02659,ORG-HUM-01,Eric,Cooper,synthetic.dnr-02659@demo-causefleet.org,555-0140,611 Martinez Common,Thompsonfort,PR,13112,Individual,Under 100,,False,2021-08-21,True
DNR-02660,ORG-HUM-01,Karen,Jensen,synthetic.dnr-02660@demo-causefleet.org,555-0117,06165 Crystal Square Suite 255,North Melissa,AZ,65614,Individual,100-999,,False,2022-07-11,True
DNR-02661,ORG-HUM-01,Peggy,Lopez,synthetic.dnr-02661@demo-causefleet.org,555-0195,2508 Flores Stream,West Sara,OH,68338,Individual,Under 100,,False,2022-04-13,True
DNR-02662,ORG-HUM-01,Kylie,Singh,synthetic.dnr-02662@demo-causefleet.org,555-0125,925 Lisa Lodge Apt. 109,Port Charles,VI,77935,Foundation,"1,000-$9,999",,False,2023-04-23,True
DNR-02663,ORG-HUM-01,Sherry,Thornton,synthetic.dnr-02663@demo-causefleet.org,555-0169,09981 Mary Wall Suite 192,New Abigail,PR,40596,Individual,Under 100,,False,2025-09-04,True
DNR-02664,ORG-HUM-01,Matthew,Garza,synthetic.dnr-02664@demo-causefleet.org,555-0149,254 Kenneth Isle Apt. 266,Deannafort,IA,70302,Individual,Under 100,,False,2024-08-04,True
DNR-02665,ORG-HUM-01,Ryan,Larson,synthetic.dnr-02665@demo-causefleet.org,555-0130,4811 Matthew Trafficway Apt. 927,Port Joseph,AK,96960,Individual,"1,000-$9,999",,False,2025-06-23,True
DNR-02666,ORG-HUM-01,Thomas,Williamson,synthetic.dnr-02666@demo-causefleet.org,555-0161,677 Alexander Alley,West Susan,NY,80412,Individual,Under 100,,False,2023-04-06,True
DNR-02667,ORG-HUM-01,Cynthia,Miller,synthetic.dnr-02667@demo-causefleet.org,555-0197,15792 Anna Skyway,Port Ryan,CO,93624,Individual,Under 100,,False,2024-11-06,True
DNR-02668,ORG-HUM-01,Frank,Miller,synthetic.dnr-02668@demo-causefleet.org,555-0174,512 Newman Well,Brownside,PW,55351,Individual,Under 100,,False,2023-02-04,True
DNR-02669,ORG-HUM-01,Rodney,Rodriguez,synthetic.dnr-02669@demo-causefleet.org,555-0149,84039 Julia Falls,Myersfort,IL,99776,Individual,Under 100,,False,2025-07-15,True
DNR-02670,ORG-HUM-01,Kim,Butler,synthetic.dnr-02670@demo-causefleet.org,555-0198,99506 Park Row,Pattersonmouth,MI,03096,Individual,Under 100,,False,2023-03-15,True
DNR-02671,ORG-HUM-01,Anthony,Johnson,synthetic.dnr-02671@demo-causefleet.org,555-0125,908 Bradley Road,West Brandon,VT,77904,Individual,100-999,,False,2023-09-11,True
DNR-02672,ORG-HUM-01,Maria,Bell,synthetic.dnr-02672@demo-causefleet.org,555-0191,4419 Hampton Vista Apt. 436,South Brandontown,UT,24101,Individual,100-999,,False,2024-09-18,True
DNR-02673,ORG-HUM-01,Karen,Silva,synthetic.dnr-02673@demo-causefleet.org,555-0147,6191 Judy Inlet,South Trevor,KS,80443,Individual,Under 100,,False,2023-12-31,True
DNR-02674,ORG-HUM-01,Dennis,Dougherty,synthetic.dnr-02674@demo-causefleet.org,555-0157,4911 Graham Isle Suite 004,Port Tristan,SD,26594,Individual,"1,000-$9,999",,False,2021-06-23,True
DNR-02675,ORG-HUM-01,Daniel,Cardenas,synthetic.dnr-02675@demo-causefleet.org,555-0188,229 Williams Plain Apt. 860,New Brian,NE,65473,Foundation,Under 100,,False,2024-08-11,True
DNR-02676,ORG-HUM-01,Ruben,Jefferson,synthetic.dnr-02676@demo-causefleet.org,555-0138,5351 Wright Shore Suite 439,South Aaron,CT,22885,Individual,Under 100,,False,2022-09-04,True
DNR-02677,ORG-HUM-01,Amy,Farmer,synthetic.dnr-02677@demo-causefleet.org,555-0138,78101 John Divide,New Edwinbury,KS,13193,Individual,Under 100,,False,2021-08-29,True
DNR-02678,ORG-HUM-01,Richard,Harper,synthetic.dnr-02678@demo-causefleet.org,555-0127,757 Wilson Locks,Millertown,NM,52437,Individual,Under 100,,False,2024-12-08,True
DNR-02679,ORG-HUM-01,Joseph,Greene,synthetic.dnr-02679@demo-causefleet.org,555-0171,94616 David Extension Suite 726,North Matthewton,GA,95419,Individual,Under 100,,False,2022-07-18,True
DNR-02680,ORG-HUM-01,Julie,White,synthetic.dnr-02680@demo-causefleet.org,555-0129,5592 Jasmine Radial Suite 688,Leachshire,MH,28972,Individual,"10,000-99,999",,False,2023-01-26,True
DNR-02681,ORG-HUM-01,Elizabeth,Cole,synthetic.dnr-02681@demo-causefleet.org,555-0168,3918 Gregory Plains Suite 876,Port Danielleport,KS,29842,Individual,Under 100,,False,2025-02-05,True
DNR-02682,ORG-HUM-01,Melanie,Caldwell,synthetic.dnr-02682@demo-causefleet.org,555-0187,60908 Gonzales Fork Suite 947,Molinaville,NC,94260,Individual,Under 100,,False,2024-08-02,True
DNR-02683,ORG-HUM-01,Jonathan,Page,synthetic.dnr-02683@demo-causefleet.org,555-0157,24927 Moore Flats,Reginaldland,MD,09596,Individual,Under 100,,False,2022-05-11,True
DNR-02684,ORG-HUM-01,Priscilla,Moore,synthetic.dnr-02684@demo-causefleet.org,555-0163,6089 Williams Brooks Suite 658,Shawburgh,VT,41190,Individual,100-999,,False,2024-11-01,True
DNR-02685,ORG-HUM-01,Mike,Fisher,synthetic.dnr-02685@demo-causefleet.org,555-0199,385 Park Canyon,Jennifermouth,AK,90864,Individual,100-999,,False,2021-12-22,True
DNR-02686,ORG-HUM-01,Audrey,Ross,synthetic.dnr-02686@demo-causefleet.org,555-0180,466 Alexandra Glens,Catherinefurt,AZ,18516,Individual,Under 100,,False,2022-06-04,True
DNR-02687,ORG-HUM-01,Richard,Rivera,synthetic.dnr-02687@demo-causefleet.org,555-0170,83153 Timothy Mountain,New Bradport,VT,69557,Individual,Under 100,,False,2024-01-14,True
DNR-02688,ORG-HUM-01,Zachary,Acevedo,synthetic.dnr-02688@demo-causefleet.org,555-0178,0833 Pacheco Cliffs,New Allison,PA,85120,Individual,Under 100,,False,2024-06-06,True
DNR-02689,ORG-HUM-01,Michael,Molina,synthetic.dnr-02689@demo-causefleet.org,555-0195,78814 Mullins Station,Duanestad,AK,60513,Individual,Under 100,,False,2024-08-21,True
DNR-02690,ORG-HUM-01,Kyle,Fox,synthetic.dnr-02690@demo-causefleet.org,555-0137,39500 Romero Mission,Camachomouth,AL,05031,Individual,Under 100,,False,2024-11-22,True
DNR-02691,ORG-HUM-01,James,Brady,synthetic.dnr-02691@demo-causefleet.org,555-0141,603 Garrison Fords Apt. 614,West Thomas,CO,47200,Individual,Under 100,,False,2024-10-13,True
DNR-02692,ORG-HUM-01,Christopher,Hamilton,synthetic.dnr-02692@demo-causefleet.org,555-0197,95661 Romero Trafficway,Lake Joseph,IA,55102,Individual,Under 100,,False,2024-09-23,True
DNR-02693,ORG-HUM-01,Matthew,Wallace,synthetic.dnr-02693@demo-causefleet.org,555-0186,757 Harris Track,Jonesfurt,AK,10990,Individual,Under 100,,False,2022-09-21,True
DNR-02694,ORG-HUM-01,Jonathan,Miller,synthetic.dnr-02694@demo-causefleet.org,555-0120,0009 Mark Springs Apt. 596,South Abigail,SC,73489,Individual,Under 100,,False,2023-07-20,True
DNR-02695,ORG-HUM-01,Timothy,Murphy,synthetic.dnr-02695@demo-causefleet.org,555-0177,34714 Wilson Fields,Nelsontown,WI,17240,Corporation,"1,000-$9,999",,False,2023-06-21,True
DNR-02696,ORG-HUM-01,Kimberly,Barnes,synthetic.dnr-02696@demo-causefleet.org,555-0167,652 Robin Lane Suite 562,Woodview,MA,88871,Individual,"1,000-$9,999",,False,2023-09-20,True
DNR-02697,ORG-HUM-01,Alexander,Maxwell,synthetic.dnr-02697@demo-causefleet.org,555-0177,759 Murphy Locks,Courtneyburgh,HI,90395,Individual,Under 100,,False,2024-12-27,True
DNR-02698,ORG-HUM-01,Beth,Kim,synthetic.dnr-02698@demo-causefleet.org,555-0156,4765 Cheryl Trafficway Apt. 187,Bartonburgh,MP,58995,Individual,Under 100,,False,2021-08-17,True
DNR-02699,ORG-HUM-01,Mia,Dixon,synthetic.dnr-02699@demo-causefleet.org,555-0119,287 Melissa Knoll Apt. 443,East Mackenziemouth,MH,94454,Individual,Under 100,,False,2021-09-07,True
DNR-02700,ORG-HUM-01,Louis,Nelson,synthetic.dnr-02700@demo-causefleet.org,555-0182,0294 Kevin Manors,Parkside,SC,82003,Individual,Under 100,,False,2022-06-16,True
DNR-02701,ORG-HUM-01,Jennifer,Morales,synthetic.dnr-02701@demo-causefleet.org,555-0124,272 Gonzales Mountain Apt. 157,Leeside,CO,45246,Individual,100-999,,False,2021-08-14,True
DNR-02702,ORG-HUM-01,David,Ware,synthetic.dnr-02702@demo-causefleet.org,555-0117,73671 Judy Stravenue,Gonzalezport,AK,92080,Corporation,Under 100,,False,2025-04-08,True
DNR-02703,ORG-HUM-01,Jason,Jones,synthetic.dnr-02703@demo-causefleet.org,555-0180,6616 Lance Spring,Williamsonside,NC,95263,Individual,100-999,,False,2024-03-09,True
DNR-02704,ORG-HUM-01,Jessica,Mendoza,synthetic.dnr-02704@demo-causefleet.org,555-0174,18224 Hudson Roads Apt. 247,Pearsonside,NE,58167,Individual,"1,000-$9,999",,False,2023-12-01,True
DNR-02705,ORG-HUM-01,Gloria,Garcia,synthetic.dnr-02705@demo-causefleet.org,555-0135,48957 Matthew Plain Suite 235,New Wesley,AK,81795,Individual,Under 100,,False,2021-08-07,True
DNR-02706,ORG-HUM-01,Katherine,Walker,synthetic.dnr-02706@demo-causefleet.org,555-0183,45424 Collier Viaduct Apt. 155,Port Henry,CA,73556,Individual,Under 100,,False,2022-03-27,True
DNR-02707,ORG-HUM-01,Ariel,Miller,synthetic.dnr-02707@demo-causefleet.org,555-0178,070 Bryant Shoal,Hesterborough,GU,15832,Individual,Under 100,,False,2021-11-27,True
DNR-02708,ORG-HUM-01,Laura,Myers,synthetic.dnr-02708@demo-causefleet.org,555-0129,3833 Preston Estates Suite 503,Johnburgh,GU,96546,Individual,Under 100,,False,2022-04-28,True
DNR-02709,ORG-HUM-01,Craig,Rogers,synthetic.dnr-02709@demo-causefleet.org,555-0131,675 Kelly Radial Suite 977,East Codyfort,AL,47736,Individual,Under 100,,False,2021-10-19,True
DNR-02710,ORG-HUM-01,Diane,Martinez,synthetic.dnr-02710@demo-causefleet.org,555-0151,01435 Wood Unions,Port Randy,NJ,81251,Individual,Under 100,,False,2023-04-10,True
DNR-02711,ORG-HUM-01,Glenda,Lucero,synthetic.dnr-02711@demo-causefleet.org,555-0176,8636 Bird Inlet,Rachaelhaven,FM,15845,Individual,100-999,,False,2023-08-17,True
DNR-02712,ORG-HUM-01,Richard,Blevins,synthetic.dnr-02712@demo-causefleet.org,555-0166,7392 Nicholas Station,West Donaldshire,LA,19745,Individual,Under 100,,False,2021-07-19,True
DNR-02713,ORG-HUM-01,Michelle,Avila,synthetic.dnr-02713@demo-causefleet.org,555-0124,247 Krueger Row,Brendanfort,ND,22715,Individual,Under 100,,False,2024-02-01,True
DNR-02714,ORG-HUM-01,Beth,Clark,synthetic.dnr-02714@demo-causefleet.org,555-0197,11203 Jennifer Ridges Apt. 990,West Pamelastad,RI,46294,Individual,Under 100,,False,2021-09-03,True
DNR-02715,ORG-HUM-01,Tracy,Simmons,synthetic.dnr-02715@demo-causefleet.org,555-0136,068 Stephanie Camp Suite 005,Mollyhaven,AK,10887,Individual,100-999,,False,2025-06-28,True
DNR-02716,ORG-HUM-01,Kayla,Wilson,synthetic.dnr-02716@demo-causefleet.org,555-0184,36057 Gonzalez Cove Apt. 154,Christineberg,OK,11249,Individual,Under 100,,False,2024-11-24,True
DNR-02717,ORG-HUM-01,Thomas,Moss,synthetic.dnr-02717@demo-causefleet.org,555-0172,690 Jimmy Highway,South Dawnmouth,UT,75078,Individual,100-999,,False,2024-09-13,True
DNR-02718,ORG-HUM-01,Regina,Serrano,synthetic.dnr-02718@demo-causefleet.org,555-0121,360 Pamela Club Suite 801,West Patriciaborough,WA,55073,Corporation,Under 100,,False,2021-12-21,True
DNR-02719,ORG-HUM-01,Paul,Clark,synthetic.dnr-02719@demo-causefleet.org,555-0175,3497 David Alley Suite 015,West James,SC,04298,Individual,Under 100,,False,2021-06-29,True
DNR-02720,ORG-HUM-01,Harold,Wise,synthetic.dnr-02720@demo-causefleet.org,555-0167,248 Michelle Hills Suite 046,Andreamouth,MD,47198,Individual,Under 100,,False,2022-12-20,True
DNR-02721,ORG-HUM-01,Colton,Sullivan,synthetic.dnr-02721@demo-causefleet.org,555-0117,40574 Christopher Route,West James,CT,82652,Foundation,Under 100,,False,2025-09-01,True
DNR-02722,ORG-HUM-01,William,Parsons,synthetic.dnr-02722@demo-causefleet.org,555-0168,667 Mcdaniel Road,Erichaven,PW,44052,Individual,100-999,,False,2021-06-03,True
DNR-02723,ORG-HUM-01,Melissa,Gray,synthetic.dnr-02723@demo-causefleet.org,555-0126,3942 Antonio Turnpike,West Kim,WY,71257,Individual,Under 100,,False,2024-05-06,True
DNR-02724,ORG-HUM-01,Mark,Palmer,synthetic.dnr-02724@demo-causefleet.org,555-0175,803 Johnson Mission,Harrisland,FL,07283,Individual,100-999,,False,2025-01-02,True
DNR-02725,ORG-HUM-01,Andrea,Peters,synthetic.dnr-02725@demo-causefleet.org,555-0163,530 King Mount Apt. 340,Heatherville,KY,02369,Individual,Under 100,,False,2023-01-04,True
DNR-02726,ORG-HUM-01,Julia,Spencer,synthetic.dnr-02726@demo-causefleet.org,555-0168,617 Aaron Harbor,Kevinville,VA,97628,Individual,Under 100,,False,2022-10-19,True
DNR-02727,ORG-HUM-01,James,King,synthetic.dnr-02727@demo-causefleet.org,555-0182,94525 Henson Squares,Thomasstad,NE,10766,Individual,Under 100,,False,2021-12-31,True
DNR-02728,ORG-HUM-01,Craig,Moore,synthetic.dnr-02728@demo-causefleet.org,555-0117,10932 Mathew Radial Suite 176,North Coleport,NY,31195,Individual,Under 100,,False,2022-08-04,True
DNR-02729,ORG-HUM-01,Karen,Johnson,synthetic.dnr-02729@demo-causefleet.org,555-0181,526 David Loaf Suite 948,Lake Meganton,AL,10595,Individual,100-999,,False,2022-02-05,True
DNR-02730,ORG-HUM-01,Jenna,Robinson,synthetic.dnr-02730@demo-causefleet.org,555-0169,67965 Garrett Loaf,Bullockburgh,IN,72374,Individual,100-999,,False,2021-09-10,True
DNR-02731,ORG-HUM-01,Lauren,Rollins,synthetic.dnr-02731@demo-causefleet.org,555-0196,414 Kyle Lock Apt. 280,Bakerton,MD,26677,Individual,Under 100,,False,2024-07-25,True
DNR-02732,ORG-HUM-01,Wendy,Cross,synthetic.dnr-02732@demo-causefleet.org,555-0149,9509 Martin Row,South Amyfurt,FL,43932,Individual,Under 100,,False,2023-08-21,True
DNR-02733,ORG-HUM-01,Travis,Miller,synthetic.dnr-02733@demo-causefleet.org,555-0112,74105 Sabrina Keys Suite 981,Matthewland,OH,41393,Individual,Under 100,,False,2025-07-18,True
DNR-02734,ORG-HUM-01,Jennifer,Tyler,synthetic.dnr-02734@demo-causefleet.org,555-0160,643 Taylor Court,Gonzalezside,ME,19054,Foundation,Under 100,,False,2023-12-26,True
DNR-02735,ORG-HUM-01,Alice,Howe,synthetic.dnr-02735@demo-causefleet.org,555-0142,802 Patricia River,Lake Sarahburgh,MS,41704,Foundation,Under 100,,False,2022-07-24,True
DNR-02736,ORG-HUM-01,Desiree,Sanchez,synthetic.dnr-02736@demo-causefleet.org,555-0110,04578 Vanessa Gardens Apt. 456,Lake Nathan,AR,29163,Individual,Under 100,,False,2024-10-09,True
DNR-02737,ORG-HUM-01,Dillon,Horn,synthetic.dnr-02737@demo-causefleet.org,555-0137,01131 Coleman Village,Jacksonport,IA,61445,Corporation,Under 100,,False,2021-09-04,True
DNR-02738,ORG-HUM-01,Wayne,Golden,synthetic.dnr-02738@demo-causefleet.org,555-0184,5922 Church Burg,South Brian,ME,74342,Individual,Under 100,,False,2024-03-13,True
DNR-02739,ORG-HUM-01,Cindy,Santos,synthetic.dnr-02739@demo-causefleet.org,555-0119,256 Wong Inlet Apt. 135,Port Sethchester,WY,38506,Corporation,Under 100,,False,2023-06-09,True
DNR-02740,ORG-HUM-01,Omar,Jackson,synthetic.dnr-02740@demo-causefleet.org,555-0115,633 Hunter Canyon Suite 119,Victorton,TN,47186,Individual,Under 100,,False,2024-02-04,True
DNR-02741,ORG-HUM-01,David,Davis,synthetic.dnr-02741@demo-causefleet.org,555-0164,0422 Frederick Stream,East Deborah,PW,18628,Individual,100-999,,False,2024-03-02,True
DNR-02742,ORG-HUM-01,Andrea,Morton,synthetic.dnr-02742@demo-causefleet.org,555-0154,16166 Parker Inlet,Perkinston,NM,15505,Individual,Under 100,,False,2022-04-29,True
DNR-02743,ORG-HUM-01,Wendy,Roman,synthetic.dnr-02743@demo-causefleet.org,555-0199,11578 Anderson Prairie Apt. 371,Deborahhaven,MO,01872,Individual,"10,000-99,999",,False,2021-11-25,True
DNR-02744,ORG-HUM-01,Kevin,Clark,synthetic.dnr-02744@demo-causefleet.org,555-0118,458 Dawson Streets,South Chad,KY,61015,Individual,Under 100,,False,2022-03-15,True
DNR-02745,ORG-HUM-01,Tyler,Lin,synthetic.dnr-02745@demo-causefleet.org,555-0179,7117 Chen Harbors,North Ericfort,GU,34637,Individual,Under 100,,False,2024-03-21,True
DNR-02746,ORG-HUM-01,Carrie,Jackson,synthetic.dnr-02746@demo-causefleet.org,555-0117,79366 Krueger Heights Suite 867,North Amandaland,MT,09394,Individual,Under 100,,False,2024-10-08,True
DNR-02747,ORG-HUM-01,Jodi,Love,synthetic.dnr-02747@demo-causefleet.org,555-0118,7749 Kim Path,Nicholasberg,NH,31310,Individual,Under 100,,False,2023-09-11,True
DNR-02748,ORG-HUM-01,John,Walters,synthetic.dnr-02748@demo-causefleet.org,555-0170,881 Perry Islands,Davidborough,WY,44426,Individual,100-999,,False,2024-05-30,True
DNR-02749,ORG-HUM-01,Katrina,Schultz,synthetic.dnr-02749@demo-causefleet.org,555-0114,797 Jennifer Rapid Apt. 770,Crystalstad,MA,28088,Individual,Under 100,,False,2022-08-13,True
DNR-02750,ORG-HUM-01,Andrew,Washington,synthetic.dnr-02750@demo-causefleet.org,555-0146,1272 Matthews Coves,New Connie,MI,50557,Individual,"1,000-$9,999",,False,2021-07-13,True
DNR-02751,ORG-HUM-01,David,Williams,synthetic.dnr-02751@demo-causefleet.org,555-0162,2517 Roberts Place Suite 652,Parkerberg,WV,98654,Individual,"1,000-$9,999",,False,2023-05-10,True
DNR-02752,ORG-HUM-01,Samuel,Moore,synthetic.dnr-02752@demo-causefleet.org,555-0133,02204 Adam Highway,Williamsburgh,MS,45125,Individual,Under 100,,False,2022-08-01,True
DNR-02753,ORG-HUM-01,Bryan,Poole,synthetic.dnr-02753@demo-causefleet.org,555-0127,487 Williams Loop,Sampsonmouth,GA,49513,Individual,Under 100,,False,2022-02-03,True
DNR-02754,ORG-HUM-01,Ashley,Esparza,synthetic.dnr-02754@demo-causefleet.org,555-0192,956 Kristina Circle,Jessicachester,VA,46032,Individual,100-999,,False,2021-07-24,True
DNR-02755,ORG-HUM-01,Patricia,Price,synthetic.dnr-02755@demo-causefleet.org,555-0192,588 Nelson Keys,East Randy,OR,35154,Foundation,Under 100,,False,2021-08-05,True
DNR-02756,ORG-HUM-01,Rebecca,Johnson,synthetic.dnr-02756@demo-causefleet.org,555-0163,208 Vasquez Summit,West Brianchester,FL,32607,Individual,100-999,,False,2021-09-23,True
DNR-02757,ORG-HUM-01,Colin,Cox,synthetic.dnr-02757@demo-causefleet.org,555-0157,1967 Pamela Lodge Apt. 586,Jimmyview,TX,28261,Individual,Under 100,,False,2025-07-06,True
DNR-02758,ORG-HUM-01,Gregory,Johnson,synthetic.dnr-02758@demo-causefleet.org,555-0158,3107 Jackson Divide,Kingmouth,PW,66910,Foundation,Under 100,,False,2022-08-03,True
DNR-02759,ORG-HUM-01,Jessica,Tucker,synthetic.dnr-02759@demo-causefleet.org,555-0167,86017 Rollins Spurs Suite 873,North Daleborough,AZ,86079,Individual,Under 100,,False,2023-11-14,True
DNR-02760,ORG-HUM-01,Gloria,Carpenter,synthetic.dnr-02760@demo-causefleet.org,555-0158,352 Jason Park,Bradleyport,WY,69219,Individual,Under 100,,False,2022-12-07,True
DNR-02761,ORG-HUM-01,Raymond,Allen,synthetic.dnr-02761@demo-causefleet.org,555-0158,4896 Ortiz Harbors,Lake Garyville,MO,95392,Individual,"1,000-$9,999",,False,2024-11-21,True
DNR-02762,ORG-HUM-01,Mark,Collins,synthetic.dnr-02762@demo-causefleet.org,555-0120,339 Brown Crest Suite 616,West Thomasfurt,CA,07114,Individual,Under 100,,False,2024-08-21,True
DNR-02763,ORG-HUM-01,Cheryl,Simmons,synthetic.dnr-02763@demo-causefleet.org,555-0197,4190 Gonzalez Mountain Apt. 296,Middletonton,MA,01891,Individual,100-999,,False,2022-01-22,True
DNR-02764,ORG-HUM-01,Robert,Wilcox,synthetic.dnr-02764@demo-causefleet.org,555-0194,72464 Hendrix Valley,Smithside,WV,47330,Individual,Under 100,,False,2022-04-22,True
DNR-02765,ORG-HUM-01,Christopher,Watkins,synthetic.dnr-02765@demo-causefleet.org,555-0179,6322 Washington Cliffs Apt. 178,Danielstad,PA,93748,Individual,Under 100,,False,2025-03-12,True
DNR-02766,ORG-HUM-01,Shawn,Hogan,synthetic.dnr-02766@demo-causefleet.org,555-0127,9422 Nicole Rest,West John,KS,09766,Foundation,Under 100,,False,2022-02-27,True
DNR-02767,ORG-HUM-01,Mark,Callahan,synthetic.dnr-02767@demo-causefleet.org,555-0193,76572 Elizabeth Wall Suite 883,Reynoldsfort,OR,73852,Individual,Under 100,,False,2023-10-22,True
DNR-02768,ORG-HUM-01,Wendy,Campbell,synthetic.dnr-02768@demo-causefleet.org,555-0154,378 Philip Roads,West Marthashire,HI,51496,Individual,Under 100,,False,2022-05-09,True
DNR-02769,ORG-HUM-01,Richard,Newman,synthetic.dnr-02769@demo-causefleet.org,555-0125,079 Butler Garden,North Brandonberg,NM,48289,Individual,Under 100,,False,2023-03-19,True
DNR-02770,ORG-HUM-01,James,Ortiz,synthetic.dnr-02770@demo-causefleet.org,555-0132,7092 Jimmy Forges,Solisview,FL,89920,Individual,100-999,,False,2021-06-22,True
DNR-02771,ORG-HUM-01,Linda,Roberts,synthetic.dnr-02771@demo-causefleet.org,555-0178,9392 Gina Stream,Morganmouth,KS,21184,Individual,Under 100,,False,2021-11-24,True
DNR-02772,ORG-HUM-01,Robert,Liu,synthetic.dnr-02772@demo-causefleet.org,555-0160,369 Donald Inlet,Lake Thomashaven,CO,81380,Individual,Under 100,,False,2023-07-30,True
DNR-02773,ORG-HUM-01,Cheryl,Garcia,synthetic.dnr-02773@demo-causefleet.org,555-0177,80980 Jose Road Apt. 362,Thomasview,WI,40102,Individual,100-999,,False,2025-01-03,True
DNR-02774,ORG-HUM-01,David,Webb,synthetic.dnr-02774@demo-causefleet.org,555-0126,67327 Jacob Drive Apt. 553,West Brent,CT,51927,Individual,100-999,,False,2022-11-04,True
DNR-02775,ORG-HUM-01,Beth,Waters,synthetic.dnr-02775@demo-causefleet.org,555-0138,745 Christopher Shores,Morganland,NE,01053,Individual,Under 100,,False,2024-02-05,True
DNR-02776,ORG-HUM-01,Glenn,Haley,synthetic.dnr-02776@demo-causefleet.org,555-0110,33966 Stacy Junctions Suite 529,Fosterport,PW,63271,Individual,Under 100,,False,2023-10-14,True
DNR-02777,ORG-HUM-01,Erin,Hunt,synthetic.dnr-02777@demo-causefleet.org,555-0112,07239 Brandi Corners,Teresamouth,MN,07607,Individual,"1,000-$9,999",,False,2021-09-12,True
DNR-02778,ORG-HUM-01,Sharon,Reynolds,synthetic.dnr-02778@demo-causefleet.org,555-0148,67655 Shelly Ranch Suite 697,Brownburgh,DC,26363,Individual,Under 100,,False,2024-10-10,True
DNR-02779,ORG-HUM-01,Tonya,Armstrong,synthetic.dnr-02779@demo-causefleet.org,555-0169,143 Estrada Street Suite 342,Catherinechester,FL,56839,Individual,Under 100,,False,2023-01-20,True
DNR-02780,ORG-HUM-01,Tyler,Harrison,synthetic.dnr-02780@demo-causefleet.org,555-0196,422 Corey Ferry Suite 219,Leehaven,CO,88077,Individual,Under 100,,False,2022-04-09,True
DNR-02781,ORG-HUM-01,Leah,Johnston,synthetic.dnr-02781@demo-causefleet.org,555-0179,7317 Garcia Shore,New Sarah,ND,31487,Individual,100-999,,False,2024-08-03,True
DNR-02782,ORG-HUM-01,Mark,Hunter,synthetic.dnr-02782@demo-causefleet.org,555-0164,27104 Clark Islands,East Louischester,VA,26945,Individual,Under 100,,False,2024-07-28,True
DNR-02783,ORG-HUM-01,Jenna,Davies,synthetic.dnr-02783@demo-causefleet.org,555-0178,719 Patricia Light,Port James,MI,34735,Corporation,"10,000-99,999",,False,2025-09-06,True
DNR-02784,ORG-HUM-01,Christopher,Howard,synthetic.dnr-02784@demo-causefleet.org,555-0158,38254 Todd Loop Apt. 206,New Stacey,OR,95637,Individual,Under 100,,False,2023-05-08,True
DNR-02785,ORG-HUM-01,Kendra,Watts,synthetic.dnr-02785@demo-causefleet.org,555-0139,457 Emily Mall,Port Annehaven,CO,56497,Individual,100-999,,False,2022-07-09,True
DNR-02786,ORG-HUM-01,Mike,Carter,synthetic.dnr-02786@demo-causefleet.org,555-0141,45365 James Path,Rodriguezbury,MT,61573,Individual,Under 100,,False,2024-08-21,True
DNR-02787,ORG-HUM-01,Melinda,Miller,synthetic.dnr-02787@demo-causefleet.org,555-0168,0543 Shawn Brooks,Goodwinbury,MS,62055,Corporation,Under 100,,False,2024-05-31,True
DNR-02788,ORG-HUM-01,Tyrone,Green,synthetic.dnr-02788@demo-causefleet.org,555-0154,9531 Daniel Turnpike,Melissafurt,RI,59621,Individual,"1,000-$9,999",,False,2021-10-02,True
DNR-02789,ORG-HUM-01,Brooke,Griffin,synthetic.dnr-02789@demo-causefleet.org,555-0129,41862 Cameron Throughway,Lake Nicholasmouth,OH,83444,Foundation,Under 100,,False,2022-01-09,True
DNR-02790,ORG-HUM-01,Julia,Boyle,synthetic.dnr-02790@demo-causefleet.org,555-0145,474 Pamela Crescent Apt. 553,South Terrimouth,AS,00659,Corporation,Under 100,,False,2023-05-17,True
DNR-02791,ORG-HUM-01,Mary,Hamilton,synthetic.dnr-02791@demo-causefleet.org,555-0134,384 Jeremy Well Suite 267,Juanmouth,MT,77696,Individual,Under 100,,False,2022-07-18,True
DNR-02792,ORG-HUM-01,Bonnie,Davis,synthetic.dnr-02792@demo-causefleet.org,555-0124,0956 Riley Street,East Williammouth,GA,66966,Corporation,Under 100,,False,2024-02-26,True
DNR-02793,ORG-HUM-01,Jacob,Wilson,synthetic.dnr-02793@demo-causefleet.org,555-0114,99678 Patricia Wall,Jamesstad,ND,92157,Individual,Under 100,,False,2024-09-09,True
DNR-02794,ORG-HUM-01,Michael,Riley,synthetic.dnr-02794@demo-causefleet.org,555-0194,6385 Padilla Shoals Apt. 254,South Heather,ID,55673,Individual,100-999,,False,2024-05-17,True
DNR-02795,ORG-HUM-01,Wayne,Davis,synthetic.dnr-02795@demo-causefleet.org,555-0163,65359 Reed Fields Suite 506,Wayneberg,PA,35060,Individual,Under 100,,False,2023-03-04,True
DNR-02796,ORG-HUM-01,Joe,Pham,synthetic.dnr-02796@demo-causefleet.org,555-0188,285 Neal Harbor Apt. 793,Ritaland,ME,74684,Individual,Under 100,,False,2023-09-30,True
DNR-02797,ORG-HUM-01,Jose,Lozano,synthetic.dnr-02797@demo-causefleet.org,555-0112,4096 Kirby Drive Suite 285,Greenport,AK,49004,Individual,Under 100,,False,2024-06-20,True
DNR-02798,ORG-HUM-01,Elizabeth,Washington,synthetic.dnr-02798@demo-causefleet.org,555-0140,35476 Peck Union Apt. 077,Florestown,OR,04191,Individual,100-999,,False,2022-02-07,True
DNR-02799,ORG-HUM-01,Diana,Miranda,synthetic.dnr-02799@demo-causefleet.org,555-0136,407 Margaret Forks,Stephaniechester,CT,48021,Corporation,100-999,,False,2023-02-16,True
DNR-02800,ORG-HUM-01,Joseph,Joseph,synthetic.dnr-02800@demo-causefleet.org,555-0118,0829 Donald Radial,Port Louis,WV,92250,Individual,Under 100,,False,2024-07-24,True
DNR-02801,ORG-HUM-01,Anthony,White,synthetic.dnr-02801@demo-causefleet.org,555-0122,11474 Thompson Ports Apt. 555,East Timothy,ID,91494,Individual,Under 100,,False,2022-04-30,True
DNR-02802,ORG-HUM-01,Johnny,Choi,synthetic.dnr-02802@demo-causefleet.org,555-0186,7456 Campbell Views Suite 333,Port Rachel,SC,73652,Foundation,"1,000-$9,999",,False,2024-02-04,True
DNR-02803,ORG-HUM-01,Kyle,Cross,synthetic.dnr-02803@demo-causefleet.org,555-0114,1903 Hoffman Turnpike Apt. 824,East Blakechester,WY,06928,Foundation,Under 100,,False,2023-10-10,True
DNR-02804,ORG-HUM-01,Kelli,Scott,synthetic.dnr-02804@demo-causefleet.org,555-0167,035 Nancy Highway Apt. 773,West Jennifer,SD,31135,Corporation,100-999,,False,2023-03-05,True
DNR-02805,ORG-HUM-01,Jeanne,Williams,synthetic.dnr-02805@demo-causefleet.org,555-0186,82182 Lauren Skyway Apt. 639,East Carl,MS,60965,Individual,100-999,,False,2025-06-20,True
DNR-02806,ORG-HUM-01,Elizabeth,Wilson,synthetic.dnr-02806@demo-causefleet.org,555-0196,080 Sara Freeway,South Wendy,TX,63370,Corporation,100-999,,False,2025-09-17,True
DNR-02807,ORG-HUM-01,Kaylee,Taylor,synthetic.dnr-02807@demo-causefleet.org,555-0116,9535 Collins Shoals Apt. 193,Kellymouth,UT,24725,Individual,Under 100,,False,2025-05-11,True
DNR-02808,ORG-HUM-01,John,Petty,synthetic.dnr-02808@demo-causefleet.org,555-0141,40238 Faulkner Divide Apt. 317,Cindyview,MD,01814,Individual,100-999,,False,2023-09-07,True
DNR-02809,ORG-HUM-01,Carolyn,Johnson,synthetic.dnr-02809@demo-causefleet.org,555-0115,572 Gilbert Ridges,Joeland,AK,50694,Individual,100-999,,False,2024-01-18,True
DNR-02810,ORG-HUM-01,Timothy,Robinson,synthetic.dnr-02810@demo-causefleet.org,555-0161,6534 Michele Square,Barbarafurt,NC,81206,Individual,Under 100,,False,2025-02-05,True
DNR-02811,ORG-HUM-01,George,Mccarty,synthetic.dnr-02811@demo-causefleet.org,555-0166,552 Charles Springs Apt. 544,Andreaport,NM,78440,Individual,Under 100,,False,2023-11-27,True
DNR-02812,ORG-HUM-01,Sean,Brown,synthetic.dnr-02812@demo-causefleet.org,555-0139,870 Erika Extension,Lake Denisemouth,MA,81155,Individual,Under 100,,False,2022-01-10,True
DNR-02813,ORG-HUM-01,Dennis,Waters,synthetic.dnr-02813@demo-causefleet.org,555-0179,103 Adam Harbor,Lake Brettfort,DC,67111,Individual,Under 100,,False,2024-01-26,True
DNR-02814,ORG-HUM-01,Brian,Hernandez,synthetic.dnr-02814@demo-causefleet.org,555-0137,95755 Eric Forest Suite 007,Carrilloborough,IL,92506,Individual,Under 100,,False,2024-09-19,True
DNR-02815,ORG-HUM-01,Henry,Bailey,synthetic.dnr-02815@demo-causefleet.org,555-0117,6689 David Expressway Suite 462,Port Jaredport,MN,76143,Individual,Under 100,,False,2021-07-07,True
DNR-02816,ORG-HUM-01,Michael,Thompson,synthetic.dnr-02816@demo-causefleet.org,555-0127,5621 Carla Stream Suite 909,Nancyland,WV,39632,Individual,Under 100,,False,2025-04-10,True
DNR-02817,ORG-HUM-01,Samantha,Juarez,synthetic.dnr-02817@demo-causefleet.org,555-0174,78256 Hammond Knoll Suite 476,Silvamouth,TX,65599,Individual,Under 100,,False,2023-07-30,True
DNR-02818,ORG-HUM-01,Adam,Wilson,synthetic.dnr-02818@demo-causefleet.org,555-0147,0679 Mclean Way Suite 115,West Christinamouth,MT,66440,Individual,Under 100,,False,2023-07-10,True
DNR-02819,ORG-HUM-01,Lance,Martin,synthetic.dnr-02819@demo-causefleet.org,555-0139,9795 Melanie Plains Apt. 466,Lake Stephaniefurt,IN,66983,Individual,100-999,,False,2023-05-24,True
DNR-02820,ORG-HUM-01,Lori,White,synthetic.dnr-02820@demo-causefleet.org,555-0183,41627 Smith Union Apt. 092,West Gregory,HI,29889,Individual,"1,000-$9,999",,False,2024-06-19,True
DNR-02821,ORG-HUM-01,Greg,Montoya,synthetic.dnr-02821@demo-causefleet.org,555-0150,6276 Mario Stravenue Apt. 487,Brittanyfort,SC,12508,Foundation,Under 100,,False,2023-11-06,True
DNR-02822,ORG-HUM-01,Connor,Chambers,synthetic.dnr-02822@demo-causefleet.org,555-0183,5893 Walker Roads Apt. 584,South Brittanybury,MI,85059,Individual,Under 100,,False,2022-10-12,True
DNR-02823,ORG-HUM-01,Jennifer,Thomas,synthetic.dnr-02823@demo-causefleet.org,555-0186,512 Ashley Cape Apt. 817,Karenmouth,IA,08793,Individual,Under 100,,False,2024-03-22,True
DNR-02824,ORG-HUM-01,Justin,Lawson,synthetic.dnr-02824@demo-causefleet.org,555-0196,60989 Sarah Center,Elizabethport,TX,98982,Individual,100-999,,False,2021-12-11,True
DNR-02825,ORG-HUM-01,Karen,Reid,synthetic.dnr-02825@demo-causefleet.org,555-0151,740 Melanie Lake,Richardsonhaven,IL,34805,Individual,100-999,,False,2022-10-24,True
DNR-02826,ORG-HUM-01,Victoria,Howard,synthetic.dnr-02826@demo-causefleet.org,555-0140,10420 Cervantes Wells Apt. 865,Ashleymouth,OH,58558,Individual,"1,000-$9,999",,False,2025-05-13,True
DNR-02827,ORG-HUM-01,Mark,Mccarthy,synthetic.dnr-02827@demo-causefleet.org,555-0148,51909 Stephen Village Suite 707,Sandovaltown,PR,89861,Individual,Under 100,,False,2022-03-03,True
DNR-02828,ORG-HUM-01,Rebekah,Coleman,synthetic.dnr-02828@demo-causefleet.org,555-0128,35128 French Point Apt. 695,Briannastad,ND,21488,Individual,"1,000-$9,999",,False,2023-02-27,True
DNR-02829,ORG-HUM-01,Jillian,Steele,synthetic.dnr-02829@demo-causefleet.org,555-0194,69156 Harper Mews,Port Alexandraburgh,NM,56169,Individual,Under 100,,False,2023-07-07,True
DNR-02830,ORG-HUM-01,Alex,Dawson,synthetic.dnr-02830@demo-causefleet.org,555-0176,20945 Silva Isle Suite 349,Nicoleside,MI,83701,Individual,Under 100,,False,2021-12-14,True
DNR-02831,ORG-HUM-01,James,Woods,synthetic.dnr-02831@demo-causefleet.org,555-0138,138 Zamora Pines Suite 018,Lake Kristaland,DE,94985,Individual,Under 100,,False,2024-04-11,True
DNR-02832,ORG-HUM-01,Laura,Bishop,synthetic.dnr-02832@demo-causefleet.org,555-0162,31432 Miller Mills,Lake Stevenville,FL,64683,Individual,"1,000-$9,999",,False,2022-05-31,True
DNR-02833,ORG-HUM-01,Kelsey,Butler,synthetic.dnr-02833@demo-causefleet.org,555-0148,879 Meagan Stream,East Emilyburgh,HI,97017,Individual,Under 100,,False,2023-08-06,True
DNR-02834,ORG-HUM-01,William,Thomas,synthetic.dnr-02834@demo-causefleet.org,555-0145,4843 Rodriguez Overpass,South Nicoleshire,MI,62866,Individual,100-999,,False,2021-08-19,True
DNR-02835,ORG-HUM-01,Katherine,Solis,synthetic.dnr-02835@demo-causefleet.org,555-0117,599 Alexis Tunnel,New Kenneth,DC,36544,Individual,100-999,,False,2021-11-24,True
DNR-02836,ORG-HUM-01,Victor,Mccarthy,synthetic.dnr-02836@demo-causefleet.org,555-0181,137 Lowe Fords,Austinton,MP,45248,Foundation,Under 100,,False,2024-09-23,True
DNR-02837,ORG-HUM-01,Thomas,Jackson,synthetic.dnr-02837@demo-causefleet.org,555-0185,3335 Jesse Parkway,Port Francis,CO,82836,Corporation,Under 100,,False,2024-08-13,True
DNR-02838,ORG-HUM-01,Melissa,Austin,synthetic.dnr-02838@demo-causefleet.org,555-0132,685 Powell Common Apt. 670,South Frankhaven,DC,14364,Individual,100-999,,False,2025-03-22,True
DNR-02839,ORG-HUM-01,Joseph,Bryant,synthetic.dnr-02839@demo-causefleet.org,555-0190,4536 Maria Crossroad Apt. 350,North Johnview,PA,49912,Individual,Under 100,,False,2024-12-25,True
DNR-02840,ORG-HUM-01,Haley,Riggs,synthetic.dnr-02840@demo-causefleet.org,555-0196,92918 Hicks Prairie Suite 549,Jillmouth,FL,46612,Individual,Under 100,,False,2023-10-06,True
DNR-02841,ORG-HUM-01,Megan,Hopkins,synthetic.dnr-02841@demo-causefleet.org,555-0164,7442 Seth Lake,Hallview,OR,00749,Individual,Under 100,,False,2022-09-10,True
DNR-02842,ORG-HUM-01,Lisa,Nguyen,synthetic.dnr-02842@demo-causefleet.org,555-0181,4465 Collins Cliff Suite 525,Lake Paige,WV,67453,Individual,Under 100,,False,2025-06-30,True
DNR-02843,ORG-HUM-01,Laura,Evans,synthetic.dnr-02843@demo-causefleet.org,555-0173,89304 Tina Mountains Suite 213,East Kimberlyfort,MA,34662,Foundation,Under 100,,False,2023-09-24,True
DNR-02844,ORG-HUM-01,Christina,Freeman,synthetic.dnr-02844@demo-causefleet.org,555-0116,71542 Jonathan Expressway Suite 038,West Katherine,HI,38246,Foundation,Under 100,,False,2023-09-13,True
DNR-02845,ORG-HUM-01,Henry,Villegas,synthetic.dnr-02845@demo-causefleet.org,555-0154,07419 Reed View Suite 006,East Jimmy,PW,79685,Individual,Under 100,,False,2023-06-22,True
DNR-02846,ORG-HUM-01,Courtney,Orr,synthetic.dnr-02846@demo-causefleet.org,555-0192,35210 Moon Field Suite 558,South Sherry,GA,11984,Individual,Under 100,,False,2023-10-30,True
DNR-02847,ORG-HUM-01,Juan,Huerta,synthetic.dnr-02847@demo-causefleet.org,555-0195,08858 Allison Courts Suite 281,Meyersside,IA,37896,Individual,"1,000-$9,999",,False,2023-09-13,True
DNR-02848,ORG-HUM-01,Dawn,Jenkins,synthetic.dnr-02848@demo-causefleet.org,555-0158,95534 Jacob Port,Josephmouth,DC,82479,Individual,"10,000-99,999",,False,2021-12-31,True
DNR-02849,ORG-HUM-01,Brent,Frost,synthetic.dnr-02849@demo-causefleet.org,555-0177,42430 Chloe Common,Walkerfurt,ID,29540,Individual,100-999,,False,2021-06-20,True
DNR-02850,ORG-HUM-01,Deborah,Smith,synthetic.dnr-02850@demo-causefleet.org,555-0150,44783 Sandra Crest Apt. 125,Harveyside,OR,57081,Individual,Under 100,,False,2021-12-29,True
DNR-02851,ORG-HUM-01,Tracey,Williams,synthetic.dnr-02851@demo-causefleet.org,555-0199,98272 Carter Road Suite 207,Duncanland,MI,19289,Individual,"1,000-$9,999",,False,2025-06-19,True
DNR-02852,ORG-HUM-01,Amber,Miller,synthetic.dnr-02852@demo-causefleet.org,555-0163,8951 Sullivan Walk Apt. 180,West Joshuatown,WV,19365,Individual,Under 100,,False,2024-12-13,True
DNR-02853,ORG-HUM-01,Peter,Wilson,synthetic.dnr-02853@demo-causefleet.org,555-0162,16257 Davis Bypass,East Paulchester,WV,70944,Individual,Under 100,,False,2023-06-09,True
DNR-02854,ORG-HUM-01,Michelle,Allen,synthetic.dnr-02854@demo-causefleet.org,555-0129,384 Mata Viaduct Apt. 845,Port Paulton,HI,14546,Foundation,"1,000-$9,999",,False,2022-12-05,True
DNR-02855,ORG-HUM-01,Linda,Herrera,synthetic.dnr-02855@demo-causefleet.org,555-0148,3725 Clarence Ranch,Lake Monicaland,AR,20716,Individual,100-999,,False,2022-03-03,True
DNR-02856,ORG-HUM-01,Jesse,Johnson,synthetic.dnr-02856@demo-causefleet.org,555-0158,7482 Moore Drives,West Juan,FM,52053,Individual,100-999,,False,2023-01-24,True
DNR-02857,ORG-HUM-01,Lisa,Padilla,synthetic.dnr-02857@demo-causefleet.org,555-0133,6316 Kenneth Knoll Apt. 365,West Yolanda,PR,37481,Individual,100-999,,False,2022-11-15,True
DNR-02858,ORG-HUM-01,Sarah,Alexander,synthetic.dnr-02858@demo-causefleet.org,555-0178,6762 Robert Square Suite 617,Dawnshire,AL,36872,Individual,Under 100,,False,2022-02-06,True
DNR-02859,ORG-HUM-01,Wanda,Rogers,synthetic.dnr-02859@demo-causefleet.org,555-0170,42059 Green Drive,Keithmouth,ND,07395,Individual,Under 100,,False,2024-11-25,True
DNR-02860,ORG-HUM-01,Jerome,Miller,synthetic.dnr-02860@demo-causefleet.org,555-0140,34897 Cesar Meadow Apt. 156,Jimmyshire,PA,49065,Individual,100-999,,False,2023-01-16,True
DNR-02861,ORG-HUM-01,Christopher,Barton,synthetic.dnr-02861@demo-causefleet.org,555-0138,2401 Johnson Streets Suite 379,Lake Aliciaside,AK,70129,Individual,Under 100,,False,2022-03-21,True
DNR-02862,ORG-HUM-01,John,Rose,synthetic.dnr-02862@demo-causefleet.org,555-0148,8364 Baker Points Suite 597,Greenstad,VA,38832,Individual,Under 100,,False,2024-11-25,True
DNR-02863,ORG-HUM-01,Crystal,Wong,synthetic.dnr-02863@demo-causefleet.org,555-0128,436 Laura Islands,Robertsonshire,NM,88567,Foundation,100-999,,False,2025-05-30,True
DNR-02864,ORG-HUM-01,Bryan,Schwartz,synthetic.dnr-02864@demo-causefleet.org,555-0169,672 Hall Trace Apt. 580,Richmondhaven,TX,78536,Individual,100-999,,False,2023-09-14,True
DNR-02865,ORG-HUM-01,Daniel,Mathis,synthetic.dnr-02865@demo-causefleet.org,555-0117,246 Jones Station,South Matthew,IL,58055,Individual,Under 100,,False,2022-07-20,True
DNR-02866,ORG-HUM-01,Andrew,Smith,synthetic.dnr-02866@demo-causefleet.org,555-0181,959 Lee Cliffs,Bellton,MN,27227,Individual,100-999,,False,2025-04-25,True
DNR-02867,ORG-HUM-01,Bob,Higgins,synthetic.dnr-02867@demo-causefleet.org,555-0162,30144 Hill Coves Suite 294,Lake Brianchester,NM,43506,Individual,100-999,,False,2024-12-11,True
DNR-02868,ORG-HUM-01,Alexis,Carroll,synthetic.dnr-02868@demo-causefleet.org,555-0163,89401 Stephen Village,North Karen,VT,64010,Individual,100-999,,False,2023-09-18,True
DNR-02869,ORG-HUM-01,Steve,Rice,synthetic.dnr-02869@demo-causefleet.org,555-0181,9087 Marsh Fort Suite 316,South Michael,GA,64770,Individual,Under 100,,False,2021-07-15,True
DNR-02870,ORG-HUM-01,Sara,Miller,synthetic.dnr-02870@demo-causefleet.org,555-0177,9774 Aaron Spurs,Brownhaven,IL,17837,Individual,Under 100,,False,2022-10-03,True
DNR-02871,ORG-HUM-01,Emma,Patton,synthetic.dnr-02871@demo-causefleet.org,555-0127,180 Davis Pine Suite 370,South Bryantown,CT,01309,Foundation,Under 100,,False,2023-01-08,True
DNR-02872,ORG-HUM-01,Karen,Anderson,synthetic.dnr-02872@demo-causefleet.org,555-0159,68390 Davis Summit,North Sandraland,WV,72073,Foundation,Under 100,,False,2025-05-26,True
DNR-02873,ORG-HUM-01,Jessica,Knight,synthetic.dnr-02873@demo-causefleet.org,555-0141,910 Moon Mews Suite 101,Christinaland,CO,56278,Foundation,Under 100,,False,2025-05-09,True
DNR-02874,ORG-HUM-01,Harry,Hernandez,synthetic.dnr-02874@demo-causefleet.org,555-0142,1964 Rhonda Ramp,Williamfurt,DE,57207,Individual,Under 100,,False,2022-05-30,True
DNR-02875,ORG-HUM-01,Daniel,Villanueva,synthetic.dnr-02875@demo-causefleet.org,555-0136,25449 Stewart Camp Apt. 421,West Martha,KS,83930,Individual,Under 100,,False,2023-05-08,True
DNR-02876,ORG-HUM-01,Mark,Owens,synthetic.dnr-02876@demo-causefleet.org,555-0152,502 Thomas Glen Apt. 633,Harryville,TN,61180,Individual,"1,000-$9,999",,False,2023-09-09,True
DNR-02877,ORG-HUM-01,Karl,Ramos,synthetic.dnr-02877@demo-causefleet.org,555-0192,320 Allen Course,New Laurie,DC,02381,Individual,Under 100,,False,2024-02-22,True
DNR-02878,ORG-HUM-01,Kimberly,Perry,synthetic.dnr-02878@demo-causefleet.org,555-0120,744 Gregory Summit Suite 807,New Bryan,PW,39728,Individual,100-999,,False,2022-06-08,True
DNR-02879,ORG-HUM-01,Jerry,Wolfe,synthetic.dnr-02879@demo-causefleet.org,555-0167,6762 Johnson Estate Suite 499,Lake Bobfort,DE,54899,Individual,100-999,,False,2024-01-26,True
DNR-02880,ORG-HUM-01,Whitney,Murphy,synthetic.dnr-02880@demo-causefleet.org,555-0157,8446 Mcdonald Stravenue Apt. 371,Jamesburgh,NH,66297,Individual,Under 100,,False,2022-09-15,True
DNR-02881,ORG-HUM-01,Jason,Kirby,synthetic.dnr-02881@demo-causefleet.org,555-0121,22766 Scott Street Suite 274,Tinaport,MA,82815,Individual,"1,000-$9,999",,False,2024-08-25,True
DNR-02882,ORG-HUM-01,Brian,Mcclain,synthetic.dnr-02882@demo-causefleet.org,555-0178,021 Hall Mall,Katherineshire,LA,47569,Individual,Under 100,,False,2022-08-10,True
DNR-02883,ORG-HUM-01,James,Branch,synthetic.dnr-02883@demo-causefleet.org,555-0134,23453 Michael Mall,East Kim,NC,78969,Individual,Under 100,,False,2025-04-24,True
DNR-02884,ORG-HUM-01,Kathy,Cabrera,synthetic.dnr-02884@demo-causefleet.org,555-0116,549 Elizabeth Turnpike Apt. 980,East Jessemouth,SC,52499,Individual,100-999,,False,2025-08-03,True
DNR-02885,ORG-HUM-01,Cheryl,Mccullough,synthetic.dnr-02885@demo-causefleet.org,555-0144,0141 Sara Knolls Apt. 623,West Johnview,GA,72435,Individual,Under 100,,False,2021-09-24,True
DNR-02886,ORG-HUM-01,Michael,Ford,synthetic.dnr-02886@demo-causefleet.org,555-0158,0916 Rachel Mission Suite 057,North Monica,MN,08936,Foundation,100-999,,False,2021-09-25,True
DNR-02887,ORG-HUM-01,Sheena,Hawkins,synthetic.dnr-02887@demo-causefleet.org,555-0196,09443 Austin Mount,Pereztown,TX,49662,Individual,Under 100,,False,2021-07-31,True
DNR-02888,ORG-HUM-01,Ariel,Thomas,synthetic.dnr-02888@demo-causefleet.org,555-0187,380 Patrick Flat Apt. 676,Lake Danielle,CO,41054,Individual,100-999,,False,2022-11-14,True
DNR-02889,ORG-HUM-01,Julie,Ellis,synthetic.dnr-02889@demo-causefleet.org,555-0187,871 Rodriguez Vista,South Jennifer,LA,18068,Individual,Under 100,,False,2022-06-26,True
DNR-02890,ORG-HUM-01,Anthony,Bennett,synthetic.dnr-02890@demo-causefleet.org,555-0115,614 William Flats Apt. 674,Lake Amber,PA,41523,Individual,100-999,,False,2023-12-25,True
DNR-02891,ORG-HUM-01,Monica,Kelly,synthetic.dnr-02891@demo-causefleet.org,555-0119,743 Freeman Junction Apt. 897,Lake Kevin,GU,80077,Individual,Under 100,,False,2025-05-08,True
DNR-02892,ORG-HUM-01,Anne,Bender,synthetic.dnr-02892@demo-causefleet.org,555-0134,45540 Hernandez Brooks,North Kevinshire,RI,52858,Individual,100-999,,False,2023-05-27,True
DNR-02893,ORG-HUM-01,Kathleen,Copeland,synthetic.dnr-02893@demo-causefleet.org,555-0185,545 Ariel Villages Apt. 579,Cruzberg,WA,57008,Individual,100-999,,False,2021-12-05,True
DNR-02894,ORG-HUM-01,Melissa,Lewis,synthetic.dnr-02894@demo-causefleet.org,555-0195,00255 Brooke Wall Apt. 563,Kirbyfort,TN,98325,Individual,Under 100,,False,2023-12-29,True
DNR-02895,ORG-HUM-01,Gregory,Howard,synthetic.dnr-02895@demo-causefleet.org,555-0181,8701 Yvonne Street Apt. 175,South Johnborough,MN,73532,Individual,Under 100,,False,2022-05-12,True
DNR-02896,ORG-HUM-01,Douglas,Carter,synthetic.dnr-02896@demo-causefleet.org,555-0137,51569 Collins Plaza,Blackwellfort,CA,60480,Individual,Under 100,,False,2022-04-07,True
DNR-02897,ORG-HUM-01,Jerry,Tapia,synthetic.dnr-02897@demo-causefleet.org,555-0171,8910 Logan Harbors,West Ryan,VA,63927,Individual,"1,000-$9,999",,False,2025-06-15,True
DNR-02898,ORG-HUM-01,Roger,Ramirez,synthetic.dnr-02898@demo-causefleet.org,555-0136,61209 Sarah Manor,Grantberg,TN,91549,Individual,Under 100,,False,2022-05-04,True
DNR-02899,ORG-HUM-01,Mark,Edwards,synthetic.dnr-02899@demo-causefleet.org,555-0152,720 Callahan Summit Suite 066,Lake Sarahberg,VA,72134,Individual,100-999,,False,2023-06-18,True
DNR-02900,ORG-HUM-01,Melissa,Foster,synthetic.dnr-02900@demo-causefleet.org,555-0148,441 Mitchell Ports Apt. 311,West Patrickside,MD,41418,Individual,100-999,,False,2022-10-10,True
DNR-02901,ORG-HUM-01,George,Goodman,synthetic.dnr-02901@demo-causefleet.org,555-0111,80603 Wright Fort,Jodiside,MD,23008,Individual,Under 100,,False,2025-08-05,True
DNR-02902,ORG-HUM-01,Donna,Patterson,synthetic.dnr-02902@demo-causefleet.org,555-0137,1307 Lauren Passage Suite 148,Erinview,ME,26561,Individual,Under 100,,False,2022-01-15,True
DNR-02903,ORG-HUM-01,Steven,Carter,synthetic.dnr-02903@demo-causefleet.org,555-0134,777 Martinez Hill Suite 518,North Richard,ID,99823,Individual,Under 100,,False,2021-07-17,True
DNR-02904,ORG-HUM-01,Michael,Villarreal,synthetic.dnr-02904@demo-causefleet.org,555-0125,630 Bryant Knoll,Wattsfurt,MO,07811,Individual,100-999,,False,2022-03-05,True
DNR-02905,ORG-HUM-01,Brian,Wilcox,synthetic.dnr-02905@demo-causefleet.org,555-0171,76660 Johnston Spring Suite 085,South Christopher,AR,55664,Individual,Under 100,,False,2023-05-19,True
DNR-02906,ORG-HUM-01,Robert,Reed,synthetic.dnr-02906@demo-causefleet.org,555-0141,64741 Brown Spring,Alexisview,ID,75055,Individual,Under 100,,False,2023-08-21,True
DNR-02907,ORG-HUM-01,Justin,Anthony,synthetic.dnr-02907@demo-causefleet.org,555-0199,600 Nicole Plaza Apt. 087,South Crystalhaven,FM,72774,Corporation,100-999,,False,2023-04-22,True
DNR-02908,ORG-HUM-01,Jason,Rhodes,synthetic.dnr-02908@demo-causefleet.org,555-0187,1918 Angelica Walks,New Amandaberg,CT,54675,Individual,Under 100,,False,2021-12-10,True
DNR-02909,ORG-HUM-01,Connor,Warren,synthetic.dnr-02909@demo-causefleet.org,555-0136,5760 William Pike,Marquezmouth,WA,16901,Individual,100-999,,False,2022-11-09,True
DNR-02910,ORG-HUM-01,David,Harper,synthetic.dnr-02910@demo-causefleet.org,555-0160,2893 William Underpass,Brennanmouth,WY,98734,Individual,Under 100,,False,2021-12-17,True
DNR-02911,ORG-HUM-01,Stacy,Harris,synthetic.dnr-02911@demo-causefleet.org,555-0140,97493 John Dam,Rhodeschester,AS,24404,Individual,Under 100,,False,2021-10-06,True
DNR-02912,ORG-HUM-01,Melvin,Jensen,synthetic.dnr-02912@demo-causefleet.org,555-0180,5118 Luke Terrace Suite 516,New Daniel,GA,61947,Individual,100-999,,False,2024-10-23,True
DNR-02913,ORG-HUM-01,Mark,Nichols,synthetic.dnr-02913@demo-causefleet.org,555-0151,2813 Martinez Tunnel,Andrewborough,LA,53224,Individual,Under 100,,False,2021-10-30,True
DNR-02914,ORG-HUM-01,Thomas,Frey,synthetic.dnr-02914@demo-causefleet.org,555-0146,875 Turner Summit Suite 654,Amberville,NY,64520,Corporation,Under 100,,False,2021-06-20,True
DNR-02915,ORG-HUM-01,Tina,Keller,synthetic.dnr-02915@demo-causefleet.org,555-0158,55887 Ramirez Canyon,Brianland,MA,09189,Individual,100-999,,False,2022-05-11,True
DNR-02916,ORG-HUM-01,Kathryn,Gray,synthetic.dnr-02916@demo-causefleet.org,555-0169,656 Norris Forges,Mccormickport,NJ,64982,Individual,Under 100,,False,2022-04-26,True
DNR-02917,ORG-HUM-01,Kyle,Martin,synthetic.dnr-02917@demo-causefleet.org,555-0178,834 Anthony Land,Wilcoxberg,RI,96227,Individual,"10,000-99,999",,False,2021-10-02,True
DNR-02918,ORG-HUM-01,Terri,Blackburn,synthetic.dnr-02918@demo-causefleet.org,555-0193,5620 Meyers Roads Apt. 393,South Scott,TX,64332,Individual,"10,000-99,999",,False,2024-07-22,True
DNR-02919,ORG-HUM-01,Larry,Davis,synthetic.dnr-02919@demo-causefleet.org,555-0155,97118 Valerie Centers Apt. 340,West Jillian,NY,24510,Individual,Under 100,,False,2023-05-20,True
DNR-02920,ORG-HUM-01,Gabrielle,Calhoun,synthetic.dnr-02920@demo-causefleet.org,555-0149,20310 Sanders Haven Suite 518,Thomashaven,NM,94367,Individual,Under 100,,False,2023-06-26,True
DNR-02921,ORG-HUM-01,Cindy,Fox,synthetic.dnr-02921@demo-causefleet.org,555-0143,8795 Haynes Neck Apt. 149,South Samanthaport,MT,09287,Individual,100-999,,False,2025-05-05,True
DNR-02922,ORG-HUM-01,Cheryl,Galvan,synthetic.dnr-02922@demo-causefleet.org,555-0156,95108 Stacy Track,Lambertfurt,MO,68687,Individual,Under 100,,False,2024-03-21,True
DNR-02923,ORG-HUM-01,Amber,Keller,synthetic.dnr-02923@demo-causefleet.org,555-0175,00326 Brown Forks Apt. 524,North Josephburgh,AZ,96751,Individual,Under 100,,False,2025-02-16,True
DNR-02924,ORG-HUM-01,Richard,Anthony,synthetic.dnr-02924@demo-causefleet.org,555-0173,52949 Alvarez Center,Lake Veronica,WV,75174,Individual,100-999,,False,2023-05-03,True
DNR-02925,ORG-HUM-01,Hannah,Chaney,synthetic.dnr-02925@demo-causefleet.org,555-0169,929 Brown Trail Suite 386,Rossberg,UT,98942,Individual,Under 100,,False,2023-03-24,True
DNR-02926,ORG-HUM-01,Robert,Bennett,synthetic.dnr-02926@demo-causefleet.org,555-0122,354 Powell Cliff,Jenniferville,MI,97630,Foundation,100-999,,False,2023-11-16,True
DNR-02927,ORG-HUM-01,Elizabeth,Hunt,synthetic.dnr-02927@demo-causefleet.org,555-0170,489 Sanchez Circles,Port Traci,AR,04680,Individual,Under 100,,False,2022-04-09,True
DNR-02928,ORG-HUM-01,Martin,Livingston,synthetic.dnr-02928@demo-causefleet.org,555-0150,02417 Jason Stravenue Suite 237,East Chris,ME,83534,Corporation,Under 100,,False,2023-09-01,True
DNR-02929,ORG-HUM-01,Bryan,Wilkerson,synthetic.dnr-02929@demo-causefleet.org,555-0136,89762 Katherine Tunnel Suite 942,North Austin,CT,65383,Individual,Under 100,,False,2022-01-23,True
DNR-02930,ORG-HUM-01,Patricia,Weaver,synthetic.dnr-02930@demo-causefleet.org,555-0157,51750 Sutton Manor,North Jeffrey,KY,90603,Individual,"1,000-$9,999",,False,2022-01-01,True
DNR-02931,ORG-HUM-01,Michelle,Peck,synthetic.dnr-02931@demo-causefleet.org,555-0150,96519 Myers Orchard Apt. 457,South Leslieside,MH,90839,Individual,100-999,,False,2021-09-04,True
DNR-02932,ORG-HUM-01,William,Martin,synthetic.dnr-02932@demo-causefleet.org,555-0162,8577 Erica Mountain,East Cameronshire,OK,26056,Individual,100-999,,False,2023-04-18,True
DNR-02933,ORG-HUM-01,Diana,Jacobs,synthetic.dnr-02933@demo-causefleet.org,555-0115,6707 Aaron Extension,Raychester,WI,21580,Individual,Under 100,,False,2025-02-12,True
DNR-02934,ORG-HUM-01,Kevin,White,synthetic.dnr-02934@demo-causefleet.org,555-0182,00398 Mason Throughway Apt. 646,Marthaport,WA,78725,Individual,Under 100,,False,2024-08-09,True
DNR-02935,ORG-HUM-01,Kathryn,Fernandez,synthetic.dnr-02935@demo-causefleet.org,555-0138,874 Holly Avenue Apt. 922,Tranfurt,NY,62210,Individual,Under 100,,False,2021-10-17,True
DNR-02936,ORG-HUM-01,Gina,Ruiz,synthetic.dnr-02936@demo-causefleet.org,555-0128,785 Murphy Squares Suite 530,West Julie,MT,38232,Individual,Under 100,,False,2021-07-11,True
DNR-02937,ORG-HUM-01,Rhonda,Rodriguez,synthetic.dnr-02937@demo-causefleet.org,555-0112,25750 Jones Estates,Longbury,UT,49450,Individual,Under 100,,False,2022-04-21,True
DNR-02938,ORG-HUM-01,Aaron,Campbell,synthetic.dnr-02938@demo-causefleet.org,555-0143,7314 Donna Manors Suite 224,Gonzalestown,ID,73302,Individual,100-999,,False,2024-08-01,True
DNR-02939,ORG-HUM-01,Erin,Shaw,synthetic.dnr-02939@demo-causefleet.org,555-0180,00245 Nelson Roads Suite 939,Salazarbury,TN,99700,Foundation,Under 100,,False,2022-01-27,True
DNR-02940,ORG-HUM-01,Danielle,Campos,synthetic.dnr-02940@demo-causefleet.org,555-0184,83387 Spencer Fords,Boydhaven,FL,45786,Individual,"1,000-$9,999",,False,2024-10-20,True
DNR-02941,ORG-HUM-01,Susan,Clark,synthetic.dnr-02941@demo-causefleet.org,555-0184,165 Julia Gateway Suite 079,South Amy,NM,31020,Individual,Under 100,,False,2023-08-21,True
DNR-02942,ORG-HUM-01,Michael,Wilson,synthetic.dnr-02942@demo-causefleet.org,555-0163,8496 Elizabeth Fords,Gregorystad,AR,71434,Individual,"1,000-$9,999",,False,2024-08-03,True
DNR-02943,ORG-HUM-01,Eric,Ball,synthetic.dnr-02943@demo-causefleet.org,555-0147,628 Rachel Mission Suite 777,Nixonbury,UT,79374,Individual,Under 100,,False,2023-02-15,True
DNR-02944,ORG-HUM-01,Amanda,Jones,synthetic.dnr-02944@demo-causefleet.org,555-0129,9746 Jeff Lake,Lake Todd,AZ,88140,Individual,Under 100,,False,2023-07-04,True
DNR-02945,ORG-HUM-01,Theresa,Taylor,synthetic.dnr-02945@demo-causefleet.org,555-0135,33248 Jimenez Loaf,Danielside,KY,79885,Individual,Under 100,,False,2023-04-03,True
DNR-02946,ORG-HUM-01,Amanda,Ortiz,synthetic.dnr-02946@demo-causefleet.org,555-0152,32940 Allen Lakes Suite 247,Allisonside,MI,62865,Individual,Under 100,,False,2021-11-23,True
DNR-02947,ORG-HUM-01,Lindsey,Guerrero,synthetic.dnr-02947@demo-causefleet.org,555-0139,07284 William Station Suite 800,Hamiltonshire,GA,91893,Individual,Under 100,,False,2024-09-24,True
DNR-02948,ORG-HUM-01,Deanna,Walter,synthetic.dnr-02948@demo-causefleet.org,555-0158,051 Jensen Inlet Suite 359,Brooksbury,MP,38131,Individual,Under 100,,False,2025-08-23,True
DNR-02949,ORG-HUM-01,Marc,Esparza,synthetic.dnr-02949@demo-causefleet.org,555-0182,961 Tony Stravenue Suite 722,East Heidi,ME,50159,Individual,Under 100,,False,2025-07-15,True
DNR-02950,ORG-HUM-01,Christopher,Branch,synthetic.dnr-02950@demo-causefleet.org,555-0141,00270 Steve Lakes,Port Melaniechester,AS,80651,Foundation,100-999,,False,2024-07-31,True
DNR-02951,ORG-HUM-01,Patricia,Kim,synthetic.dnr-02951@demo-causefleet.org,555-0173,051 Howard Ways,Bankstown,DE,57496,Individual,100-999,,False,2023-06-15,True
DNR-02952,ORG-HUM-01,Monique,Moore,synthetic.dnr-02952@demo-causefleet.org,555-0180,5000 Carr Trail,West Michaelstad,OK,29211,Individual,100-999,,False,2023-08-26,True
DNR-02953,ORG-HUM-01,Patricia,Moore,synthetic.dnr-02953@demo-causefleet.org,555-0193,4556 White Falls,North Kevin,ND,81114,Individual,Under 100,,False,2025-03-03,True
DNR-02954,ORG-HUM-01,Katie,Lopez,synthetic.dnr-02954@demo-causefleet.org,555-0197,176 Jason Center Apt. 815,Silvashire,PW,05952,Individual,Under 100,,False,2022-10-03,True
DNR-02955,ORG-HUM-01,Michael,Hopkins,synthetic.dnr-02955@demo-causefleet.org,555-0153,510 Short Fords Suite 112,Carterhaven,SD,15321,Foundation,Under 100,,False,2023-07-03,True
DNR-02956,ORG-HUM-01,Maria,Jarvis,synthetic.dnr-02956@demo-causefleet.org,555-0142,938 Chad Island Apt. 878,Taylorshire,IA,01476,Individual,Under 100,,False,2021-09-10,True
DNR-02957,ORG-HUM-01,Jacob,Mitchell,synthetic.dnr-02957@demo-causefleet.org,555-0172,18505 Lin Points Apt. 191,Lake Ricky,KS,92473,Individual,Under 100,,False,2024-10-19,True
DNR-02958,ORG-HUM-01,Michael,Lutz,synthetic.dnr-02958@demo-causefleet.org,555-0192,4981 Nelson Bridge Apt. 865,Stephenburgh,MH,65981,Individual,Under 100,,False,2024-07-29,True
DNR-02959,ORG-HUM-01,Sheri,Mcdaniel,synthetic.dnr-02959@demo-causefleet.org,555-0172,8748 Johnson Locks Suite 230,Port Nathantown,OR,85530,Individual,Under 100,,False,2024-03-12,True
DNR-02960,ORG-HUM-01,Joseph,Myers,synthetic.dnr-02960@demo-causefleet.org,555-0168,0123 Williams Locks,Michelechester,MP,07748,Individual,Under 100,,False,2025-09-29,True
DNR-02961,ORG-HUM-01,Maria,Johnson,synthetic.dnr-02961@demo-causefleet.org,555-0131,085 Horton Meadow Suite 789,Port Linda,OK,92191,Individual,Under 100,,False,2025-01-30,True
DNR-02962,ORG-HUM-01,Brandy,Mcintosh,synthetic.dnr-02962@demo-causefleet.org,555-0155,4372 Janet Islands Apt. 196,New Davidberg,NH,55890,Individual,100-999,,False,2025-08-10,True
DNR-02963,ORG-HUM-01,Joseph,Jones,synthetic.dnr-02963@demo-causefleet.org,555-0131,43211 Lisa Prairie Apt. 266,East Todd,ID,83391,Individual,100-999,,False,2025-05-06,True
DNR-02964,ORG-HUM-01,Daniel,Robinson,synthetic.dnr-02964@demo-causefleet.org,555-0127,98314 Good Gateway,Fergusontown,IL,40961,Corporation,"1,000-$9,999",,False,2025-06-15,True
DNR-02965,ORG-HUM-01,Lauren,Rojas,synthetic.dnr-02965@demo-causefleet.org,555-0179,742 Butler Lodge,Gutierrezside,AZ,98532,Individual,100-999,,False,2023-02-01,True
DNR-02966,ORG-HUM-01,Matthew,Spencer,synthetic.dnr-02966@demo-causefleet.org,555-0172,58953 Mark Village,Michelleton,PW,12629,Individual,Under 100,,False,2024-04-08,True
DNR-02967,ORG-HUM-01,Joseph,Cohen,synthetic.dnr-02967@demo-causefleet.org,555-0133,8180 Gibson Station Suite 914,West Elizabethville,LA,36034,Individual,"1,000-$9,999",,False,2025-02-10,True
DNR-02968,ORG-HUM-01,Christopher,Carlson,synthetic.dnr-02968@demo-causefleet.org,555-0179,1710 Mikayla Lodge Suite 626,Pattersonside,MN,38576,Individual,100-999,,False,2023-04-09,True
DNR-02969,ORG-HUM-01,Lee,Cook,synthetic.dnr-02969@demo-causefleet.org,555-0192,77665 Montgomery Cape Apt. 344,East Patricia,OH,13907,Foundation,Under 100,,False,2025-02-16,True
DNR-02970,ORG-HUM-01,Henry,James,synthetic.dnr-02970@demo-causefleet.org,555-0117,491 Davis Lights Apt. 883,Robinsonmouth,ND,08339,Individual,Under 100,,False,2025-01-12,True
DNR-02971,ORG-HUM-01,Karen,Gonzalez,synthetic.dnr-02971@demo-causefleet.org,555-0177,31356 Lisa Mills Apt. 278,Thomasport,ME,60301,Individual,"10,000-99,999",,False,2024-04-09,True
DNR-02972,ORG-HUM-01,Becky,Lee,synthetic.dnr-02972@demo-causefleet.org,555-0114,239 Timothy Light,New Hollychester,OH,21535,Individual,Under 100,,False,2025-08-27,True
DNR-02973,ORG-HUM-01,Michael,Payne,synthetic.dnr-02973@demo-causefleet.org,555-0119,313 Horton Springs Suite 408,Parkerview,AK,59696,Individual,"1,000-$9,999",,False,2025-03-26,True
DNR-02974,ORG-HUM-01,Thomas,Andrews,synthetic.dnr-02974@demo-causefleet.org,555-0195,75657 Lawrence Valleys Apt. 618,Lake Keith,FL,43597,Individual,Under 100,,False,2022-04-06,True
DNR-02975,ORG-HUM-01,William,Harper,synthetic.dnr-02975@demo-causefleet.org,555-0116,5192 Garcia Curve Suite 348,Adamchester,PR,11921,Individual,Under 100,,False,2021-12-14,True
DNR-02976,ORG-HUM-01,Brandon,Collier,synthetic.dnr-02976@demo-causefleet.org,555-0110,9144 Lewis Gardens Suite 520,Port Michaelville,KY,57567,Individual,Under 100,,False,2024-04-27,True
DNR-02977,ORG-HUM-01,Daniel,Cohen,synthetic.dnr-02977@demo-causefleet.org,555-0162,57337 Huang Path Suite 091,West Charles,NM,66932,Individual,Under 100,,False,2025-06-29,True
DNR-02978,ORG-HUM-01,Christine,Tucker,synthetic.dnr-02978@demo-causefleet.org,555-0127,1451 Aguilar Courts Suite 955,New Tom,IL,50788,Individual,100-999,,False,2021-09-17,True
DNR-02979,ORG-HUM-01,Stephanie,Owens,synthetic.dnr-02979@demo-causefleet.org,555-0190,1808 Allen Pike Apt. 684,Port Taylor,GA,26109,Individual,"10,000-99,999",,False,2023-10-18,True
DNR-02980,ORG-HUM-01,Andrew,Wheeler,synthetic.dnr-02980@demo-causefleet.org,555-0139,0464 Peterson Freeway,Lake Adamtown,KS,47374,Corporation,Under 100,,False,2024-03-29,True
DNR-02981,ORG-HUM-01,David,Bishop,synthetic.dnr-02981@demo-causefleet.org,555-0118,187 Jason Burgs,South Danielle,MS,31848,Individual,Under 100,,False,2024-07-04,True
DNR-02982,ORG-HUM-01,Dominic,Lutz,synthetic.dnr-02982@demo-causefleet.org,555-0129,37369 Brown Village,East Sabrina,MS,06378,Individual,100-999,,False,2024-07-06,True
DNR-02983,ORG-HUM-01,Brandon,Marshall,synthetic.dnr-02983@demo-causefleet.org,555-0111,52265 Lawrence Center Suite 397,Port Kevin,MN,13155,Individual,Under 100,,False,2022-11-08,True
DNR-02984,ORG-HUM-01,Donna,Pacheco,synthetic.dnr-02984@demo-causefleet.org,555-0137,2606 Jennifer Ridge Suite 274,Lake Leonview,SD,92148,Individual,Under 100,,False,2022-04-05,True
DNR-02985,ORG-HUM-01,Sabrina,Hughes,synthetic.dnr-02985@demo-causefleet.org,555-0174,99136 Barnes Stravenue,Lake Tiffanyburgh,UT,47779,Individual,Under 100,,False,2022-06-19,True
DNR-02986,ORG-HUM-01,Nicole,Thompson,synthetic.dnr-02986@demo-causefleet.org,555-0168,62892 Jaime Green,West Melissa,PA,81243,Corporation,100-999,,False,2025-06-03,True
DNR-02987,ORG-HUM-01,Debbie,Flores,synthetic.dnr-02987@demo-causefleet.org,555-0157,8922 Brown Orchard Suite 752,Cindymouth,MI,52687,Individual,100-999,,False,2022-03-25,True
DNR-02988,ORG-HUM-01,Curtis,Robertson,synthetic.dnr-02988@demo-causefleet.org,555-0117,3836 Russell Key Suite 031,North Garyland,IA,29926,Individual,Under 100,,False,2023-01-01,True
DNR-02989,ORG-HUM-01,Sarah,Sheppard,synthetic.dnr-02989@demo-causefleet.org,555-0189,3421 Mitchell Pass Apt. 545,Robertshaven,NC,93846,Individual,Under 100,,False,2024-03-16,True
DNR-02990,ORG-HUM-01,Christine,Blackwell,synthetic.dnr-02990@demo-causefleet.org,555-0191,252 Dillon Forge,New Mercedesmouth,UT,33124,Individual,"10,000-99,999",,False,2024-02-21,True
DNR-02991,ORG-HUM-01,Matthew,Oconnell,synthetic.dnr-02991@demo-causefleet.org,555-0195,73466 Shelby Meadows Apt. 471,Thomasmouth,MT,14315,Individual,100-999,,False,2025-06-15,True
DNR-02992,ORG-HUM-01,Brandon,Kent,synthetic.dnr-02992@demo-causefleet.org,555-0188,02212 Brandi Lakes,East Colinchester,PA,67613,Individual,Under 100,,False,2021-06-28,True
DNR-02993,ORG-HUM-01,James,Peters,synthetic.dnr-02993@demo-causefleet.org,555-0171,42263 Robert Summit Apt. 144,Jamesfort,CT,44551,Individual,Under 100,,False,2022-05-22,True
DNR-02994,ORG-HUM-01,Joseph,Martinez,synthetic.dnr-02994@demo-causefleet.org,555-0194,8778 Katie Common Apt. 591,East Roberto,ME,24906,Individual,100-999,,False,2024-03-19,True
DNR-02995,ORG-HUM-01,Gregory,Parks,synthetic.dnr-02995@demo-causefleet.org,555-0172,5469 Jared Stravenue,Carsonshire,VT,25178,Individual,Under 100,,False,2022-04-06,True
DNR-02996,ORG-HUM-01,Nancy,Farrell,synthetic.dnr-02996@demo-causefleet.org,555-0112,97323 Michael Junctions Suite 278,Kimburgh,SC,50433,Individual,Under 100,,False,2021-10-16,True
DNR-02997,ORG-HUM-01,Ian,Lewis,synthetic.dnr-02997@demo-causefleet.org,555-0110,0930 Hicks Common Suite 078,Simpsonshire,MO,75146,Individual,Under 100,,False,2021-06-11,True
DNR-02998,ORG-HUM-01,Ashlee,Contreras,synthetic.dnr-02998@demo-causefleet.org,555-0178,194 Nelson Crest,East Sylvia,CO,78963,Individual,Under 100,,False,2023-11-22,True
DNR-02999,ORG-HUM-01,Alan,Thomas,synthetic.dnr-02999@demo-causefleet.org,555-0180,5175 Escobar Mission,West James,GA,62565,Individual,100-999,,False,2024-06-06,True
DNR-03000,ORG-HUM-01,William,Briggs,synthetic.dnr-03000@demo-causefleet.org,555-0162,6868 Li Village Suite 311,Martinland,AR,93875,Individual,Under 100,,False,2021-07-25,True
DNR-03001,ORG-HUM-01,Richard,Boyer,synthetic.dnr-03001@demo-causefleet.org,555-0111,9473 Gross Spur,Kaitlynland,AK,45054,Individual,100-999,,False,2024-04-28,True
DNR-03002,ORG-HUM-01,Tyler,Alvarado,synthetic.dnr-03002@demo-causefleet.org,555-0112,027 Berry Canyon,Amymouth,PA,25280,Individual,Under 100,,False,2022-12-12,True
DNR-03003,ORG-HUM-01,Mikayla,Evans,synthetic.dnr-03003@demo-causefleet.org,555-0177,31494 Jackson Courts Apt. 586,South Dontown,WV,82364,Individual,Under 100,,False,2025-09-13,True
DNR-03004,ORG-HUM-01,Daniel,Williams,synthetic.dnr-03004@demo-causefleet.org,555-0145,99915 Lauren Hollow Apt. 405,New Michaelland,VT,32238,Individual,Under 100,,False,2025-04-18,True
DNR-03005,ORG-HUM-01,Timothy,Nelson,synthetic.dnr-03005@demo-causefleet.org,555-0178,636 Jones Falls,Port Robert,NV,18281,Individual,"1,000-$9,999",,False,2024-05-03,True
DNR-03006,ORG-HUM-01,Joseph,Robinson,synthetic.dnr-03006@demo-causefleet.org,555-0146,5396 Melanie Crossroad,Anthonyland,NH,37617,Individual,100-999,,False,2022-10-20,True
DNR-03007,ORG-HUM-01,Joshua,Richardson,synthetic.dnr-03007@demo-causefleet.org,555-0112,685 Shannon Via,Gordonburgh,AK,75001,Foundation,Under 100,,False,2024-06-25,True
DNR-03008,ORG-HUM-01,Deborah,Garcia,synthetic.dnr-03008@demo-causefleet.org,555-0174,6614 Kimberly Plain,New Lindatown,GA,01550,Individual,100-999,,False,2021-11-02,True
DNR-03009,ORG-HUM-01,Megan,Matthews,synthetic.dnr-03009@demo-causefleet.org,555-0199,635 Mariah Spur,Cindyland,NJ,45272,Individual,Under 100,,False,2024-01-19,True
DNR-03010,ORG-HUM-01,Joe,Gonzales,synthetic.dnr-03010@demo-causefleet.org,555-0196,533 George Alley,Williamsbury,NH,63231,Individual,"10,000-99,999",,False,2024-03-24,True
DNR-03011,ORG-HUM-01,Andrea,White,synthetic.dnr-03011@demo-causefleet.org,555-0165,71720 Marcus Garden Apt. 003,West Stephanie,OK,54989,Individual,Under 100,,False,2025-05-28,True
DNR-03012,ORG-HUM-01,Kathryn,Hendricks,synthetic.dnr-03012@demo-causefleet.org,555-0132,31151 Gordon Ridge,Valerieport,GA,18984,Individual,100-999,,False,2022-08-04,True
DNR-03013,ORG-HUM-01,Ryan,Miller,synthetic.dnr-03013@demo-causefleet.org,555-0123,09903 Holt Crest Apt. 156,Jamesfurt,NE,65530,Individual,Under 100,,False,2023-03-15,True
DNR-03014,ORG-HUM-01,Richard,Barnes,synthetic.dnr-03014@demo-causefleet.org,555-0122,1452 Zachary Route,East Donald,MD,90539,Individual,Under 100,,False,2021-10-18,True
DNR-03015,ORG-HUM-01,Kyle,Keller,synthetic.dnr-03015@demo-causefleet.org,555-0177,979 Jennifer Ranch,Kellymouth,NH,41825,Individual,"1,000-$9,999",,False,2022-05-09,True
DNR-03016,ORG-HUM-01,Yolanda,Walker,synthetic.dnr-03016@demo-causefleet.org,555-0129,97064 Stephanie Heights,East Jamesland,MD,37317,Individual,Under 100,,False,2023-10-19,True
DNR-03017,ORG-HUM-01,Kyle,Whitney,synthetic.dnr-03017@demo-causefleet.org,555-0140,75016 Donald Roads,East Debrashire,DE,33621,Individual,Under 100,,False,2021-08-04,True
DNR-03018,ORG-HUM-01,Allen,Reed,synthetic.dnr-03018@demo-causefleet.org,555-0134,636 Jackson Drives Apt. 264,Shelleyborough,MS,64260,Individual,Under 100,,False,2021-11-09,True
DNR-03019,ORG-HUM-01,Deborah,Saunders,synthetic.dnr-03019@demo-causefleet.org,555-0189,4672 Carlson Lodge Apt. 013,East David,RI,74024,Individual,100-999,,False,2023-03-24,True
DNR-03020,ORG-HUM-01,Sherry,Pierce,synthetic.dnr-03020@demo-causefleet.org,555-0177,70267 Carrie Lights,West Melissaport,RI,12824,Individual,100-999,,False,2024-08-10,True
DNR-03021,ORG-HUM-01,Michael,Parker,synthetic.dnr-03021@demo-causefleet.org,555-0142,6160 Amy Prairie Suite 260,Robertsonburgh,MP,21169,Individual,Under 100,,False,2025-02-16,True
DNR-03022,ORG-HUM-01,Stephen,Edwards,synthetic.dnr-03022@demo-causefleet.org,555-0155,41096 Jones Land Apt. 932,Stephaniemouth,NC,79025,Individual,"1,000-$9,999",,False,2025-08-15,True
DNR-03023,ORG-HUM-01,Amy,Rogers,synthetic.dnr-03023@demo-causefleet.org,555-0144,9030 Justin Summit,Doyleland,CO,24619,Individual,Under 100,,False,2021-08-12,True
DNR-03024,ORG-HUM-01,Taylor,Johnson,synthetic.dnr-03024@demo-causefleet.org,555-0160,85951 Brittany Drives,South Elijahborough,AZ,27325,Individual,Under 100,,False,2021-08-17,True
DNR-03025,ORG-HUM-01,Jill,Hernandez,synthetic.dnr-03025@demo-causefleet.org,555-0120,895 Daniel Crest,Lake Kathy,RI,76858,Individual,"1,000-$9,999",,False,2022-06-19,True
DNR-03026,ORG-HUM-01,Judith,Calhoun,synthetic.dnr-03026@demo-causefleet.org,555-0157,792 Arnold Mountain,Bairdside,GU,20997,Individual,Under 100,,False,2023-07-27,True
DNR-03027,ORG-HUM-01,Adrian,Arnold,synthetic.dnr-03027@demo-causefleet.org,555-0161,29665 Kevin Spur Suite 865,Nelsontown,MH,53314,Foundation,Under 100,,False,2022-06-25,True
DNR-03028,ORG-HUM-01,Andrew,Rose,synthetic.dnr-03028@demo-causefleet.org,555-0168,849 Briana Squares Suite 202,North Jasontown,NC,36111,Individual,Under 100,,False,2022-02-01,True
DNR-03029,ORG-HUM-01,Deborah,Richards,synthetic.dnr-03029@demo-causefleet.org,555-0182,98117 Wright Fields Apt. 507,Ashleymouth,AR,37500,Individual,100-999,,False,2022-06-12,True
DNR-03030,ORG-HUM-01,Melanie,Jackson,synthetic.dnr-03030@demo-causefleet.org,555-0141,298 Douglas Pike,Tiffanyview,WV,15112,Individual,Under 100,,False,2022-08-22,True
DNR-03031,ORG-HUM-01,Robert,Craig,synthetic.dnr-03031@demo-causefleet.org,555-0199,624 April Pine,Tinaville,MH,86324,Individual,"1,000-$9,999",,False,2024-11-12,True
DNR-03032,ORG-HUM-01,Jesse,Allen,synthetic.dnr-03032@demo-causefleet.org,555-0138,70574 Benjamin Mountains,Hoburgh,MT,96100,Individual,100-999,,False,2024-03-28,True
DNR-03033,ORG-HUM-01,Joseph,Higgins,synthetic.dnr-03033@demo-causefleet.org,555-0148,8385 Leah Fort,Trevorland,AS,16048,Individual,Under 100,,False,2022-11-12,True
DNR-03034,ORG-HUM-01,Kristin,Ramirez,synthetic.dnr-03034@demo-causefleet.org,555-0197,8471 George River Apt. 102,West Adriennemouth,TX,16331,Individual,100-999,,False,2023-03-14,True
DNR-03035,ORG-HUM-01,Andrea,Fox,synthetic.dnr-03035@demo-causefleet.org,555-0120,14602 Katie Land,West Cynthia,OR,52564,Individual,Under 100,,False,2025-01-19,True
DNR-03036,ORG-HUM-01,William,Smith,synthetic.dnr-03036@demo-causefleet.org,555-0193,81235 Perez Common Suite 766,East Shawnfurt,OH,76917,Individual,Under 100,,False,2023-08-16,True
DNR-03037,ORG-HUM-01,Allison,Chen,synthetic.dnr-03037@demo-causefleet.org,555-0193,8718 Melissa Flat Apt. 477,West Theresatown,SD,97761,Individual,100-999,,False,2022-03-13,True
DNR-03038,ORG-HUM-01,Thomas,Esparza,synthetic.dnr-03038@demo-causefleet.org,555-0114,82131 Heidi Villages,West Crystal,PR,12606,Corporation,"1,000-$9,999",,False,2024-07-09,True
DNR-03039,ORG-HUM-01,Kevin,Young,synthetic.dnr-03039@demo-causefleet.org,555-0121,4697 Thomas Islands Suite 349,Port Andrewland,OR,59692,Individual,Under 100,,False,2025-01-06,True
DNR-03040,ORG-HUM-01,Jennifer,Lynch,synthetic.dnr-03040@demo-causefleet.org,555-0161,5004 Christine Corners,East Crystalborough,AK,58604,Individual,Under 100,,False,2023-03-27,True
DNR-03041,ORG-HUM-01,Michele,Jones,synthetic.dnr-03041@demo-causefleet.org,555-0158,1668 Bond Inlet,Port Danielle,AK,79054,Individual,Under 100,,False,2024-10-11,True
DNR-03042,ORG-HUM-01,David,Collins,synthetic.dnr-03042@demo-causefleet.org,555-0158,186 Munoz Fork,Jonathanview,AR,43304,Corporation,Under 100,,False,2023-09-05,True
DNR-03043,ORG-HUM-01,Douglas,Bradshaw,synthetic.dnr-03043@demo-causefleet.org,555-0180,2139 Castaneda Run Suite 209,South Adrianview,OR,89240,Individual,Under 100,,False,2023-01-07,True
DNR-03044,ORG-HUM-01,Stephanie,Woods,synthetic.dnr-03044@demo-causefleet.org,555-0170,19017 Holly Loaf,Hintonhaven,PW,49770,Individual,Under 100,,False,2025-05-29,True
DNR-03045,ORG-HUM-01,Samuel,Garcia,synthetic.dnr-03045@demo-causefleet.org,555-0117,935 Barber Terrace Apt. 470,Heatherland,GU,21332,Individual,100-999,,False,2022-06-20,True
DNR-03046,ORG-HUM-01,Louis,Ali,synthetic.dnr-03046@demo-causefleet.org,555-0191,416 Foster Manor Suite 157,North Lynnberg,AZ,65270,Individual,Under 100,,False,2025-01-07,True
DNR-03047,ORG-HUM-01,Alexa,Sandoval,synthetic.dnr-03047@demo-causefleet.org,555-0111,893 Hudson Overpass Apt. 625,Derrickmouth,MT,10748,Individual,Under 100,,False,2021-06-29,True
DNR-03048,ORG-HUM-01,Jennifer,Sexton,synthetic.dnr-03048@demo-causefleet.org,555-0199,59848 Mary Mall,New Ryanhaven,WA,25559,Individual,100-999,,False,2022-12-06,True
DNR-03049,ORG-HUM-01,Lori,Harris,synthetic.dnr-03049@demo-causefleet.org,555-0131,99785 David Ways,Lake Hannahland,VT,32016,Individual,100-999,,False,2024-09-03,True
DNR-03050,ORG-HUM-01,Brandi,Cunningham,synthetic.dnr-03050@demo-causefleet.org,555-0120,90400 Tracy Via,Cooperport,MP,96886,Individual,Under 100,,False,2022-05-13,True
DNR-03051,ORG-HUM-01,Diana,Stanley,synthetic.dnr-03051@demo-causefleet.org,555-0173,40565 Earl Knoll,Kelleyton,TX,97406,Individual,Under 100,,False,2025-05-27,True
DNR-03052,ORG-HUM-01,Carla,Bishop,synthetic.dnr-03052@demo-causefleet.org,555-0165,79904 Lee Rapids,Port Brookeshire,PW,15104,Individual,100-999,,False,2024-12-15,True
DNR-03053,ORG-HUM-01,James,Boyd,synthetic.dnr-03053@demo-causefleet.org,555-0192,836 Ricky Mall Apt. 636,Powersfort,FM,09213,Individual,Under 100,,False,2023-08-27,True
DNR-03054,ORG-HUM-01,Jenna,Flores,synthetic.dnr-03054@demo-causefleet.org,555-0152,942 Dean Knolls Suite 897,Lake Danaville,UT,18622,Individual,Under 100,,False,2023-05-22,True
DNR-03055,ORG-HUM-01,Marissa,Norton,synthetic.dnr-03055@demo-causefleet.org,555-0182,50875 Williams Meadows Apt. 448,New Juliaside,ND,86911,Individual,100-999,,False,2022-07-14,True
DNR-03056,ORG-HUM-01,Paul,Black,synthetic.dnr-03056@demo-causefleet.org,555-0122,13919 Alicia Circle Suite 414,North Craig,KY,82213,Corporation,Under 100,,False,2024-12-21,True
DNR-03057,ORG-HUM-01,Kristine,Garrison,synthetic.dnr-03057@demo-causefleet.org,555-0177,281 Smith Loaf,West Thomas,NE,90590,Individual,Under 100,,False,2024-12-13,True
DNR-03058,ORG-HUM-01,Laura,Pittman,synthetic.dnr-03058@demo-causefleet.org,555-0115,62733 Walter Ports,East Kevinport,ME,52506,Individual,Under 100,,False,2024-07-26,True
DNR-03059,ORG-HUM-01,Justin,Leach,synthetic.dnr-03059@demo-causefleet.org,555-0139,09549 Hart Cove,Stevensborough,AR,62400,Individual,Under 100,,False,2024-04-03,True
DNR-03060,ORG-HUM-01,Aaron,Oliver,synthetic.dnr-03060@demo-causefleet.org,555-0137,7617 Candice Landing Apt. 103,Richardburgh,MD,63735,Foundation,Under 100,,False,2023-11-14,True
DNR-03061,ORG-HUM-01,Dean,Brown,synthetic.dnr-03061@demo-causefleet.org,555-0198,80579 Brooks Burg,Port Jonathanview,CA,45639,Individual,"10,000-99,999",,False,2024-06-02,True
DNR-03062,ORG-HUM-01,Megan,Mack,synthetic.dnr-03062@demo-causefleet.org,555-0182,57275 Moore Ways,North Frank,NV,42354,Individual,Under 100,,False,2023-04-07,True
DNR-03063,ORG-HUM-01,Harold,Mccall,synthetic.dnr-03063@demo-causefleet.org,555-0170,053 Johnson Summit,Lake Timothy,MO,92567,Individual,Under 100,,False,2023-10-04,True
DNR-03064,ORG-HUM-01,Tammy,Ortega,synthetic.dnr-03064@demo-causefleet.org,555-0144,32489 Mariah Divide,Lake Steven,NJ,48428,Individual,Under 100,,False,2024-08-16,True
DNR-03065,ORG-HUM-01,Thomas,Bradshaw,synthetic.dnr-03065@demo-causefleet.org,555-0115,8532 Wilson Track Suite 842,Banksside,PA,67123,Individual,"1,000-$9,999",,False,2023-03-28,True
DNR-03066,ORG-HUM-01,Jessica,Clay,synthetic.dnr-03066@demo-causefleet.org,555-0119,7465 Rhodes Mill Suite 645,Port Heatherburgh,KY,18529,Individual,Under 100,,False,2025-08-18,True
DNR-03067,ORG-HUM-01,John,Cruz,synthetic.dnr-03067@demo-causefleet.org,555-0197,985 Raymond Divide,Lake Adrienne,FM,27737,Individual,Under 100,,False,2023-05-11,True
DNR-03068,ORG-HUM-01,Christopher,Owens,synthetic.dnr-03068@demo-causefleet.org,555-0145,41448 Ortega Mill Suite 763,Hopkinsland,AK,25832,Corporation,100-999,,False,2022-10-30,True
DNR-03069,ORG-HUM-01,Amanda,Phelps,synthetic.dnr-03069@demo-causefleet.org,555-0179,7960 Contreras Parkways,Kimport,VA,23401,Individual,Under 100,,False,2021-09-15,True
DNR-03070,ORG-HUM-01,Mark,Warner,synthetic.dnr-03070@demo-causefleet.org,555-0182,8462 Mackenzie Lodge Apt. 465,New Jennifermouth,WI,15349,Individual,Under 100,,False,2025-07-16,True
DNR-03071,ORG-HUM-01,Christopher,Brown,synthetic.dnr-03071@demo-causefleet.org,555-0194,382 Hanson Place,Guerrerochester,MD,14662,Individual,Under 100,,False,2022-11-30,True
DNR-03072,ORG-HUM-01,Jon,Massey,synthetic.dnr-03072@demo-causefleet.org,555-0114,70593 Ford Coves,Mikeburgh,HI,51312,Individual,Under 100,,False,2025-05-28,True
DNR-03073,ORG-HUM-01,Joann,Baker,synthetic.dnr-03073@demo-causefleet.org,555-0132,5295 Hoffman Underpass Apt. 516,East Adam,GU,24081,Individual,Under 100,,False,2022-10-01,True
DNR-03074,ORG-HUM-01,Nicole,Moran,synthetic.dnr-03074@demo-causefleet.org,555-0150,18002 Julie Rapid,North Jenniferside,KS,58545,Individual,100-999,,False,2022-02-07,True
DNR-03075,ORG-HUM-01,Leslie,Nash,synthetic.dnr-03075@demo-causefleet.org,555-0112,7343 Ann Forks Apt. 321,South Peter,AS,95711,Individual,Under 100,,False,2025-08-20,True
DNR-03076,ORG-HUM-01,Cindy,Wright,synthetic.dnr-03076@demo-causefleet.org,555-0136,469 Clark Ports,Staffordhaven,KY,99715,Individual,Under 100,,False,2025-09-19,True
DNR-03077,ORG-HUM-01,Donald,Rodriguez,synthetic.dnr-03077@demo-causefleet.org,555-0185,0244 Sweeney Pine,Michaelside,RI,95694,Foundation,Under 100,,False,2022-11-13,True
DNR-03078,ORG-HUM-01,Bryan,Ross,synthetic.dnr-03078@demo-causefleet.org,555-0128,478 Terri Via,Thomaschester,LA,53648,Individual,Under 100,,False,2021-07-17,True
DNR-03079,ORG-HUM-01,Martin,Huang,synthetic.dnr-03079@demo-causefleet.org,555-0160,44463 Douglas Pines Suite 209,South Kevin,IA,90347,Individual,Under 100,,False,2024-07-15,True
DNR-03080,ORG-HUM-01,Bradley,Black,synthetic.dnr-03080@demo-causefleet.org,555-0119,20215 Vanessa Rue,Christianfurt,NY,37055,Foundation,"1,000-$9,999",,False,2023-11-15,True
DNR-03081,ORG-HUM-01,Kelly,Rodriguez,synthetic.dnr-03081@demo-causefleet.org,555-0148,523 Smith Trafficway Suite 775,New Brianton,IL,23557,Individual,Under 100,,False,2021-07-21,True
DNR-03082,ORG-HUM-01,Jessica,Johnson,synthetic.dnr-03082@demo-causefleet.org,555-0130,7843 Ronald Glens,Robertbury,CA,08609,Foundation,100-999,,False,2022-02-06,True
DNR-03083,ORG-HUM-01,Veronica,Taylor,synthetic.dnr-03083@demo-causefleet.org,555-0182,543 Espinoza Orchard,North Julie,OH,45439,Individual,Under 100,,False,2024-12-15,True
DNR-03084,ORG-HUM-01,Chris,Henderson,synthetic.dnr-03084@demo-causefleet.org,555-0140,9968 Dillon Ford Apt. 212,Stephaniestad,NY,66275,Individual,Under 100,,False,2023-09-30,True
DNR-03085,ORG-HUM-01,James,Jensen,synthetic.dnr-03085@demo-causefleet.org,555-0182,78141 Sandra Trafficway,Tannerchester,NV,08167,Individual,Under 100,,False,2024-01-28,True
DNR-03086,ORG-HUM-01,Marie,Warner,synthetic.dnr-03086@demo-causefleet.org,555-0159,4547 Valdez Mill,North Jerryville,MN,99425,Individual,Under 100,,False,2023-05-25,True
DNR-03087,ORG-HUM-01,Robert,Fox,synthetic.dnr-03087@demo-causefleet.org,555-0196,10242 Brock Island Suite 394,Ricestad,NY,28514,Individual,Under 100,,False,2024-06-02,True
DNR-03088,ORG-HUM-01,Lindsey,Mcbride,synthetic.dnr-03088@demo-causefleet.org,555-0179,58587 Nicholas Springs,Lake Leah,MI,05018,Individual,Under 100,,False,2024-06-26,True
DNR-03089,ORG-HUM-01,Travis,Jones,synthetic.dnr-03089@demo-causefleet.org,555-0152,4210 Joe Tunnel,Olsenhaven,MP,72243,Individual,100-999,,False,2025-01-18,True
DNR-03090,ORG-HUM-01,John,Daugherty,synthetic.dnr-03090@demo-causefleet.org,555-0159,706 Riley River Apt. 196,Jeffreybury,MI,54771,Individual,Under 100,,False,2021-07-20,True
DNR-03091,ORG-HUM-01,Bianca,Kramer,synthetic.dnr-03091@demo-causefleet.org,555-0127,11870 Susan Canyon,East David,AR,47548,Individual,Under 100,,False,2022-01-14,True
DNR-03092,ORG-HUM-01,Kara,Williams,synthetic.dnr-03092@demo-causefleet.org,555-0198,560 Kelly Lights,Port Sergiotown,VI,12580,Foundation,Under 100,,False,2022-06-09,True
DNR-03093,ORG-HUM-01,Michelle,White,synthetic.dnr-03093@demo-causefleet.org,555-0120,9911 Lee Cape Suite 650,Robertsonhaven,MN,61062,Individual,Under 100,,False,2022-08-27,True
DNR-03094,ORG-HUM-01,Kimberly,White,synthetic.dnr-03094@demo-causefleet.org,555-0174,60350 Haley Ways,Alexisborough,DC,97755,Individual,Under 100,,False,2024-07-09,True
DNR-03095,ORG-HUM-01,Mary,Brown,synthetic.dnr-03095@demo-causefleet.org,555-0154,41694 Reynolds Hills Suite 866,Sandersview,MT,80982,Individual,Under 100,,False,2023-06-03,True
DNR-03096,ORG-HUM-01,David,Martin,synthetic.dnr-03096@demo-causefleet.org,555-0116,00013 Baker Mission Suite 710,Allenburgh,ID,24152,Individual,Under 100,,False,2025-02-16,True
DNR-03097,ORG-HUM-01,Melanie,David,synthetic.dnr-03097@demo-causefleet.org,555-0122,76223 Joseph Cape,West Joshuafort,NM,53567,Corporation,100-999,,False,2022-01-20,True
DNR-03098,ORG-HUM-01,Amber,Fisher,synthetic.dnr-03098@demo-causefleet.org,555-0165,00005 Melissa Crossing Suite 247,New Jason,IL,40003,Individual,100-999,,False,2023-01-06,True
DNR-03099,ORG-HUM-01,Becky,Mitchell,synthetic.dnr-03099@demo-causefleet.org,555-0139,9631 Cordova Key,Ericaton,SD,02973,Individual,Under 100,,False,2023-08-14,True
DNR-03100,ORG-HUM-01,Mitchell,Barton,synthetic.dnr-03100@demo-causefleet.org,555-0119,1318 Jill Plaza Apt. 370,Joshuafurt,ND,84151,Individual,Under 100,,False,2023-08-06,True
DNR-03101,ORG-HUM-01,Daniel,Gonzalez,synthetic.dnr-03101@demo-causefleet.org,555-0153,85418 Thompson Fork,South Jodi,MD,59951,Individual,"1,000-$9,999",,False,2022-10-20,True
DNR-03102,ORG-HUM-01,Theodore,Patrick,synthetic.dnr-03102@demo-causefleet.org,555-0187,37010 Ward Locks Apt. 549,Millerfort,OK,31034,Individual,Under 100,,False,2021-08-12,True
DNR-03103,ORG-HUM-01,Benjamin,Moore,synthetic.dnr-03103@demo-causefleet.org,555-0188,77569 Ryan Brooks Suite 186,Smithstad,MS,53313,Foundation,Under 100,,False,2021-10-04,True
DNR-03104,ORG-HUM-01,Craig,Wilkins,synthetic.dnr-03104@demo-causefleet.org,555-0186,921 Valerie Island,Torresstad,OH,31624,Individual,Under 100,,False,2025-02-27,True
DNR-03105,ORG-HUM-01,Trevor,Walker,synthetic.dnr-03105@demo-causefleet.org,555-0160,631 Lane Dale,Hintonville,NC,90422,Individual,Under 100,,False,2021-07-06,True
DNR-03106,ORG-HUM-01,Donna,Flores,synthetic.dnr-03106@demo-causefleet.org,555-0151,634 Keller Union Suite 422,South Lisashire,MH,75655,Individual,Under 100,,False,2023-03-02,True
DNR-03107,ORG-HUM-01,Matthew,Cooper,synthetic.dnr-03107@demo-causefleet.org,555-0113,03580 Richardson Road,West Julie,RI,13197,Individual,Under 100,,False,2024-04-17,True
DNR-03108,ORG-HUM-01,Michelle,Hunter,synthetic.dnr-03108@demo-causefleet.org,555-0191,48831 Scott Estates Suite 783,Brandonshire,MP,90362,Individual,Under 100,,False,2024-07-13,True
DNR-03109,ORG-HUM-01,Jacob,Case,synthetic.dnr-03109@demo-causefleet.org,555-0144,167 Rachel Overpass,Wadeville,AL,30111,Individual,Under 100,,False,2024-02-17,True
DNR-03110,ORG-HUM-01,Greg,Brandt,synthetic.dnr-03110@demo-causefleet.org,555-0167,61745 Sherman Green Apt. 791,Danielletown,AK,08649,Individual,100-999,,False,2022-08-25,True
DNR-03111,ORG-HUM-01,Alexis,Mckenzie,synthetic.dnr-03111@demo-causefleet.org,555-0172,02148 Jonathan Branch,North Jessicabury,MP,84719,Individual,Under 100,,False,2021-07-15,True
DNR-03112,ORG-HUM-01,Daniel,Guerrero,synthetic.dnr-03112@demo-causefleet.org,555-0139,277 Joseph Gateway,Pageport,MD,49969,Individual,Under 100,,False,2023-11-21,True
DNR-03113,ORG-HUM-01,Jessica,Harmon,synthetic.dnr-03113@demo-causefleet.org,555-0155,8915 Jamie Locks Suite 974,Hensonshire,CT,38708,Individual,Under 100,,False,2021-09-28,True
DNR-03114,ORG-HUM-01,Judy,Watts,synthetic.dnr-03114@demo-causefleet.org,555-0180,908 Jeffrey Pike,Port Julie,MI,55821,Individual,100-999,,False,2023-08-25,True
DNR-03115,ORG-HUM-01,Theodore,Reid,synthetic.dnr-03115@demo-causefleet.org,555-0158,126 Jenkins Ridges Apt. 699,Lake Jennifer,NH,59878,Individual,100-999,,False,2021-12-10,True
DNR-03116,ORG-HUM-01,Emily,Shaw,synthetic.dnr-03116@demo-causefleet.org,555-0165,657 House Street Suite 597,Alvaradomouth,PA,61315,Individual,100-999,,False,2024-05-03,True
DNR-03117,ORG-HUM-01,Timothy,Holt,synthetic.dnr-03117@demo-causefleet.org,555-0133,75068 James Street,Port Thomas,MP,29858,Individual,Under 100,,False,2023-07-17,True
DNR-03118,ORG-HUM-01,Joshua,Barton,synthetic.dnr-03118@demo-causefleet.org,555-0197,267 Cabrera Mission,South Johnside,MH,48746,Individual,100-999,,False,2023-11-13,True
DNR-03119,ORG-HUM-01,Richard,Manning,synthetic.dnr-03119@demo-causefleet.org,555-0184,17321 Jeffery Route Suite 878,Port Courtney,NC,02474,Individual,100-999,,False,2022-07-19,True
DNR-03120,ORG-HUM-01,Tonya,Rowe,synthetic.dnr-03120@demo-causefleet.org,555-0194,557 Montgomery Forge,New Alexandraborough,NM,90112,Individual,Under 100,,False,2025-09-04,True
DNR-03121,ORG-HUM-01,Carmen,Perkins,synthetic.dnr-03121@demo-causefleet.org,555-0158,906 Jacob Shore,West Joycebury,WI,40682,Individual,Under 100,,False,2021-07-21,True
DNR-03122,ORG-HUM-01,Christian,Serrano,synthetic.dnr-03122@demo-causefleet.org,555-0120,0848 Freeman Creek Suite 249,Mariafurt,IA,34068,Individual,Under 100,,False,2022-09-08,True
DNR-03123,ORG-HUM-01,Nathaniel,Cobb,synthetic.dnr-03123@demo-causefleet.org,555-0189,416 Crystal Tunnel,Maynardburgh,KY,01921,Individual,100-999,,False,2022-04-16,True
DNR-03124,ORG-HUM-01,Nicolas,Castro,synthetic.dnr-03124@demo-causefleet.org,555-0147,13215 Coleman Circle Apt. 918,Wilsonville,AL,35597,Individual,Under 100,,False,2023-08-10,True
DNR-03125,ORG-HUM-01,Jennifer,Armstrong,synthetic.dnr-03125@demo-causefleet.org,555-0141,071 Edward Common,North Victoria,OR,85415,Individual,Under 100,,False,2024-10-27,True
DNR-03126,ORG-HUM-01,Lawrence,Lee,synthetic.dnr-03126@demo-causefleet.org,555-0119,1173 Davis Orchard Suite 146,Michaelmouth,CO,24525,Individual,"1,000-$9,999",,False,2023-02-20,True
DNR-03127,ORG-HUM-01,Michele,Mahoney,synthetic.dnr-03127@demo-causefleet.org,555-0120,9164 Michael Loop Suite 303,Gonzalezhaven,MT,94215,Individual,100-999,,False,2025-07-27,True
DNR-03128,ORG-HUM-01,Reginald,Smith,synthetic.dnr-03128@demo-causefleet.org,555-0144,4352 Boone Alley Apt. 916,Jerryview,NH,03080,Individual,"1,000-$9,999",,False,2022-10-01,True
DNR-03129,ORG-HUM-01,Denise,Austin,synthetic.dnr-03129@demo-causefleet.org,555-0129,8134 Kyle Junctions Apt. 448,Hillshire,CA,90295,Foundation,"10,000-99,999",,False,2024-11-29,True
DNR-03130,ORG-HUM-01,Jason,Lowery,synthetic.dnr-03130@demo-causefleet.org,555-0158,435 Martha Harbor,South Sharonberg,PA,93709,Individual,Under 100,,False,2024-12-20,True
DNR-03131,ORG-HUM-01,Jessica,Cox,synthetic.dnr-03131@demo-causefleet.org,555-0191,71004 Michelle Meadow,Tiffanybury,NC,35271,Individual,100-999,,False,2022-07-13,True
DNR-03132,ORG-HUM-01,Jennifer,Quinn,synthetic.dnr-03132@demo-causefleet.org,555-0129,205 Sarah Court,Trevinobury,OK,89124,Individual,Under 100,,False,2024-09-10,True
DNR-03133,ORG-HUM-01,Edward,Sanchez,synthetic.dnr-03133@demo-causefleet.org,555-0159,59328 Ward Summit Apt. 192,Tiffanyville,DC,67460,Foundation,100-999,,False,2024-08-06,True
DNR-03134,ORG-HUM-01,Renee,Lewis,synthetic.dnr-03134@demo-causefleet.org,555-0150,2381 Rhonda Shoal,West Michael,MT,65233,Individual,Under 100,,False,2024-09-30,True
DNR-03135,ORG-HUM-01,Tristan,Ross,synthetic.dnr-03135@demo-causefleet.org,555-0156,79117 Chloe Way Apt. 335,East Jessicastad,IL,11290,Individual,"10,000-99,999",,False,2023-11-21,True
DNR-03136,ORG-HUM-01,John,Reynolds,synthetic.dnr-03136@demo-causefleet.org,555-0123,245 Kelsey Stravenue Apt. 941,Laurafort,CO,99597,Individual,Under 100,,False,2025-05-04,True
DNR-03137,ORG-HUM-01,Andrea,Schmidt,synthetic.dnr-03137@demo-causefleet.org,555-0121,82446 Lisa Court,Leeberg,PA,64491,Individual,100-999,,False,2025-01-09,True
DNR-03138,ORG-HUM-01,Alexandra,Castaneda,synthetic.dnr-03138@demo-causefleet.org,555-0110,732 Jeff Dam Apt. 426,South Traci,OH,95533,Individual,Under 100,,False,2021-06-07,True
DNR-03139,ORG-HUM-01,William,Miller,synthetic.dnr-03139@demo-causefleet.org,555-0149,1452 Pugh Plains Suite 759,West Jonathanport,UT,12333,Individual,Under 100,,False,2022-05-07,True
DNR-03140,ORG-HUM-01,Larry,Nelson,synthetic.dnr-03140@demo-causefleet.org,555-0166,57940 Holt Falls,Jayshire,IA,83346,Individual,100-999,,False,2023-05-02,True
DNR-03141,ORG-HUM-01,Kent,Adams,synthetic.dnr-03141@demo-causefleet.org,555-0156,5199 Flores Avenue,Webbview,NM,18364,Individual,Under 100,,False,2021-12-20,True
DNR-03142,ORG-HUM-01,Kristen,Manning,synthetic.dnr-03142@demo-causefleet.org,555-0144,66250 Janice Extensions Apt. 043,Wallaceville,KS,80799,Foundation,100-999,,False,2024-07-10,True
DNR-03143,ORG-HUM-01,Amy,Alvarez,synthetic.dnr-03143@demo-causefleet.org,555-0123,492 Wilson Extensions Apt. 056,Lake Brett,OH,06670,Individual,Under 100,,False,2025-03-02,True
DNR-03144,ORG-HUM-01,Andrew,Wells,synthetic.dnr-03144@demo-causefleet.org,555-0126,882 Whitney Prairie,West Gregory,DE,01013,Individual,100-999,,False,2023-08-15,True
DNR-03145,ORG-HUM-01,Laurie,Hill,synthetic.dnr-03145@demo-causefleet.org,555-0121,54791 Brandon Estate,Grimesshire,DC,77503,Individual,Under 100,,False,2024-03-20,True
DNR-03146,ORG-HUM-01,Betty,Jackson,synthetic.dnr-03146@demo-causefleet.org,555-0133,02279 Megan Villages,Armstrongshire,MP,67676,Individual,Under 100,,False,2025-01-30,True
DNR-03147,ORG-HUM-01,John,Mccormick,synthetic.dnr-03147@demo-causefleet.org,555-0165,26032 Kevin Plaza Apt. 770,East Timothyside,CT,64820,Foundation,100-999,,False,2025-04-26,True
DNR-03148,ORG-HUM-01,Michael,Kemp,synthetic.dnr-03148@demo-causefleet.org,555-0167,46088 Underwood Estates Apt. 851,Christopherburgh,DC,85188,Individual,Under 100,,False,2021-11-15,True
DNR-03149,ORG-HUM-01,Robert,Reyes,synthetic.dnr-03149@demo-causefleet.org,555-0181,99974 Hull Cove,Rodriguezshire,MH,08685,Individual,Under 100,,False,2025-02-21,True
DNR-03150,ORG-HUM-01,Kenneth,Morse,synthetic.dnr-03150@demo-causefleet.org,555-0181,72590 Dustin Rapids Suite 848,West Kathleen,UT,18236,Individual,Under 100,,False,2022-06-07,True
DNR-03151,ORG-HUM-01,Sarah,Watts,synthetic.dnr-03151@demo-causefleet.org,555-0175,715 Levine Shoals Apt. 959,Lindaland,WY,76722,Individual,Under 100,,False,2025-09-08,True
DNR-03152,ORG-HUM-01,Emily,Pena,synthetic.dnr-03152@demo-causefleet.org,555-0162,71910 Michael Forges,Briggsstad,RI,19971,Individual,Under 100,,False,2022-09-22,True
DNR-03153,ORG-HUM-01,Sarah,White,synthetic.dnr-03153@demo-causefleet.org,555-0123,51558 Fisher Viaduct Apt. 438,Brownville,CA,45438,Individual,100-999,,False,2021-11-29,True
DNR-03154,ORG-HUM-01,Michele,Murillo,synthetic.dnr-03154@demo-causefleet.org,555-0113,889 Carr Ranch,New Earlfurt,MD,88504,Individual,Under 100,,False,2022-09-25,True
DNR-03155,ORG-HUM-01,David,Harris,synthetic.dnr-03155@demo-causefleet.org,555-0121,664 Joshua Corners Apt. 740,Lake Christopherside,AR,15846,Individual,Under 100,,False,2023-12-07,True
DNR-03156,ORG-HUM-01,Adam,Ortiz,synthetic.dnr-03156@demo-causefleet.org,555-0155,44326 Mejia Port,Christopherhaven,PA,82470,Individual,Under 100,,False,2024-12-29,True
DNR-03157,ORG-HUM-01,David,Riley,synthetic.dnr-03157@demo-causefleet.org,555-0180,1791 Mitchell Garden Suite 980,West Michael,VT,34129,Foundation,Under 100,,False,2024-04-04,True
DNR-03158,ORG-HUM-01,Brooke,Johnson,synthetic.dnr-03158@demo-causefleet.org,555-0121,408 Charlene Cliff Apt. 069,Richardside,CO,79521,Individual,Under 100,,False,2023-09-24,True
DNR-03159,ORG-HUM-01,Jason,Michael,synthetic.dnr-03159@demo-causefleet.org,555-0186,67926 Roberts Track,Lake Brandon,MI,00882,Individual,"10,000-99,999",,False,2023-09-27,True
DNR-03160,ORG-HUM-01,Lori,Bradley,synthetic.dnr-03160@demo-causefleet.org,555-0186,0810 West Centers Apt. 796,Coreymouth,PA,21763,Individual,100-999,,False,2022-11-16,True
DNR-03161,ORG-HUM-01,Anthony,Reyes,synthetic.dnr-03161@demo-causefleet.org,555-0151,749 Gomez Knolls,New Jacob,NC,48253,Individual,Under 100,,False,2025-01-04,True
DNR-03162,ORG-HUM-01,Jessica,Cruz,synthetic.dnr-03162@demo-causefleet.org,555-0159,9347 Laura Trafficway Suite 888,North Taylorside,VI,49770,Individual,Under 100,,False,2025-03-05,True
DNR-03163,ORG-HUM-01,Janet,Powers,synthetic.dnr-03163@demo-causefleet.org,555-0111,19703 Tracy Trail,South Joannaberg,IA,94657,Individual,100-999,,False,2025-09-20,True
DNR-03164,ORG-HUM-01,Matthew,Schmidt,synthetic.dnr-03164@demo-causefleet.org,555-0147,91277 Garcia Lake,New Anthonyhaven,VI,35377,Individual,Under 100,,False,2022-03-01,True
DNR-03165,ORG-HUM-01,Jose,Mcdonald,synthetic.dnr-03165@demo-causefleet.org,555-0162,42597 Stewart Course,West Jonathan,VI,46384,Individual,Under 100,,False,2022-10-06,True
DNR-03166,ORG-HUM-01,Laura,Alexander,synthetic.dnr-03166@demo-causefleet.org,555-0159,96149 Tara Cliff Suite 090,Kevinport,ME,75404,Individual,Under 100,,False,2023-10-11,True
DNR-03167,ORG-HUM-01,Debra,Mclean,synthetic.dnr-03167@demo-causefleet.org,555-0120,65389 Velasquez Valleys,Port Brandi,FM,88709,Foundation,Under 100,,False,2023-04-01,True
DNR-03168,ORG-HUM-01,Rachel,Myers,synthetic.dnr-03168@demo-causefleet.org,555-0181,5244 Alexis Ville Apt. 157,Smithstad,WY,73562,Individual,"1,000-$9,999",,False,2021-08-16,True
DNR-03169,ORG-HUM-01,Whitney,Ramirez,synthetic.dnr-03169@demo-causefleet.org,555-0141,7836 Mark Spring,Mosston,VI,13992,Individual,100-999,,False,2021-09-13,True
DNR-03170,ORG-HUM-01,Victoria,Stevens,synthetic.dnr-03170@demo-causefleet.org,555-0183,2393 White Manor Apt. 177,Port Robert,MA,66683,Individual,Under 100,,False,2023-11-18,True
DNR-03171,ORG-HUM-01,Phyllis,Martinez,synthetic.dnr-03171@demo-causefleet.org,555-0176,35427 Christopher Ville Apt. 332,North Gabrielbury,AZ,36599,Individual,Under 100,,False,2021-09-15,True
DNR-03172,ORG-HUM-01,Molly,Ross,synthetic.dnr-03172@demo-causefleet.org,555-0131,71853 Daniel Club Suite 648,West Melissa,HI,97284,Individual,100-999,,False,2025-01-04,True
DNR-03173,ORG-HUM-01,Steven,Lee,synthetic.dnr-03173@demo-causefleet.org,555-0197,483 Nicholas Port,North Melvin,GU,92730,Individual,100-999,,False,2023-10-28,True
DNR-03174,ORG-HUM-01,Brenda,King,synthetic.dnr-03174@demo-causefleet.org,555-0158,66393 Jared Curve Apt. 168,South Aaronhaven,FL,11469,Individual,Under 100,,False,2025-03-09,True
DNR-03175,ORG-HUM-01,Madison,Koch,synthetic.dnr-03175@demo-causefleet.org,555-0131,7412 Garcia Cove Apt. 340,South Baileyland,OR,40361,Individual,100-999,,False,2025-01-07,True
DNR-03176,ORG-HUM-01,Heidi,Peterson,synthetic.dnr-03176@demo-causefleet.org,555-0127,6696 Maurice Loop Suite 117,Lake Derekbury,ME,48576,Individual,Under 100,,False,2022-07-27,True
DNR-03177,ORG-HUM-01,Timothy,Adams,synthetic.dnr-03177@demo-causefleet.org,555-0144,6592 Virginia Causeway Apt. 242,East Tammy,NV,12502,Individual,100-999,,False,2024-05-28,True
DNR-03178,ORG-HUM-01,Paul,Perez,synthetic.dnr-03178@demo-causefleet.org,555-0148,351 Sims Estate,North Caseyberg,RI,21694,Foundation,100-999,,False,2023-02-28,True
DNR-03179,ORG-HUM-01,Megan,Roberson,synthetic.dnr-03179@demo-causefleet.org,555-0144,067 Mccoy Crossroad,Lake Stephanieville,VA,12747,Individual,Under 100,,False,2023-05-01,True
DNR-03180,ORG-HUM-01,Katherine,Steele,synthetic.dnr-03180@demo-causefleet.org,555-0173,01091 Stephanie Trafficway,Philipton,GU,43957,Individual,100-999,,False,2023-07-30,True
DNR-03181,ORG-HUM-01,Sandra,Collins,synthetic.dnr-03181@demo-causefleet.org,555-0128,6865 Andrew Plaza Suite 372,South Kendra,WI,69877,Individual,Under 100,,False,2022-03-22,True
DNR-03182,ORG-HUM-01,Ashley,White,synthetic.dnr-03182@demo-causefleet.org,555-0118,53244 Travis Lodge,Kellyfort,WY,52786,Individual,Under 100,,False,2022-05-31,True
DNR-03183,ORG-HUM-01,Jason,Gomez,synthetic.dnr-03183@demo-causefleet.org,555-0131,914 Young Cliffs,Port Diana,LA,45393,Individual,Under 100,,False,2022-10-11,True
DNR-03184,ORG-HUM-01,Jonathon,Green,synthetic.dnr-03184@demo-causefleet.org,555-0165,60847 Angela Drive,East Dawn,KY,89502,Individual,Under 100,,False,2024-05-18,True
DNR-03185,ORG-HUM-01,Ashley,Roberts,synthetic.dnr-03185@demo-causefleet.org,555-0145,484 Glover Locks Suite 451,Gregorystad,NH,18909,Individual,Under 100,,False,2022-08-04,True
DNR-03186,ORG-HUM-01,Brenda,Scott,synthetic.dnr-03186@demo-causefleet.org,555-0163,071 James Prairie Apt. 438,South Richard,LA,87418,Individual,Under 100,,False,2024-02-08,True
DNR-03187,ORG-HUM-01,Shelly,Anderson,synthetic.dnr-03187@demo-causefleet.org,555-0148,4525 Mary Mills Apt. 067,Littleborough,AR,81792,Individual,Under 100,,False,2023-02-18,True
DNR-03188,ORG-HUM-01,Steven,Johnson,synthetic.dnr-03188@demo-causefleet.org,555-0171,6862 Jennifer Junctions,New Darrell,PA,11932,Individual,Under 100,,False,2025-08-02,True
DNR-03189,ORG-HUM-01,Krista,Perkins,synthetic.dnr-03189@demo-causefleet.org,555-0119,289 William Stravenue,Lake Luke,NV,31464,Individual,Under 100,,False,2024-09-17,True
DNR-03190,ORG-HUM-01,Kevin,Little,synthetic.dnr-03190@demo-causefleet.org,555-0156,0506 Michael Spur Apt. 462,Costamouth,MO,83679,Individual,Under 100,,False,2024-02-11,True
DNR-03191,ORG-HUM-01,Charles,Donovan,synthetic.dnr-03191@demo-causefleet.org,555-0142,72438 Susan Inlet Suite 565,Lake Meghanview,OR,79476,Individual,Under 100,,False,2023-03-07,True
DNR-03192,ORG-HUM-01,James,Johnson,synthetic.dnr-03192@demo-causefleet.org,555-0141,6338 Morris Haven Suite 012,East Charles,RI,90513,Foundation,Under 100,,False,2023-05-18,True
DNR-03193,ORG-HUM-01,Deborah,Shaw,synthetic.dnr-03193@demo-causefleet.org,555-0190,12059 Brian Ports,North Wendy,UT,20425,Foundation,Under 100,,False,2024-11-18,True
DNR-03194,ORG-HUM-01,Jacob,Joseph,synthetic.dnr-03194@demo-causefleet.org,555-0173,417 Russell Tunnel,Williamsfurt,VI,70034,Individual,100-999,,False,2024-03-31,True
DNR-03195,ORG-HUM-01,Amy,Tran,synthetic.dnr-03195@demo-causefleet.org,555-0186,674 Gabriela Brook Apt. 977,West Hannah,LA,76566,Individual,100-999,,False,2022-04-15,True
DNR-03196,ORG-HUM-01,Jacob,Wade,synthetic.dnr-03196@demo-causefleet.org,555-0188,012 Jeff Isle Apt. 012,Jeffreyborough,NE,96034,Individual,100-999,,False,2024-04-08,True
DNR-03197,ORG-HUM-01,Russell,Walker,synthetic.dnr-03197@demo-causefleet.org,555-0135,7564 Johnson Roads,West Zacharyburgh,DE,10205,Foundation,Under 100,,False,2022-07-15,True
DNR-03198,ORG-HUM-01,Jorge,Pham,synthetic.dnr-03198@demo-causefleet.org,555-0168,05553 Craig Valleys Suite 550,South Madison,PA,37875,Individual,Under 100,,False,2024-02-06,True
DNR-03199,ORG-HUM-01,Alexander,Rasmussen,synthetic.dnr-03199@demo-causefleet.org,555-0123,607 Eduardo Points,Kimberlyshire,ID,76518,Individual,100-999,,False,2024-11-15,True
DNR-03200,ORG-HUM-01,Jessica,Patel,synthetic.dnr-03200@demo-causefleet.org,555-0127,8980 Anthony Roads Suite 285,Stephanieborough,AZ,41659,Individual,Under 100,,False,2022-01-24,True
DNR-03201,ORG-HUM-01,Jason,Forbes,synthetic.dnr-03201@demo-causefleet.org,555-0148,1637 Steven Estates,Barrberg,MH,04337,Individual,Under 100,,False,2022-03-04,True
DNR-03202,ORG-HUM-01,Tiffany,Tanner,synthetic.dnr-03202@demo-causefleet.org,555-0110,29407 Carrie Mills Suite 881,West Williamshire,CT,46123,Individual,Under 100,,False,2021-08-11,True
DNR-03203,ORG-HUM-01,Angel,Howard,synthetic.dnr-03203@demo-causefleet.org,555-0160,48784 Kyle Trafficway Suite 714,Lake Williamhaven,NH,64459,Individual,100-999,,False,2024-10-05,True
DNR-03204,ORG-HUM-01,Katherine,Boone,synthetic.dnr-03204@demo-causefleet.org,555-0152,6992 Brittany Rue,South Crystal,OR,04940,Individual,Under 100,,False,2024-12-11,True
DNR-03205,ORG-HUM-01,Raymond,Mills,synthetic.dnr-03205@demo-causefleet.org,555-0189,7633 Kimberly Square,Thomasville,ME,13932,Individual,"1,000-$9,999",,False,2024-02-20,True
DNR-03206,ORG-HUM-01,Destiny,Patrick,synthetic.dnr-03206@demo-causefleet.org,555-0158,427 Henry Ville,Ramirezchester,MA,32221,Individual,100-999,,False,2025-05-01,True
DNR-03207,ORG-HUM-01,Joshua,Russell,synthetic.dnr-03207@demo-causefleet.org,555-0152,8563 Garcia Hill Apt. 611,South Lindastad,OR,49197,Individual,Under 100,,False,2024-10-15,True
DNR-03208,ORG-HUM-01,Devon,Jones,synthetic.dnr-03208@demo-causefleet.org,555-0166,68747 Leonard Route Apt. 432,Christopherville,PR,11233,Individual,100-999,,False,2025-09-16,True
DNR-03209,ORG-HUM-01,Diane,Lara,synthetic.dnr-03209@demo-causefleet.org,555-0152,149 Joseph Center,North Judithton,AS,11205,Individual,Under 100,,False,2021-07-13,True
DNR-03210,ORG-HUM-01,Lisa,Mcdonald,synthetic.dnr-03210@demo-causefleet.org,555-0165,7961 Mercado Field,East Joanneburgh,KS,42721,Individual,100-999,,False,2024-03-21,True
DNR-03211,ORG-HUM-01,Amber,Baker,synthetic.dnr-03211@demo-causefleet.org,555-0193,080 Williams Falls Suite 857,Jessicachester,UT,38263,Individual,Under 100,,False,2024-11-24,True
DNR-03212,ORG-HUM-01,Joshua,Rhodes,synthetic.dnr-03212@demo-causefleet.org,555-0186,26915 Ross Mews Apt. 072,Hernandezbury,UT,15723,Individual,100-999,,False,2022-02-14,True
DNR-03213,ORG-HUM-01,Alexandra,Kim,synthetic.dnr-03213@demo-causefleet.org,555-0127,633 Fischer Harbor,Jerrymouth,MN,06634,Individual,Under 100,,False,2024-07-15,True
DNR-03214,ORG-HUM-01,Ashley,Valdez,synthetic.dnr-03214@demo-causefleet.org,555-0148,569 Stephanie Point,Joshuaberg,NV,68335,Individual,"1,000-$9,999",,False,2023-10-17,True
DNR-03215,ORG-HUM-01,Heather,Hopkins,synthetic.dnr-03215@demo-causefleet.org,555-0151,414 Greene Greens Suite 751,Jimmyfort,SC,79877,Individual,Under 100,,False,2022-04-13,True
DNR-03216,ORG-HUM-01,Patricia,Smith,synthetic.dnr-03216@demo-causefleet.org,555-0187,82382 Susan Brook Apt. 297,South Danaside,DC,82534,Individual,Under 100,,False,2022-02-19,True
DNR-03217,ORG-HUM-01,Lee,Edwards,synthetic.dnr-03217@demo-causefleet.org,555-0198,222 David Passage,South Cindyborough,WY,42476,Individual,100-999,,False,2022-07-30,True
DNR-03218,ORG-HUM-01,Lori,Ayala,synthetic.dnr-03218@demo-causefleet.org,555-0135,232 Thomas Inlet,Devonland,MH,51873,Individual,100-999,,False,2024-12-19,True
DNR-03219,ORG-HUM-01,Zachary,Hawkins,synthetic.dnr-03219@demo-causefleet.org,555-0171,8994 Vicki Expressway,Lake Stephanie,DC,23629,Individual,Under 100,,False,2025-02-05,True
DNR-03220,ORG-HUM-01,Jessica,Coleman,synthetic.dnr-03220@demo-causefleet.org,555-0150,99971 William Court Suite 321,Lake Jeremy,WV,91315,Individual,Under 100,,False,2023-08-04,True
DNR-03221,ORG-HUM-01,Sierra,Foley,synthetic.dnr-03221@demo-causefleet.org,555-0132,5544 Anderson Neck,Lake Brettview,NC,80511,Individual,Under 100,,False,2022-10-17,True
DNR-03222,ORG-HUM-01,Dana,Ritter,synthetic.dnr-03222@demo-causefleet.org,555-0160,2259 Gonzalez Forge Suite 485,New Jasonmouth,MP,35736,Individual,"1,000-$9,999",,False,2025-05-24,True
DNR-03223,ORG-HUM-01,Dustin,Williams,synthetic.dnr-03223@demo-causefleet.org,555-0150,0830 Freeman Mews,Webbstad,NY,47127,Individual,100-999,,False,2025-01-31,True
DNR-03224,ORG-HUM-01,Scott,Tucker,synthetic.dnr-03224@demo-causefleet.org,555-0147,573 Jesse Forges,South Katie,OR,05386,Individual,100-999,,False,2023-12-08,True
DNR-03225,ORG-HUM-01,Amanda,Conrad,synthetic.dnr-03225@demo-causefleet.org,555-0198,056 Shelton Mount Suite 192,Crosbyhaven,DE,20606,Individual,Under 100,,False,2022-03-19,True
DNR-03226,ORG-HUM-01,Rachel,Murray,synthetic.dnr-03226@demo-causefleet.org,555-0191,48099 Moore Greens Apt. 756,Port Shannonbury,MH,59039,Foundation,Under 100,,False,2024-08-20,True
DNR-03227,ORG-HUM-01,Christian,Rosales,synthetic.dnr-03227@demo-causefleet.org,555-0172,17555 Gibson Well,Timothystad,DE,06154,Individual,100-999,,False,2022-01-26,True
DNR-03228,ORG-HUM-01,Shawn,Torres,synthetic.dnr-03228@demo-causefleet.org,555-0183,9989 Kristen Overpass Apt. 677,East Andrewburgh,LA,98969,Individual,100-999,,False,2025-04-09,True
DNR-03229,ORG-HUM-01,Derek,Craig,synthetic.dnr-03229@demo-causefleet.org,555-0141,83341 Trujillo Crest,Jasminetown,AS,26187,Individual,Under 100,,False,2023-11-29,True
DNR-03230,ORG-HUM-01,James,Waters,synthetic.dnr-03230@demo-causefleet.org,555-0151,035 Harris Views,South Jill,CT,20293,Individual,100-999,,False,2024-02-02,True
DNR-03231,ORG-HUM-01,Ashley,Flynn,synthetic.dnr-03231@demo-causefleet.org,555-0158,8881 Miles Port,Perezburgh,SD,76956,Individual,Under 100,,False,2025-06-14,True
DNR-03232,ORG-HUM-01,Martha,Fox,synthetic.dnr-03232@demo-causefleet.org,555-0145,398 Clark Ports,Lake Benjaminburgh,AK,36733,Individual,Under 100,,False,2021-12-28,True
DNR-03233,ORG-HUM-01,Maria,Hoffman,synthetic.dnr-03233@demo-causefleet.org,555-0160,38169 Robin Throughway,Amyfort,AZ,61802,Individual,Under 100,,False,2025-07-15,True
DNR-03234,ORG-HUM-01,Holly,Rush,synthetic.dnr-03234@demo-causefleet.org,555-0156,4491 Amy Common Apt. 154,South Kimberly,HI,42827,Individual,Under 100,,False,2024-03-24,True
DNR-03235,ORG-HUM-01,Stephen,Smith,synthetic.dnr-03235@demo-causefleet.org,555-0124,087 Matthew Hollow,Port Jeffrey,DC,21651,Individual,Under 100,,False,2022-11-12,True
DNR-03236,ORG-HUM-01,Thomas,Cherry,synthetic.dnr-03236@demo-causefleet.org,555-0182,5215 Tony Stream,East Cesar,DE,92390,Individual,Under 100,,False,2024-03-11,True
DNR-03237,ORG-HUM-01,Justin,Chandler,synthetic.dnr-03237@demo-causefleet.org,555-0135,82677 Norton Mill Apt. 777,Lake Ashleyview,MT,03983,Individual,Under 100,,False,2022-07-27,True
DNR-03238,ORG-HUM-01,Jacqueline,Turner,synthetic.dnr-03238@demo-causefleet.org,555-0185,574 Christina Turnpike Apt. 486,Davisport,WV,53001,Foundation,100-999,,False,2022-12-11,True
DNR-03239,ORG-HUM-01,Christina,Cunningham,synthetic.dnr-03239@demo-causefleet.org,555-0179,3605 Katelyn Ranch Apt. 811,North Anthonyfort,ND,31493,Individual,Under 100,,False,2024-10-31,True
DNR-03240,ORG-HUM-01,Daryl,Huff,synthetic.dnr-03240@demo-causefleet.org,555-0133,637 Jones Plains,Sheltonton,IL,24542,Individual,Under 100,,False,2025-08-18,True
DNR-03241,ORG-HUM-01,Brian,Robertson,synthetic.dnr-03241@demo-causefleet.org,555-0197,92274 Russo Greens,Jessicaport,WI,37620,Individual,Under 100,,False,2022-03-22,True
DNR-03242,ORG-HUM-01,Stacey,Wallace,synthetic.dnr-03242@demo-causefleet.org,555-0180,924 Robles Viaduct Suite 174,South Saraside,MS,59398,Individual,Under 100,,False,2025-05-14,True
DNR-03243,ORG-HUM-01,Becky,Green,synthetic.dnr-03243@demo-causefleet.org,555-0113,613 Patterson Place,East Shawn,CO,74006,Individual,100-999,,False,2023-11-17,True
DNR-03244,ORG-HUM-01,Tiffany,Jacobs,synthetic.dnr-03244@demo-causefleet.org,555-0169,87879 Carol Fall,East Staceyburgh,MH,53695,Individual,Under 100,,False,2021-12-25,True
DNR-03245,ORG-HUM-01,Lauren,Maynard,synthetic.dnr-03245@demo-causefleet.org,555-0136,6710 Susan Loaf,East Jenna,WV,96984,Individual,100-999,,False,2022-05-10,True
DNR-03246,ORG-HUM-01,James,Stewart,synthetic.dnr-03246@demo-causefleet.org,555-0166,443 Chambers Union,New Jonathan,VA,13517,Individual,Under 100,,False,2021-11-09,True
DNR-03247,ORG-HUM-01,Michael,Terry,synthetic.dnr-03247@demo-causefleet.org,555-0147,43209 Amber Parkway,East Kellyfurt,TN,55408,Individual,Under 100,,False,2025-03-04,True
DNR-03248,ORG-HUM-01,Lauren,Owens,synthetic.dnr-03248@demo-causefleet.org,555-0198,31729 Williams Ridge,South Michael,IL,64314,Individual,Under 100,,False,2023-04-14,True
DNR-03249,ORG-HUM-01,Pamela,Nichols,synthetic.dnr-03249@demo-causefleet.org,555-0118,141 Simpson Ridges Apt. 845,New Erichaven,VA,36128,Individual,Under 100,,False,2023-03-21,True
DNR-03250,ORG-HUM-01,Kara,Bell,synthetic.dnr-03250@demo-causefleet.org,555-0162,94056 Molina Key Apt. 401,Port Stevenburgh,OH,59849,Individual,Under 100,,False,2025-09-18,True
DNR-03251,ORG-HUM-01,Theresa,Williamson,synthetic.dnr-03251@demo-causefleet.org,555-0196,57502 Matthew Gateway,Lake Ericburgh,NJ,22618,Individual,100-999,,False,2024-06-25,True
DNR-03252,ORG-HUM-01,Nicole,Byrd,synthetic.dnr-03252@demo-causefleet.org,555-0173,0307 Gardner Isle Suite 677,East Christine,NV,87921,Individual,Under 100,,False,2023-01-12,True
DNR-03253,ORG-HUM-01,James,Smith,synthetic.dnr-03253@demo-causefleet.org,555-0127,1638 Richard Falls Suite 794,New Heatherton,NH,27845,Individual,Under 100,,False,2023-07-08,True
DNR-03254,ORG-HUM-01,Derek,Williamson,synthetic.dnr-03254@demo-causefleet.org,555-0191,6480 Ricardo Heights,Kevintown,TX,94588,Individual,Under 100,,False,2023-06-09,True
DNR-03255,ORG-HUM-01,Christopher,Raymond,synthetic.dnr-03255@demo-causefleet.org,555-0148,5058 Castro Cliffs Suite 922,Port Mark,MO,04950,Individual,Under 100,,False,2022-03-16,True
DNR-03256,ORG-HUM-01,Dennis,Watkins,synthetic.dnr-03256@demo-causefleet.org,555-0140,17486 Robert Gardens Apt. 584,Stuartfort,AL,87154,Individual,Under 100,,False,2024-06-27,True
DNR-03257,ORG-HUM-01,Melanie,Perez,synthetic.dnr-03257@demo-causefleet.org,555-0142,5931 Martin Ways,North Amberview,MD,52542,Individual,Under 100,,False,2025-07-06,True
DNR-03258,ORG-HUM-01,Deanna,Campos,synthetic.dnr-03258@demo-causefleet.org,555-0194,9612 Rogers Pines Suite 558,Jamesfort,OR,79285,Individual,Under 100,,False,2022-04-15,True
DNR-03259,ORG-HUM-01,Virginia,Fitzpatrick,synthetic.dnr-03259@demo-causefleet.org,555-0129,6809 Rivera Cove,Mitchellport,VT,62730,Individual,Under 100,,False,2024-04-21,True
DNR-03260,ORG-HUM-01,Henry,Wells,synthetic.dnr-03260@demo-causefleet.org,555-0164,545 Mitchell Neck Suite 060,Joanside,VA,67022,Foundation,100-999,,False,2022-04-04,True
DNR-03261,ORG-HUM-01,Larry,Moody,synthetic.dnr-03261@demo-causefleet.org,555-0158,3275 Miller Cliffs Suite 652,Gibsonland,SD,45626,Individual,100-999,,False,2024-04-26,True
DNR-03262,ORG-HUM-01,Tracie,Martin,synthetic.dnr-03262@demo-causefleet.org,555-0119,981 Lynn Crossroad Suite 920,New Markfurt,IA,13862,Individual,Under 100,,False,2024-12-14,True
DNR-03263,ORG-HUM-01,Kathleen,Ramirez,synthetic.dnr-03263@demo-causefleet.org,555-0167,66493 John Isle Suite 838,Lake Laurie,IN,86212,Individual,Under 100,,False,2023-03-31,True
DNR-03264,ORG-HUM-01,Bonnie,Curtis,synthetic.dnr-03264@demo-causefleet.org,555-0186,8592 Julie Valley Suite 665,West Vincent,NV,91970,Individual,"10,000-99,999",,False,2021-10-19,True
DNR-03265,ORG-HUM-01,Austin,Smith,synthetic.dnr-03265@demo-causefleet.org,555-0171,100 Jamie Expressway,Rossland,NH,73996,Individual,Under 100,,False,2024-09-30,True
DNR-03266,ORG-HUM-01,Jennifer,Bryan,synthetic.dnr-03266@demo-causefleet.org,555-0184,9916 Stephanie Square Suite 650,Port Jessica,WV,39167,Individual,Under 100,,False,2021-06-21,True
DNR-03267,ORG-HUM-01,Evan,Brown,synthetic.dnr-03267@demo-causefleet.org,555-0161,29153 Harris Islands,South Charles,OR,61318,Individual,Under 100,,False,2025-06-18,True
DNR-03268,ORG-HUM-01,Julie,Odonnell,synthetic.dnr-03268@demo-causefleet.org,555-0178,42933 Daniel Skyway Apt. 701,Murrayport,ME,52437,Individual,Under 100,,False,2025-02-28,True
DNR-03269,ORG-HUM-01,Jeffrey,Ewing,synthetic.dnr-03269@demo-causefleet.org,555-0174,9175 Stephen Trace Apt. 123,North Melissa,PR,89969,Individual,Under 100,,False,2021-07-02,True
DNR-03270,ORG-HUM-01,Carmen,Bennett,synthetic.dnr-03270@demo-causefleet.org,555-0198,4103 Bailey Hills,South Joshuachester,UT,50898,Individual,"1,000-$9,999",,False,2022-05-25,True
DNR-03271,ORG-HUM-01,Becky,Lopez,synthetic.dnr-03271@demo-causefleet.org,555-0163,732 Rice Bypass,Port Alicia,UT,82341,Individual,100-999,,False,2023-09-15,True
DNR-03272,ORG-HUM-01,Kimberly,Gutierrez,synthetic.dnr-03272@demo-causefleet.org,555-0179,5012 Diane Skyway Apt. 499,Davidborough,FM,44656,Individual,100-999,,False,2025-06-26,True
DNR-03273,ORG-HUM-01,Joel,Smith,synthetic.dnr-03273@demo-causefleet.org,555-0114,4970 Moody Road Suite 459,West Lawrenceland,AL,18434,Individual,100-999,,False,2023-11-30,True
DNR-03274,ORG-HUM-01,Kathleen,Gordon,synthetic.dnr-03274@demo-causefleet.org,555-0156,71360 Dunlap Cliff Apt. 100,Richardfort,PA,62305,Individual,Under 100,,False,2021-07-30,True
DNR-03275,ORG-HUM-01,Christopher,Hurst,synthetic.dnr-03275@demo-causefleet.org,555-0199,654 Michael Isle Suite 862,East Christina,WA,84826,Individual,Under 100,,False,2022-12-12,True
DNR-03276,ORG-HUM-01,Joseph,Drake,synthetic.dnr-03276@demo-causefleet.org,555-0178,05673 Christine Square Suite 907,Port Noahhaven,SD,65050,Individual,100-999,,False,2022-10-24,True
DNR-03277,ORG-HUM-01,John,Blake,synthetic.dnr-03277@demo-causefleet.org,555-0186,951 Walter Roads,North Kevin,NJ,03542,Individual,"1,000-$9,999",,False,2022-01-11,True
DNR-03278,ORG-HUM-01,Adriana,Wolfe,synthetic.dnr-03278@demo-causefleet.org,555-0191,2732 Cooper Plains Apt. 743,East Heather,MO,21641,Individual,Under 100,,False,2021-08-03,True
DNR-03279,ORG-HUM-01,Matthew,Coleman,synthetic.dnr-03279@demo-causefleet.org,555-0120,8373 Paula Fort,North Jordanchester,KS,56080,Individual,"1,000-$9,999",,False,2025-03-03,True
DNR-03280,ORG-HUM-01,Sara,Rush,synthetic.dnr-03280@demo-causefleet.org,555-0123,095 Nolan Corner,Heatherton,IL,77154,Individual,Under 100,,False,2023-07-05,True
DNR-03281,ORG-HUM-01,Megan,Cervantes,synthetic.dnr-03281@demo-causefleet.org,555-0141,044 Jeffery Lakes,New Ambershire,OR,32143,Individual,Under 100,,False,2023-07-24,True
DNR-03282,ORG-HUM-01,Blake,Carpenter,synthetic.dnr-03282@demo-causefleet.org,555-0194,008 Wiley Lodge Suite 865,Adrienneport,FL,21834,Individual,Under 100,,False,2024-12-19,True
DNR-03283,ORG-HUM-01,Melissa,Gonzales,synthetic.dnr-03283@demo-causefleet.org,555-0195,5564 Novak Prairie Apt. 775,North Carrieberg,AS,47629,Individual,Under 100,,False,2022-12-09,True
DNR-03284,ORG-HUM-01,Ricky,Alexander,synthetic.dnr-03284@demo-causefleet.org,555-0155,22166 Christie Knoll Apt. 381,Chelseamouth,CA,90816,Foundation,Under 100,,False,2021-12-24,True
DNR-03285,ORG-HUM-01,Julie,Simon,synthetic.dnr-03285@demo-causefleet.org,555-0131,577 Dean Crest,West Brent,OR,32663,Individual,Under 100,,False,2022-08-30,True
DNR-03286,ORG-HUM-01,Jennifer,Lewis,synthetic.dnr-03286@demo-causefleet.org,555-0192,17553 Jessica Flats,Robertamouth,SD,57091,Individual,Under 100,,False,2023-08-28,True
DNR-03287,ORG-HUM-01,Morgan,Love,synthetic.dnr-03287@demo-causefleet.org,555-0188,8582 Khan Meadows Suite 469,West Ericaside,OK,64638,Individual,Under 100,,False,2022-05-11,True
DNR-03288,ORG-HUM-01,Anthony,Sanchez,synthetic.dnr-03288@demo-causefleet.org,555-0115,581 Caldwell Springs Suite 298,South Amanda,MT,15503,Individual,Under 100,,False,2022-05-13,True
DNR-03289,ORG-HUM-01,Steve,Johnson,synthetic.dnr-03289@demo-causefleet.org,555-0182,15551 Tristan Hills Apt. 886,Blackwellland,MN,73220,Foundation,"10,000-99,999",,False,2024-02-13,True
DNR-03290,ORG-HUM-01,Anthony,Freeman,synthetic.dnr-03290@demo-causefleet.org,555-0192,97012 Hunter Row Apt. 562,Jacobfurt,AR,49559,Individual,Under 100,,False,2023-09-14,True
DNR-03291,ORG-HUM-01,Tiffany,Strickland,synthetic.dnr-03291@demo-causefleet.org,555-0196,769 Matthew Gateway Suite 268,Lake Shawna,CA,79751,Individual,Under 100,,False,2024-03-08,True
DNR-03292,ORG-HUM-01,Kenneth,West,synthetic.dnr-03292@demo-causefleet.org,555-0192,232 Mccarthy Bypass,Harringtonberg,MA,59701,Individual,Under 100,,False,2024-12-19,True
DNR-03293,ORG-HUM-01,Marie,Martinez,synthetic.dnr-03293@demo-causefleet.org,555-0161,03489 Mark Station,Stephanieborough,FM,11201,Individual,Under 100,,False,2022-12-31,True
DNR-03294,ORG-HUM-01,Kimberly,Miller,synthetic.dnr-03294@demo-causefleet.org,555-0152,463 Krystal Pine,Gillmouth,VI,02619,Individual,100-999,,False,2023-05-03,True
DNR-03295,ORG-HUM-01,Ashley,Simpson,synthetic.dnr-03295@demo-causefleet.org,555-0165,0544 Harvey Coves,East Teresaberg,MI,38813,Corporation,Under 100,,False,2024-03-29,True
DNR-03296,ORG-HUM-01,Adam,Galvan,synthetic.dnr-03296@demo-causefleet.org,555-0123,41350 Ramirez Avenue Suite 647,Lake Angelafurt,UT,17526,Individual,100-999,,False,2025-04-28,True
DNR-03297,ORG-HUM-01,Joseph,Ortiz,synthetic.dnr-03297@demo-causefleet.org,555-0111,14539 Tran Branch,Rivastown,GU,58256,Individual,Under 100,,False,2024-02-23,True
DNR-03298,ORG-HUM-01,Melissa,Daniel,synthetic.dnr-03298@demo-causefleet.org,555-0122,845 Brown Curve Apt. 776,East Codyton,NE,99793,Individual,Under 100,,False,2024-09-23,True
DNR-03299,ORG-HUM-01,Todd,Rogers,synthetic.dnr-03299@demo-causefleet.org,555-0143,344 Bell Crossing Apt. 677,Danielleland,VA,01519,Individual,Under 100,,False,2023-04-18,True
DNR-03300,ORG-HUM-01,Tammy,Lee,synthetic.dnr-03300@demo-causefleet.org,555-0138,44371 Felicia Path Suite 257,Whitneyburgh,AS,30525,Individual,Under 100,,False,2025-02-06,True
DNR-03301,ORG-HUM-01,John,Clark,synthetic.dnr-03301@demo-causefleet.org,555-0175,724 Meyer Pass Apt. 225,West Anthony,HI,59127,Individual,Under 100,,False,2023-05-30,True
DNR-03302,ORG-HUM-01,Jose,Foster,synthetic.dnr-03302@demo-causefleet.org,555-0176,38471 Sarah Branch,Allisonfort,FM,90511,Corporation,Under 100,,False,2025-06-18,True
DNR-03303,ORG-HUM-01,Jessica,Taylor,synthetic.dnr-03303@demo-causefleet.org,555-0181,20040 Jason Harbors,North Jacob,TX,71934,Individual,Under 100,,False,2024-07-02,True
DNR-03304,ORG-HUM-01,Jason,Turner,synthetic.dnr-03304@demo-causefleet.org,555-0184,0021 Alvarado Loop,New James,MS,54961,Individual,Under 100,,False,2023-06-28,True
DNR-03305,ORG-HUM-01,Danielle,Lopez,synthetic.dnr-03305@demo-causefleet.org,555-0198,694 Catherine Neck Suite 134,Lauriemouth,IA,91761,Individual,"10,000-99,999",,False,2023-11-13,True
DNR-03306,ORG-HUM-01,Peter,Crawford,synthetic.dnr-03306@demo-causefleet.org,555-0183,9428 Christopher Rue Suite 166,Hallport,HI,67629,Individual,Under 100,,False,2022-02-11,True
DNR-03307,ORG-HUM-01,Carrie,Davis,synthetic.dnr-03307@demo-causefleet.org,555-0138,168 Kenneth Underpass Suite 705,Elizabethville,CA,88919,Individual,Under 100,,False,2024-12-04,True
DNR-03308,ORG-HUM-01,Jorge,Johnson,synthetic.dnr-03308@demo-causefleet.org,555-0167,4765 Tiffany Manors Suite 490,Kellybury,MI,13786,Individual,Under 100,,False,2025-06-15,True
DNR-03309,ORG-HUM-01,John,Boyle,synthetic.dnr-03309@demo-causefleet.org,555-0157,93349 Henderson Isle Apt. 582,Lake Stephanie,IL,07410,Individual,Under 100,,False,2022-04-14,True
DNR-03310,ORG-HUM-01,Vanessa,Tucker,synthetic.dnr-03310@demo-causefleet.org,555-0160,9676 Santiago Meadows,East Joshuaside,TX,29138,Individual,Under 100,,False,2023-12-28,True
DNR-03311,ORG-HUM-01,Samantha,Scott,synthetic.dnr-03311@demo-causefleet.org,555-0169,7969 William Drive Suite 291,Dawnbury,NJ,28445,Individual,100-999,,False,2022-05-31,True
DNR-03312,ORG-HUM-01,Danielle,Barrett,synthetic.dnr-03312@demo-causefleet.org,555-0196,311 Barker Passage,Westview,FM,35051,Individual,"1,000-$9,999",,False,2024-09-05,True
DNR-03313,ORG-HUM-01,Shane,Hatfield,synthetic.dnr-03313@demo-causefleet.org,555-0185,20718 Theresa Lodge Suite 418,South Karen,NM,88222,Individual,Under 100,,False,2024-10-15,True
DNR-03314,ORG-HUM-01,Jennifer,Owens,synthetic.dnr-03314@demo-causefleet.org,555-0198,153 Adams Viaduct,West Karenland,OK,08966,Individual,Under 100,,False,2021-10-08,True
DNR-03315,ORG-HUM-01,Melissa,Willis,synthetic.dnr-03315@demo-causefleet.org,555-0174,985 Meghan Orchard Suite 261,Davidmouth,ME,04229,Individual,Under 100,,False,2023-12-10,True
DNR-03316,ORG-HUM-01,Christopher,Jackson,synthetic.dnr-03316@demo-causefleet.org,555-0129,589 Debra Burgs,North Juliastad,NV,90087,Individual,100-999,,False,2022-09-13,True
DNR-03317,ORG-HUM-01,Regina,Hawkins,synthetic.dnr-03317@demo-causefleet.org,555-0154,04924 Johnson Trace,Port Tabithaside,SC,47525,Individual,Under 100,,False,2022-08-12,True
DNR-03318,ORG-HUM-01,Diana,Andrews,synthetic.dnr-03318@demo-causefleet.org,555-0113,63150 Alan Mews Suite 704,Lake Belinda,GU,90570,Individual,Under 100,,False,2022-07-16,True
DNR-03319,ORG-HUM-01,Andrew,Lewis,synthetic.dnr-03319@demo-causefleet.org,555-0171,064 Julie Pines Apt. 359,Lindseyhaven,PW,64101,Individual,Under 100,,False,2023-05-12,True
DNR-03320,ORG-HUM-01,Cindy,Miller,synthetic.dnr-03320@demo-causefleet.org,555-0123,8412 Edgar Haven Suite 059,Port Vincent,VT,51864,Individual,100-999,,False,2023-02-21,True
DNR-03321,ORG-HUM-01,Douglas,Cook,synthetic.dnr-03321@demo-causefleet.org,555-0147,3611 Meghan Path Suite 057,Port Ryanhaven,KY,65708,Individual,Under 100,,False,2022-01-18,True
DNR-03322,ORG-HUM-01,Sabrina,Gordon,synthetic.dnr-03322@demo-causefleet.org,555-0163,096 Jenkins Grove,Berryview,NY,32588,Individual,Under 100,,False,2024-08-04,True
DNR-03323,ORG-HUM-01,Latasha,Berg,synthetic.dnr-03323@demo-causefleet.org,555-0120,0166 Spencer Trace Suite 778,Jerryberg,ME,81517,Individual,100-999,,False,2025-09-05,True
DNR-03324,ORG-HUM-01,Matthew,Lewis,synthetic.dnr-03324@demo-causefleet.org,555-0124,36199 David Street,East Kristenfurt,DE,83388,Individual,Under 100,,False,2023-05-15,True
DNR-03325,ORG-HUM-01,Samuel,May,synthetic.dnr-03325@demo-causefleet.org,555-0128,36837 Emily Mission Apt. 718,Morrisside,AK,60283,Individual,100-999,,False,2023-01-09,True
DNR-03326,ORG-HUM-01,Richard,Wilson,synthetic.dnr-03326@demo-causefleet.org,555-0154,46545 Stewart Loaf,Lake Paul,WV,27994,Individual,Under 100,,False,2022-08-25,True
DNR-03327,ORG-HUM-01,Theresa,Arnold,synthetic.dnr-03327@demo-causefleet.org,555-0149,92223 Rebecca Throughway,North Brian,NM,78419,Individual,100-999,,False,2023-02-09,True
DNR-03328,ORG-HUM-01,Tammy,Dunn,synthetic.dnr-03328@demo-causefleet.org,555-0153,48793 Sharp Throughway,East Jessemouth,WI,59136,Individual,100-999,,False,2024-08-30,True
DNR-03329,ORG-HUM-01,Ashley,Huynh,synthetic.dnr-03329@demo-causefleet.org,555-0168,775 Christopher Rapid,New Marissa,RI,17512,Individual,Under 100,,False,2025-01-10,True
DNR-03330,ORG-HUM-01,Pamela,Jones,synthetic.dnr-03330@demo-causefleet.org,555-0136,0457 Reeves Shore,Brandonfort,VT,39390,Individual,100-999,,False,2024-02-06,True
DNR-03331,ORG-HUM-01,Christian,Schmitt,synthetic.dnr-03331@demo-causefleet.org,555-0176,282 Morgan Loop,Goodmanbury,ND,19870,Individual,Under 100,,False,2024-01-09,True
DNR-03332,ORG-HUM-01,Ann,Miller,synthetic.dnr-03332@demo-causefleet.org,555-0171,033 Maria Mews,Burgessborough,UT,53530,Individual,"1,000-$9,999",,False,2024-10-06,True
DNR-03333,ORG-HUM-01,Jennifer,Brown,synthetic.dnr-03333@demo-causefleet.org,555-0154,619 Mcclure Manor Apt. 581,Lake Charlesfurt,UT,80395,Individual,Under 100,,False,2021-09-20,True
DNR-03334,ORG-HUM-01,Doris,Hernandez,synthetic.dnr-03334@demo-causefleet.org,555-0170,31978 Reeves Pike,Lake Debra,AZ,08922,Individual,100-999,,False,2024-01-10,True
DNR-03335,ORG-HUM-01,Benjamin,Frazier,synthetic.dnr-03335@demo-causefleet.org,555-0122,72322 Evans Streets,Stoneton,CO,82405,Foundation,Under 100,,False,2025-05-06,True
DNR-03336,ORG-HUM-01,Kyle,Martinez,synthetic.dnr-03336@demo-causefleet.org,555-0166,4425 Todd Dam,Carlyport,CO,65503,Individual,"1,000-$9,999",,False,2025-04-10,True
DNR-03337,ORG-HUM-01,Ana,Alvarez,synthetic.dnr-03337@demo-causefleet.org,555-0199,23928 Christopher Rapids Apt. 571,North Kellybury,WA,78195,Foundation,Under 100,,False,2023-08-03,True
DNR-03338,ORG-HUM-01,Belinda,Patrick,synthetic.dnr-03338@demo-causefleet.org,555-0167,1024 Michael Islands,Harriston,PW,49855,Individual,"1,000-$9,999",,False,2023-05-05,True
DNR-03339,ORG-HUM-01,Rodney,Castro,synthetic.dnr-03339@demo-causefleet.org,555-0150,87768 Miller Mountains Suite 872,Martineztown,ME,22801,Individual,"1,000-$9,999",,False,2024-09-20,True
DNR-03340,ORG-HUM-01,Travis,Mcguire,synthetic.dnr-03340@demo-causefleet.org,555-0118,14100 Maurice Ramp,East Brandon,MI,13173,Individual,Under 100,,False,2024-09-29,True
DNR-03341,ORG-HUM-01,Robert,Martin,synthetic.dnr-03341@demo-causefleet.org,555-0148,52880 Kyle Mall Apt. 546,West Meganhaven,ME,84808,Foundation,100-999,,False,2021-12-01,True
DNR-03342,ORG-HUM-01,Joy,Barrett,synthetic.dnr-03342@demo-causefleet.org,555-0115,0420 Mendoza Villages,New Mariaside,ND,58334,Individual,"10,000-99,999",,False,2024-03-15,True
DNR-03343,ORG-HUM-01,David,Walker,synthetic.dnr-03343@demo-causefleet.org,555-0124,844 Jesse Springs,West Andrea,AR,23439,Individual,Under 100,,False,2022-11-07,True
DNR-03344,ORG-HUM-01,Charles,Lewis,synthetic.dnr-03344@demo-causefleet.org,555-0112,02335 James Unions Apt. 627,Elizabethstad,NJ,07486,Individual,Under 100,,False,2024-05-17,True
DNR-03345,ORG-HUM-01,Sheila,Baxter,synthetic.dnr-03345@demo-causefleet.org,555-0153,86041 Garcia Fork,Marybury,AS,93992,Individual,Under 100,,False,2025-04-16,True
DNR-03346,ORG-HUM-01,Renee,Espinoza,synthetic.dnr-03346@demo-causefleet.org,555-0192,5574 Sims Stream,East Veronica,AR,36182,Individual,Under 100,,False,2022-09-25,True
DNR-03347,ORG-HUM-01,Jay,Hobbs,synthetic.dnr-03347@demo-causefleet.org,555-0123,181 Bates Keys Apt. 506,New Edwin,MP,70674,Individual,Under 100,,False,2024-12-14,True
DNR-03348,ORG-HUM-01,Jessica,Carlson,synthetic.dnr-03348@demo-causefleet.org,555-0196,194 Scott Flat Apt. 312,Lake Alyssa,WA,46749,Individual,Under 100,,False,2024-04-16,True
DNR-03349,ORG-HUM-01,Kimberly,Peterson,synthetic.dnr-03349@demo-causefleet.org,555-0131,20805 Amy Hills,Mckayshire,FM,91726,Individual,Under 100,,False,2022-11-15,True
DNR-03350,ORG-HUM-01,Brooke,Jones,synthetic.dnr-03350@demo-causefleet.org,555-0141,465 Amy Springs,Natalieville,KS,57486,Individual,Under 100,,False,2022-01-29,True
DNR-03351,ORG-HUM-01,Gary,Wilson,synthetic.dnr-03351@demo-causefleet.org,555-0176,79834 Adam View Suite 160,Lake Anthonybury,WI,14890,Individual,Under 100,,False,2021-11-27,True
DNR-03352,ORG-HUM-01,Scott,Allen,synthetic.dnr-03352@demo-causefleet.org,555-0132,21553 Melissa Turnpike Suite 531,Hendrixberg,GU,72107,Individual,100-999,,False,2025-02-12,True
DNR-03353,ORG-HUM-01,Laura,Mcconnell,synthetic.dnr-03353@demo-causefleet.org,555-0180,0002 Berry Park,Melissaland,ND,30381,Foundation,100-999,,False,2023-01-16,True
DNR-03354,ORG-HUM-01,Danielle,Lopez,synthetic.dnr-03354@demo-causefleet.org,555-0130,408 Watson Rue Suite 842,West Christopher,OH,88792,Individual,Under 100,,False,2022-11-27,True
DNR-03355,ORG-HUM-01,Mary,Ballard,synthetic.dnr-03355@demo-causefleet.org,555-0152,14928 Jones Stravenue Apt. 447,Santosburgh,NM,84725,Individual,100-999,,False,2021-07-31,True
DNR-03356,ORG-HUM-01,Cheryl,Franco,synthetic.dnr-03356@demo-causefleet.org,555-0181,205 Poole Village,Joycemouth,AL,33401,Individual,100-999,,False,2024-02-09,True
DNR-03357,ORG-HUM-01,Michelle,Lopez,synthetic.dnr-03357@demo-causefleet.org,555-0164,43494 Michael Port,Lake Paul,NJ,38868,Individual,"1,000-$9,999",,False,2024-12-08,True
DNR-03358,ORG-HUM-01,John,Vasquez,synthetic.dnr-03358@demo-causefleet.org,555-0169,40290 Tina Causeway,Port Gloriatown,IN,80091,Individual,Under 100,,False,2022-09-04,True
DNR-03359,ORG-HUM-01,Darren,Evans,synthetic.dnr-03359@demo-causefleet.org,555-0139,5978 Jackson Walk Suite 348,Jodiport,IN,08280,Individual,Under 100,,False,2021-10-22,True
DNR-03360,ORG-HUM-01,Kevin,Green,synthetic.dnr-03360@demo-causefleet.org,555-0161,5082 Angela Pines Apt. 613,Delgadoshire,FM,43373,Individual,"1,000-$9,999",,False,2022-11-11,True
DNR-03361,ORG-HUM-01,Amanda,Mejia,synthetic.dnr-03361@demo-causefleet.org,555-0190,27146 Michael Hill Apt. 846,Lewisside,NV,23728,Individual,"1,000-$9,999",,False,2024-05-18,True
DNR-03362,ORG-HUM-01,Susan,Jackson,synthetic.dnr-03362@demo-causefleet.org,555-0133,27049 Allen Dam,Rasmussenport,AK,21469,Individual,100-999,,False,2021-08-23,True
DNR-03363,ORG-HUM-01,Matthew,Morris,synthetic.dnr-03363@demo-causefleet.org,555-0133,5802 Jennifer Gateway,North Williamhaven,MI,85397,Individual,100-999,,False,2023-01-23,True
DNR-03364,ORG-HUM-01,Amanda,Johnson,synthetic.dnr-03364@demo-causefleet.org,555-0191,143 Thomas Oval Suite 909,Dianefort,CO,70512,Individual,Under 100,,False,2022-08-17,True
DNR-03365,ORG-HUM-01,Renee,Waters,synthetic.dnr-03365@demo-causefleet.org,555-0194,324 Richard Cliffs,Taraville,IN,28892,Foundation,Under 100,,False,2025-03-05,True
DNR-03366,ORG-HUM-01,Samuel,Hogan,synthetic.dnr-03366@demo-causefleet.org,555-0165,0255 Fischer Terrace,Leeside,DE,35253,Individual,Under 100,,False,2022-12-08,True
DNR-03367,ORG-HUM-01,Natalie,Gomez,synthetic.dnr-03367@demo-causefleet.org,555-0160,180 Herman Port Apt. 239,Gutierrezberg,ND,83631,Individual,Under 100,,False,2021-11-29,True
DNR-03368,ORG-HUM-01,Daniel,Green,synthetic.dnr-03368@demo-causefleet.org,555-0113,274 Sandoval Harbor,Robertshire,SD,99278,Individual,100-999,,False,2022-12-31,True
DNR-03369,ORG-HUM-01,Wendy,Smith,synthetic.dnr-03369@demo-causefleet.org,555-0188,37364 Nathaniel Fort Suite 121,Phillipton,NM,08371,Individual,Under 100,,False,2024-01-13,True
DNR-03370,ORG-HUM-01,Brian,Archer,synthetic.dnr-03370@demo-causefleet.org,555-0135,42863 John Causeway,South Michael,MD,65665,Individual,Under 100,,False,2024-03-24,True
DNR-03371,ORG-HUM-01,Joseph,Carter,synthetic.dnr-03371@demo-causefleet.org,555-0167,6735 Cory Brook,West Brandon,PW,67029,Individual,"1,000-$9,999",,False,2022-08-20,True
DNR-03372,ORG-HUM-01,Linda,Deleon,synthetic.dnr-03372@demo-causefleet.org,555-0185,934 Ramirez Valley,West Jeffery,VT,44536,Individual,Under 100,,False,2023-12-25,True
DNR-03373,ORG-HUM-01,Frank,Garcia,synthetic.dnr-03373@demo-causefleet.org,555-0164,2626 Bruce Pine Apt. 670,East Ryanshire,CO,54552,Individual,"10,000-99,999",,False,2025-03-05,True
DNR-03374,ORG-HUM-01,Jeffery,Conner,synthetic.dnr-03374@demo-causefleet.org,555-0159,775 Shepherd Hills,Tommyburgh,AK,37210,Individual,"10,000-99,999",,False,2023-02-04,True
DNR-03375,ORG-HUM-01,Patricia,Mccann,synthetic.dnr-03375@demo-causefleet.org,555-0110,697 Heather Dam Suite 624,New Robert,MH,07055,Individual,Under 100,,False,2022-11-23,True
DNR-03376,ORG-HUM-01,Jeffrey,Johnson,synthetic.dnr-03376@demo-causefleet.org,555-0137,823 Danielle View Apt. 787,Lake Courtney,VI,55385,Individual,Under 100,,False,2024-09-05,True
DNR-03377,ORG-HUM-01,Jacob,Rodriguez,synthetic.dnr-03377@demo-causefleet.org,555-0136,162 Day Wall Suite 735,North Michaelmouth,IL,39676,Individual,Under 100,,False,2022-05-16,True
DNR-03378,ORG-HUM-01,Rachel,Mills,synthetic.dnr-03378@demo-causefleet.org,555-0145,94794 Todd Track,New Jim,SD,52756,Individual,Under 100,,False,2022-09-19,True
DNR-03379,ORG-HUM-01,Sarah,Curtis,synthetic.dnr-03379@demo-causefleet.org,555-0118,2908 Berry Curve Suite 863,Oconnorfort,NV,56557,Individual,Under 100,,False,2024-10-10,True
DNR-03380,ORG-HUM-01,Nicholas,Hall,synthetic.dnr-03380@demo-causefleet.org,555-0183,73600 Ward Branch Suite 084,Lake Jameshaven,IN,66103,Individual,Under 100,,False,2022-06-01,True
DNR-03381,ORG-HUM-01,Connor,Stevens,synthetic.dnr-03381@demo-causefleet.org,555-0123,207 Tricia Orchard,Martinezhaven,HI,49479,Individual,"10,000-99,999",,False,2023-11-26,True
DNR-03382,ORG-HUM-01,Casey,Simmons,synthetic.dnr-03382@demo-causefleet.org,555-0178,80280 George Fall,Kellyfurt,NE,11431,Individual,Under 100,,False,2023-03-18,True
DNR-03383,ORG-HUM-01,Robert,Davis,synthetic.dnr-03383@demo-causefleet.org,555-0133,666 Melinda Knoll Suite 043,East Karen,HI,26415,Individual,100-999,,False,2025-08-18,True
DNR-03384,ORG-HUM-01,Emily,Boyd,synthetic.dnr-03384@demo-causefleet.org,555-0156,912 Wu Club,Sullivanview,OK,73614,Individual,Under 100,,False,2025-09-08,True
DNR-03385,ORG-HUM-01,Sean,Macias,synthetic.dnr-03385@demo-causefleet.org,555-0151,3598 Bean Springs,Johnsonmouth,ME,61904,Individual,Under 100,,False,2022-12-31,True
DNR-03386,ORG-HUM-01,Karen,Anderson,synthetic.dnr-03386@demo-causefleet.org,555-0135,5296 Love View Suite 718,Lake Rubenside,AZ,64741,Individual,"1,000-$9,999",,False,2022-01-31,True
DNR-03387,ORG-HUM-01,Jennifer,Barber,synthetic.dnr-03387@demo-causefleet.org,555-0168,17977 Reyes Skyway,North Haroldtown,AK,85481,Individual,Under 100,,False,2022-06-03,True
DNR-03388,ORG-HUM-01,Haley,Jordan,synthetic.dnr-03388@demo-causefleet.org,555-0124,82235 White Burgs,Craigview,MA,86303,Individual,Under 100,,False,2025-05-26,True
DNR-03389,ORG-HUM-01,Jacob,Garrett,synthetic.dnr-03389@demo-causefleet.org,555-0143,025 Cooke Rue,New Johnnyland,FM,25299,Individual,100-999,,False,2024-06-19,True
DNR-03390,ORG-HUM-01,Richard,Green,synthetic.dnr-03390@demo-causefleet.org,555-0195,5176 Perry Ridges,South Kevin,PA,42912,Individual,100-999,,False,2023-11-19,True
DNR-03391,ORG-HUM-01,Carol,Golden,synthetic.dnr-03391@demo-causefleet.org,555-0172,89757 Brian Stream Apt. 143,South Craigbury,AS,23745,Individual,100-999,,False,2021-07-12,True
DNR-03392,ORG-HUM-01,Stacey,Pugh,synthetic.dnr-03392@demo-causefleet.org,555-0177,0990 Harper Stream Apt. 892,Port Megan,CA,08348,Foundation,Under 100,,False,2023-08-17,True
DNR-03393,ORG-HUM-01,Beth,Simpson,synthetic.dnr-03393@demo-causefleet.org,555-0191,64689 Nancy Lights,Robertsonside,AK,25323,Foundation,Under 100,,False,2022-07-14,True
DNR-03394,ORG-HUM-01,Douglas,Pham,synthetic.dnr-03394@demo-causefleet.org,555-0150,053 Cook Stravenue Suite 342,Davidsonton,IN,74998,Individual,"1,000-$9,999",,False,2024-01-04,True
DNR-03395,ORG-HUM-01,Steven,Gill,synthetic.dnr-03395@demo-causefleet.org,555-0186,38004 Jonathan Via Apt. 269,Cynthiaville,WY,01544,Foundation,"1,000-$9,999",,False,2024-08-21,True
DNR-03396,ORG-HUM-01,Kathy,Hahn,synthetic.dnr-03396@demo-causefleet.org,555-0159,08658 Thompson Square,East Jordan,NM,69166,Corporation,Under 100,,False,2024-12-23,True
DNR-03397,ORG-HUM-01,Jeremy,Trevino,synthetic.dnr-03397@demo-causefleet.org,555-0188,47467 Hodge Oval,East Jacqueline,CO,93336,Individual,100-999,,False,2021-09-15,True
DNR-03398,ORG-HUM-01,Daniel,Andrade,synthetic.dnr-03398@demo-causefleet.org,555-0160,3124 Edward Stream,Armstrongberg,KS,62590,Individual,Under 100,,False,2024-02-20,True
DNR-03399,ORG-HUM-01,Isabella,Ewing,synthetic.dnr-03399@demo-causefleet.org,555-0185,0353 Benjamin Isle Suite 841,Mooreborough,KY,07811,Individual,Under 100,,False,2024-12-04,True
DNR-03400,ORG-HUM-01,Mary,Henry,synthetic.dnr-03400@demo-causefleet.org,555-0124,1326 Jennifer Avenue Apt. 508,East Christina,ID,06376,Individual,Under 100,,False,2023-02-09,True
DNR-03401,ORG-HUM-01,Duane,Hubbard,synthetic.dnr-03401@demo-causefleet.org,555-0154,0450 Deborah Passage,Bonillafort,GA,81689,Individual,Under 100,,False,2023-12-22,True
DNR-03402,ORG-HUM-01,Austin,Taylor,synthetic.dnr-03402@demo-causefleet.org,555-0155,45129 Mckenzie Ridges Suite 285,Amyfort,RI,94961,Individual,Under 100,,False,2022-09-16,True
DNR-03403,ORG-HUM-01,Nicolas,Golden,synthetic.dnr-03403@demo-causefleet.org,555-0168,8634 Ochoa Tunnel,Jenniferville,DC,69955,Corporation,Under 100,,False,2022-06-19,True
DNR-03404,ORG-HUM-01,Victoria,Michael,synthetic.dnr-03404@demo-causefleet.org,555-0189,2110 Lewis Locks Apt. 566,Lovemouth,RI,58648,Individual,Under 100,,False,2025-01-21,True
DNR-03405,ORG-HUM-01,Jason,Jones,synthetic.dnr-03405@demo-causefleet.org,555-0132,288 Alan Extension,New Crystal,MD,82637,Individual,100-999,,False,2024-09-07,True
DNR-03406,ORG-HUM-01,Shannon,Ross,synthetic.dnr-03406@demo-causefleet.org,555-0196,5085 Green Path Suite 980,Berryport,IA,76460,Individual,100-999,,False,2022-03-14,True
DNR-03407,ORG-HUM-01,Thomas,Rice,synthetic.dnr-03407@demo-causefleet.org,555-0148,844 Randall Drive Suite 909,Caitlinton,MI,89573,Individual,100-999,,False,2024-10-24,True
DNR-03408,ORG-HUM-01,Daniel,Knight,synthetic.dnr-03408@demo-causefleet.org,555-0188,07773 Amanda Parkway,West Jerryburgh,OR,29390,Corporation,"1,000-$9,999",,False,2024-03-16,True
DNR-03409,ORG-HUM-01,Stephanie,Salinas,synthetic.dnr-03409@demo-causefleet.org,555-0185,0529 Lane Knoll Apt. 841,Port Heather,OR,83351,Individual,Under 100,,False,2022-04-24,True
DNR-03410,ORG-HUM-01,Jeffrey,Brooks,synthetic.dnr-03410@demo-causefleet.org,555-0120,58884 Kevin Common,Thompsonview,HI,18475,Individual,Under 100,,False,2021-11-12,True
DNR-03411,ORG-HUM-01,Emily,Rodriguez,synthetic.dnr-03411@demo-causefleet.org,555-0196,4485 Dustin Hills Suite 101,Collierland,FM,00963,Individual,100-999,,False,2021-11-01,True
DNR-03412,ORG-HUM-01,John,Olson,synthetic.dnr-03412@demo-causefleet.org,555-0127,09514 Smith Field Suite 204,East Cynthiaport,AL,37696,Individual,Under 100,,False,2023-07-24,True
DNR-03413,ORG-HUM-01,Andrew,Moore,synthetic.dnr-03413@demo-causefleet.org,555-0150,563 Gonzalez Cliff Suite 550,East Carolview,IA,11369,Individual,Under 100,,False,2022-09-24,True
DNR-03414,ORG-HUM-01,Allison,Graham,synthetic.dnr-03414@demo-causefleet.org,555-0125,7756 Ross Ridge Apt. 633,North Ashley,NC,98026,Individual,Under 100,,False,2025-05-15,True
DNR-03415,ORG-HUM-01,William,Gomez,synthetic.dnr-03415@demo-causefleet.org,555-0140,990 Potts Via,North Katelynfurt,DE,68024,Individual,"1,000-$9,999",,False,2021-10-28,True
DNR-03416,ORG-HUM-01,Sylvia,Bowers,synthetic.dnr-03416@demo-causefleet.org,555-0149,3924 Murray Tunnel,North Kevin,UT,51372,Individual,Under 100,,False,2023-06-14,True
DNR-03417,ORG-HUM-01,Matthew,Johnson,synthetic.dnr-03417@demo-causefleet.org,555-0124,24396 York Stravenue,Terrimouth,TX,64808,Individual,100-999,,False,2022-08-18,True
DNR-03418,ORG-HUM-01,Eddie,Vasquez,synthetic.dnr-03418@demo-causefleet.org,555-0133,292 John Dam Suite 061,Jenningsport,MO,03134,Individual,Under 100,,False,2022-05-04,True
DNR-03419,ORG-HUM-01,Brianna,Pruitt,synthetic.dnr-03419@demo-causefleet.org,555-0157,5056 Wade Expressway Suite 169,East Joshuabury,SC,68964,Individual,100-999,,False,2022-12-19,True
DNR-03420,ORG-HUM-01,Chad,Hubbard,synthetic.dnr-03420@demo-causefleet.org,555-0198,56219 Nelson Mews,West Jessicaton,ME,19786,Individual,100-999,,False,2024-05-04,True
DNR-03421,ORG-HUM-01,Keith,Schwartz,synthetic.dnr-03421@demo-causefleet.org,555-0128,6261 Brown Lodge Suite 300,Martinmouth,MH,52064,Individual,100-999,,False,2022-07-27,True
DNR-03422,ORG-HUM-01,Teresa,Smith,synthetic.dnr-03422@demo-causefleet.org,555-0175,313 Sherman Fords Suite 476,Mcguirebury,NM,62420,Individual,Under 100,,False,2025-04-14,True
DNR-03423,ORG-HUM-01,Rhonda,Lopez,synthetic.dnr-03423@demo-causefleet.org,555-0159,2784 Gregory Plain,Bowmanville,DC,99338,Individual,Under 100,,False,2024-07-27,True
DNR-03424,ORG-HUM-01,Duane,Hester,synthetic.dnr-03424@demo-causefleet.org,555-0163,9987 Lynch Rapid,Donnahaven,CA,76893,Individual,100-999,,False,2024-08-09,True
DNR-03425,ORG-HUM-01,Melissa,Russell,synthetic.dnr-03425@demo-causefleet.org,555-0186,75610 Durham Points,Kennedyborough,FL,42918,Individual,Under 100,,False,2022-10-07,True
DNR-03426,ORG-HUM-01,Sharon,Gordon,synthetic.dnr-03426@demo-causefleet.org,555-0127,106 Joshua Club Suite 569,Lake Melissa,UT,70685,Individual,Under 100,,False,2024-11-04,True
DNR-03427,ORG-HUM-01,Patricia,Jones,synthetic.dnr-03427@demo-causefleet.org,555-0183,54152 Jessica Parkway,Gilmoreport,NH,63869,Individual,Under 100,,False,2024-08-14,True
DNR-03428,ORG-HUM-01,Robert,Perkins,synthetic.dnr-03428@demo-causefleet.org,555-0159,23362 Gay Locks,Kaylaside,CA,27819,Individual,"1,000-$9,999",,False,2021-06-13,True
DNR-03429,ORG-HUM-01,Amber,Rivera,synthetic.dnr-03429@demo-causefleet.org,555-0164,235 Huffman Lakes Apt. 290,Michaelshire,AS,54973,Individual,Under 100,,False,2024-12-08,True
DNR-03430,ORG-HUM-01,Andrea,Combs,synthetic.dnr-03430@demo-causefleet.org,555-0133,40500 Carey Turnpike Apt. 066,Smithside,NY,06303,Individual,100-999,,False,2022-05-13,True
DNR-03431,ORG-HUM-01,Ashley,Davidson,synthetic.dnr-03431@demo-causefleet.org,555-0172,815 Frank Landing,Brownville,CT,54464,Individual,Under 100,,False,2023-12-04,True
DNR-03432,ORG-HUM-01,Peter,Arellano,synthetic.dnr-03432@demo-causefleet.org,555-0191,89281 Mendez Rest,Barrchester,VI,86630,Corporation,Under 100,,False,2023-10-08,True
DNR-03433,ORG-HUM-01,Melissa,Serrano,synthetic.dnr-03433@demo-causefleet.org,555-0178,154 Tammy Unions Apt. 153,East Stacy,MS,84299,Individual,100-999,,False,2023-12-21,True
DNR-03434,ORG-HUM-01,Kevin,Garza,synthetic.dnr-03434@demo-causefleet.org,555-0198,4303 Day Meadows Suite 845,Hamiltonland,CT,43635,Individual,Under 100,,False,2025-02-03,True
DNR-03435,ORG-HUM-01,Raymond,Brewer,synthetic.dnr-03435@demo-causefleet.org,555-0192,96405 Dixon Vista Suite 601,Cantuburgh,TX,82126,Individual,Under 100,,False,2025-06-17,True
DNR-03436,ORG-HUM-01,Cody,Gates,synthetic.dnr-03436@demo-causefleet.org,555-0132,07480 Stephen Parks Apt. 730,Port Brianachester,RI,77136,Individual,100-999,,False,2023-01-24,True
DNR-03437,ORG-HUM-01,Mary,Pope,synthetic.dnr-03437@demo-causefleet.org,555-0181,74565 Lee Plaza,Hartport,MP,30167,Individual,100-999,,False,2022-09-26,True
DNR-03438,ORG-HUM-01,Andrew,Myers,synthetic.dnr-03438@demo-causefleet.org,555-0131,45795 Valentine Valleys Suite 381,Cynthiamouth,OK,78570,Individual,Under 100,,False,2024-05-26,True
DNR-03439,ORG-HUM-01,Dawn,Moreno,synthetic.dnr-03439@demo-causefleet.org,555-0172,1302 Melissa Tunnel Suite 639,South Jenniferport,WI,79429,Foundation,"1,000-$9,999",,False,2025-09-15,True
DNR-03440,ORG-HUM-01,Teresa,Short,synthetic.dnr-03440@demo-causefleet.org,555-0146,8765 Phillips Walks Suite 181,Kellybury,KY,05607,Foundation,100-999,,False,2023-07-31,True
DNR-03441,ORG-HUM-01,Daniel,Schultz,synthetic.dnr-03441@demo-causefleet.org,555-0127,511 Stewart Forge Suite 406,East Davidshire,CT,50682,Individual,"1,000-$9,999",,False,2023-12-07,True
DNR-03442,ORG-HUM-01,Michelle,Hamilton,synthetic.dnr-03442@demo-causefleet.org,555-0133,672 French Parkways Apt. 322,Nielsenfort,ID,09037,Individual,Under 100,,False,2024-12-09,True
DNR-03443,ORG-HUM-01,Laura,Thompson,synthetic.dnr-03443@demo-causefleet.org,555-0150,9812 Bradley Mountains,Mooremouth,DE,49058,Individual,Under 100,,False,2023-11-11,True
DNR-03444,ORG-HUM-01,Brenda,Little,synthetic.dnr-03444@demo-causefleet.org,555-0167,12983 Jennings Highway Apt. 646,South Ginastad,AZ,00652,Corporation,"1,000-$9,999",,False,2025-08-06,True
DNR-03445,ORG-HUM-01,Heather,Long,synthetic.dnr-03445@demo-causefleet.org,555-0189,530 Jorge Landing,Nealhaven,FM,52939,Corporation,"1,000-$9,999",,False,2023-04-15,True
DNR-03446,ORG-HUM-01,Lauren,Montgomery,synthetic.dnr-03446@demo-causefleet.org,555-0116,20065 Lucas Inlet,West Josephton,CO,67033,Individual,Under 100,,False,2023-09-24,True
DNR-03447,ORG-HUM-01,Aaron,Gillespie,synthetic.dnr-03447@demo-causefleet.org,555-0155,68721 Johnson Village,Butlerfort,SD,04108,Individual,Under 100,,False,2024-04-08,True
DNR-03448,ORG-HUM-01,Linda,Vance,synthetic.dnr-03448@demo-causefleet.org,555-0111,9621 Stephanie Orchard,East Joeview,MS,91788,Individual,Under 100,,False,2025-07-28,True
DNR-03449,ORG-HUM-01,Jeremy,Khan,synthetic.dnr-03449@demo-causefleet.org,555-0172,980 Richard Mall Suite 813,Lindseyburgh,GA,20570,Individual,Under 100,,False,2022-11-25,True
DNR-03450,ORG-HUM-01,Michelle,Johnson,synthetic.dnr-03450@demo-causefleet.org,555-0127,02130 Johnson Ports Suite 399,Toddborough,MH,39122,Individual,Under 100,,False,2025-07-28,True
DNR-03451,ORG-HUM-01,Charles,Adams,synthetic.dnr-03451@demo-causefleet.org,555-0134,824 Turner Streets,Knightport,IL,41231,Individual,Under 100,,False,2023-09-17,True
DNR-03452,ORG-HUM-01,Lauren,Lambert,synthetic.dnr-03452@demo-causefleet.org,555-0159,6661 Lopez Forges Apt. 392,Alejandroshire,NJ,50907,Individual,100-999,,False,2022-10-07,True
DNR-03453,ORG-HUM-01,Kathryn,Taylor,synthetic.dnr-03453@demo-causefleet.org,555-0181,5808 Hernandez Skyway,Gregorymouth,TN,10422,Individual,Under 100,,False,2021-10-08,True
DNR-03454,ORG-HUM-01,Christine,Kirk,synthetic.dnr-03454@demo-causefleet.org,555-0174,090 Peterson Pass,South Elizabethfort,MP,24962,Individual,100-999,,False,2024-07-29,True
DNR-03455,ORG-HUM-01,Christopher,Mcmahon,synthetic.dnr-03455@demo-causefleet.org,555-0193,2018 Willis Trail,Ernestbury,DE,10751,Foundation,Under 100,,False,2024-01-08,True
DNR-03456,ORG-HUM-01,Samuel,Long,synthetic.dnr-03456@demo-causefleet.org,555-0173,2241 William Isle Apt. 384,North Codyshire,MI,76651,Individual,Under 100,,False,2024-09-23,True
DNR-03457,ORG-HUM-01,Courtney,Lopez,synthetic.dnr-03457@demo-causefleet.org,555-0162,9244 Johnson Summit,Reynoldsland,PR,45799,Individual,Under 100,,False,2025-09-15,True
DNR-03458,ORG-HUM-01,Gregory,Anderson,synthetic.dnr-03458@demo-causefleet.org,555-0197,764 Jones Field,West Linda,MA,90763,Individual,Under 100,,False,2023-11-26,True
DNR-03459,ORG-HUM-01,Kenneth,Thompson,synthetic.dnr-03459@demo-causefleet.org,555-0172,72456 Kimberly Club,North Alison,AZ,72905,Individual,100-999,,False,2023-12-18,True
DNR-03460,ORG-HUM-01,Lindsey,Hayes,synthetic.dnr-03460@demo-causefleet.org,555-0163,713 Walker Path,Scottborough,FL,35253,Individual,"1,000-$9,999",,False,2023-03-18,True
DNR-03461,ORG-HUM-01,Brian,Macdonald,synthetic.dnr-03461@demo-causefleet.org,555-0166,0365 Carpenter Island Suite 072,Wilkinsonshire,GA,79321,Individual,Under 100,,False,2022-02-01,True
DNR-03462,ORG-HUM-01,Jose,Jordan,synthetic.dnr-03462@demo-causefleet.org,555-0172,72137 Herbert Meadows,South Tracyfurt,PW,90984,Individual,Under 100,,False,2021-06-03,True
DNR-03463,ORG-HUM-01,Lisa,Brown,synthetic.dnr-03463@demo-causefleet.org,555-0131,410 Robert Court,New Jamieside,IL,24964,Individual,Under 100,,False,2023-06-22,True
DNR-03464,ORG-HUM-01,Kristen,Gillespie,synthetic.dnr-03464@demo-causefleet.org,555-0120,3193 Bridges Tunnel,Lauriebury,CO,89278,Individual,100-999,,False,2021-06-30,True
DNR-03465,ORG-HUM-01,Nicole,Wheeler,synthetic.dnr-03465@demo-causefleet.org,555-0182,73139 Thomas Plains,Velasquezhaven,NV,60966,Individual,100-999,,False,2021-09-17,True
DNR-03466,ORG-HUM-01,Robin,Dudley,synthetic.dnr-03466@demo-causefleet.org,555-0113,2387 Gordon Brooks,North Joycefort,GU,88850,Individual,Under 100,,False,2021-09-24,True
DNR-03467,ORG-HUM-01,Christina,Campbell,synthetic.dnr-03467@demo-causefleet.org,555-0138,0978 Hernandez Gardens Apt. 385,Stacybury,DE,94222,Individual,100-999,,False,2024-08-12,True
DNR-03468,ORG-HUM-01,Deborah,Wright,synthetic.dnr-03468@demo-causefleet.org,555-0147,195 Campbell Extension Apt. 344,East Nathanside,SD,66858,Individual,100-999,,False,2023-05-31,True
DNR-03469,ORG-HUM-01,Laura,Rocha,synthetic.dnr-03469@demo-causefleet.org,555-0114,892 Scott Alley,Hillmouth,IA,11012,Individual,Under 100,,False,2025-07-20,True
DNR-03470,ORG-HUM-01,Mary,Hartman,synthetic.dnr-03470@demo-causefleet.org,555-0145,6087 Madison Junction Suite 777,Joelhaven,WV,72197,Individual,Under 100,,False,2022-11-20,True
DNR-03471,ORG-HUM-01,Shannon,Graham,synthetic.dnr-03471@demo-causefleet.org,555-0138,3247 Lindsey Stravenue,North Melanieville,WY,56484,Individual,"1,000-$9,999",,False,2021-12-05,True
DNR-03472,ORG-HUM-01,Terri,Meyer,synthetic.dnr-03472@demo-causefleet.org,555-0178,4693 Robert Square Apt. 516,Christinatown,NM,06682,Individual,100-999,,False,2022-01-26,True
DNR-03473,ORG-HUM-01,Rebecca,Peterson,synthetic.dnr-03473@demo-causefleet.org,555-0146,9230 Neal Manors Apt. 901,Delgadohaven,VI,38955,Individual,Under 100,,False,2024-02-26,True
DNR-03474,ORG-HUM-01,Luke,Adams,synthetic.dnr-03474@demo-causefleet.org,555-0131,1930 Espinoza Run Suite 739,Port Allisonstad,ID,45089,Individual,Under 100,,False,2022-02-15,True
DNR-03475,ORG-HUM-01,Anne,Harris,synthetic.dnr-03475@demo-causefleet.org,555-0168,59513 Jeremy Stravenue Suite 954,East John,KY,54934,Individual,Under 100,,False,2023-09-23,True
DNR-03476,ORG-HUM-01,Michael,Martinez,synthetic.dnr-03476@demo-causefleet.org,555-0182,837 Olson Estate Apt. 439,Chasehaven,NY,72429,Individual,Under 100,,False,2023-11-15,True
DNR-03477,ORG-HUM-01,Donald,Singleton,synthetic.dnr-03477@demo-causefleet.org,555-0173,965 Campbell Knoll Suite 392,Andrewborough,KY,64325,Corporation,100-999,,False,2024-05-10,True
DNR-03478,ORG-HUM-01,Carla,Evans,synthetic.dnr-03478@demo-causefleet.org,555-0180,440 Long Ranch Suite 253,New Jacob,OR,30937,Individual,Under 100,,False,2023-04-16,True
DNR-03479,ORG-HUM-01,Connie,Tran,synthetic.dnr-03479@demo-causefleet.org,555-0175,87213 Jessica Expressway,Lake Anthonystad,NE,82699,Individual,100-999,,False,2021-06-09,True
DNR-03480,ORG-HUM-01,Seth,Mckenzie,synthetic.dnr-03480@demo-causefleet.org,555-0124,616 Charles View,Jonesville,FM,32470,Individual,100-999,,False,2024-03-20,True
DNR-03481,ORG-HUM-01,Kayla,Mcintosh,synthetic.dnr-03481@demo-causefleet.org,555-0183,406 Bautista Bypass Suite 184,West Dawnfort,IA,46924,Individual,Under 100,,False,2025-07-01,True
DNR-03482,ORG-HUM-01,Lindsey,Hunt,synthetic.dnr-03482@demo-causefleet.org,555-0124,741 Walker Expressway Suite 563,South Rickey,PR,87479,Individual,Under 100,,False,2021-07-27,True
DNR-03483,ORG-HUM-01,Lisa,White,synthetic.dnr-03483@demo-causefleet.org,555-0144,17921 Melissa Extensions Apt. 305,North Ericland,RI,02813,Individual,Under 100,,False,2021-06-08,True
DNR-03484,ORG-HUM-01,Danielle,Miller,synthetic.dnr-03484@demo-causefleet.org,555-0179,960 Bennett Gardens Apt. 094,Raymouth,MO,68035,Foundation,100-999,,False,2022-12-09,True
DNR-03485,ORG-HUM-01,Jessica,Gonzalez,synthetic.dnr-03485@demo-causefleet.org,555-0156,5829 Green Villages Apt. 733,North Bobby,VA,01404,Individual,Under 100,,False,2023-09-12,True
DNR-03486,ORG-HUM-01,Cory,Contreras,synthetic.dnr-03486@demo-causefleet.org,555-0179,42530 Regina Roads,New Keithtown,CT,12267,Individual,100-999,,False,2022-08-06,True
DNR-03487,ORG-HUM-01,Maurice,Williams,synthetic.dnr-03487@demo-causefleet.org,555-0115,741 Hughes Mall,Curtismouth,AZ,65197,Individual,100-999,,False,2022-01-02,True
DNR-03488,ORG-HUM-01,Jose,Vaughn,synthetic.dnr-03488@demo-causefleet.org,555-0166,75143 Yu Wall Suite 546,East Edwin,ND,93431,Individual,Under 100,,False,2021-07-29,True
DNR-03489,ORG-HUM-01,Kathryn,Sullivan,synthetic.dnr-03489@demo-causefleet.org,555-0179,97490 Deborah Light,New Jeremyside,CT,48839,Individual,"1,000-$9,999",,False,2022-09-19,True
DNR-03490,ORG-HUM-01,Colin,Hartman,synthetic.dnr-03490@demo-causefleet.org,555-0137,400 Mckay Rapids Suite 560,Paulstad,KY,88362,Individual,"10,000-99,999",,False,2021-11-08,True
DNR-03491,ORG-HUM-01,Michele,Escobar,synthetic.dnr-03491@demo-causefleet.org,555-0164,5561 John Brook Apt. 152,New Anthony,LA,03824,Individual,Under 100,,False,2022-08-05,True
DNR-03492,ORG-HUM-01,Michael,Webb,synthetic.dnr-03492@demo-causefleet.org,555-0123,420 Dylan Coves,Taylorburgh,AZ,78108,Individual,Under 100,,False,2024-02-21,True
DNR-03493,ORG-HUM-01,Jonathan,Lopez,synthetic.dnr-03493@demo-causefleet.org,555-0193,1985 Bryant Passage,Clarkville,TN,94249,Foundation,"1,000-$9,999",,False,2022-09-19,True
DNR-03494,ORG-HUM-01,Sean,Clark,synthetic.dnr-03494@demo-causefleet.org,555-0141,57136 Walter Mountain Suite 978,Jasonstad,PW,21873,Foundation,"1,000-$9,999",,False,2022-06-15,True
DNR-03495,ORG-HUM-01,Luis,Wright,synthetic.dnr-03495@demo-causefleet.org,555-0148,9951 Nelson Highway Apt. 604,New Trevor,FM,38106,Individual,Under 100,,False,2022-10-22,True
DNR-03496,ORG-HUM-01,Traci,Hunt,synthetic.dnr-03496@demo-causefleet.org,555-0114,064 Sarah Hills Suite 250,Rileybury,WI,65628,Individual,Under 100,,False,2022-06-08,True
DNR-03497,ORG-HUM-01,Todd,Vega,synthetic.dnr-03497@demo-causefleet.org,555-0167,5088 Miranda Flats,Abigailmouth,KY,46010,Individual,Under 100,,False,2022-11-08,True
DNR-03498,ORG-HUM-01,Malik,Mccarthy,synthetic.dnr-03498@demo-causefleet.org,555-0143,653 Williams Way,Thomashaven,FM,08566,Foundation,"$100,000+",,False,2021-06-11,True
DNR-03499,ORG-HUM-01,Michael,Dalton,synthetic.dnr-03499@demo-causefleet.org,555-0154,0518 Joshua Burgs,South Michael,KS,83661,Individual,Under 100,,False,2024-01-19,True
DNR-03500,ORG-HUM-01,Brian,Buck,synthetic.dnr-03500@demo-causefleet.org,555-0121,503 Ronald Gardens,Stephensport,AZ,20763,Individual,Under 100,,False,2023-07-17,True
DNR-03501,ORG-HUM-01,David,Adams,synthetic.dnr-03501@demo-causefleet.org,555-0166,804 Johnson Lake Apt. 493,New Rodneychester,PW,26367,Individual,100-999,,False,2025-03-19,True
DNR-03502,ORG-HUM-01,David,Bennett,synthetic.dnr-03502@demo-causefleet.org,555-0125,5773 Jose Junction,Jamesburgh,AS,29603,Individual,Under 100,,False,2022-10-04,True
DNR-03503,ORG-HUM-01,Caroline,Sims,synthetic.dnr-03503@demo-causefleet.org,555-0140,21081 Evelyn Canyon,New Tracy,ID,95757,Corporation,Under 100,,False,2022-04-02,True
DNR-03504,ORG-HUM-01,Rose,Johnson,synthetic.dnr-03504@demo-causefleet.org,555-0136,7898 Michele Spurs,Arnoldmouth,PW,01924,Individual,Under 100,,False,2025-08-09,True
DNR-03505,ORG-HUM-01,Robert,Cruz,synthetic.dnr-03505@demo-causefleet.org,555-0185,843 Sharon Meadows Suite 098,East Rachel,CA,87510,Foundation,100-999,,False,2024-06-02,True
DNR-03506,ORG-HUM-01,Donald,Carter,synthetic.dnr-03506@demo-causefleet.org,555-0198,40543 Joshua Road,Timothybury,NY,37447,Individual,Under 100,,False,2022-03-12,True
DNR-03507,ORG-HUM-01,Leslie,Lewis,synthetic.dnr-03507@demo-causefleet.org,555-0154,58015 Elizabeth Land Suite 962,North Jamesbury,AZ,21786,Corporation,100-999,,False,2022-06-28,True
DNR-03508,ORG-HUM-01,Roberta,Franklin,synthetic.dnr-03508@demo-causefleet.org,555-0188,860 Travis Parkways Suite 555,Brandonville,SC,71789,Individual,100-999,,False,2021-06-18,True
DNR-03509,ORG-HUM-01,Jane,Roach,synthetic.dnr-03509@demo-causefleet.org,555-0190,42662 Torres Loop Suite 704,North Allenton,AR,83296,Individual,Under 100,,False,2021-10-24,True
DNR-03510,ORG-HUM-01,Dawn,Long,synthetic.dnr-03510@demo-causefleet.org,555-0164,135 Green Pine Suite 642,Edwardmouth,WA,28654,Individual,Under 100,,False,2025-04-05,True
DNR-03511,ORG-HUM-01,Tracy,Silva,synthetic.dnr-03511@demo-causefleet.org,555-0131,53725 Cooper Fork,South James,KS,25600,Individual,Under 100,,False,2021-10-21,True
DNR-03512,ORG-HUM-01,Amy,Franklin,synthetic.dnr-03512@demo-causefleet.org,555-0188,00242 Robin Cliffs,South Steven,WY,04181,Individual,Under 100,,False,2025-02-02,True
DNR-03513,ORG-HUM-01,Raymond,Beard,synthetic.dnr-03513@demo-causefleet.org,555-0127,957 Phillips Creek Apt. 284,Gregfort,WA,23493,Corporation,100-999,,False,2023-02-06,True
DNR-03514,ORG-HUM-01,Tom,Hammond,synthetic.dnr-03514@demo-causefleet.org,555-0136,94047 James Neck,South Chadchester,NC,39114,Individual,100-999,,False,2025-09-24,True
DNR-03515,ORG-HUM-01,Elizabeth,Gordon,synthetic.dnr-03515@demo-causefleet.org,555-0136,263 Shannon Ranch,Christopherstad,SD,45610,Individual,Under 100,,False,2024-09-15,True
DNR-03516,ORG-HUM-01,Steven,Russo,synthetic.dnr-03516@demo-causefleet.org,555-0117,09870 Melissa Passage,Lake Joshua,GA,78155,Foundation,Under 100,,False,2021-06-06,True
DNR-03517,ORG-HUM-01,Kara,Crawford,synthetic.dnr-03517@demo-causefleet.org,555-0182,734 Browning Views Suite 346,Timothyshire,NE,44836,Individual,Under 100,,False,2023-10-14,True
DNR-03518,ORG-HUM-01,John,Miller,synthetic.dnr-03518@demo-causefleet.org,555-0154,2218 Michael Throughway,Sharonside,CA,21990,Individual,100-999,,False,2023-11-16,True
DNR-03519,ORG-HUM-01,Lauren,Chandler,synthetic.dnr-03519@demo-causefleet.org,555-0178,0882 Eddie Landing Apt. 139,Jenniferburgh,MD,94884,Individual,Under 100,,False,2022-04-06,True
DNR-03520,ORG-HUM-01,Faith,Mitchell,synthetic.dnr-03520@demo-causefleet.org,555-0145,31768 Brian Village Apt. 324,Brownfort,ID,07926,Individual,Under 100,,False,2022-07-24,True
DNR-03521,ORG-HUM-01,Kelly,Ramirez,synthetic.dnr-03521@demo-causefleet.org,555-0186,5745 Frey Trace,Michelleville,NV,30883,Individual,Under 100,,False,2023-08-19,True
DNR-03522,ORG-HUM-01,James,Jones,synthetic.dnr-03522@demo-causefleet.org,555-0178,487 Wood Pines Apt. 591,Myersstad,MA,83861,Individual,Under 100,,False,2024-09-12,True
DNR-03523,ORG-HUM-01,Christopher,Gonzales,synthetic.dnr-03523@demo-causefleet.org,555-0131,2136 Pamela Neck Apt. 472,Port Emma,PA,91061,Individual,Under 100,,False,2024-05-01,True
DNR-03524,ORG-HUM-01,Mark,Shah,synthetic.dnr-03524@demo-causefleet.org,555-0151,516 Sparks Wells Apt. 805,Melissatown,NC,43119,Individual,Under 100,,False,2024-11-17,True
DNR-03525,ORG-HUM-01,April,Morton,synthetic.dnr-03525@demo-causefleet.org,555-0147,942 Kimberly Wells,Hodgesfurt,UT,14527,Individual,Under 100,,False,2024-07-24,True
DNR-03526,ORG-HUM-01,Brittany,Valencia,synthetic.dnr-03526@demo-causefleet.org,555-0147,896 Rodgers Square Apt. 311,Johnsonhaven,NH,68569,Individual,100-999,,False,2024-06-06,True
DNR-03527,ORG-HUM-01,Matthew,Odonnell,synthetic.dnr-03527@demo-causefleet.org,555-0183,7165 Kennedy Spring,Jordanside,ND,43736,Corporation,Under 100,,False,2024-08-17,True
DNR-03528,ORG-HUM-01,Ronald,Thompson,synthetic.dnr-03528@demo-causefleet.org,555-0144,528 Mcdonald Hills,North Mollymouth,PW,38308,Individual,Under 100,,False,2021-12-05,True
DNR-03529,ORG-HUM-01,Christopher,Richardson,synthetic.dnr-03529@demo-causefleet.org,555-0175,8985 Daniel Plaza,North Oscarfort,PR,70636,Corporation,Under 100,,False,2025-06-17,True
DNR-03530,ORG-HUM-01,Joseph,Mcneil,synthetic.dnr-03530@demo-causefleet.org,555-0196,49667 Ellis Courts Suite 954,East Jamesborough,WV,96451,Individual,Under 100,,False,2023-07-16,True
DNR-03531,ORG-HUM-01,Jack,Cruz,synthetic.dnr-03531@demo-causefleet.org,555-0122,699 Murray Forges,Steventon,CT,55869,Individual,Under 100,,False,2022-08-29,True
DNR-03532,ORG-HUM-01,Kelly,Jones,synthetic.dnr-03532@demo-causefleet.org,555-0127,40238 Stokes Plain,North James,DE,39231,Individual,Under 100,,False,2023-10-14,True
DNR-03533,ORG-HUM-01,Philip,Summers,synthetic.dnr-03533@demo-causefleet.org,555-0162,96262 Edward Tunnel Suite 376,North Meredith,VA,74609,Individual,Under 100,,False,2024-07-31,True
DNR-03534,ORG-HUM-01,Michael,White,synthetic.dnr-03534@demo-causefleet.org,555-0117,72066 Richardson Harbor Apt. 597,North John,MD,87813,Individual,Under 100,,False,2023-10-19,True
DNR-03535,ORG-HUM-01,Kimberly,Brooks,synthetic.dnr-03535@demo-causefleet.org,555-0145,830 Castro Dam,Zacharymouth,FM,07263,Individual,Under 100,,False,2022-06-18,True
DNR-03536,ORG-HUM-01,Beth,Barnes,synthetic.dnr-03536@demo-causefleet.org,555-0193,427 Renee Cliff,Velezborough,NV,91436,Individual,Under 100,,False,2022-08-15,True
DNR-03537,ORG-HUM-01,Kimberly,Johnson,synthetic.dnr-03537@demo-causefleet.org,555-0126,2028 Veronica Prairie Suite 970,Alvarezland,MD,87999,Individual,"1,000-$9,999",,False,2024-01-31,True
DNR-03538,ORG-HUM-01,Julie,Parks,synthetic.dnr-03538@demo-causefleet.org,555-0199,3102 Lisa Court Apt. 367,Lisaton,OR,24668,Individual,Under 100,,False,2022-02-22,True
DNR-03539,ORG-HUM-01,Matthew,Parsons,synthetic.dnr-03539@demo-causefleet.org,555-0126,70983 Heather Passage Apt. 803,Jacobmouth,CT,40054,Individual,Under 100,,False,2025-09-29,True
DNR-03540,ORG-HUM-01,Kimberly,May,synthetic.dnr-03540@demo-causefleet.org,555-0141,4508 Sandra Route,Ginaside,AS,93537,Individual,Under 100,,False,2024-12-24,True
DNR-03541,ORG-HUM-01,Miguel,Spencer,synthetic.dnr-03541@demo-causefleet.org,555-0128,8846 Green Drives Apt. 328,Wallerview,GA,44370,Individual,Under 100,,False,2023-02-18,True
DNR-03542,ORG-HUM-01,Rick,Moyer,synthetic.dnr-03542@demo-causefleet.org,555-0151,742 Cox Viaduct,Robinchester,NE,11624,Individual,Under 100,,False,2021-06-14,True
DNR-03543,ORG-HUM-01,Joseph,Johnson,synthetic.dnr-03543@demo-causefleet.org,555-0141,0124 Mary Cove,Lake Robertmouth,MO,23910,Individual,Under 100,,False,2025-05-15,True
DNR-03544,ORG-HUM-01,Andrew,Pace,synthetic.dnr-03544@demo-causefleet.org,555-0196,262 Nicholas Groves Suite 202,South Jamesport,CA,05058,Individual,100-999,,False,2024-08-15,True
DNR-03545,ORG-HUM-01,David,Scott,synthetic.dnr-03545@demo-causefleet.org,555-0160,540 Salinas Walks,Mitchellshire,AS,52119,Individual,Under 100,,False,2025-05-24,True
DNR-03546,ORG-HUM-01,Jean,Vasquez,synthetic.dnr-03546@demo-causefleet.org,555-0172,2731 Johnson Causeway Suite 462,East Scottport,VA,46880,Individual,Under 100,,False,2024-08-23,True
DNR-03547,ORG-HUM-01,Barbara,Jones,synthetic.dnr-03547@demo-causefleet.org,555-0128,734 Melissa Cliffs Suite 211,Angelside,WI,10674,Individual,100-999,,False,2023-06-23,True
DNR-03548,ORG-HUM-01,Tammy,Alvarado,synthetic.dnr-03548@demo-causefleet.org,555-0183,290 Brown Path Apt. 942,Wilsonbury,VA,35234,Individual,"1,000-$9,999",,False,2025-02-26,True
DNR-03549,ORG-HUM-01,Tracy,Butler,synthetic.dnr-03549@demo-causefleet.org,555-0190,922 Leonard Mills Apt. 640,West Melissashire,MN,21870,Individual,Under 100,,False,2022-01-13,True
DNR-03550,ORG-HUM-01,Joseph,Walsh,synthetic.dnr-03550@demo-causefleet.org,555-0144,4663 Miller Parkway Apt. 120,Clarkstad,NM,47253,Individual,Under 100,,False,2022-07-23,True
DNR-03551,ORG-HUM-01,Cheyenne,Woods,synthetic.dnr-03551@demo-causefleet.org,555-0190,756 Kelly Harbors Suite 676,Wallsview,OK,94141,Individual,Under 100,,False,2024-03-04,True
DNR-03552,ORG-HUM-01,Kevin,Dixon,synthetic.dnr-03552@demo-causefleet.org,555-0163,403 Kevin Divide Apt. 164,Jamesberg,VI,89576,Individual,Under 100,,False,2021-10-25,True
DNR-03553,ORG-HUM-01,Whitney,Vazquez,synthetic.dnr-03553@demo-causefleet.org,555-0158,46100 Armstrong Fields,Sherylton,MP,07418,Individual,Under 100,,False,2022-08-24,True
DNR-03554,ORG-HUM-01,Wayne,Duran,synthetic.dnr-03554@demo-causefleet.org,555-0167,5146 Marcus Shores,New Rebeccafort,MT,46825,Individual,Under 100,,False,2022-11-12,True
DNR-03555,ORG-HUM-01,Stephen,Walton,synthetic.dnr-03555@demo-causefleet.org,555-0119,7834 Andre Causeway,Howardshire,MA,08223,Individual,100-999,,False,2022-04-20,True
DNR-03556,ORG-HUM-01,Susan,Duarte,synthetic.dnr-03556@demo-causefleet.org,555-0191,1364 David Square Suite 220,Brendatown,ID,13559,Individual,Under 100,,False,2024-04-07,True
DNR-03557,ORG-HUM-01,Katherine,Huff,synthetic.dnr-03557@demo-causefleet.org,555-0121,9599 Duncan Extensions Suite 197,South Petermouth,PW,28906,Individual,Under 100,,False,2022-01-16,True
DNR-03558,ORG-HUM-01,Brandon,Gardner,synthetic.dnr-03558@demo-causefleet.org,555-0161,703 Amy Skyway,East Heather,ID,70925,Individual,Under 100,,False,2023-01-22,True
DNR-03559,ORG-HUM-01,Chad,Mitchell,synthetic.dnr-03559@demo-causefleet.org,555-0175,9216 Jones Village,Port Bryanport,MH,54033,Individual,100-999,,False,2022-04-13,True
DNR-03560,ORG-HUM-01,Stephanie,Gray,synthetic.dnr-03560@demo-causefleet.org,555-0145,3702 Nicholas Plains,Michaelborough,MN,43199,Individual,Under 100,,False,2023-10-24,True
DNR-03561,ORG-HUM-01,Carol,Mcintosh,synthetic.dnr-03561@demo-causefleet.org,555-0198,31213 Tara Walks,West James,VT,87843,Individual,Under 100,,False,2024-02-18,True
DNR-03562,ORG-HUM-01,Heidi,Anderson,synthetic.dnr-03562@demo-causefleet.org,555-0157,62153 Best Green,Port Patrickland,MP,38700,Individual,Under 100,,False,2023-01-25,True
DNR-03563,ORG-HUM-01,Daniel,Anderson,synthetic.dnr-03563@demo-causefleet.org,555-0168,849 Scott Mission Suite 393,Solomontown,NJ,39328,Individual,Under 100,,False,2023-03-26,True
DNR-03564,ORG-HUM-01,Sandra,Jefferson,synthetic.dnr-03564@demo-causefleet.org,555-0172,3336 Brown Mills,Danieltown,TX,00922,Individual,Under 100,,False,2023-08-26,True
DNR-03565,ORG-HUM-01,Michael,Richardson,synthetic.dnr-03565@demo-causefleet.org,555-0151,5483 Hansen Walks,Davisborough,MH,89603,Individual,Under 100,,False,2023-05-11,True
DNR-03566,ORG-HUM-01,Adriana,Lynch,synthetic.dnr-03566@demo-causefleet.org,555-0184,73090 Glenn Port Suite 856,South Ronald,NV,25899,Individual,Under 100,,False,2022-11-21,True
DNR-03567,ORG-HUM-01,Sandra,Avila,synthetic.dnr-03567@demo-causefleet.org,555-0110,286 James Ports Suite 547,North Elizabethburgh,CO,38163,Individual,Under 100,,False,2021-11-02,True
DNR-03568,ORG-HUM-01,Jennifer,Franklin,synthetic.dnr-03568@demo-causefleet.org,555-0121,394 Rachel Extension,Port Amanda,NY,16282,Individual,Under 100,,False,2022-04-08,True
DNR-03569,ORG-HUM-01,Nicole,Richardson,synthetic.dnr-03569@demo-causefleet.org,555-0168,40287 Torres Mountain Apt. 648,East Johnfort,NC,21271,Individual,100-999,,False,2024-09-29,True
DNR-03570,ORG-HUM-01,Brianna,Moore,synthetic.dnr-03570@demo-causefleet.org,555-0191,35068 Lewis Ramp Apt. 939,Johnsonberg,VI,55849,Individual,Under 100,,False,2024-02-04,True
DNR-03571,ORG-HUM-01,Jade,Hall,synthetic.dnr-03571@demo-causefleet.org,555-0195,294 Nielsen Summit,Ramirezview,AS,47673,Individual,Under 100,,False,2022-04-07,True
DNR-03572,ORG-HUM-01,Erin,Shaffer,synthetic.dnr-03572@demo-causefleet.org,555-0199,186 Ward Falls,Harperport,NC,15438,Individual,Under 100,,False,2023-03-27,True
DNR-03573,ORG-HUM-01,Gregory,Davidson,synthetic.dnr-03573@demo-causefleet.org,555-0155,4827 Martinez Street Suite 911,Danielbury,MO,39494,Individual,Under 100,,False,2024-12-19,True
DNR-03574,ORG-HUM-01,Sean,Martin,synthetic.dnr-03574@demo-causefleet.org,555-0118,88440 Laura Mission,New Gregoryborough,CO,90133,Corporation,"1,000-$9,999",,False,2022-10-05,True
DNR-03575,ORG-HUM-01,Nicholas,Ruiz,synthetic.dnr-03575@demo-causefleet.org,555-0178,8828 Watts Street,South Teresa,SC,66958,Foundation,Under 100,,False,2023-12-24,True
DNR-03576,ORG-HUM-01,Joseph,Nguyen,synthetic.dnr-03576@demo-causefleet.org,555-0160,89951 Daniel Views,Orrport,AS,58640,Individual,Under 100,,False,2025-01-30,True
DNR-03577,ORG-HUM-01,Susan,Christensen,synthetic.dnr-03577@demo-causefleet.org,555-0137,5183 Johnson Mount,Lake Frankmouth,WV,16639,Individual,Under 100,,False,2025-06-11,True
DNR-03578,ORG-HUM-01,Frank,Johnson,synthetic.dnr-03578@demo-causefleet.org,555-0164,20358 Kimberly Trail,Downsmouth,CO,82086,Individual,"1,000-$9,999",,False,2024-04-04,True
DNR-03579,ORG-HUM-01,Wendy,Fleming,synthetic.dnr-03579@demo-causefleet.org,555-0137,245 Joseph Lakes Suite 897,East Lori,MN,78534,Individual,100-999,,False,2024-11-08,True
DNR-03580,ORG-HUM-01,Sandra,Huerta,synthetic.dnr-03580@demo-causefleet.org,555-0173,2292 Olson Bypass Apt. 598,Michaelmouth,PW,41702,Individual,Under 100,,False,2021-09-09,True
DNR-03581,ORG-HUM-01,Derek,Skinner,synthetic.dnr-03581@demo-causefleet.org,555-0144,8729 Jacob Parkways Suite 733,Ericabury,NH,04249,Individual,Under 100,,False,2025-01-23,True
DNR-03582,ORG-HUM-01,Ross,Lewis,synthetic.dnr-03582@demo-causefleet.org,555-0151,01719 Burch Knolls,Nortonborough,DC,78542,Individual,Under 100,,False,2025-01-26,True
DNR-03583,ORG-HUM-01,Debra,Wilson,synthetic.dnr-03583@demo-causefleet.org,555-0146,15674 Harris Haven Suite 030,South Phillip,PR,68201,Individual,Under 100,,False,2025-03-31,True
DNR-03584,ORG-HUM-01,Janice,Anderson,synthetic.dnr-03584@demo-causefleet.org,555-0153,75840 Perez Track Apt. 886,Amyburgh,HI,66933,Individual,100-999,,False,2023-04-08,True
DNR-03585,ORG-HUM-01,Taylor,Gross,synthetic.dnr-03585@demo-causefleet.org,555-0180,74600 Natalie Course Apt. 588,Port Allison,AK,31382,Individual,Under 100,,False,2023-08-24,True
DNR-03586,ORG-HUM-01,Thomas,Chapman,synthetic.dnr-03586@demo-causefleet.org,555-0183,974 Smith Brooks Suite 064,Brentfort,TN,09910,Individual,Under 100,,False,2023-01-12,True
DNR-03587,ORG-HUM-01,Erin,Perez,synthetic.dnr-03587@demo-causefleet.org,555-0126,1155 White Green Apt. 278,North Daniel,OH,08868,Individual,100-999,,False,2024-03-10,True
DNR-03588,ORG-HUM-01,Sandy,English,synthetic.dnr-03588@demo-causefleet.org,555-0182,531 Kayla Route,Cynthiaville,MI,17201,Individual,100-999,,False,2021-11-29,True
DNR-03589,ORG-HUM-01,Katelyn,Delacruz,synthetic.dnr-03589@demo-causefleet.org,555-0172,0896 Grace Neck Apt. 376,Mortontown,TN,73989,Individual,Under 100,,False,2022-01-19,True
DNR-03590,ORG-HUM-01,Patrick,Smith,synthetic.dnr-03590@demo-causefleet.org,555-0153,0640 Davis Plains,East Andrea,KY,03384,Individual,100-999,,False,2025-03-17,True
DNR-03591,ORG-HUM-01,Julie,Hopkins,synthetic.dnr-03591@demo-causefleet.org,555-0197,79043 Manuel Courts Suite 324,Rodriguezstad,GA,20828,Foundation,Under 100,,False,2025-01-01,True
DNR-03592,ORG-HUM-01,Jenna,Jones,synthetic.dnr-03592@demo-causefleet.org,555-0116,48126 Morgan Lights Suite 835,South John,IL,95672,Individual,"1,000-$9,999",,False,2022-09-03,True
DNR-03593,ORG-HUM-01,Christina,French,synthetic.dnr-03593@demo-causefleet.org,555-0115,0694 Campos Pass Suite 709,North Christine,NM,74898,Individual,100-999,,False,2024-03-25,True
DNR-03594,ORG-HUM-01,Roy,Cunningham,synthetic.dnr-03594@demo-causefleet.org,555-0122,394 Cardenas Rue,Christinatown,NH,85982,Individual,Under 100,,False,2024-04-20,True
DNR-03595,ORG-HUM-01,Kyle,Gibson,synthetic.dnr-03595@demo-causefleet.org,555-0190,9023 Timothy Wells Suite 146,Samanthaton,SD,88989,Individual,100-999,,False,2024-06-04,True
DNR-03596,ORG-HUM-01,Angela,Smith,synthetic.dnr-03596@demo-causefleet.org,555-0168,83769 Anthony Cliffs,Lake Deborahbury,NJ,69711,Individual,"1,000-$9,999",,False,2025-06-12,True
DNR-03597,ORG-HUM-01,Daniel,Mitchell,synthetic.dnr-03597@demo-causefleet.org,555-0112,444 Stewart Wells,Port Vickie,TX,18083,Individual,Under 100,,False,2021-08-27,True
DNR-03598,ORG-HUM-01,Terry,Davis,synthetic.dnr-03598@demo-causefleet.org,555-0125,511 Ashley Lake,South Michael,WV,69358,Individual,Under 100,,False,2022-12-05,True
DNR-03599,ORG-HUM-01,David,Russell,synthetic.dnr-03599@demo-causefleet.org,555-0130,46200 Amanda Passage Suite 641,Johnmouth,GA,21485,Individual,100-999,,False,2024-03-09,True
DNR-03600,ORG-HUM-01,Miguel,Mcmahon,synthetic.dnr-03600@demo-causefleet.org,555-0166,314 Michael Plain Apt. 073,South Robert,VT,09956,Individual,Under 100,,False,2022-03-10,True
DNR-03601,ORG-HUM-01,Tina,Bowen,synthetic.dnr-03601@demo-causefleet.org,555-0168,7731 Albert Extension,Hannahborough,WY,60085,Individual,Under 100,,False,2023-12-23,True
DNR-03602,ORG-HUM-01,Lucas,Durham,synthetic.dnr-03602@demo-causefleet.org,555-0110,58515 Connie Ports,Benjamintown,NM,35209,Individual,100-999,,False,2025-09-05,True
DNR-03603,ORG-HUM-01,Ryan,Jefferson,synthetic.dnr-03603@demo-causefleet.org,555-0164,97988 Dalton Parkways,North Katherine,WA,98897,Individual,100-999,,False,2025-05-31,True
DNR-03604,ORG-HUM-01,Nicholas,Barton,synthetic.dnr-03604@demo-causefleet.org,555-0135,9558 Mcknight Cape,Douglasbury,UT,57909,Individual,Under 100,,False,2021-08-14,True
DNR-03605,ORG-HUM-01,Richard,Moran,synthetic.dnr-03605@demo-causefleet.org,555-0198,3254 Reyes Viaduct Suite 028,Lewisfort,MP,17155,Individual,Under 100,,False,2025-05-09,True
DNR-03606,ORG-HUM-01,Anthony,Bryant,synthetic.dnr-03606@demo-causefleet.org,555-0126,66296 Boyd Trafficway,South Jeremy,GA,69123,Individual,Under 100,,False,2022-04-28,True
DNR-03607,ORG-HUM-01,Brian,Morton,synthetic.dnr-03607@demo-causefleet.org,555-0193,8544 Colon Roads,Osbornhaven,OK,43992,Individual,Under 100,,False,2023-11-10,True
DNR-03608,ORG-HUM-01,Teresa,Franklin,synthetic.dnr-03608@demo-causefleet.org,555-0148,19133 Samantha Hills,North Timothy,MD,28054,Individual,Under 100,,False,2025-06-23,True
DNR-03609,ORG-HUM-01,Hayley,Maxwell,synthetic.dnr-03609@demo-causefleet.org,555-0130,5044 Jackson Burg Suite 416,North Roger,TN,94374,Foundation,100-999,,False,2022-09-18,True
DNR-03610,ORG-HUM-01,Paul,Molina,synthetic.dnr-03610@demo-causefleet.org,555-0145,0003 Scott Brook,Tiffanymouth,KY,16887,Corporation,Under 100,,False,2024-07-15,True
DNR-03611,ORG-HUM-01,Kaitlyn,Williams,synthetic.dnr-03611@demo-causefleet.org,555-0121,58085 Watkins Avenue Apt. 891,Williamshaven,NY,02030,Individual,Under 100,,False,2021-12-02,True
DNR-03612,ORG-HUM-01,Donald,Hernandez,synthetic.dnr-03612@demo-causefleet.org,555-0193,5308 Pitts Drive,South Mary,NE,51819,Individual,Under 100,,False,2023-04-26,True
DNR-03613,ORG-HUM-01,Jeremiah,Harvey,synthetic.dnr-03613@demo-causefleet.org,555-0156,15008 Kramer Islands Suite 914,Bellchester,MH,65557,Individual,"10,000-99,999",,False,2025-06-13,True
DNR-03614,ORG-HUM-01,Brenda,Haley,synthetic.dnr-03614@demo-causefleet.org,555-0142,1952 Davis Crossing,Ruizshire,NE,66710,Individual,Under 100,,False,2024-10-29,True
DNR-03615,ORG-HUM-01,Holly,Francis,synthetic.dnr-03615@demo-causefleet.org,555-0120,01648 Everett Mountain Apt. 332,Angelashire,VT,53984,Individual,Under 100,,False,2022-06-16,True
DNR-03616,ORG-HUM-01,Angela,Davis,synthetic.dnr-03616@demo-causefleet.org,555-0157,43625 Bradley Skyway,Johnbury,AL,45537,Individual,Under 100,,False,2022-04-27,True
DNR-03617,ORG-HUM-01,Stephanie,Walls,synthetic.dnr-03617@demo-causefleet.org,555-0195,624 Juan Meadow Suite 101,South Tanyaland,OK,46056,Individual,Under 100,,False,2023-10-30,True
DNR-03618,ORG-HUM-01,Mercedes,Mcguire,synthetic.dnr-03618@demo-causefleet.org,555-0193,932 Nguyen Meadow,Ayalaport,MI,02772,Individual,Under 100,,False,2024-08-20,True
DNR-03619,ORG-HUM-01,Angela,Hoffman,synthetic.dnr-03619@demo-causefleet.org,555-0131,37436 Gregory Circles Suite 261,East Larrymouth,GU,94083,Individual,Under 100,,False,2024-04-26,True
DNR-03620,ORG-HUM-01,Eric,Bauer,synthetic.dnr-03620@demo-causefleet.org,555-0116,87300 Williams Freeway,Port Sarah,NY,77752,Individual,Under 100,,False,2022-02-09,True
DNR-03621,ORG-HUM-01,Kimberly,Benson,synthetic.dnr-03621@demo-causefleet.org,555-0160,77564 Andrew Ramp Suite 520,Martinezmouth,PA,36215,Individual,Under 100,,False,2023-05-04,True
DNR-03622,ORG-HUM-01,James,Cruz,synthetic.dnr-03622@demo-causefleet.org,555-0190,133 Sarah Passage Suite 552,Port Nicholas,LA,81982,Individual,Under 100,,False,2024-08-22,True
DNR-03623,ORG-HUM-01,Lisa,Jackson,synthetic.dnr-03623@demo-causefleet.org,555-0149,41363 Michael Island Suite 133,Lake Jason,MI,56542,Individual,Under 100,,False,2024-06-23,True
DNR-03624,ORG-HUM-01,Paula,Santana,synthetic.dnr-03624@demo-causefleet.org,555-0199,13723 Harrison Spurs,New Henryville,IL,97661,Individual,Under 100,,False,2021-11-05,True
DNR-03625,ORG-HUM-01,Jessica,Thompson,synthetic.dnr-03625@demo-causefleet.org,555-0139,11189 Shirley Plaza,Lake Jessica,NY,63686,Individual,Under 100,,False,2025-03-07,True
DNR-03626,ORG-HUM-01,Jason,Robinson,synthetic.dnr-03626@demo-causefleet.org,555-0164,138 Crystal Rest,Shorttown,GA,02844,Individual,Under 100,,False,2023-12-13,True
DNR-03627,ORG-HUM-01,Mackenzie,Dixon,synthetic.dnr-03627@demo-causefleet.org,555-0193,818 Joseph Ford Suite 862,West William,OH,01597,Individual,Under 100,,False,2025-02-18,True
DNR-03628,ORG-HUM-01,Amy,Ritter,synthetic.dnr-03628@demo-causefleet.org,555-0121,9680 Russell Park Apt. 244,Greenburgh,ID,86495,Individual,Under 100,,False,2022-12-26,True
DNR-03629,ORG-HUM-01,Bailey,Bowen,synthetic.dnr-03629@demo-causefleet.org,555-0122,8409 Gina Mountains Apt. 290,Solomonview,FL,20548,Individual,Under 100,,False,2022-11-28,True
DNR-03630,ORG-HUM-01,Danielle,Spencer,synthetic.dnr-03630@demo-causefleet.org,555-0110,47689 Mallory Field,West Paulafurt,MI,67281,Individual,Under 100,,False,2025-06-06,True
DNR-03631,ORG-HUM-01,Erica,Le,synthetic.dnr-03631@demo-causefleet.org,555-0137,0348 Clay Harbor,Johnmouth,OK,25179,Individual,Under 100,,False,2023-01-15,True
DNR-03632,ORG-HUM-01,Gerald,Butler,synthetic.dnr-03632@demo-causefleet.org,555-0171,5708 Charles Mountains,Tinashire,MS,53976,Individual,"1,000-$9,999",,False,2024-03-28,True
DNR-03633,ORG-HUM-01,Stephanie,Carter,synthetic.dnr-03633@demo-causefleet.org,555-0119,5849 Alicia Rest Suite 710,Williamsville,CT,34164,Individual,100-999,,False,2024-11-26,True
DNR-03634,ORG-HUM-01,Sheila,Jackson,synthetic.dnr-03634@demo-causefleet.org,555-0126,596 Nicholas Keys,Melissaburgh,HI,77474,Individual,Under 100,,False,2025-03-07,True
DNR-03635,ORG-HUM-01,Tiffany,Johnson,synthetic.dnr-03635@demo-causefleet.org,555-0185,3604 Ferguson Squares Suite 181,Mitchellmouth,WA,41948,Individual,Under 100,,False,2024-10-20,True
DNR-03636,ORG-HUM-01,Alexandra,Anderson,synthetic.dnr-03636@demo-causefleet.org,555-0138,9008 Hahn Fort,East Rogerton,NH,61894,Individual,Under 100,,False,2023-04-30,True
DNR-03637,ORG-HUM-01,Samuel,Clements,synthetic.dnr-03637@demo-causefleet.org,555-0176,40970 Morgan Turnpike,North Heatherborough,IL,26019,Foundation,Under 100,,False,2022-08-10,True
DNR-03638,ORG-HUM-01,Sheryl,Carter,synthetic.dnr-03638@demo-causefleet.org,555-0197,172 Lyons Road,Dominguezville,NY,66898,Individual,Under 100,,False,2024-12-12,True
DNR-03639,ORG-HUM-01,Julie,Smith,synthetic.dnr-03639@demo-causefleet.org,555-0166,1015 Coffey Drive,Clarkburgh,IL,11477,Individual,100-999,,False,2022-12-16,True
DNR-03640,ORG-HUM-01,Jacqueline,Gibbs,synthetic.dnr-03640@demo-causefleet.org,555-0111,7884 Thomas Bypass Suite 420,North Aprilfurt,VI,67442,Individual,Under 100,,False,2021-08-12,True
DNR-03641,ORG-HUM-01,Fred,Perez,synthetic.dnr-03641@demo-causefleet.org,555-0111,18814 Cochran Mill Suite 181,South Christopher,MI,98571,Individual,"1,000-$9,999",,False,2022-03-01,True
DNR-03642,ORG-HUM-01,Kim,Brady,synthetic.dnr-03642@demo-causefleet.org,555-0199,288 Steven Square Apt. 439,Ryanstad,NV,96677,Foundation,Under 100,,False,2025-04-01,True
DNR-03643,ORG-HUM-01,Lauren,Drake,synthetic.dnr-03643@demo-causefleet.org,555-0153,835 Kennedy Fort Suite 457,West Marymouth,HI,59260,Individual,100-999,,False,2021-11-13,True
DNR-03644,ORG-HUM-01,Emily,Gibson,synthetic.dnr-03644@demo-causefleet.org,555-0125,98071 John Manors,Huntberg,VA,14586,Individual,100-999,,False,2022-07-24,True
DNR-03645,ORG-HUM-01,Joseph,Salinas,synthetic.dnr-03645@demo-causefleet.org,555-0164,73997 Beck Brooks,Ericaview,MP,92349,Individual,Under 100,,False,2022-11-07,True
DNR-03646,ORG-HUM-01,Susan,Ferguson,synthetic.dnr-03646@demo-causefleet.org,555-0198,36432 Micheal Terrace Apt. 632,Hayesmouth,KS,94830,Individual,Under 100,,False,2022-11-15,True
DNR-03647,ORG-HUM-01,Justin,Cameron,synthetic.dnr-03647@demo-causefleet.org,555-0126,10997 Stevens Station Apt. 196,Sloanfurt,TX,58465,Individual,Under 100,,False,2025-09-20,True
DNR-03648,ORG-HUM-01,Lynn,Knight,synthetic.dnr-03648@demo-causefleet.org,555-0171,8360 Perkins Ranch,Lake Melissafort,WA,89639,Individual,Under 100,,False,2023-11-23,True
DNR-03649,ORG-HUM-01,Stacey,Fuller,synthetic.dnr-03649@demo-causefleet.org,555-0119,9833 Nichole Coves,South Natasha,KY,01216,Individual,Under 100,,False,2025-06-21,True
DNR-03650,ORG-HUM-01,James,Lynch,synthetic.dnr-03650@demo-causefleet.org,555-0139,646 Mitchell Glen,Robertborough,VA,95349,Corporation,Under 100,,False,2023-08-12,True
DNR-03651,ORG-HUM-01,Duane,Newman,synthetic.dnr-03651@demo-causefleet.org,555-0159,54678 Mason Point Apt. 595,Timothyburgh,AL,04229,Individual,Under 100,,False,2025-01-20,True
DNR-03652,ORG-HUM-01,Virginia,Fitzgerald,synthetic.dnr-03652@demo-causefleet.org,555-0121,3714 Melissa Haven,Lake Wesley,NY,08383,Individual,"1,000-$9,999",,False,2021-12-20,True
DNR-03653,ORG-HUM-01,John,Le,synthetic.dnr-03653@demo-causefleet.org,555-0123,492 Serrano Tunnel,Lawsonchester,MD,64948,Individual,Under 100,,False,2024-10-31,True
DNR-03654,ORG-HUM-01,Gloria,Rogers,synthetic.dnr-03654@demo-causefleet.org,555-0123,1220 Taylor Views Suite 980,Patrickburgh,PW,24604,Individual,"10,000-99,999",,False,2022-05-19,True
DNR-03655,ORG-HUM-01,Tyler,Johnson,synthetic.dnr-03655@demo-causefleet.org,555-0150,133 Ferguson Brook,South Amandatown,RI,90597,Individual,Under 100,,False,2022-01-24,True
DNR-03656,ORG-HUM-01,Valerie,Hernandez,synthetic.dnr-03656@demo-causefleet.org,555-0157,555 Scott Radial,East Kimberly,VI,01466,Individual,100-999,,False,2023-03-10,True
DNR-03657,ORG-HUM-01,Jasmine,Moreno,synthetic.dnr-03657@demo-causefleet.org,555-0148,4913 Courtney Ville,North Williammouth,TN,64186,Individual,Under 100,,False,2021-07-31,True
DNR-03658,ORG-HUM-01,David,Lopez,synthetic.dnr-03658@demo-causefleet.org,555-0127,64151 William Falls Apt. 413,Lake Jessica,MN,08592,Individual,Under 100,,False,2021-08-26,True
DNR-03659,ORG-HUM-01,David,White,synthetic.dnr-03659@demo-causefleet.org,555-0158,139 Sara Plains,Sarahaven,MH,16279,Individual,100-999,,False,2021-10-02,True
DNR-03660,ORG-HUM-01,Jacob,Hall,synthetic.dnr-03660@demo-causefleet.org,555-0127,21491 Charles Center,New Mackenzieshire,MA,29817,Foundation,Under 100,,False,2022-08-23,True
DNR-03661,ORG-HUM-01,Tamara,Smith,synthetic.dnr-03661@demo-causefleet.org,555-0192,428 Lauren Shoal Apt. 519,Gwendolynville,RI,75345,Individual,100-999,,False,2024-05-16,True
DNR-03662,ORG-HUM-01,Catherine,Medina,synthetic.dnr-03662@demo-causefleet.org,555-0196,6301 Daniel Harbor,Lake Daniel,NE,91053,Individual,Under 100,,False,2023-06-12,True
DNR-03663,ORG-HUM-01,Brett,Contreras,synthetic.dnr-03663@demo-causefleet.org,555-0128,48820 Baker Keys,Farleytown,SC,03860,Individual,Under 100,,False,2023-05-07,True
DNR-03664,ORG-HUM-01,Jacob,Thompson,synthetic.dnr-03664@demo-causefleet.org,555-0118,65293 Anderson Route Apt. 056,Robertmouth,RI,94449,Individual,Under 100,,False,2024-02-01,True
DNR-03665,ORG-HUM-01,Kathleen,Wallace,synthetic.dnr-03665@demo-causefleet.org,555-0177,79440 Jeremy Keys,Andersonborough,IA,85516,Individual,100-999,,False,2021-10-28,True
DNR-03666,ORG-HUM-01,Kyle,Mccoy,synthetic.dnr-03666@demo-causefleet.org,555-0182,73068 Delacruz Pass Suite 861,Port Bruce,TX,18388,Individual,Under 100,,False,2024-08-26,True
DNR-03667,ORG-HUM-01,Donald,Miles,synthetic.dnr-03667@demo-causefleet.org,555-0111,40261 Shields Turnpike Suite 501,Lauraberg,GA,45387,Individual,100-999,,False,2024-12-18,True
DNR-03668,ORG-HUM-01,Jose,Wilson,synthetic.dnr-03668@demo-causefleet.org,555-0188,0459 Jasmine Plaza,West Rachelton,MA,87498,Individual,"1,000-$9,999",,False,2024-11-14,True
DNR-03669,ORG-HUM-01,Kevin,Parsons,synthetic.dnr-03669@demo-causefleet.org,555-0193,2912 Elliott Court,Madisonbury,KY,47600,Individual,Under 100,,False,2024-08-19,True
DNR-03670,ORG-HUM-01,Amy,Meyers,synthetic.dnr-03670@demo-causefleet.org,555-0131,269 Wagner Run,East David,VT,23609,Individual,Under 100,,False,2022-05-23,True
DNR-03671,ORG-HUM-01,Sherri,Gordon,synthetic.dnr-03671@demo-causefleet.org,555-0166,56459 Tina Green,Brettside,AS,47445,Individual,100-999,,False,2025-05-10,True
DNR-03672,ORG-HUM-01,Jessica,Olsen,synthetic.dnr-03672@demo-causefleet.org,555-0154,743 Hahn Glen,Karenport,VI,92851,Individual,Under 100,,False,2023-04-23,True
DNR-03673,ORG-HUM-01,Anna,Barron,synthetic.dnr-03673@demo-causefleet.org,555-0137,095 Flores Groves,East Karenborough,CA,13332,Individual,Under 100,,False,2025-09-02,True
DNR-03674,ORG-HUM-01,Pamela,Hudson,synthetic.dnr-03674@demo-causefleet.org,555-0190,442 Mary Freeway Apt. 995,Fritzport,FL,57950,Individual,Under 100,,False,2024-11-28,True
DNR-03675,ORG-HUM-01,Rebecca,Wu,synthetic.dnr-03675@demo-causefleet.org,555-0129,304 Colon Junctions Apt. 947,Mckinneyland,FM,57421,Individual,Under 100,,False,2025-07-14,True
DNR-03676,ORG-HUM-01,Angela,Jackson,synthetic.dnr-03676@demo-causefleet.org,555-0162,59251 Daniel Ways,Patrickbury,CT,11448,Individual,Under 100,,False,2022-04-09,True
DNR-03677,ORG-HUM-01,Patricia,Wood,synthetic.dnr-03677@demo-causefleet.org,555-0188,3630 Sarah Hill Apt. 359,North Michaelport,AL,60591,Individual,Under 100,,False,2023-04-19,True
DNR-03678,ORG-HUM-01,Crystal,Hood,synthetic.dnr-03678@demo-causefleet.org,555-0197,694 Joseph Loaf Suite 359,Lake William,VA,89557,Individual,100-999,,False,2024-04-20,True
DNR-03679,ORG-HUM-01,Patrick,Hernandez,synthetic.dnr-03679@demo-causefleet.org,555-0166,4161 Knapp Lakes Suite 657,Collinsfurt,IL,32432,Individual,Under 100,,False,2025-01-11,True
DNR-03680,ORG-HUM-01,Matthew,Myers,synthetic.dnr-03680@demo-causefleet.org,555-0137,10696 Duncan Rapid Apt. 924,Hickmanbury,ME,37644,Individual,Under 100,,False,2023-01-28,True
DNR-03681,ORG-HUM-01,Caroline,Jackson,synthetic.dnr-03681@demo-causefleet.org,555-0121,56283 George Haven Suite 741,Doylebury,UT,32914,Individual,"10,000-99,999",,False,2022-04-14,True
DNR-03682,ORG-HUM-01,Shelley,Wilson,synthetic.dnr-03682@demo-causefleet.org,555-0122,676 Michael Haven Suite 035,South Emilystad,PW,41047,Individual,100-999,,False,2023-03-19,True
DNR-03683,ORG-HUM-01,Olivia,Burton,synthetic.dnr-03683@demo-causefleet.org,555-0127,618 Reyes Plaza,Bennetthaven,TN,49121,Individual,100-999,,False,2024-01-24,True
DNR-03684,ORG-HUM-01,Rachel,Torres,synthetic.dnr-03684@demo-causefleet.org,555-0125,63242 Sullivan Divide,Garciaberg,CO,60371,Individual,Under 100,,False,2025-02-14,True
DNR-03685,ORG-HUM-01,Paul,Gould,synthetic.dnr-03685@demo-causefleet.org,555-0185,7390 Durham Trail Apt. 727,Toddborough,MT,49451,Individual,100-999,,False,2022-05-21,True
DNR-03686,ORG-HUM-01,Robert,Bender,synthetic.dnr-03686@demo-causefleet.org,555-0159,665 Fuller Mall Suite 022,Rodriguezberg,GU,26161,Individual,Under 100,,False,2024-07-02,True
DNR-03687,ORG-HUM-01,Robyn,Thornton,synthetic.dnr-03687@demo-causefleet.org,555-0154,724 Wheeler Corners Suite 648,South Cole,AS,69354,Foundation,Under 100,,False,2022-07-10,True
DNR-03688,ORG-HUM-01,Anthony,Larson,synthetic.dnr-03688@demo-causefleet.org,555-0164,781 James Route Apt. 703,Lake Darrell,MO,55253,Individual,Under 100,,False,2024-03-04,True
DNR-03689,ORG-HUM-01,Albert,Lee,synthetic.dnr-03689@demo-causefleet.org,555-0150,085 Carol Flats,Brownshire,MO,90903,Individual,Under 100,,False,2025-08-13,True
DNR-03690,ORG-HUM-01,Virginia,Kelley,synthetic.dnr-03690@demo-causefleet.org,555-0127,9110 Alexander Plains Suite 586,New Heather,WV,04205,Individual,100-999,,False,2022-03-17,True
DNR-03691,ORG-HUM-01,Brian,Phillips,synthetic.dnr-03691@demo-causefleet.org,555-0141,61661 Lauren Locks Apt. 548,Jameschester,CO,83001,Individual,Under 100,,False,2025-06-17,True
DNR-03692,ORG-HUM-01,Kimberly,Mahoney,synthetic.dnr-03692@demo-causefleet.org,555-0145,088 Leonard Shoal Suite 498,Wardview,WY,94979,Individual,100-999,,False,2024-12-02,True
DNR-03693,ORG-HUM-01,Gary,Hines,synthetic.dnr-03693@demo-causefleet.org,555-0192,713 Stephen Spurs,West Elizabeth,WV,34991,Individual,100-999,,False,2025-02-04,True
DNR-03694,ORG-HUM-01,Matthew,Rangel,synthetic.dnr-03694@demo-causefleet.org,555-0120,7301 Anderson Club,Isabelmouth,SC,68345,Individual,Under 100,,False,2024-05-22,True
DNR-03695,ORG-HUM-01,Kenneth,Quinn,synthetic.dnr-03695@demo-causefleet.org,555-0141,3630 Rodriguez Path Apt. 637,Perezland,NH,32266,Individual,Under 100,,False,2022-02-25,True
DNR-03696,ORG-HUM-01,Sara,Mcknight,synthetic.dnr-03696@demo-causefleet.org,555-0180,8369 West Street Apt. 150,West James,PR,56653,Individual,Under 100,,False,2022-04-08,True
DNR-03697,ORG-HUM-01,Gregory,Acosta,synthetic.dnr-03697@demo-causefleet.org,555-0186,13433 Benjamin Corners Apt. 057,Christinaland,IN,84378,Corporation,Under 100,,False,2022-01-30,True
DNR-03698,ORG-HUM-01,Aaron,Gordon,synthetic.dnr-03698@demo-causefleet.org,555-0186,87024 Morales Union Suite 310,Sandersshire,UT,07795,Individual,Under 100,,False,2023-09-25,True
DNR-03699,ORG-HUM-01,Alexis,Choi,synthetic.dnr-03699@demo-causefleet.org,555-0187,89674 Perez Islands Apt. 457,South Jacquelineville,VI,48038,Foundation,"10,000-99,999",,False,2023-06-27,True
DNR-03700,ORG-HUM-01,Dawn,Simmons,synthetic.dnr-03700@demo-causefleet.org,555-0146,0610 Megan Spur,East Chad,ID,03323,Individual,Under 100,,False,2025-03-22,True
DNR-03701,ORG-HUM-01,Raymond,Moore,synthetic.dnr-03701@demo-causefleet.org,555-0198,3081 Wheeler Canyon Apt. 503,Taraton,MO,19611,Individual,Under 100,,False,2022-05-27,True
DNR-03702,ORG-HUM-01,Chelsey,Cross,synthetic.dnr-03702@demo-causefleet.org,555-0113,2485 Courtney Shoals,Foxside,WA,29703,Individual,100-999,,False,2023-08-13,True
DNR-03703,ORG-HUM-01,Charles,Brown,synthetic.dnr-03703@demo-causefleet.org,555-0194,67858 Hall Unions Suite 667,Randolphfurt,NC,17370,Individual,Under 100,,False,2023-12-13,True
DNR-03704,ORG-HUM-01,Brian,Johnson,synthetic.dnr-03704@demo-causefleet.org,555-0148,70387 Roberts Meadows Suite 385,New Aprilburgh,MN,88630,Individual,100-999,,False,2024-01-31,True
DNR-03705,ORG-HUM-01,Justin,Yoder,synthetic.dnr-03705@demo-causefleet.org,555-0136,4283 Schultz Plains Suite 421,New Josephside,AZ,46158,Foundation,Under 100,,False,2023-05-15,True
DNR-03706,ORG-HUM-01,Gina,Gibson,synthetic.dnr-03706@demo-causefleet.org,555-0176,898 Adam Crest Suite 080,Richardsonbury,OK,30560,Foundation,Under 100,,False,2024-10-11,True
DNR-03707,ORG-HUM-01,Jessica,Tran,synthetic.dnr-03707@demo-causefleet.org,555-0187,7600 White Canyon Apt. 965,Jillhaven,FM,82895,Individual,Under 100,,False,2024-04-10,True
DNR-03708,ORG-HUM-01,Sara,Welch,synthetic.dnr-03708@demo-causefleet.org,555-0175,053 Hall Mills,Lake Paulhaven,AZ,34275,Individual,Under 100,,False,2023-12-13,True
DNR-03709,ORG-HUM-01,Kimberly,Chung,synthetic.dnr-03709@demo-causefleet.org,555-0134,4452 Nathan Ferry,Bettyport,ND,01373,Individual,Under 100,,False,2024-10-18,True
DNR-03710,ORG-HUM-01,Jonathan,Armstrong,synthetic.dnr-03710@demo-causefleet.org,555-0160,893 Kim Canyon,Adrianafort,MS,68730,Corporation,100-999,,False,2023-11-01,True
DNR-03711,ORG-HUM-01,Carolyn,Scott,synthetic.dnr-03711@demo-causefleet.org,555-0147,84165 Brown Cove Suite 874,North Markchester,ID,17501,Individual,Under 100,,False,2023-02-23,True
DNR-03712,ORG-HUM-01,Gregory,Hill,synthetic.dnr-03712@demo-causefleet.org,555-0192,25786 Boone Isle,Arnoldchester,MO,60824,Individual,"1,000-$9,999",,False,2023-03-14,True
DNR-03713,ORG-HUM-01,Ronald,Maxwell,synthetic.dnr-03713@demo-causefleet.org,555-0116,11245 Miller Harbor,Carrhaven,PR,39614,Individual,Under 100,,False,2025-04-28,True
DNR-03714,ORG-HUM-01,Hannah,Garcia,synthetic.dnr-03714@demo-causefleet.org,555-0140,99683 Timothy Manor Apt. 890,East Todd,AK,49484,Individual,Under 100,,False,2025-04-24,True
DNR-03715,ORG-HUM-01,Alex,Martin,synthetic.dnr-03715@demo-causefleet.org,555-0173,980 Griffin Gardens,South Kristin,HI,17395,Corporation,Under 100,,False,2023-12-25,True
DNR-03716,ORG-HUM-01,Holly,Campos,synthetic.dnr-03716@demo-causefleet.org,555-0159,116 Maurice Loaf Suite 185,North Josephmouth,NV,61542,Individual,"1,000-$9,999",,False,2022-08-06,True
DNR-03717,ORG-HUM-01,Patrick,Wilson,synthetic.dnr-03717@demo-causefleet.org,555-0124,380 Thomas Street Suite 861,New Julieland,OK,22093,Individual,Under 100,,False,2025-01-11,True
DNR-03718,ORG-HUM-01,Gina,Ramirez,synthetic.dnr-03718@demo-causefleet.org,555-0140,26083 Stanley Street Suite 435,Brucehaven,WY,41794,Individual,Under 100,,False,2023-11-02,True
DNR-03719,ORG-HUM-01,Amy,Moore,synthetic.dnr-03719@demo-causefleet.org,555-0173,9549 William Loaf,Santiagochester,NV,41897,Individual,100-999,,False,2024-10-09,True
DNR-03720,ORG-HUM-01,Abigail,Ortiz,synthetic.dnr-03720@demo-causefleet.org,555-0191,5392 Velasquez Wall,Lake Pam,NM,27202,Individual,Under 100,,False,2022-05-27,True
DNR-03721,ORG-HUM-01,Glen,Foster,synthetic.dnr-03721@demo-causefleet.org,555-0186,81944 Hart Circle Apt. 084,Port Taylor,MI,80479,Individual,100-999,,False,2022-03-25,True
DNR-03722,ORG-HUM-01,Ashley,Anderson,synthetic.dnr-03722@demo-causefleet.org,555-0119,8644 Anne Meadows Apt. 205,Lake Nicole,NV,04087,Individual,Under 100,,False,2023-12-08,True
DNR-03723,ORG-HUM-01,Bailey,Bennett,synthetic.dnr-03723@demo-causefleet.org,555-0177,5212 Michael Drives Suite 437,Marshberg,VA,05489,Foundation,100-999,,False,2021-07-27,True
DNR-03724,ORG-HUM-01,Sandra,Green,synthetic.dnr-03724@demo-causefleet.org,555-0111,670 Scott Causeway Suite 010,Teresastad,NJ,46808,Individual,"1,000-$9,999",,False,2023-04-02,True
DNR-03725,ORG-HUM-01,William,Rice,synthetic.dnr-03725@demo-causefleet.org,555-0156,7843 Davis Cove,Hollandland,MP,89142,Individual,100-999,,False,2022-06-05,True
DNR-03726,ORG-HUM-01,Stephanie,Bell,synthetic.dnr-03726@demo-causefleet.org,555-0150,117 Walter Oval Suite 815,New Crystalchester,DC,31414,Foundation,Under 100,,False,2024-05-26,True
DNR-03727,ORG-HUM-01,Steven,Adams,synthetic.dnr-03727@demo-causefleet.org,555-0126,95715 Hatfield Wells Apt. 100,West Rebeccaland,WY,75379,Individual,Under 100,,False,2024-01-10,True
DNR-03728,ORG-HUM-01,Bradley,Rios,synthetic.dnr-03728@demo-causefleet.org,555-0159,590 James Mills Apt. 861,Rodneyborough,OR,11286,Individual,"1,000-$9,999",,False,2024-09-08,True
DNR-03729,ORG-HUM-01,Kristy,Stevens,synthetic.dnr-03729@demo-causefleet.org,555-0182,37837 Taylor Freeway Apt. 470,East Philliptown,WA,49024,Individual,Under 100,,False,2021-08-25,True
DNR-03730,ORG-HUM-01,Rebecca,Miles,synthetic.dnr-03730@demo-causefleet.org,555-0163,266 Patricia Loaf,North Tricia,IN,38394,Individual,Under 100,,False,2025-03-30,True
DNR-03731,ORG-HUM-01,Cristian,Baldwin,synthetic.dnr-03731@demo-causefleet.org,555-0156,3029 Key Parkway Apt. 180,North Brianna,UT,68752,Individual,100-999,,False,2022-01-10,True
DNR-03732,ORG-HUM-01,James,Lawrence,synthetic.dnr-03732@demo-causefleet.org,555-0179,582 Wright Street,Seanhaven,VI,92265,Corporation,Under 100,,False,2023-10-08,True
DNR-03733,ORG-HUM-01,Donald,Rivera,synthetic.dnr-03733@demo-causefleet.org,555-0197,878 Jennifer Forest,Port Travisborough,WV,17556,Individual,Under 100,,False,2023-09-17,True
DNR-03734,ORG-HUM-01,Eric,Farmer,synthetic.dnr-03734@demo-causefleet.org,555-0132,754 Kimberly Pines,Williamsmouth,LA,37392,Individual,Under 100,,False,2023-10-25,True
DNR-03735,ORG-HUM-01,Sara,Norris,synthetic.dnr-03735@demo-causefleet.org,555-0170,5324 Samantha Manor Apt. 702,Brandyville,KY,88904,Individual,Under 100,,False,2021-07-13,True
DNR-03736,ORG-HUM-01,Hannah,Hancock,synthetic.dnr-03736@demo-causefleet.org,555-0119,789 Simpson Knolls Apt. 600,Marthamouth,WV,40322,Individual,Under 100,,False,2021-11-14,True
DNR-03737,ORG-HUM-01,Catherine,Taylor,synthetic.dnr-03737@demo-causefleet.org,555-0112,73732 Sweeney Spurs Suite 372,Larryshire,NJ,95348,Individual,100-999,,False,2022-11-24,True
DNR-03738,ORG-HUM-01,Frank,Moore,synthetic.dnr-03738@demo-causefleet.org,555-0185,43692 Brian Court Apt. 585,Port Larry,AR,18119,Individual,Under 100,,False,2025-07-14,True
DNR-03739,ORG-HUM-01,Rhonda,Romero,synthetic.dnr-03739@demo-causefleet.org,555-0118,89706 Johnson Ford Suite 489,Whitakerside,AS,17573,Individual,100-999,,False,2024-01-09,True
DNR-03740,ORG-HUM-01,Jeffrey,Henry,synthetic.dnr-03740@demo-causefleet.org,555-0111,6105 Daniel Brooks,Elizabethfort,PA,37855,Individual,100-999,,False,2023-04-10,True
DNR-03741,ORG-HUM-01,Mark,Salinas,synthetic.dnr-03741@demo-causefleet.org,555-0143,59490 Juarez Gardens Suite 627,South Charlesstad,AZ,08129,Foundation,Under 100,,False,2025-09-09,True
DNR-03742,ORG-HUM-01,Carol,Washington,synthetic.dnr-03742@demo-causefleet.org,555-0137,537 Angela Court,Webbview,AL,73638,Individual,Under 100,,False,2025-09-12,True
DNR-03743,ORG-HUM-01,Alice,Wells,synthetic.dnr-03743@demo-causefleet.org,555-0115,3115 Morris Summit Apt. 643,Lake Danielle,NC,17593,Individual,100-999,,False,2024-01-30,True
DNR-03744,ORG-HUM-01,Jimmy,Richard,synthetic.dnr-03744@demo-causefleet.org,555-0117,09741 Arnold Dam Suite 571,Morrowborough,AR,90528,Individual,Under 100,,False,2023-09-01,True
DNR-03745,ORG-HUM-01,Heather,Reed,synthetic.dnr-03745@demo-causefleet.org,555-0160,616 Heath Glen Apt. 300,East Frank,MT,38813,Individual,Under 100,,False,2023-04-27,True
DNR-03746,ORG-HUM-01,Andrew,Curtis,synthetic.dnr-03746@demo-causefleet.org,555-0174,98361 Reeves Stream Apt. 282,Harrishaven,TX,01099,Individual,100-999,,False,2023-02-27,True
DNR-03747,ORG-HUM-01,Larry,Carlson,synthetic.dnr-03747@demo-causefleet.org,555-0146,031 Rodriguez Estates,Lake Ryan,SD,69469,Individual,Under 100,,False,2022-03-07,True
DNR-03748,ORG-HUM-01,Kristen,Ford,synthetic.dnr-03748@demo-causefleet.org,555-0190,7836 Tiffany Pines,East Jeffreymouth,UT,29361,Individual,"1,000-$9,999",,False,2021-10-13,True
DNR-03749,ORG-HUM-01,Mark,Coleman,synthetic.dnr-03749@demo-causefleet.org,555-0174,18123 Timothy Pine,Port Charlesberg,GA,11944,Individual,Under 100,,False,2022-01-22,True
DNR-03750,ORG-HUM-01,Connie,Francis,synthetic.dnr-03750@demo-causefleet.org,555-0163,2101 Scott Route Suite 520,Janeton,OR,76080,Foundation,100-999,,False,2022-01-02,True
DNR-03751,ORG-HUM-01,Cathy,Cummings,synthetic.dnr-03751@demo-causefleet.org,555-0164,8085 Christopher Square,Port Nataliemouth,AK,87550,Foundation,Under 100,,False,2021-10-05,True
DNR-03752,ORG-HUM-01,Daniel,Mckenzie,synthetic.dnr-03752@demo-causefleet.org,555-0199,11287 Brown Pike Apt. 670,New Brian,NM,32781,Foundation,"1,000-$9,999",,False,2024-06-13,True
DNR-03753,ORG-HUM-01,Scott,Lawrence,synthetic.dnr-03753@demo-causefleet.org,555-0161,371 Anthony Land Apt. 414,Padillahaven,WY,16346,Individual,Under 100,,False,2023-10-31,True
DNR-03754,ORG-HUM-01,Louis,Ortiz,synthetic.dnr-03754@demo-causefleet.org,555-0120,583 Ryan Garden,Sarahland,GU,21366,Individual,Under 100,,False,2024-10-29,True
DNR-03755,ORG-HUM-01,Nancy,Yu,synthetic.dnr-03755@demo-causefleet.org,555-0191,7990 White Forks,Lake Donna,ME,62953,Individual,Under 100,,False,2023-06-11,True
DNR-03756,ORG-HUM-01,Linda,Blake,synthetic.dnr-03756@demo-causefleet.org,555-0178,8356 Samantha Lane,Meganstad,NC,43831,Individual,Under 100,,False,2022-11-17,True
DNR-03757,ORG-HUM-01,Charles,Gardner,synthetic.dnr-03757@demo-causefleet.org,555-0178,7170 Bridges Lake Suite 662,Jonesfurt,CT,04921,Individual,Under 100,,False,2023-08-10,True
DNR-03758,ORG-HUM-01,Kimberly,Johnson,synthetic.dnr-03758@demo-causefleet.org,555-0188,3538 Rice Walks,West Cindymouth,ND,03274,Individual,Under 100,,False,2022-08-26,True
DNR-03759,ORG-HUM-01,Steven,Roy,synthetic.dnr-03759@demo-causefleet.org,555-0129,69008 Sanchez Station Suite 550,Evanshaven,CT,34385,Individual,Under 100,,False,2021-06-15,True
DNR-03760,ORG-HUM-01,Kevin,Farmer,synthetic.dnr-03760@demo-causefleet.org,555-0145,6926 Thompson Trail Apt. 951,Lake Madisonside,FM,31069,Individual,Under 100,,False,2022-09-17,True
DNR-03761,ORG-HUM-01,Robin,Marks,synthetic.dnr-03761@demo-causefleet.org,555-0120,55299 Steven Mountains Suite 135,Wilsonfurt,AK,08161,Individual,Under 100,,False,2022-03-26,True
DNR-03762,ORG-HUM-01,Dan,Sanchez,synthetic.dnr-03762@demo-causefleet.org,555-0149,718 Barrett Turnpike Suite 892,North Audrey,WI,59573,Individual,100-999,,False,2021-10-07,True
DNR-03763,ORG-HUM-01,Donald,Flores,synthetic.dnr-03763@demo-causefleet.org,555-0120,09062 Johnson Trail Suite 666,West Nicoletown,MT,68252,Individual,100-999,,False,2025-07-16,True
DNR-03764,ORG-HUM-01,Sharon,Villanueva,synthetic.dnr-03764@demo-causefleet.org,555-0175,528 Gonzalez Route Suite 070,Nicoleshire,AK,23223,Individual,100-999,,False,2023-11-15,True
DNR-03765,ORG-HUM-01,Lynn,Jenkins,synthetic.dnr-03765@demo-causefleet.org,555-0136,7237 Juarez Bypass,West Rachelborough,WV,07849,Individual,100-999,,False,2025-09-30,True
DNR-03766,ORG-HUM-01,Brittany,Rivera,synthetic.dnr-03766@demo-causefleet.org,555-0129,7048 Yang Island Apt. 231,Port Shannon,PW,99373,Individual,Under 100,,False,2021-12-01,True
DNR-03767,ORG-HUM-01,Kelly,Nelson,synthetic.dnr-03767@demo-causefleet.org,555-0178,56503 Garcia Street Apt. 074,New Edward,ND,19471,Individual,Under 100,,False,2024-10-04,True
DNR-03768,ORG-HUM-01,Christopher,Johnson,synthetic.dnr-03768@demo-causefleet.org,555-0151,2620 Hopkins Springs,Jenningsshire,MN,93857,Individual,Under 100,,False,2024-12-30,True
DNR-03769,ORG-HUM-01,Lawrence,Ford,synthetic.dnr-03769@demo-causefleet.org,555-0160,725 Lindsay Mews Suite 365,Langshire,KS,77760,Individual,100-999,,False,2024-12-05,True
DNR-03770,ORG-HUM-01,Melissa,Hopkins,synthetic.dnr-03770@demo-causefleet.org,555-0185,511 Nancy Roads,Port Trevorborough,CO,30399,Individual,"10,000-99,999",,False,2024-06-07,True
DNR-03771,ORG-HUM-01,Stephen,Escobar,synthetic.dnr-03771@demo-causefleet.org,555-0191,366 Timothy Lodge,Williamhaven,CO,69421,Individual,Under 100,,False,2022-11-05,True
DNR-03772,ORG-HUM-01,Olivia,Wilkins,synthetic.dnr-03772@demo-causefleet.org,555-0193,0617 David Knoll Suite 075,Ashleyville,AS,88329,Foundation,Under 100,,False,2024-10-21,True
DNR-03773,ORG-HUM-01,Amanda,Huff,synthetic.dnr-03773@demo-causefleet.org,555-0197,0834 Parker Harbor Apt. 288,Gwendolynmouth,OR,78405,Individual,Under 100,,False,2023-06-28,True
DNR-03774,ORG-HUM-01,Brian,Bryant,synthetic.dnr-03774@demo-causefleet.org,555-0192,5663 Burns Alley,Port Joy,CA,71144,Individual,Under 100,,False,2025-07-29,True
DNR-03775,ORG-HUM-01,April,Martin,synthetic.dnr-03775@demo-causefleet.org,555-0118,3865 Hall Alley,North Davidfurt,AS,78479,Individual,Under 100,,False,2023-04-03,True
DNR-03776,ORG-HUM-01,Alicia,Stevens,synthetic.dnr-03776@demo-causefleet.org,555-0149,49761 Kyle Place,Wellsfurt,AZ,13170,Foundation,Under 100,,False,2023-12-14,True
DNR-03777,ORG-HUM-01,Andrew,Weber,synthetic.dnr-03777@demo-causefleet.org,555-0199,45311 Webster Coves Apt. 652,Port Stephen,UT,01724,Individual,"1,000-$9,999",,False,2022-05-18,True
DNR-03778,ORG-HUM-01,Jordan,Henderson,synthetic.dnr-03778@demo-causefleet.org,555-0165,6584 Justin Roads Apt. 037,Brandymouth,ID,56115,Individual,Under 100,,False,2023-02-28,True
DNR-03779,ORG-HUM-01,Robert,Cherry,synthetic.dnr-03779@demo-causefleet.org,555-0140,24987 Bowman Hollow,West Michaelberg,DE,89426,Individual,"1,000-$9,999",,False,2022-09-17,True
DNR-03780,ORG-HUM-01,Sandra,Jones,synthetic.dnr-03780@demo-causefleet.org,555-0117,96839 Gary Union,New Shannon,NM,95514,Foundation,100-999,,False,2022-06-28,True
DNR-03781,ORG-HUM-01,Kim,Simpson,synthetic.dnr-03781@demo-causefleet.org,555-0141,135 Lisa Station,East Richard,NC,98983,Individual,100-999,,False,2022-03-07,True
DNR-03782,ORG-HUM-01,Karl,Franklin,synthetic.dnr-03782@demo-causefleet.org,555-0121,8367 Ramirez Overpass,East Susan,MA,59686,Individual,Under 100,,False,2025-02-18,True
DNR-03783,ORG-HUM-01,Sarah,Velez,synthetic.dnr-03783@demo-causefleet.org,555-0165,9684 Moore Motorway Suite 041,New Christopher,NM,14967,Individual,100-999,,False,2021-11-28,True
DNR-03784,ORG-HUM-01,Paul,Willis,synthetic.dnr-03784@demo-causefleet.org,555-0124,4283 Lewis Village Apt. 470,West Garystad,MD,95322,Individual,100-999,,False,2023-07-10,True
DNR-03785,ORG-HUM-01,Vickie,Harrison,synthetic.dnr-03785@demo-causefleet.org,555-0168,00731 Peters Plain,South Latoyaburgh,KY,18984,Individual,100-999,,False,2024-06-28,True
DNR-03786,ORG-HUM-01,Cynthia,Wells,synthetic.dnr-03786@demo-causefleet.org,555-0188,7532 Becky Plaza Suite 599,West Wayneport,DE,77017,Individual,Under 100,,False,2022-06-24,True
DNR-03787,ORG-HUM-01,Katherine,Collins,synthetic.dnr-03787@demo-causefleet.org,555-0187,6411 Mary Stream,Richardton,UT,02858,Individual,"10,000-99,999",,False,2024-09-18,True
DNR-03788,ORG-HUM-01,Karen,Guzman,synthetic.dnr-03788@demo-causefleet.org,555-0117,3810 Sanchez Vista Apt. 721,Benjaminberg,DC,52051,Individual,100-999,,False,2023-04-01,True
DNR-03789,ORG-HUM-01,John,Williams,synthetic.dnr-03789@demo-causefleet.org,555-0149,4985 Karina Mountains Suite 240,North Shawnstad,AK,38891,Individual,100-999,,False,2021-09-11,True
DNR-03790,ORG-HUM-01,John,Cole,synthetic.dnr-03790@demo-causefleet.org,555-0195,1277 Charles Underpass,Johnhaven,NM,78813,Corporation,100-999,,False,2023-12-25,True
DNR-03791,ORG-HUM-01,Dorothy,Allen,synthetic.dnr-03791@demo-causefleet.org,555-0194,123 Jessica Common,Ramirezton,AR,65478,Individual,Under 100,,False,2025-06-06,True
DNR-03792,ORG-HUM-01,Karen,Hughes,synthetic.dnr-03792@demo-causefleet.org,555-0132,23760 Luis Mountains Apt. 944,West Lori,HI,18642,Individual,Under 100,,False,2022-07-04,True
DNR-03793,ORG-HUM-01,Rodney,Randolph,synthetic.dnr-03793@demo-causefleet.org,555-0125,333 Francis Estate,Williamsborough,HI,18345,Individual,Under 100,,False,2022-02-04,True
DNR-03794,ORG-HUM-01,Sean,Bennett,synthetic.dnr-03794@demo-causefleet.org,555-0111,583 Maldonado Skyway Apt. 730,Lake Lauraland,VT,97988,Individual,Under 100,,False,2022-01-24,True
DNR-03795,ORG-HUM-01,Wendy,Thomas,synthetic.dnr-03795@demo-causefleet.org,555-0127,1296 Michael Rapids,Woodberg,NY,91730,Individual,100-999,,False,2023-11-27,True
DNR-03796,ORG-HUM-01,Edward,Hodges,synthetic.dnr-03796@demo-causefleet.org,555-0199,749 Lisa View,New Jerry,NV,58018,Individual,Under 100,,False,2023-08-14,True
DNR-03797,ORG-HUM-01,Maria,Hill,synthetic.dnr-03797@demo-causefleet.org,555-0111,4944 Quinn Divide Suite 372,Hartburgh,WY,30796,Individual,Under 100,,False,2023-09-23,True
DNR-03798,ORG-HUM-01,Laurie,Patel,synthetic.dnr-03798@demo-causefleet.org,555-0130,5573 Weaver Course,New James,MH,10507,Individual,Under 100,,False,2022-04-20,True
DNR-03799,ORG-HUM-01,Rebekah,Price,synthetic.dnr-03799@demo-causefleet.org,555-0173,26456 Wallace Knoll,Johnsonfort,CT,63261,Individual,Under 100,,False,2021-11-17,True
DNR-03800,ORG-HUM-01,Christy,Miller,synthetic.dnr-03800@demo-causefleet.org,555-0154,33562 Rogers Crossing,West Kathryn,ME,15344,Individual,Under 100,,False,2021-10-27,True
DNR-03801,ORG-HUM-01,Brian,Cross,synthetic.dnr-03801@demo-causefleet.org,555-0176,13732 Sarah Roads Apt. 201,Perezside,HI,17028,Individual,100-999,,False,2024-09-17,True
DNR-03802,ORG-HUM-01,Kim,Williams,synthetic.dnr-03802@demo-causefleet.org,555-0176,686 Hall Terrace Suite 099,Romanside,ND,53919,Foundation,Under 100,,False,2024-02-24,True
DNR-03803,ORG-HUM-01,Sandra,Curry,synthetic.dnr-03803@demo-causefleet.org,555-0143,6819 Colleen Trace Suite 911,East Christinehaven,ME,76765,Individual,Under 100,,False,2024-11-22,True
DNR-03804,ORG-HUM-01,Alicia,Lee,synthetic.dnr-03804@demo-causefleet.org,555-0131,327 Lee River,Obrienhaven,WA,52446,Corporation,Under 100,,False,2024-03-25,True
DNR-03805,ORG-HUM-01,Grace,Martinez,synthetic.dnr-03805@demo-causefleet.org,555-0157,06533 Joel Spurs,Mcintyreland,GU,13311,Individual,Under 100,,False,2022-03-30,True
DNR-03806,ORG-HUM-01,Nicholas,Parker,synthetic.dnr-03806@demo-causefleet.org,555-0126,51644 Robles Rapids,East Christy,WI,49634,Corporation,Under 100,,False,2024-04-12,True
DNR-03807,ORG-HUM-01,Brooke,Hoffman,synthetic.dnr-03807@demo-causefleet.org,555-0144,008 Adam Motorway Apt. 322,Williamstown,GU,69738,Individual,"10,000-99,999",,False,2025-06-07,True
DNR-03808,ORG-HUM-01,Michelle,Torres,synthetic.dnr-03808@demo-causefleet.org,555-0125,134 Sanchez Views,West Jasonhaven,NC,85089,Individual,Under 100,,False,2023-08-07,True
DNR-03809,ORG-HUM-01,Jeffrey,Farmer,synthetic.dnr-03809@demo-causefleet.org,555-0113,4282 Joan Crossing,Johnsonland,AK,87507,Individual,Under 100,,False,2024-04-10,True
DNR-03810,ORG-HUM-01,Rebecca,Hernandez,synthetic.dnr-03810@demo-causefleet.org,555-0152,821 Meghan Viaduct,North Connorstad,WV,13550,Individual,Under 100,,False,2025-08-13,True
DNR-03811,ORG-HUM-01,Robert,Williams,synthetic.dnr-03811@demo-causefleet.org,555-0164,497 Juan Spring Apt. 097,Bassfurt,PR,56433,Individual,100-999,,False,2021-06-10,True
DNR-03812,ORG-HUM-01,John,Bonilla,synthetic.dnr-03812@demo-causefleet.org,555-0144,453 Candice Walks,Donaldborough,MS,43365,Individual,Under 100,,False,2024-04-27,True
DNR-03813,ORG-HUM-01,John,Kennedy,synthetic.dnr-03813@demo-causefleet.org,555-0177,2507 Shepherd Flat Apt. 275,New Ebonyport,GU,34512,Individual,100-999,,False,2024-08-20,True
DNR-03814,ORG-HUM-01,Christopher,Villa,synthetic.dnr-03814@demo-causefleet.org,555-0118,936 Lauren Cliffs Suite 168,Shahfurt,IN,96959,Individual,Under 100,,False,2023-08-24,True
DNR-03815,ORG-HUM-01,Todd,Marshall,synthetic.dnr-03815@demo-causefleet.org,555-0143,575 Schmidt Lodge,New David,GU,04780,Individual,"1,000-$9,999",,False,2021-07-19,True
DNR-03816,ORG-HUM-01,Jason,Palmer,synthetic.dnr-03816@demo-causefleet.org,555-0183,29578 Glen Spring,East Erica,PR,44635,Individual,Under 100,,False,2021-11-09,True
DNR-03817,ORG-HUM-01,Derek,Hill,synthetic.dnr-03817@demo-causefleet.org,555-0190,234 Douglas Hollow,North Davidview,AS,18997,Individual,Under 100,,False,2023-09-17,True
DNR-03818,ORG-HUM-01,Adam,James,synthetic.dnr-03818@demo-causefleet.org,555-0119,7760 Rodriguez Route Apt. 517,Johnburgh,DE,04175,Individual,Under 100,,False,2022-04-01,True
DNR-03819,ORG-HUM-01,Jimmy,Williamson,synthetic.dnr-03819@demo-causefleet.org,555-0173,903 Ryan Loop,Peterhaven,AL,20162,Individual,Under 100,,False,2023-10-06,True
DNR-03820,ORG-HUM-01,Philip,Hancock,synthetic.dnr-03820@demo-causefleet.org,555-0168,8511 Serrano Manors Suite 124,Fryefurt,PW,84668,Individual,100-999,,False,2024-12-29,True
DNR-03821,ORG-HUM-01,Mark,Vazquez,synthetic.dnr-03821@demo-causefleet.org,555-0175,6469 Samantha Land Apt. 282,Skinnermouth,UT,39484,Individual,"1,000-$9,999",,False,2025-09-07,True
DNR-03822,ORG-HUM-01,Theresa,Ramirez,synthetic.dnr-03822@demo-causefleet.org,555-0156,4576 Kelly Valleys,Barnettburgh,AZ,06768,Individual,Under 100,,False,2023-03-12,True
DNR-03823,ORG-HUM-01,Tracy,Hughes,synthetic.dnr-03823@demo-causefleet.org,555-0117,2813 Anderson Greens,Port Brandon,LA,55490,Individual,100-999,,False,2021-11-20,True
DNR-03824,ORG-HUM-01,Jeremy,Hutchinson,synthetic.dnr-03824@demo-causefleet.org,555-0173,70572 Pope Motorway,North Lindsay,AR,19509,Individual,100-999,,False,2024-08-27,True
DNR-03825,ORG-HUM-01,Brandon,Johnson,synthetic.dnr-03825@demo-causefleet.org,555-0182,07790 Dana Curve,Port Michaelborough,HI,32761,Individual,"1,000-$9,999",,False,2024-07-17,True
DNR-03826,ORG-HUM-01,Kyle,Foley,synthetic.dnr-03826@demo-causefleet.org,555-0131,5062 Martinez Crossing Apt. 631,Justinside,AR,57109,Individual,Under 100,,False,2023-08-05,True
DNR-03827,ORG-HUM-01,Patricia,James,synthetic.dnr-03827@demo-causefleet.org,555-0157,90651 Bailey Curve Suite 547,South Benjamin,GA,85730,Individual,Under 100,,False,2023-02-06,True
DNR-03828,ORG-HUM-01,Kevin,Cox,synthetic.dnr-03828@demo-causefleet.org,555-0130,778 Salinas Trafficway,North Ashleymouth,KY,45837,Individual,Under 100,,False,2021-09-11,True
DNR-03829,ORG-HUM-01,Dana,Harris,synthetic.dnr-03829@demo-causefleet.org,555-0142,763 Zachary Shoal Apt. 235,Sonyaborough,SD,28572,Individual,100-999,,False,2021-08-28,True
DNR-03830,ORG-HUM-01,Tamara,Moore,synthetic.dnr-03830@demo-causefleet.org,555-0123,6020 Johnson Gateway,Youngfurt,MT,70897,Individual,Under 100,,False,2023-04-12,True
DNR-03831,ORG-HUM-01,Christopher,Davenport,synthetic.dnr-03831@demo-causefleet.org,555-0183,0790 Mosley Row Suite 005,Brittanybury,WA,08996,Individual,Under 100,,False,2021-08-08,True
DNR-03832,ORG-HUM-01,Joshua,Hooper,synthetic.dnr-03832@demo-causefleet.org,555-0196,9916 Michael Cape Apt. 879,South Diana,DC,43023,Individual,Under 100,,False,2023-12-12,True
DNR-03833,ORG-HUM-01,Mason,Beasley,synthetic.dnr-03833@demo-causefleet.org,555-0124,450 Ryan Burg,South Jesse,AL,76797,Individual,Under 100,,False,2022-11-15,True
DNR-03834,ORG-HUM-01,Jenna,James,synthetic.dnr-03834@demo-causefleet.org,555-0139,9313 John Flats,Marcusburgh,ND,04571,Individual,100-999,,False,2024-03-18,True
DNR-03835,ORG-HUM-01,Jeffrey,Thompson,synthetic.dnr-03835@demo-causefleet.org,555-0175,4458 Richard Prairie Suite 615,Lake William,OH,15364,Individual,100-999,,False,2022-07-31,True
DNR-03836,ORG-HUM-01,Sarah,Rodriguez,synthetic.dnr-03836@demo-causefleet.org,555-0110,4079 Duncan Mill Apt. 608,East Mauriceton,MO,04518,Individual,Under 100,,False,2022-11-01,True
DNR-03837,ORG-HUM-01,Christina,Bowen,synthetic.dnr-03837@demo-causefleet.org,555-0115,8971 Alvarez Lodge,Baileyfurt,GU,43667,Foundation,100-999,,False,2022-02-01,True
DNR-03838,ORG-HUM-01,Kimberly,Smith,synthetic.dnr-03838@demo-causefleet.org,555-0111,19797 Turner Rue,Smithport,UT,73478,Individual,Under 100,,False,2021-07-23,True
DNR-03839,ORG-HUM-01,Anthony,Powell,synthetic.dnr-03839@demo-causefleet.org,555-0141,24662 Gutierrez Prairie Suite 125,South Lauraberg,NY,95510,Foundation,Under 100,,False,2023-03-11,True
DNR-03840,ORG-HUM-01,Gregory,Meadows,synthetic.dnr-03840@demo-causefleet.org,555-0115,28474 Willis Pike Suite 136,New Joshuaside,AK,84565,Individual,Under 100,,False,2024-02-22,True
DNR-03841,ORG-HUM-01,Jessica,Hall,synthetic.dnr-03841@demo-causefleet.org,555-0170,800 Sarah Mission Apt. 917,West Davidberg,CT,24166,Individual,Under 100,,False,2022-08-10,True
DNR-03842,ORG-HUM-01,Tiffany,Reed,synthetic.dnr-03842@demo-causefleet.org,555-0156,93626 Christopher Forges Suite 946,South Williamhaven,GA,82274,Individual,Under 100,,False,2024-01-22,True
DNR-03843,ORG-HUM-01,Patricia,Anderson,synthetic.dnr-03843@demo-causefleet.org,555-0159,522 Sandra Forge,North Larryburgh,PR,29963,Individual,100-999,,False,2022-11-17,True
DNR-03844,ORG-HUM-01,Michael,Mcgrath,synthetic.dnr-03844@demo-causefleet.org,555-0129,704 Christian Wall Apt. 060,Margaretshire,MA,41127,Individual,Under 100,,False,2021-10-04,True
DNR-03845,ORG-HUM-01,Jeanne,Conway,synthetic.dnr-03845@demo-causefleet.org,555-0132,1299 Amanda Square Suite 310,Carterland,KS,69641,Individual,100-999,,False,2022-06-23,True
DNR-03846,ORG-HUM-01,Marissa,White,synthetic.dnr-03846@demo-causefleet.org,555-0114,09201 Brown Tunnel,Walshside,ID,19869,Individual,Under 100,,False,2023-05-16,True
DNR-03847,ORG-HUM-01,Dylan,Nelson,synthetic.dnr-03847@demo-causefleet.org,555-0180,62801 Fernandez Bypass,Allenburgh,PW,68469,Corporation,Under 100,,False,2024-09-01,True
DNR-03848,ORG-HUM-01,Audrey,Ware,synthetic.dnr-03848@demo-causefleet.org,555-0193,7218 Ryan Keys,Lake Matthewstad,FM,49051,Individual,Under 100,,False,2021-11-13,True
DNR-03849,ORG-HUM-01,Theresa,Pennington,synthetic.dnr-03849@demo-causefleet.org,555-0163,67161 Taylor Mount,Stewartshire,MA,34458,Individual,Under 100,,False,2022-06-05,True
DNR-03850,ORG-HUM-01,Erin,Hale,synthetic.dnr-03850@demo-causefleet.org,555-0138,18698 Nicole Trail Apt. 185,New Sarah,AR,03767,Individual,Under 100,,False,2025-03-21,True
DNR-03851,ORG-HUM-01,Erica,Hill,synthetic.dnr-03851@demo-causefleet.org,555-0151,94689 Morales Cove,Shortville,DE,70688,Individual,Under 100,,False,2025-03-23,True
DNR-03852,ORG-HUM-01,Barry,Williams,synthetic.dnr-03852@demo-causefleet.org,555-0141,207 Scott Square,Moralesstad,TN,62543,Individual,Under 100,,False,2023-01-11,True
DNR-03853,ORG-HUM-01,Charlene,Galloway,synthetic.dnr-03853@demo-causefleet.org,555-0163,2903 Jones Forks Suite 517,Villegasbury,SD,63084,Individual,Under 100,,False,2025-04-11,True
DNR-03854,ORG-HUM-01,Todd,Cooper,synthetic.dnr-03854@demo-causefleet.org,555-0150,3593 Eric Crest,Charleston,AK,79895,Foundation,Under 100,,False,2022-01-22,True
DNR-03855,ORG-HUM-01,Cassandra,Thompson,synthetic.dnr-03855@demo-causefleet.org,555-0144,486 Jeffery Corner,North Jamesmouth,PW,68640,Individual,100-999,,False,2024-01-04,True
DNR-03856,ORG-HUM-01,Steven,Watts,synthetic.dnr-03856@demo-causefleet.org,555-0119,120 Robbins Ville,New Thomas,MN,80367,Individual,100-999,,False,2021-07-12,True
DNR-03857,ORG-HUM-01,Nicholas,Boyd,synthetic.dnr-03857@demo-causefleet.org,555-0183,3546 Christine Lights Apt. 300,Port Scott,MO,26276,Individual,Under 100,,False,2025-05-14,True
DNR-03858,ORG-HUM-01,Molly,Mcpherson,synthetic.dnr-03858@demo-causefleet.org,555-0157,0815 Heather Village Apt. 778,East Kelli,NC,24759,Individual,100-999,,False,2023-06-07,True
DNR-03859,ORG-HUM-01,Kelly,Monroe,synthetic.dnr-03859@demo-causefleet.org,555-0125,4557 Stafford Cliff Apt. 026,Friedmanmouth,ME,24443,Individual,100-999,,False,2023-03-12,True
DNR-03860,ORG-HUM-01,Sean,Jones,synthetic.dnr-03860@demo-causefleet.org,555-0174,55291 Reed Tunnel,Bradleyview,NV,33466,Individual,100-999,,False,2023-06-21,True
DNR-03861,ORG-HUM-01,Elizabeth,Le,synthetic.dnr-03861@demo-causefleet.org,555-0196,668 Frost Via Apt. 725,Markburgh,VI,69935,Individual,Under 100,,False,2021-06-16,True
DNR-03862,ORG-HUM-01,Lisa,Roy,synthetic.dnr-03862@demo-causefleet.org,555-0116,0230 Derek Summit,Jamesmouth,CT,98413,Individual,Under 100,,False,2022-03-27,True
DNR-03863,ORG-HUM-01,Tonya,Rodriguez,synthetic.dnr-03863@demo-causefleet.org,555-0132,394 Kyle Curve,North Natalieport,AZ,16433,Individual,100-999,,False,2025-09-20,True
DNR-03864,ORG-HUM-01,Timothy,Acosta,synthetic.dnr-03864@demo-causefleet.org,555-0138,283 Kenneth Land,North Adamchester,FM,92270,Individual,Under 100,,False,2023-05-01,True
DNR-03865,ORG-HUM-01,Shannon,Vega,synthetic.dnr-03865@demo-causefleet.org,555-0176,9116 Laura Stravenue,Schneidermouth,NH,54792,Individual,"1,000-$9,999",,False,2025-01-17,True
DNR-03866,ORG-HUM-01,Stephanie,Nelson,synthetic.dnr-03866@demo-causefleet.org,555-0115,9307 David Trafficway Suite 821,South Cassandra,AK,94103,Individual,100-999,,False,2022-01-13,True
DNR-03867,ORG-HUM-01,Richard,Palmer,synthetic.dnr-03867@demo-causefleet.org,555-0161,4287 Kevin Shore Suite 635,Leeland,CO,28693,Individual,Under 100,,False,2024-11-24,True
DNR-03868,ORG-HUM-01,Jessica,White,synthetic.dnr-03868@demo-causefleet.org,555-0118,4564 Cooke Crest Apt. 281,Sarahland,ID,55543,Individual,Under 100,,False,2023-01-01,True
DNR-03869,ORG-HUM-01,Jeffrey,Young,synthetic.dnr-03869@demo-causefleet.org,555-0169,046 Melissa Highway,Vegamouth,ME,04897,Individual,Under 100,,False,2023-08-01,True
DNR-03870,ORG-HUM-01,Keith,Frank,synthetic.dnr-03870@demo-causefleet.org,555-0146,187 Garcia Oval,New Laurenside,CO,42271,Individual,Under 100,,False,2023-06-15,True
DNR-03871,ORG-HUM-01,Vanessa,Henry,synthetic.dnr-03871@demo-causefleet.org,555-0149,52750 Walters Ford,Millerbury,HI,05155,Individual,Under 100,,False,2025-06-17,True
DNR-03872,ORG-HUM-01,Lauren,Combs,synthetic.dnr-03872@demo-causefleet.org,555-0151,23628 Dawn Station,Hartland,AS,14187,Individual,Under 100,,False,2022-09-24,True
DNR-03873,ORG-HUM-01,Jason,Wells,synthetic.dnr-03873@demo-causefleet.org,555-0121,1967 Beth Radial Suite 978,South Glenfurt,NM,12898,Individual,Under 100,,False,2024-11-01,True
DNR-03874,ORG-HUM-01,Caleb,Norton,synthetic.dnr-03874@demo-causefleet.org,555-0180,5970 Sean Estates,Port Devinland,TN,95726,Individual,Under 100,,False,2024-09-12,True
DNR-03875,ORG-HUM-01,Christopher,Gomez,synthetic.dnr-03875@demo-causefleet.org,555-0168,096 Stephen Coves Suite 734,New Mary,FL,57035,Individual,"10,000-99,999",,False,2025-05-30,True
DNR-03876,ORG-HUM-01,Robert,Davis,synthetic.dnr-03876@demo-causefleet.org,555-0111,405 Weaver Run Apt. 206,East Jillhaven,GU,62917,Individual,Under 100,,False,2023-07-13,True
DNR-03877,ORG-HUM-01,Terry,Rodriguez,synthetic.dnr-03877@demo-causefleet.org,555-0157,877 Rebecca Spurs Suite 892,Petersville,VA,19544,Individual,"1,000-$9,999",,False,2025-03-19,True
DNR-03878,ORG-HUM-01,Caitlin,Hall,synthetic.dnr-03878@demo-causefleet.org,555-0135,793 Mason Viaduct,Erikmouth,CA,11076,Individual,"1,000-$9,999",,False,2024-05-24,True
DNR-03879,ORG-HUM-01,Dennis,Shaffer,synthetic.dnr-03879@demo-causefleet.org,555-0147,91282 Freeman Lane,Jamesshire,AS,73960,Individual,Under 100,,False,2025-05-10,True
DNR-03880,ORG-HUM-01,Tiffany,Patterson,synthetic.dnr-03880@demo-causefleet.org,555-0182,26426 Wise Mills Apt. 014,Port James,TN,18430,Individual,100-999,,False,2024-06-17,True
DNR-03881,ORG-HUM-01,Christina,Adams,synthetic.dnr-03881@demo-causefleet.org,555-0148,71627 Graham Orchard Suite 860,Patrickville,IN,10937,Individual,Under 100,,False,2023-07-10,True
DNR-03882,ORG-HUM-01,Richard,Long,synthetic.dnr-03882@demo-causefleet.org,555-0189,297 Christina Isle,East Tinastad,VI,54326,Individual,100-999,,False,2024-06-26,True
DNR-03883,ORG-HUM-01,Brittany,Jones,synthetic.dnr-03883@demo-causefleet.org,555-0141,068 Brian Meadow Suite 950,Lake Reginald,IL,89915,Foundation,Under 100,,False,2021-06-11,True
DNR-03884,ORG-HUM-01,Russell,Petty,synthetic.dnr-03884@demo-causefleet.org,555-0169,0543 Stephanie Stravenue Suite 027,Rachaelburgh,LA,07790,Individual,Under 100,,False,2024-10-20,True
DNR-03885,ORG-HUM-01,Haley,Harris,synthetic.dnr-03885@demo-causefleet.org,555-0157,9458 Abbott Center Apt. 307,North Karafurt,ME,05939,Foundation,Under 100,,False,2023-01-16,True
DNR-03886,ORG-HUM-01,Robert,David,synthetic.dnr-03886@demo-causefleet.org,555-0185,8679 Nunez Heights,Lake Amandaview,MP,13552,Foundation,Under 100,,False,2024-08-17,True
DNR-03887,ORG-HUM-01,Melissa,Cordova,synthetic.dnr-03887@demo-causefleet.org,555-0173,75764 Lane Road Apt. 921,Angelaville,OK,52178,Foundation,Under 100,,False,2022-10-14,True
DNR-03888,ORG-HUM-01,Melanie,Baldwin,synthetic.dnr-03888@demo-causefleet.org,555-0135,3654 Miller Club,Williamsburgh,VT,18588,Individual,Under 100,,False,2022-10-05,True
DNR-03889,ORG-HUM-01,Erin,Kaufman,synthetic.dnr-03889@demo-causefleet.org,555-0179,9926 Taylor Forks Suite 178,Port Kevinton,ND,80500,Individual,Under 100,,False,2022-01-27,True
DNR-03890,ORG-HUM-01,Paul,Nixon,synthetic.dnr-03890@demo-causefleet.org,555-0141,46921 Melanie Forges Suite 875,Hillland,GA,23266,Individual,Under 100,,False,2024-06-20,True
DNR-03891,ORG-HUM-01,Thomas,Tucker,synthetic.dnr-03891@demo-causefleet.org,555-0129,4718 Cunningham Shoals Apt. 390,Benjaminton,NY,53955,Individual,Under 100,,False,2024-07-05,True
DNR-03892,ORG-HUM-01,Jessica,Wolf,synthetic.dnr-03892@demo-causefleet.org,555-0110,5714 Steven Radial,North Caitlin,VA,24450,Individual,Under 100,,False,2022-01-09,True
DNR-03893,ORG-HUM-01,Caleb,Rogers,synthetic.dnr-03893@demo-causefleet.org,555-0162,53241 Michelle Mall Suite 206,Philipton,MP,99125,Individual,Under 100,,False,2025-06-11,True
DNR-03894,ORG-HUM-01,Jean,Robertson,synthetic.dnr-03894@demo-causefleet.org,555-0113,1111 Anthony Knolls Apt. 261,Mikeview,VA,20329,Individual,Under 100,,False,2024-01-28,True
DNR-03895,ORG-HUM-01,Sara,Griffin,synthetic.dnr-03895@demo-causefleet.org,555-0139,410 Lowery Dale,Sullivanchester,NY,67465,Individual,100-999,,False,2023-06-05,True
DNR-03896,ORG-HUM-01,Stacy,Montgomery,synthetic.dnr-03896@demo-causefleet.org,555-0179,526 Matthew Wells Apt. 854,Hillville,VI,26969,Individual,Under 100,,False,2021-07-04,True
DNR-03897,ORG-HUM-01,Lisa,Hansen,synthetic.dnr-03897@demo-causefleet.org,555-0154,23144 Bautista Mall,Gordonburgh,PA,42132,Individual,100-999,,False,2023-07-10,True
DNR-03898,ORG-HUM-01,Samantha,Cooper,synthetic.dnr-03898@demo-causefleet.org,555-0191,2657 Madeline Key Suite 284,Michelleborough,FM,19640,Individual,Under 100,,False,2023-01-03,True
DNR-03899,ORG-HUM-01,Antonio,Huynh,synthetic.dnr-03899@demo-causefleet.org,555-0198,160 Thompson Spur,New Jennifer,VA,98588,Individual,100-999,,False,2024-02-10,True
DNR-03900,ORG-HUM-01,Christopher,Reyes,synthetic.dnr-03900@demo-causefleet.org,555-0111,00374 David Drive Apt. 969,Johnsonfort,NH,90187,Individual,Under 100,,False,2024-03-06,True
DNR-03901,ORG-HUM-01,Sara,Cox,synthetic.dnr-03901@demo-causefleet.org,555-0152,2394 Perry Lodge Apt. 457,Christinetown,OR,44577,Individual,Under 100,,False,2022-11-02,True
DNR-03902,ORG-HUM-01,Jessica,Mclean,synthetic.dnr-03902@demo-causefleet.org,555-0110,599 Michael Brook,Port David,MP,53691,Individual,Under 100,,False,2021-12-08,True
DNR-03903,ORG-HUM-01,Dennis,Benson,synthetic.dnr-03903@demo-causefleet.org,555-0194,31530 Burnett Garden,North Melanie,GA,36722,Foundation,Under 100,,False,2024-09-22,True
DNR-03904,ORG-HUM-01,Sandy,Barnes,synthetic.dnr-03904@demo-causefleet.org,555-0158,870 Ayers Corners Apt. 809,North Terryberg,MH,74335,Individual,Under 100,,False,2023-03-12,True
DNR-03905,ORG-HUM-01,Ryan,Jackson,synthetic.dnr-03905@demo-causefleet.org,555-0149,551 Richard Mission Apt. 343,Lauraland,NV,10555,Individual,Under 100,,False,2024-01-29,True
DNR-03906,ORG-HUM-01,Brian,Delgado,synthetic.dnr-03906@demo-causefleet.org,555-0123,0583 Tamara Rue Suite 943,Mitchellstad,AR,56812,Individual,"$100,000+",,False,2024-04-17,True
DNR-03907,ORG-HUM-01,Rachel,Rosario,synthetic.dnr-03907@demo-causefleet.org,555-0136,928 Griffith Lane,West Toni,CO,08866,Individual,Under 100,,False,2022-04-26,True
DNR-03908,ORG-HUM-01,Derrick,Barnes,synthetic.dnr-03908@demo-causefleet.org,555-0177,650 Avery Hill,Lake Jeremy,AK,45755,Individual,Under 100,,False,2024-11-30,True
DNR-03909,ORG-HUM-01,Karen,Powell,synthetic.dnr-03909@demo-causefleet.org,555-0140,1482 Bond Point Apt. 725,Farmerbury,PW,82371,Individual,100-999,,False,2022-09-10,True
DNR-03910,ORG-HUM-01,Bryan,Aguirre,synthetic.dnr-03910@demo-causefleet.org,555-0163,241 Thomas Crest,Michaelborough,NE,64815,Individual,Under 100,,False,2022-06-28,True
DNR-03911,ORG-HUM-01,Jasmine,Leon,synthetic.dnr-03911@demo-causefleet.org,555-0172,15219 Lori Summit,South Adrian,OR,65419,Individual,100-999,,False,2022-06-19,True
DNR-03912,ORG-HUM-01,James,Jensen,synthetic.dnr-03912@demo-causefleet.org,555-0117,1310 Crystal Port Suite 886,West Brooke,CT,18943,Individual,Under 100,,False,2021-08-02,True
DNR-03913,ORG-HUM-01,Emily,Kennedy,synthetic.dnr-03913@demo-causefleet.org,555-0128,7453 Fry Overpass Apt. 964,East Michael,IL,67120,Individual,100-999,,False,2022-05-23,True
DNR-03914,ORG-HUM-01,Carlos,Johnson,synthetic.dnr-03914@demo-causefleet.org,555-0145,21914 Anderson Fields,West Martinview,AR,32593,Corporation,Under 100,,False,2024-10-10,True
DNR-03915,ORG-HUM-01,Jennifer,Garcia,synthetic.dnr-03915@demo-causefleet.org,555-0121,4225 Carroll Well Apt. 719,Lake Albert,ME,36523,Corporation,100-999,,False,2022-01-05,True
DNR-03916,ORG-HUM-01,Daniel,Craig,synthetic.dnr-03916@demo-causefleet.org,555-0115,97832 Morris Pike Apt. 291,Hamiltonton,PR,35826,Individual,100-999,,False,2021-10-02,True
DNR-03917,ORG-HUM-01,Phyllis,Oneill,synthetic.dnr-03917@demo-causefleet.org,555-0139,989 Jessica Plains,Williamsfort,FL,10483,Individual,Under 100,,False,2024-06-07,True
DNR-03918,ORG-HUM-01,Heather,Patel,synthetic.dnr-03918@demo-causefleet.org,555-0176,744 Bryan Island Suite 312,East Jennifer,MT,39710,Individual,Under 100,,False,2025-07-15,True
DNR-03919,ORG-HUM-01,Jacob,Moore,synthetic.dnr-03919@demo-causefleet.org,555-0162,4503 Kevin Manors,Susanshire,MD,24526,Individual,Under 100,,False,2023-12-11,True
DNR-03920,ORG-HUM-01,Jacob,Allison,synthetic.dnr-03920@demo-causefleet.org,555-0199,774 Eric Loop,Brownport,OH,33993,Individual,"10,000-99,999",,False,2024-06-29,True
DNR-03921,ORG-HUM-01,Maurice,Mitchell,synthetic.dnr-03921@demo-causefleet.org,555-0157,626 Marcus Forks Suite 558,Tracishire,CT,96725,Foundation,Under 100,,False,2022-06-17,True
DNR-03922,ORG-HUM-01,Cynthia,Knight,synthetic.dnr-03922@demo-causefleet.org,555-0168,47744 Floyd Point,Jasonville,DE,99252,Individual,Under 100,,False,2025-04-28,True
DNR-03923,ORG-HUM-01,Mary,Walker,synthetic.dnr-03923@demo-causefleet.org,555-0120,321 Daniel Village,Garciamouth,MT,18771,Individual,Under 100,,False,2025-02-27,True
DNR-03924,ORG-HUM-01,Christopher,Gibbs,synthetic.dnr-03924@demo-causefleet.org,555-0184,10298 Jeffery Court Apt. 652,North Victoriamouth,LA,99903,Individual,Under 100,,False,2022-12-17,True
DNR-03925,ORG-HUM-01,Amy,Guerrero,synthetic.dnr-03925@demo-causefleet.org,555-0122,05484 Joshua Gardens Apt. 086,Jenkinshaven,SD,10628,Corporation,Under 100,,False,2025-03-16,True
DNR-03926,ORG-HUM-01,Jason,Wright,synthetic.dnr-03926@demo-causefleet.org,555-0174,23393 Hill Meadow Suite 494,Mcintoshshire,MH,19316,Individual,"1,000-$9,999",,False,2022-10-11,True
DNR-03927,ORG-HUM-01,Kevin,Grant,synthetic.dnr-03927@demo-causefleet.org,555-0127,73257 Riley Shore Apt. 772,Obrienstad,HI,28027,Individual,Under 100,,False,2021-06-24,True
DNR-03928,ORG-HUM-01,Bill,Austin,synthetic.dnr-03928@demo-causefleet.org,555-0191,2725 Tommy Cliff Apt. 008,Brandonstad,PW,68512,Individual,100-999,,False,2025-05-30,True
DNR-03929,ORG-HUM-01,David,Mendoza,synthetic.dnr-03929@demo-causefleet.org,555-0160,599 Nicole Park Suite 878,Harriston,MI,31021,Individual,Under 100,,False,2023-08-20,True
DNR-03930,ORG-HUM-01,Renee,Branch,synthetic.dnr-03930@demo-causefleet.org,555-0119,7037 Scott Viaduct Suite 728,East Rileyville,VT,75872,Individual,Under 100,,False,2023-10-03,True
DNR-03931,ORG-HUM-01,Barbara,Cohen,synthetic.dnr-03931@demo-causefleet.org,555-0185,12357 Susan Flat Suite 970,West Brandon,FL,49790,Foundation,Under 100,,False,2025-06-04,True
DNR-03932,ORG-HUM-01,Miguel,Hall,synthetic.dnr-03932@demo-causefleet.org,555-0182,1487 Alexander Roads Suite 599,Davidside,IN,50186,Individual,Under 100,,False,2022-01-09,True
DNR-03933,ORG-HUM-01,Jennifer,Weaver,synthetic.dnr-03933@demo-causefleet.org,555-0117,320 George Haven,Jennyland,NJ,47076,Individual,"1,000-$9,999",,False,2023-08-25,True
DNR-03934,ORG-HUM-01,Michael,Anderson,synthetic.dnr-03934@demo-causefleet.org,555-0165,391 Kathryn Keys Suite 250,Port Michelleton,ND,75972,Individual,100-999,,False,2025-07-15,True
DNR-03935,ORG-HUM-01,Steven,Gonzalez,synthetic.dnr-03935@demo-causefleet.org,555-0194,0278 Brown Flat Apt. 215,Lake Richard,AZ,26335,Individual,Under 100,,False,2024-05-26,True
DNR-03936,ORG-HUM-01,Claire,Dixon,synthetic.dnr-03936@demo-causefleet.org,555-0126,674 Susan Lights Apt. 489,East Philip,WA,72402,Individual,Under 100,,False,2024-06-23,True
DNR-03937,ORG-HUM-01,Danny,Gay,synthetic.dnr-03937@demo-causefleet.org,555-0140,60947 Amanda Pass Apt. 695,Port Teresaland,OR,16461,Individual,Under 100,,False,2024-05-21,True
DNR-03938,ORG-HUM-01,Joshua,Cunningham,synthetic.dnr-03938@demo-causefleet.org,555-0147,07468 Singh Plain Suite 461,Lake Stephenville,GA,59676,Individual,"1,000-$9,999",,False,2025-04-03,True
DNR-03939,ORG-HUM-01,Carolyn,Harvey,synthetic.dnr-03939@demo-causefleet.org,555-0143,5589 Jeffrey Rapid Apt. 627,West Colleenport,SD,16093,Individual,100-999,,False,2023-05-25,True
DNR-03940,ORG-HUM-01,Kathleen,Cox,synthetic.dnr-03940@demo-causefleet.org,555-0150,33831 Jimenez Prairie,North Jimmyberg,PW,89624,Individual,100-999,,False,2023-09-04,True
DNR-03941,ORG-HUM-01,Travis,Brown,synthetic.dnr-03941@demo-causefleet.org,555-0160,95130 Evans Lakes Apt. 900,West Christina,GA,84401,Individual,Under 100,,False,2022-09-29,True
DNR-03942,ORG-HUM-01,Michael,Mendoza,synthetic.dnr-03942@demo-causefleet.org,555-0199,392 Robert Union,East Brianhaven,PR,99250,Foundation,Under 100,,False,2021-07-02,True
DNR-03943,ORG-HUM-01,Tyler,Pittman,synthetic.dnr-03943@demo-causefleet.org,555-0151,2946 Dwayne Knoll Suite 981,East James,GU,15885,Individual,Under 100,,False,2022-06-06,True
DNR-03944,ORG-HUM-01,Tiffany,Mckenzie,synthetic.dnr-03944@demo-causefleet.org,555-0150,992 Powell Springs,North Kellytown,PR,22793,Individual,Under 100,,False,2024-05-19,True
DNR-03945,ORG-HUM-01,Michael,Holder,synthetic.dnr-03945@demo-causefleet.org,555-0167,0276 Steven Overpass,East Margarethaven,OR,33254,Individual,Under 100,,False,2024-07-25,True
DNR-03946,ORG-HUM-01,Jeffrey,Pineda,synthetic.dnr-03946@demo-causefleet.org,555-0144,23177 Sara Fall Apt. 427,Coxchester,MA,57907,Individual,Under 100,,False,2022-06-24,True
DNR-03947,ORG-HUM-01,Tim,Hernandez,synthetic.dnr-03947@demo-causefleet.org,555-0139,63502 Justin Corner Apt. 611,Nancyton,WA,51583,Individual,Under 100,,False,2025-01-07,True
DNR-03948,ORG-HUM-01,Marc,Dodson,synthetic.dnr-03948@demo-causefleet.org,555-0119,09412 King Crossing,Davisport,GU,53919,Individual,"1,000-$9,999",,False,2025-07-26,True
DNR-03949,ORG-HUM-01,Krista,Smith,synthetic.dnr-03949@demo-causefleet.org,555-0135,87983 Colleen Extension,Lake Oscar,NV,58101,Individual,100-999,,False,2022-11-09,True
DNR-03950,ORG-HUM-01,Carla,Carroll,synthetic.dnr-03950@demo-causefleet.org,555-0127,42517 David Valleys Suite 881,North Nathaniel,PW,46390,Individual,Under 100,,False,2025-01-19,True
DNR-03951,ORG-HUM-01,Joseph,Johnston,synthetic.dnr-03951@demo-causefleet.org,555-0184,87130 Richard Well,West Kaylaland,CT,92630,Individual,Under 100,,False,2025-09-25,True
DNR-03952,ORG-HUM-01,Paige,Jones,synthetic.dnr-03952@demo-causefleet.org,555-0123,1090 Norris Causeway,Lake Ashley,PW,51603,Individual,Under 100,,False,2025-09-28,True
DNR-03953,ORG-HUM-01,Shelby,Dalton,synthetic.dnr-03953@demo-causefleet.org,555-0129,8034 Daniel Union Apt. 934,West Michael,ME,76025,Corporation,100-999,,False,2023-06-17,True
DNR-03954,ORG-HUM-01,Matthew,Evans,synthetic.dnr-03954@demo-causefleet.org,555-0123,77155 Carter Ports Suite 432,Lake Jose,MO,77471,Individual,100-999,,False,2021-07-17,True
DNR-03955,ORG-HUM-01,Daniel,Ferguson,synthetic.dnr-03955@demo-causefleet.org,555-0131,8996 Brenda Flat,South James,ID,07320,Individual,100-999,,False,2023-02-02,True
DNR-03956,ORG-HUM-01,Ryan,Smith,synthetic.dnr-03956@demo-causefleet.org,555-0167,240 Linda Key Apt. 173,North Carloshaven,GU,81045,Individual,100-999,,False,2024-01-05,True
DNR-03957,ORG-HUM-01,John,Harris,synthetic.dnr-03957@demo-causefleet.org,555-0169,7152 Hawkins Way,Saundersbury,RI,08416,Foundation,Under 100,,False,2025-08-23,True
DNR-03958,ORG-HUM-01,Kari,Carroll,synthetic.dnr-03958@demo-causefleet.org,555-0150,188 Newman Place,Benjaminbury,WY,38396,Individual,Under 100,,False,2022-03-28,True
DNR-03959,ORG-HUM-01,Ashley,Pruitt,synthetic.dnr-03959@demo-causefleet.org,555-0162,734 Montgomery Throughway Suite 758,Brownmouth,VT,91328,Individual,Under 100,,False,2022-05-29,True
DNR-03960,ORG-HUM-01,Sandra,Preston,synthetic.dnr-03960@demo-causefleet.org,555-0125,709 Brooks Motorway,North Olivia,FM,06650,Individual,Under 100,,False,2024-07-29,True
DNR-03961,ORG-HUM-01,Heather,Perry,synthetic.dnr-03961@demo-causefleet.org,555-0178,964 Lawrence Station,Port Amy,AZ,13914,Individual,100-999,,False,2024-07-15,True
DNR-03962,ORG-HUM-01,Tracy,Hayes,synthetic.dnr-03962@demo-causefleet.org,555-0155,94411 Walker Alley,East Jacquelineton,AS,58776,Individual,Under 100,,False,2023-10-02,True
DNR-03963,ORG-HUM-01,Paul,White,synthetic.dnr-03963@demo-causefleet.org,555-0136,272 Bernard Harbors Suite 099,Ruizstad,AL,59943,Individual,Under 100,,False,2022-04-03,True
DNR-03964,ORG-HUM-01,Dustin,Garza,synthetic.dnr-03964@demo-causefleet.org,555-0167,65557 Randolph Lodge Apt. 120,Port Michaelmouth,TX,41989,Individual,Under 100,,False,2021-09-11,True
DNR-03965,ORG-HUM-01,John,Brady,synthetic.dnr-03965@demo-causefleet.org,555-0149,74393 Moore Shore Suite 075,East Michael,SD,23583,Individual,"10,000-99,999",,False,2022-11-30,True
DNR-03966,ORG-HUM-01,James,Evans,synthetic.dnr-03966@demo-causefleet.org,555-0169,28901 Brown Locks,South Alicia,CA,90852,Individual,Under 100,,False,2022-08-27,True
DNR-03967,ORG-HUM-01,David,Reynolds,synthetic.dnr-03967@demo-causefleet.org,555-0143,395 Lee Road,Shellyfort,UT,90952,Individual,Under 100,,False,2024-11-26,True
DNR-03968,ORG-HUM-01,Mary,Mitchell,synthetic.dnr-03968@demo-causefleet.org,555-0125,405 Logan Glen,New Jamesville,OH,85940,Individual,Under 100,,False,2021-10-02,True
DNR-03969,ORG-HUM-01,David,Singh,synthetic.dnr-03969@demo-causefleet.org,555-0121,95096 Jacob Gateway Suite 405,Port Angela,RI,71805,Individual,Under 100,,False,2023-06-01,True
DNR-03970,ORG-HUM-01,Tammy,Clark,synthetic.dnr-03970@demo-causefleet.org,555-0130,35805 Cheyenne Village Suite 981,Stephanieside,AL,42898,Individual,Under 100,,False,2022-06-07,True
DNR-03971,ORG-HUM-01,Matthew,Bell,synthetic.dnr-03971@demo-causefleet.org,555-0197,4642 Steven Center Apt. 636,Stevenview,AS,69175,Corporation,100-999,,False,2025-07-05,True
DNR-03972,ORG-HUM-01,Kelly,Taylor,synthetic.dnr-03972@demo-causefleet.org,555-0148,8919 Christine Roads,Scottborough,ID,83805,Individual,Under 100,,False,2023-06-29,True
DNR-03973,ORG-HUM-01,Tracy,Morrison,synthetic.dnr-03973@demo-causefleet.org,555-0199,047 Daniel Ville,East Veronicachester,VI,01933,Individual,100-999,,False,2024-04-08,True
DNR-03974,ORG-HUM-01,Brittany,Willis,synthetic.dnr-03974@demo-causefleet.org,555-0187,799 Smith Isle,Rileymouth,IL,13568,Individual,Under 100,,False,2025-05-21,True
DNR-03975,ORG-HUM-01,Brett,Thompson,synthetic.dnr-03975@demo-causefleet.org,555-0115,62255 Meyer Cliffs,East Edgarberg,CA,15820,Individual,Under 100,,False,2021-07-03,True
DNR-03976,ORG-HUM-01,Heidi,Romero,synthetic.dnr-03976@demo-causefleet.org,555-0137,660 Smith Underpass,Christophershire,MD,65502,Foundation,"1,000-$9,999",,False,2022-05-15,True
DNR-03977,ORG-HUM-01,Johnny,Bradshaw,synthetic.dnr-03977@demo-causefleet.org,555-0151,845 Jessica Port Apt. 053,Albertbury,LA,65630,Individual,Under 100,,False,2022-02-08,True
DNR-03978,ORG-HUM-01,Ashley,Merritt,synthetic.dnr-03978@demo-causefleet.org,555-0128,81079 Joseph Lodge,Charlesbury,OR,87834,Individual,Under 100,,False,2025-01-23,True
DNR-03979,ORG-HUM-01,Taylor,Contreras,synthetic.dnr-03979@demo-causefleet.org,555-0121,4533 Anderson Stream Apt. 780,South Corey,HI,18725,Individual,100-999,,False,2021-07-12,True
DNR-03980,ORG-HUM-01,Timothy,Trevino,synthetic.dnr-03980@demo-causefleet.org,555-0141,263 Rodriguez Mountain,South Annaborough,WV,72389,Individual,Under 100,,False,2023-05-18,True
DNR-03981,ORG-HUM-01,Matthew,Garcia,synthetic.dnr-03981@demo-causefleet.org,555-0155,105 Kenneth Islands Apt. 357,West Lance,CA,98904,Individual,100-999,,False,2025-01-11,True
DNR-03982,ORG-HUM-01,Janet,Gonzalez,synthetic.dnr-03982@demo-causefleet.org,555-0160,9614 Phillips Circle Suite 799,Munozport,IN,11352,Individual,Under 100,,False,2021-12-02,True
DNR-03983,ORG-HUM-01,George,Washington,synthetic.dnr-03983@demo-causefleet.org,555-0175,07465 Pineda Lodge,Kathrynbury,AL,24028,Individual,Under 100,,False,2025-03-27,True
DNR-03984,ORG-HUM-01,Michelle,Johnson,synthetic.dnr-03984@demo-causefleet.org,555-0116,2320 Taylor Brooks Suite 224,Lestertown,KS,21016,Individual,Under 100,,False,2024-04-01,True
DNR-03985,ORG-HUM-01,Tina,Phillips,synthetic.dnr-03985@demo-causefleet.org,555-0196,13672 Rogers Points Apt. 200,Patriciaside,TX,58527,Individual,100-999,,False,2023-09-05,True
DNR-03986,ORG-HUM-01,Calvin,Hudson,synthetic.dnr-03986@demo-causefleet.org,555-0148,9446 Robinson Brooks,New Darren,FM,18150,Foundation,Under 100,,False,2022-10-25,True
DNR-03987,ORG-HUM-01,Tracy,Delgado,synthetic.dnr-03987@demo-causefleet.org,555-0143,571 Wu Track,Taylorhaven,WA,78453,Individual,100-999,,False,2021-07-13,True
DNR-03988,ORG-HUM-01,Beth,Simpson,synthetic.dnr-03988@demo-causefleet.org,555-0132,8329 Stone Park,Donaldhaven,RI,01656,Individual,"1,000-$9,999",,False,2022-02-28,True
DNR-03989,ORG-HUM-01,Michael,Davis,synthetic.dnr-03989@demo-causefleet.org,555-0113,4750 Deanna Manor Apt. 573,Pattersontown,TN,80329,Individual,Under 100,,False,2021-12-06,True
DNR-03990,ORG-HUM-01,Ann,Wilson,synthetic.dnr-03990@demo-causefleet.org,555-0161,39081 Daniel Skyway,Scottmouth,RI,44050,Individual,Under 100,,False,2024-08-12,True
DNR-03991,ORG-HUM-01,Stephanie,Woodard,synthetic.dnr-03991@demo-causefleet.org,555-0167,37219 Anthony Wall Apt. 808,Angelashire,WI,53942,Individual,Under 100,,False,2022-09-13,True
DNR-03992,ORG-HUM-01,Jennifer,Barnes,synthetic.dnr-03992@demo-causefleet.org,555-0181,738 Walker Expressway,West Kathybury,WY,39372,Individual,Under 100,,False,2021-06-28,True
DNR-03993,ORG-HUM-01,Tina,Keith,synthetic.dnr-03993@demo-causefleet.org,555-0180,8252 William Junctions Suite 743,Port Deanna,PA,47201,Individual,Under 100,,False,2025-04-15,True
DNR-03994,ORG-HUM-01,Lindsey,Gomez,synthetic.dnr-03994@demo-causefleet.org,555-0141,350 Kent Square,Charlesshire,GU,04459,Individual,Under 100,,False,2025-07-26,True
DNR-03995,ORG-HUM-01,Thomas,Hood,synthetic.dnr-03995@demo-causefleet.org,555-0122,29792 Jacob Terrace Apt. 212,Lake Julie,MH,86567,Individual,"10,000-99,999",,False,2025-09-26,True
DNR-03996,ORG-HUM-01,Jerry,Walters,synthetic.dnr-03996@demo-causefleet.org,555-0169,889 Pope Springs,Lake Jo,AK,08089,Individual,"1,000-$9,999",,False,2021-06-14,True
DNR-03997,ORG-HUM-01,Don,Henderson,synthetic.dnr-03997@demo-causefleet.org,555-0123,84106 Wells Row,Rogersberg,IA,72503,Individual,100-999,,False,2024-03-02,True
DNR-03998,ORG-HUM-01,Elizabeth,Washington,synthetic.dnr-03998@demo-causefleet.org,555-0127,4217 Marquez Well,Martinburgh,NY,94835,Individual,"1,000-$9,999",,False,2023-02-12,True
DNR-03999,ORG-HUM-01,Andrew,Cummings,synthetic.dnr-03999@demo-causefleet.org,555-0125,9174 Joann Plaza,Port Stephanieside,NE,79489,Individual,Under 100,,False,2024-04-18,True
DNR-04000,ORG-HUM-01,Bonnie,Miller,synthetic.dnr-04000@demo-causefleet.org,555-0111,817 Flores Squares,Lake Shannon,MD,84134,Individual,100-999,,False,2025-03-29,True
DNR-04001,ORG-HUM-01,Michelle,Small,synthetic.dnr-04001@demo-causefleet.org,555-0117,02336 Anna Heights Apt. 169,South Thomas,AR,32477,Individual,"1,000-$9,999",,False,2022-04-11,True
DNR-04002,ORG-HUM-01,Brooke,Byrd,synthetic.dnr-04002@demo-causefleet.org,555-0138,364 Linda Meadows,Shannonchester,NC,68575,Individual,Under 100,,False,2025-07-07,True
DNR-04003,ORG-HUM-01,Dylan,Santos,synthetic.dnr-04003@demo-causefleet.org,555-0126,010 Amy Knoll,Alexfort,WV,34504,Individual,"1,000-$9,999",,False,2024-01-02,True
DNR-04004,ORG-HUM-01,Todd,Johnson,synthetic.dnr-04004@demo-causefleet.org,555-0135,171 Cabrera Orchard,Carolyntown,WY,62655,Individual,Under 100,,False,2022-08-28,True
DNR-04005,ORG-HUM-01,John,Fox,synthetic.dnr-04005@demo-causefleet.org,555-0161,73623 Heather Trace,Moraleston,UT,61065,Individual,Under 100,,False,2024-01-26,True
DNR-04006,ORG-HUM-01,Robin,Cardenas,synthetic.dnr-04006@demo-causefleet.org,555-0157,85852 Shelby Mews,West Jeffrey,MI,51609,Individual,100-999,,False,2022-02-19,True
DNR-04007,ORG-HUM-01,Joseph,Frazier,synthetic.dnr-04007@demo-causefleet.org,555-0197,2243 Richards Ramp Apt. 426,South Jeffrey,PW,40752,Individual,"1,000-$9,999",,False,2022-05-05,True
DNR-04008,ORG-HUM-01,Ann,Smith,synthetic.dnr-04008@demo-causefleet.org,555-0190,54589 Smith Ranch,Lake Shawn,WY,22662,Individual,Under 100,,False,2022-07-09,True
DNR-04009,ORG-HUM-01,Vanessa,Stewart,synthetic.dnr-04009@demo-causefleet.org,555-0192,8073 Morgan Spurs Suite 107,South Williamchester,MI,42929,Individual,100-999,,False,2023-10-21,True
DNR-04010,ORG-HUM-01,George,Turner,synthetic.dnr-04010@demo-causefleet.org,555-0120,31464 Brandon Bridge,Fosterfort,OK,56940,Individual,Under 100,,False,2025-01-30,True
DNR-04011,ORG-HUM-01,Katelyn,Bailey,synthetic.dnr-04011@demo-causefleet.org,555-0184,343 Steele Mountain,Davenportfurt,WA,22570,Individual,Under 100,,False,2025-07-25,True
DNR-04012,ORG-HUM-01,Janice,Carroll,synthetic.dnr-04012@demo-causefleet.org,555-0185,378 Wilson Avenue Suite 597,Ayalafort,PR,95065,Individual,100-999,,False,2022-06-03,True
DNR-04013,ORG-HUM-01,Kristi,Brown,synthetic.dnr-04013@demo-causefleet.org,555-0143,69251 Christopher Shore Suite 652,South Elizabeth,DE,83105,Individual,Under 100,,False,2024-03-12,True
DNR-04014,ORG-HUM-01,Douglas,Maldonado,synthetic.dnr-04014@demo-causefleet.org,555-0119,467 Calhoun Forges,New Joel,MA,96204,Individual,100-999,,False,2022-03-28,True
DNR-04015,ORG-HUM-01,Colleen,Ford,synthetic.dnr-04015@demo-causefleet.org,555-0112,263 Joseph Corners Apt. 503,Warrenmouth,CO,39792,Individual,Under 100,,False,2021-08-25,True
DNR-04016,ORG-HUM-01,Gregory,Kirby,synthetic.dnr-04016@demo-causefleet.org,555-0118,90677 Nancy Plains,Gregorybury,NH,84654,Individual,Under 100,,False,2024-12-17,True
DNR-04017,ORG-HUM-01,Sara,Marshall,synthetic.dnr-04017@demo-causefleet.org,555-0135,55849 Tate Parkways,Alechaven,DE,10328,Foundation,Under 100,,False,2025-07-15,True
DNR-04018,ORG-HUM-01,Michael,Thomas,synthetic.dnr-04018@demo-causefleet.org,555-0192,0766 Mills Squares,New Amandafurt,LA,46814,Foundation,Under 100,,False,2025-01-02,True
DNR-04019,ORG-HUM-01,Zachary,Bryant,synthetic.dnr-04019@demo-causefleet.org,555-0166,07476 Valerie Corners,South Scottborough,SD,48666,Individual,Under 100,,False,2022-04-16,True
DNR-04020,ORG-HUM-01,Becky,Baker,synthetic.dnr-04020@demo-causefleet.org,555-0126,1275 Velasquez Port Apt. 272,New Chelseaborough,MA,21989,Individual,"1,000-$9,999",,False,2022-06-26,True
DNR-04021,ORG-HUM-01,Charles,Smith,synthetic.dnr-04021@demo-causefleet.org,555-0121,5467 Alex Mountains Suite 870,East Kristinhaven,AK,74136,Individual,Under 100,,False,2025-04-29,True
DNR-04022,ORG-HUM-01,James,Garcia,synthetic.dnr-04022@demo-causefleet.org,555-0152,3861 Christopher Pines,North Dale,ID,45475,Individual,100-999,,False,2023-05-28,True
DNR-04023,ORG-HUM-01,Emily,Taylor,synthetic.dnr-04023@demo-causefleet.org,555-0125,005 Orozco Pass Suite 384,New Susanberg,VI,71865,Individual,Under 100,,False,2024-09-04,True
DNR-04024,ORG-HUM-01,Daniel,George,synthetic.dnr-04024@demo-causefleet.org,555-0115,4690 Simpson Expressway Apt. 218,New Marcus,MT,92813,Individual,Under 100,,False,2022-10-07,True
DNR-04025,ORG-HUM-01,Patricia,Gonzalez,synthetic.dnr-04025@demo-causefleet.org,555-0169,56241 Miller Track,Youngside,SD,76841,Individual,Under 100,,False,2023-10-02,True
DNR-04026,ORG-HUM-01,Steven,James,synthetic.dnr-04026@demo-causefleet.org,555-0116,8796 Miles Mountain Suite 688,Lake Sherrimouth,WA,90686,Individual,Under 100,,False,2025-05-31,True
DNR-04027,ORG-HUM-01,Veronica,Kim,synthetic.dnr-04027@demo-causefleet.org,555-0131,63487 Curry Way,North Brettville,SD,12665,Individual,Under 100,,False,2024-01-03,True
DNR-04028,ORG-HUM-01,Lauren,Taylor,synthetic.dnr-04028@demo-causefleet.org,555-0183,1022 Michael Garden Suite 957,Lake Amandastad,DC,49836,Individual,Under 100,,False,2023-08-10,True
DNR-04029,ORG-HUM-01,Jessica,West,synthetic.dnr-04029@demo-causefleet.org,555-0165,6067 Raymond Lakes,New Christopherfort,VA,86210,Individual,Under 100,,False,2025-02-16,True
DNR-04030,ORG-HUM-01,Monica,Bonilla,synthetic.dnr-04030@demo-causefleet.org,555-0160,809 Buck Squares,Port Nicholasshire,RI,31630,Individual,Under 100,,False,2024-02-01,True
DNR-04031,ORG-HUM-01,John,Moss,synthetic.dnr-04031@demo-causefleet.org,555-0173,3654 Christopher Port Suite 311,Port Georgeberg,VI,61342,Individual,Under 100,,False,2024-07-22,True
DNR-04032,ORG-HUM-01,Daniel,Allen,synthetic.dnr-04032@demo-causefleet.org,555-0113,4199 Whitney Port,Lake Shannon,IN,37091,Individual,Under 100,,False,2022-02-23,True
DNR-04033,ORG-HUM-01,Alfred,Joseph,synthetic.dnr-04033@demo-causefleet.org,555-0158,54692 Kimberly Lights Suite 242,Levinefurt,GU,29725,Individual,Under 100,,False,2025-05-07,True
DNR-04034,ORG-HUM-01,Miranda,West,synthetic.dnr-04034@demo-causefleet.org,555-0197,663 Warren Road,East Eddietown,AL,24779,Corporation,"1,000-$9,999",,False,2023-12-23,True
DNR-04035,ORG-HUM-01,Dawn,Brown,synthetic.dnr-04035@demo-causefleet.org,555-0164,93141 Caldwell Spurs Apt. 612,New Jeff,OH,12420,Individual,Under 100,,False,2024-12-26,True
DNR-04036,ORG-HUM-01,Jonathan,Bright,synthetic.dnr-04036@demo-causefleet.org,555-0132,975 Haley Springs Suite 238,Annmouth,FL,46121,Corporation,100-999,,False,2023-10-16,True
DNR-04037,ORG-HUM-01,Lacey,Zamora,synthetic.dnr-04037@demo-causefleet.org,555-0155,132 Michelle Trace Apt. 709,East Danielport,MO,41435,Corporation,Under 100,,False,2021-07-04,True
DNR-04038,ORG-HUM-01,Jeremy,Smith,synthetic.dnr-04038@demo-causefleet.org,555-0137,3395 Mary Field,Port Elizabeth,MN,05630,Individual,"1,000-$9,999",,False,2022-09-05,True
DNR-04039,ORG-HUM-01,Alexander,Thompson,synthetic.dnr-04039@demo-causefleet.org,555-0133,489 Dana Hills,Carolineton,IA,89035,Individual,100-999,,False,2024-12-25,True
DNR-04040,ORG-HUM-01,Brian,Owens,synthetic.dnr-04040@demo-causefleet.org,555-0145,346 Patrick Union,South Michaelland,FL,15208,Individual,100-999,,False,2021-08-22,True
DNR-04041,ORG-HUM-01,Trevor,Collins,synthetic.dnr-04041@demo-causefleet.org,555-0145,7234 Tina Plains,Crawfordfort,WI,44861,Individual,Under 100,,False,2024-04-30,True
DNR-04042,ORG-HUM-01,Danielle,Kelley,synthetic.dnr-04042@demo-causefleet.org,555-0167,970 Clark Stream Suite 218,Lake Katherineborough,CT,52589,Individual,"1,000-$9,999",,False,2025-05-29,True
DNR-04043,ORG-HUM-01,Cassie,Taylor,synthetic.dnr-04043@demo-causefleet.org,555-0129,799 Sanchez Station,Dennistown,MA,54342,Individual,100-999,,False,2025-05-29,True
DNR-04044,ORG-HUM-01,Andrew,Bryant,synthetic.dnr-04044@demo-causefleet.org,555-0114,67565 Christine Vista Apt. 530,South David,GU,02665,Individual,100-999,,False,2023-03-05,True
DNR-04045,ORG-HUM-01,Courtney,Crosby,synthetic.dnr-04045@demo-causefleet.org,555-0188,510 Colton Port,Aaronside,WA,62018,Individual,Under 100,,False,2025-04-13,True
DNR-04046,ORG-HUM-01,Joseph,Barnes,synthetic.dnr-04046@demo-causefleet.org,555-0189,67520 Berry Track Suite 415,Simonbury,OR,65499,Individual,Under 100,,False,2022-02-24,True
DNR-04047,ORG-HUM-01,Johnathan,Ford,synthetic.dnr-04047@demo-causefleet.org,555-0188,58919 Mendez Overpass Suite 651,Rodneystad,MS,28190,Individual,Under 100,,False,2022-07-17,True
DNR-04048,ORG-HUM-01,Daniel,Foster,synthetic.dnr-04048@demo-causefleet.org,555-0141,88894 Grant Ridge,Danielfort,DC,56933,Individual,Under 100,,False,2025-05-15,True
DNR-04049,ORG-HUM-01,Heather,Kelly,synthetic.dnr-04049@demo-causefleet.org,555-0192,082 Connor Fields,Lake Tammystad,FL,05697,Individual,100-999,,False,2024-09-24,True
DNR-04050,ORG-HUM-01,David,Best,synthetic.dnr-04050@demo-causefleet.org,555-0147,2698 Amy Plains,West Joel,MS,65399,Individual,Under 100,,False,2021-06-19,True
DNR-04051,ORG-HUM-01,Brenda,Blevins,synthetic.dnr-04051@demo-causefleet.org,555-0173,061 Jones Crest Apt. 178,South Debbiefurt,NE,53268,Foundation,Under 100,,False,2024-04-05,True
DNR-04052,ORG-HUM-01,Thomas,Avila,synthetic.dnr-04052@demo-causefleet.org,555-0162,33844 Ross Course,Bradleymouth,ME,78344,Individual,Under 100,,False,2024-01-24,True
DNR-04053,ORG-HUM-01,Sandra,Ellis,synthetic.dnr-04053@demo-causefleet.org,555-0180,170 Jensen Glens,Debraland,MN,25719,Individual,Under 100,,False,2024-07-25,True
DNR-04054,ORG-HUM-01,David,Rogers,synthetic.dnr-04054@demo-causefleet.org,555-0171,831 Edward Villages,Lake Nicholasfort,AS,05708,Individual,Under 100,,False,2023-02-02,True
DNR-04055,ORG-HUM-01,Brandy,Melendez,synthetic.dnr-04055@demo-causefleet.org,555-0117,00726 Steven Light Suite 164,Lake Maryport,AZ,07249,Individual,100-999,,False,2022-09-21,True
DNR-04056,ORG-HUM-01,Kathy,Manning,synthetic.dnr-04056@demo-causefleet.org,555-0121,5128 Victoria Tunnel Apt. 942,North Meganchester,AS,37688,Individual,Under 100,,False,2022-11-15,True
DNR-04057,ORG-HUM-01,Carla,Martin,synthetic.dnr-04057@demo-causefleet.org,555-0145,325 Simpson Square Suite 913,South Michael,OR,26489,Individual,Under 100,,False,2024-12-05,True
DNR-04058,ORG-HUM-01,Michael,Arnold,synthetic.dnr-04058@demo-causefleet.org,555-0159,818 Rodriguez Ramp,Patrickmouth,WI,45658,Individual,Under 100,,False,2022-05-20,True
DNR-04059,ORG-HUM-01,Olivia,Austin,synthetic.dnr-04059@demo-causefleet.org,555-0127,247 Stone Mountains,West Taylor,OK,58501,Foundation,Under 100,,False,2023-04-16,True
DNR-04060,ORG-HUM-01,Cynthia,Lopez,synthetic.dnr-04060@demo-causefleet.org,555-0163,463 Jimenez Manors Apt. 136,South Dylanport,GU,93215,Corporation,Under 100,,False,2022-12-17,True
DNR-04061,ORG-HUM-01,Savannah,Marshall,synthetic.dnr-04061@demo-causefleet.org,555-0135,2455 Price Radial,Edwardsville,RI,37883,Individual,100-999,,False,2023-12-22,True
DNR-04062,ORG-HUM-01,Michele,Craig,synthetic.dnr-04062@demo-causefleet.org,555-0192,3996 Tonya Inlet,Travisstad,TX,97512,Individual,100-999,,False,2023-09-15,True
DNR-04063,ORG-HUM-01,Gloria,Simpson,synthetic.dnr-04063@demo-causefleet.org,555-0177,445 Barajas Ridges,Millerton,FM,80895,Individual,100-999,,False,2023-12-02,True
DNR-04064,ORG-HUM-01,Shawn,Meyers,synthetic.dnr-04064@demo-causefleet.org,555-0141,412 King Burgs,Melissabury,MN,18224,Individual,100-999,,False,2025-04-14,True
DNR-04065,ORG-HUM-01,Jeffrey,Thompson,synthetic.dnr-04065@demo-causefleet.org,555-0190,9730 Floyd Falls Apt. 864,Lisabury,DC,86667,Individual,Under 100,,False,2025-08-29,True
DNR-04066,ORG-HUM-01,Margaret,Williamson,synthetic.dnr-04066@demo-causefleet.org,555-0179,9939 Reed Estates Apt. 791,West Leeview,PR,64907,Individual,"1,000-$9,999",,False,2023-04-21,True
DNR-04067,ORG-HUM-01,Jasmine,Perry,synthetic.dnr-04067@demo-causefleet.org,555-0112,02962 Lisa Street Suite 336,Brandonshire,NV,53996,Individual,100-999,,False,2021-08-20,True
DNR-04068,ORG-HUM-01,Amy,Martin,synthetic.dnr-04068@demo-causefleet.org,555-0158,288 Sara Views,Sancheztown,VA,74987,Corporation,"1,000-$9,999",,False,2022-01-19,True
DNR-04069,ORG-HUM-01,Amy,Velez,synthetic.dnr-04069@demo-causefleet.org,555-0155,0774 Susan Mall Apt. 043,Port April,DC,61017,Individual,Under 100,,False,2023-03-05,True
DNR-04070,ORG-HUM-01,Daniel,Gibson,synthetic.dnr-04070@demo-causefleet.org,555-0171,2789 Lopez Plains Suite 242,Baileyland,KY,03779,Individual,"1,000-$9,999",,False,2023-07-09,True
DNR-04071,ORG-HUM-01,Mark,Brown,synthetic.dnr-04071@demo-causefleet.org,555-0179,095 Daniel Hills Suite 059,Andreaside,VI,61606,Individual,100-999,,False,2024-06-02,True
DNR-04072,ORG-HUM-01,Jacqueline,Johnson,synthetic.dnr-04072@demo-causefleet.org,555-0172,84568 Douglas Ville,Lake Reginaland,MP,05140,Individual,100-999,,False,2022-11-18,True
DNR-04073,ORG-HUM-01,Douglas,Gallegos,synthetic.dnr-04073@demo-causefleet.org,555-0154,403 Jonathan Square,Ellisbury,IL,50831,Individual,Under 100,,False,2023-10-17,True
DNR-04074,ORG-HUM-01,Amy,Howard,synthetic.dnr-04074@demo-causefleet.org,555-0182,4908 Freeman Way Apt. 382,Lake Hannah,VI,92846,Individual,100-999,,False,2023-05-02,True
DNR-04075,ORG-HUM-01,Cheryl,Lamb,synthetic.dnr-04075@demo-causefleet.org,555-0174,647 Estrada Streets Apt. 356,Sanchezhaven,TN,22308,Individual,"1,000-$9,999",,False,2024-07-27,True
DNR-04076,ORG-HUM-01,Gabriel,Griffin,synthetic.dnr-04076@demo-causefleet.org,555-0151,977 Tucker Bypass Suite 298,Rebeccamouth,MP,57879,Individual,100-999,,False,2025-05-04,True
DNR-04077,ORG-HUM-01,Donald,Reynolds,synthetic.dnr-04077@demo-causefleet.org,555-0159,046 Paul Gardens,Lake Andrew,FM,45651,Individual,Under 100,,False,2021-08-01,True
DNR-04078,ORG-HUM-01,Nicholas,Anderson,synthetic.dnr-04078@demo-causefleet.org,555-0144,912 Amanda Shoal Suite 731,Jessicashire,VI,34048,Individual,"1,000-$9,999",,False,2024-12-10,True
DNR-04079,ORG-HUM-01,Susan,Newman,synthetic.dnr-04079@demo-causefleet.org,555-0133,118 Lyons Parkways Apt. 202,North Mario,WI,85189,Individual,Under 100,,False,2024-12-11,True
DNR-04080,ORG-HUM-01,Elizabeth,Harmon,synthetic.dnr-04080@demo-causefleet.org,555-0113,612 Middleton Drives,North Andreaport,WA,30832,Individual,Under 100,,False,2022-02-19,True
DNR-04081,ORG-HUM-01,Jennifer,Wells,synthetic.dnr-04081@demo-causefleet.org,555-0150,98065 Thomas Field,North Robertmouth,OH,40696,Individual,Under 100,,False,2022-10-27,True
DNR-04082,ORG-HUM-01,Robert,White,synthetic.dnr-04082@demo-causefleet.org,555-0186,4053 Smith Islands Suite 815,Conniehaven,WI,48282,Individual,"1,000-$9,999",,False,2025-02-07,True
DNR-04083,ORG-HUM-01,Colin,Warner,synthetic.dnr-04083@demo-causefleet.org,555-0138,962 Beth Forks,Juliechester,NJ,14543,Individual,Under 100,,False,2024-05-19,True
DNR-04084,ORG-HUM-01,Joseph,Jones,synthetic.dnr-04084@demo-causefleet.org,555-0113,27430 Foster Skyway Suite 740,North Cynthiaport,NH,88142,Individual,Under 100,,False,2023-10-02,True
DNR-04085,ORG-HUM-01,Ronald,Cruz,synthetic.dnr-04085@demo-causefleet.org,555-0145,59607 Dustin Vista Apt. 847,Howardberg,FM,04295,Individual,100-999,,False,2025-03-13,True
DNR-04086,ORG-HUM-01,Michael,Thompson,synthetic.dnr-04086@demo-causefleet.org,555-0117,1803 Linda Ville Suite 371,West Jennifermouth,SD,69059,Individual,100-999,,False,2024-09-26,True
DNR-04087,ORG-HUM-01,Brian,Morales,synthetic.dnr-04087@demo-causefleet.org,555-0170,75079 Rogers Ways,East Lisa,NH,66879,Individual,Under 100,,False,2022-03-24,True
DNR-04088,ORG-HUM-01,Robert,Wallace,synthetic.dnr-04088@demo-causefleet.org,555-0177,189 Alexander Road Apt. 636,Davidchester,FM,32142,Individual,"1,000-$9,999",,False,2021-06-15,True
DNR-04089,ORG-HUM-01,Samuel,Payne,synthetic.dnr-04089@demo-causefleet.org,555-0155,55965 Martin Drive,Claytonville,TN,95502,Individual,"1,000-$9,999",,False,2025-06-07,True
DNR-04090,ORG-HUM-01,Raven,Craig,synthetic.dnr-04090@demo-causefleet.org,555-0184,6238 Eric Via Suite 094,Joneschester,NH,89404,Individual,Under 100,,False,2023-08-08,True
DNR-04091,ORG-HUM-01,Natasha,Russell,synthetic.dnr-04091@demo-causefleet.org,555-0139,81460 Henson Spring Apt. 293,Woodardberg,FL,68487,Individual,Under 100,,False,2023-07-06,True
DNR-04092,ORG-HUM-01,Jo,Jackson,synthetic.dnr-04092@demo-causefleet.org,555-0130,801 Kathryn Oval Apt. 096,Odonnellside,VA,55809,Individual,Under 100,,False,2021-07-17,True
DNR-04093,ORG-HUM-01,Michael,Hanson,synthetic.dnr-04093@demo-causefleet.org,555-0122,76703 Timothy River Apt. 438,New Stephanie,TX,42345,Individual,Under 100,,False,2023-02-04,True
DNR-04094,ORG-HUM-01,Matthew,Robinson,synthetic.dnr-04094@demo-causefleet.org,555-0141,60146 Hull Keys,North Susanside,TX,74027,Foundation,Under 100,,False,2024-12-18,True
DNR-04095,ORG-HUM-01,Patricia,White,synthetic.dnr-04095@demo-causefleet.org,555-0194,32248 Joel Camp Suite 374,Mikefurt,NE,95566,Individual,"1,000-$9,999",,False,2023-08-27,True
DNR-04096,ORG-HUM-01,Michele,Smith,synthetic.dnr-04096@demo-causefleet.org,555-0140,275 Fletcher Estate,Alexandershire,ME,59713,Individual,100-999,,False,2022-06-27,True
DNR-04097,ORG-HUM-01,Melissa,Marshall,synthetic.dnr-04097@demo-causefleet.org,555-0144,92467 Salazar Orchard,Harrisfort,DE,90813,Individual,Under 100,,False,2024-01-12,True
DNR-04098,ORG-HUM-01,James,Wilson,synthetic.dnr-04098@demo-causefleet.org,555-0178,87165 Allison Creek Suite 037,Jonesmouth,GA,38231,Individual,Under 100,,False,2021-09-21,True
DNR-04099,ORG-HUM-01,Tammy,Patterson,synthetic.dnr-04099@demo-causefleet.org,555-0117,3845 Evans Roads Suite 244,Reedborough,WY,81746,Individual,Under 100,,False,2022-01-28,True
DNR-04100,ORG-HUM-01,Angela,Mccoy,synthetic.dnr-04100@demo-causefleet.org,555-0138,014 Wendy Ridge,East Tammie,RI,24094,Individual,Under 100,,False,2025-01-14,True
DNR-04101,ORG-HUM-01,Ashley,Hutchinson,synthetic.dnr-04101@demo-causefleet.org,555-0183,650 Butler Crest Apt. 655,Gomezland,MI,04318,Individual,Under 100,,False,2023-01-03,True
DNR-04102,ORG-HUM-01,Michael,Tran,synthetic.dnr-04102@demo-causefleet.org,555-0159,066 Michael Vista,Castilloburgh,SC,14257,Individual,"1,000-$9,999",,False,2022-06-12,True
DNR-04103,ORG-HUM-01,Samuel,Williams,synthetic.dnr-04103@demo-causefleet.org,555-0155,380 Rebecca Manors Apt. 993,Morenobury,NE,77185,Individual,"1,000-$9,999",,False,2022-03-25,True
DNR-04104,ORG-HUM-01,Daniel,Morrison,synthetic.dnr-04104@demo-causefleet.org,555-0132,872 Barbara Valleys Suite 309,South Markchester,ND,06004,Individual,Under 100,,False,2024-06-16,True
DNR-04105,ORG-HUM-01,Marcia,White,synthetic.dnr-04105@demo-causefleet.org,555-0132,57009 Mark Mission Apt. 702,North Donnastad,MD,87061,Individual,"1,000-$9,999",,False,2021-07-20,True
DNR-04106,ORG-HUM-01,Denise,Rodriguez,synthetic.dnr-04106@demo-causefleet.org,555-0140,900 Arias Radial Suite 232,Michaelview,FM,26975,Individual,Under 100,,False,2022-12-30,True
DNR-04107,ORG-HUM-01,Jonathan,Jackson,synthetic.dnr-04107@demo-causefleet.org,555-0185,12430 Mark Shoals,East Heather,IL,52916,Corporation,100-999,,False,2024-03-20,True
DNR-04108,ORG-HUM-01,John,Taylor,synthetic.dnr-04108@demo-causefleet.org,555-0150,9047 Evans Shoal Apt. 098,North Marymouth,PW,84414,Individual,Under 100,,False,2024-02-21,True
DNR-04109,ORG-HUM-01,Alexander,Chandler,synthetic.dnr-04109@demo-causefleet.org,555-0199,6784 Harris Flat Suite 335,Huntbury,NH,05664,Foundation,Under 100,,False,2024-07-16,True
DNR-04110,ORG-HUM-01,Erika,Romero,synthetic.dnr-04110@demo-causefleet.org,555-0155,36136 Timothy Islands,South Andrewton,IN,32394,Individual,"1,000-$9,999",,False,2024-10-19,True
DNR-04111,ORG-HUM-01,Sarah,Davis,synthetic.dnr-04111@demo-causefleet.org,555-0185,3784 Becker Mission,South Lisa,GA,46532,Individual,Under 100,,False,2025-07-25,True
DNR-04112,ORG-HUM-01,John,Sanchez,synthetic.dnr-04112@demo-causefleet.org,555-0113,0273 Sandy Locks,South Dennis,NC,61316,Individual,100-999,,False,2025-04-06,True
DNR-04113,ORG-HUM-01,Jack,Turner,synthetic.dnr-04113@demo-causefleet.org,555-0199,97511 Kimberly Port,New Crystal,UT,35168,Individual,Under 100,,False,2021-07-12,True
DNR-04114,ORG-HUM-01,Bailey,Gibbs,synthetic.dnr-04114@demo-causefleet.org,555-0155,6789 Welch Harbor Suite 981,Brownton,IN,21595,Individual,Under 100,,False,2025-09-05,True
DNR-04115,ORG-HUM-01,Dustin,Castro,synthetic.dnr-04115@demo-causefleet.org,555-0182,21384 Jeff Course Apt. 300,West Jessicaburgh,RI,43866,Individual,Under 100,,False,2025-04-14,True
DNR-04116,ORG-HUM-01,James,Goodwin,synthetic.dnr-04116@demo-causefleet.org,555-0182,095 May Burg,North Kayla,MI,20580,Individual,Under 100,,False,2023-01-16,True
DNR-04117,ORG-HUM-01,Mary,Jackson,synthetic.dnr-04117@demo-causefleet.org,555-0128,9318 Smith Squares Apt. 314,New Timothy,ME,30779,Foundation,100-999,,False,2021-08-19,True
DNR-04118,ORG-HUM-01,John,Bell,synthetic.dnr-04118@demo-causefleet.org,555-0182,627 Young Bypass Suite 632,Derrickbury,PA,58159,Individual,Under 100,,False,2023-07-22,True
DNR-04119,ORG-HUM-01,Todd,Townsend,synthetic.dnr-04119@demo-causefleet.org,555-0134,91420 Teresa Lake,Gilbertport,CA,41044,Individual,100-999,,False,2025-05-01,True
DNR-04120,ORG-HUM-01,Mary,Johnson,synthetic.dnr-04120@demo-causefleet.org,555-0173,887 Martin Ridge,Johnborough,VA,61050,Individual,100-999,,False,2022-06-28,True
DNR-04121,ORG-HUM-01,Sara,Scott,synthetic.dnr-04121@demo-causefleet.org,555-0179,408 Jenkins Forges,East Donnamouth,FL,09546,Individual,100-999,,False,2021-11-11,True
DNR-04122,ORG-HUM-01,Brent,Summers,synthetic.dnr-04122@demo-causefleet.org,555-0149,4851 Bell Walks,Greenfort,GU,04638,Individual,Under 100,,False,2022-01-27,True
DNR-04123,ORG-HUM-01,Mary,Velazquez,synthetic.dnr-04123@demo-causefleet.org,555-0132,39508 Martin Fort Suite 940,Lake Lauren,MT,75900,Individual,"1,000-$9,999",,False,2022-03-26,True
DNR-04124,ORG-HUM-01,Brandon,Coleman,synthetic.dnr-04124@demo-causefleet.org,555-0172,56362 Joseph Heights,Townsendchester,MA,48184,Foundation,Under 100,,False,2023-10-04,True
DNR-04125,ORG-HUM-01,Michael,Henry,synthetic.dnr-04125@demo-causefleet.org,555-0114,35517 Steven Spurs Suite 792,Williamsstad,OR,78983,Individual,Under 100,,False,2023-03-14,True
DNR-04126,ORG-HUM-01,Nancy,Ramirez,synthetic.dnr-04126@demo-causefleet.org,555-0121,3536 Robert Parkway,Sherylfort,VA,89750,Individual,Under 100,,False,2022-07-26,True
DNR-04127,ORG-HUM-01,Jennifer,Burns,synthetic.dnr-04127@demo-causefleet.org,555-0117,126 Eric Parkways,Rangelton,AK,95629,Individual,Under 100,,False,2021-06-05,True
DNR-04128,ORG-HUM-01,Seth,Brown,synthetic.dnr-04128@demo-causefleet.org,555-0139,4802 Dustin Knolls,Harthaven,AK,08622,Foundation,Under 100,,False,2025-08-23,True
DNR-04129,ORG-HUM-01,Amanda,Anthony,synthetic.dnr-04129@demo-causefleet.org,555-0187,8489 Hughes Village,Joseland,HI,36848,Individual,100-999,,False,2024-10-07,True
DNR-04130,ORG-HUM-01,Greg,Thomas,synthetic.dnr-04130@demo-causefleet.org,555-0138,69138 Kristen Crest Suite 295,Lake Chris,MT,56938,Individual,Under 100,,False,2025-09-23,True
DNR-04131,ORG-HUM-01,Melissa,Lewis,synthetic.dnr-04131@demo-causefleet.org,555-0112,5676 Richards Spur Suite 378,Colonhaven,MI,44291,Individual,Under 100,,False,2023-05-03,True
DNR-04132,ORG-HUM-01,Sean,Rodriguez,synthetic.dnr-04132@demo-causefleet.org,555-0177,972 Baldwin Crescent,Smithchester,ID,29029,Individual,100-999,,False,2023-12-21,True
DNR-04133,ORG-HUM-01,Amanda,Bryant,synthetic.dnr-04133@demo-causefleet.org,555-0171,67326 Jimmy Circles Suite 936,Brandonfurt,DC,06521,Individual,Under 100,,False,2023-06-28,True
DNR-04134,ORG-HUM-01,Crystal,Thompson,synthetic.dnr-04134@demo-causefleet.org,555-0110,074 Mckinney Lodge,Lake Megan,CO,84490,Individual,Under 100,,False,2024-06-11,True
DNR-04135,ORG-HUM-01,Kimberly,Ramirez,synthetic.dnr-04135@demo-causefleet.org,555-0152,231 Guerrero Corner,Garystad,NC,19924,Individual,Under 100,,False,2022-06-25,True
DNR-04136,ORG-HUM-01,Melissa,Rosario,synthetic.dnr-04136@demo-causefleet.org,555-0188,143 Robinson Drive Suite 008,Arroyoshire,DC,05174,Individual,100-999,,False,2022-11-25,True
DNR-04137,ORG-HUM-01,Brian,King,synthetic.dnr-04137@demo-causefleet.org,555-0135,9492 Justin Haven,New John,MP,18255,Individual,Under 100,,False,2022-12-04,True
DNR-04138,ORG-HUM-01,Robert,Griffin,synthetic.dnr-04138@demo-causefleet.org,555-0126,9764 Jesse Ridge,South Nicoleton,IA,17761,Individual,Under 100,,False,2023-05-02,True
DNR-04139,ORG-HUM-01,Ian,Campbell,synthetic.dnr-04139@demo-causefleet.org,555-0153,792 Susan Cove Suite 005,West Leon,RI,52068,Individual,Under 100,,False,2022-10-08,True
DNR-04140,ORG-HUM-01,Andrew,Moore,synthetic.dnr-04140@demo-causefleet.org,555-0132,72098 Meadows Estate Suite 094,North Michael,DE,12626,Individual,100-999,,False,2021-06-22,True
DNR-04141,ORG-HUM-01,Cathy,Fischer,synthetic.dnr-04141@demo-causefleet.org,555-0151,78625 Neal Course Suite 636,Nelsonfurt,SC,87593,Individual,100-999,,False,2024-09-11,True
DNR-04142,ORG-HUM-01,Andrew,Malone,synthetic.dnr-04142@demo-causefleet.org,555-0117,606 April Forks Suite 749,New Crystal,CA,69784,Individual,100-999,,False,2022-11-18,True
DNR-04143,ORG-HUM-01,Sylvia,Oconnell,synthetic.dnr-04143@demo-causefleet.org,555-0112,363 Townsend Field,East Johnville,CO,91565,Individual,Under 100,,False,2025-09-28,True
DNR-04144,ORG-HUM-01,Sarah,Mcgee,synthetic.dnr-04144@demo-causefleet.org,555-0128,454 Stephenson Pines Apt. 990,Melindafort,PA,94028,Individual,Under 100,,False,2022-01-10,True
DNR-04145,ORG-HUM-01,John,Simon,synthetic.dnr-04145@demo-causefleet.org,555-0185,9916 Teresa Isle,East Christinafurt,NV,07362,Foundation,Under 100,,False,2021-10-20,True
DNR-04146,ORG-HUM-01,Jonathan,Bradford,synthetic.dnr-04146@demo-causefleet.org,555-0128,57761 Rivers Lights,South Andrew,MI,37753,Individual,Under 100,,False,2024-10-18,True
DNR-04147,ORG-HUM-01,Robert,Bailey,synthetic.dnr-04147@demo-causefleet.org,555-0124,0885 Scott Greens Suite 413,West Amber,HI,94710,Individual,Under 100,,False,2022-01-31,True
DNR-04148,ORG-HUM-01,Donna,Cooper,synthetic.dnr-04148@demo-causefleet.org,555-0177,73380 Duran Park Suite 998,West Melissaborough,ND,91411,Individual,Under 100,,False,2022-06-24,True
DNR-04149,ORG-HUM-01,Brian,Sanders,synthetic.dnr-04149@demo-causefleet.org,555-0156,59507 Martinez Avenue,Xavierhaven,NH,15286,Individual,Under 100,,False,2021-10-15,True
DNR-04150,ORG-HUM-01,Ryan,Brown,synthetic.dnr-04150@demo-causefleet.org,555-0119,82109 Brian Road,North Joshuahaven,PA,18574,Individual,100-999,,False,2025-02-24,True
DNR-04151,ORG-HUM-01,Patrick,Bailey,synthetic.dnr-04151@demo-causefleet.org,555-0157,894 Howell Ridges,Lake Paul,KS,51738,Individual,Under 100,,False,2021-12-03,True
DNR-04152,ORG-HUM-01,Courtney,Fisher,synthetic.dnr-04152@demo-causefleet.org,555-0194,96033 Samantha Track,Lake Melanie,OH,83197,Individual,100-999,,False,2024-01-09,True
DNR-04153,ORG-HUM-01,Ian,Brooks,synthetic.dnr-04153@demo-causefleet.org,555-0160,5727 Mathew Curve Suite 018,Hernandezchester,RI,53117,Individual,Under 100,,False,2024-06-24,True
DNR-04154,ORG-HUM-01,Kelli,Moody,synthetic.dnr-04154@demo-causefleet.org,555-0185,7788 Martinez Walk Apt. 848,New Tyler,AL,05666,Individual,Under 100,,False,2022-12-22,True
DNR-04155,ORG-HUM-01,Ronald,Anderson,synthetic.dnr-04155@demo-causefleet.org,555-0122,8986 Gonzales Parkway Apt. 670,Curryshire,UT,98428,Individual,Under 100,,False,2023-02-11,True
DNR-04156,ORG-HUM-01,Michael,Smith,synthetic.dnr-04156@demo-causefleet.org,555-0153,404 Nancy Plains,North Michaelborough,CA,46791,Individual,Under 100,,False,2023-07-23,True
DNR-04157,ORG-HUM-01,Adam,Goodwin,synthetic.dnr-04157@demo-causefleet.org,555-0148,3485 Hartman Isle,Raymondview,PW,08789,Individual,Under 100,,False,2025-08-05,True
DNR-04158,ORG-HUM-01,Scott,Meyer,synthetic.dnr-04158@demo-causefleet.org,555-0151,6018 Jacob Knolls,Sheltonhaven,DE,92306,Individual,Under 100,,False,2025-09-27,True
DNR-04159,ORG-HUM-01,Michael,Estrada,synthetic.dnr-04159@demo-causefleet.org,555-0127,524 Hodges Ramp,Port Grace,AR,34614,Foundation,"1,000-$9,999",,False,2023-01-30,True
DNR-04160,ORG-HUM-01,Isaiah,Armstrong,synthetic.dnr-04160@demo-causefleet.org,555-0130,0193 Acosta Points,Lake Julieport,IA,94243,Individual,100-999,,False,2024-09-15,True
DNR-04161,ORG-HUM-01,Lisa,Parker,synthetic.dnr-04161@demo-causefleet.org,555-0165,4342 Garza Roads Apt. 228,Blakemouth,FL,77082,Individual,Under 100,,False,2022-03-23,True
DNR-04162,ORG-HUM-01,Jeffrey,Rojas,synthetic.dnr-04162@demo-causefleet.org,555-0191,06286 Taylor Springs,North Jadebury,MA,78692,Individual,100-999,,False,2024-09-22,True
DNR-04163,ORG-HUM-01,James,Oconnor,synthetic.dnr-04163@demo-causefleet.org,555-0172,0441 Hicks Drive Suite 302,Christinahaven,NC,73639,Individual,100-999,,False,2021-07-22,True
DNR-04164,ORG-HUM-01,Robyn,Nguyen,synthetic.dnr-04164@demo-causefleet.org,555-0193,93974 Danielle Locks Apt. 855,East Tonyafurt,GA,49615,Individual,Under 100,,False,2022-12-29,True
DNR-04165,ORG-HUM-01,Brenda,Rodriguez,synthetic.dnr-04165@demo-causefleet.org,555-0150,3959 Russell Ville,South Tiffanytown,NJ,08570,Individual,100-999,,False,2024-11-06,True
DNR-04166,ORG-HUM-01,Jacqueline,Montgomery,synthetic.dnr-04166@demo-causefleet.org,555-0132,3630 Michael Run,South Sally,ID,61859,Individual,Under 100,,False,2022-06-27,True
DNR-04167,ORG-HUM-01,Amy,Roach,synthetic.dnr-04167@demo-causefleet.org,555-0181,448 Ferguson Walk,West Edwardville,ND,37745,Individual,Under 100,,False,2022-08-22,True
DNR-04168,ORG-HUM-01,Ashley,Brown,synthetic.dnr-04168@demo-causefleet.org,555-0198,5878 Mario Mountain,North Traci,AK,23991,Individual,Under 100,,False,2022-09-02,True
DNR-04169,ORG-HUM-01,Lisa,Huber,synthetic.dnr-04169@demo-causefleet.org,555-0188,54053 Gina Glen Apt. 164,Danielsstad,TN,08469,Individual,Under 100,,False,2022-02-03,True
DNR-04170,ORG-HUM-01,Robert,Johnson,synthetic.dnr-04170@demo-causefleet.org,555-0155,71986 Wagner Island,North Davidland,GU,96578,Individual,Under 100,,False,2024-12-20,True
DNR-04171,ORG-HUM-01,Marcus,Medina,synthetic.dnr-04171@demo-causefleet.org,555-0138,322 Krystal Lock,West Georgemouth,VI,04398,Individual,Under 100,,False,2022-09-01,True
DNR-04172,ORG-HUM-01,Lisa,Kim,synthetic.dnr-04172@demo-causefleet.org,555-0195,504 Bowman Bypass Apt. 622,Lisaton,CA,59696,Corporation,"1,000-$9,999",,False,2021-10-04,True
DNR-04173,ORG-HUM-01,Mason,Jones,synthetic.dnr-04173@demo-causefleet.org,555-0185,909 James Port Apt. 604,Toddmouth,VA,99142,Individual,"1,000-$9,999",,False,2024-12-10,True
DNR-04174,ORG-HUM-01,Robert,Williams,synthetic.dnr-04174@demo-causefleet.org,555-0132,9652 Harris Vista Apt. 112,Brittanyburgh,DC,11716,Individual,100-999,,False,2024-02-23,True
DNR-04175,ORG-HUM-01,Carla,Cole,synthetic.dnr-04175@demo-causefleet.org,555-0158,62444 Jones Rest,Millerfort,AL,32438,Individual,100-999,,False,2023-08-25,True
DNR-04176,ORG-HUM-01,Marcia,Caldwell,synthetic.dnr-04176@demo-causefleet.org,555-0149,531 Reeves Union Apt. 743,New Jennifer,DE,74237,Corporation,"1,000-$9,999",,False,2022-07-20,True
DNR-04177,ORG-HUM-01,Joy,Gomez,synthetic.dnr-04177@demo-causefleet.org,555-0198,480 Taylor Ports Suite 279,Vincentfurt,AR,59380,Individual,Under 100,,False,2021-11-08,True
DNR-04178,ORG-HUM-01,Bruce,Valencia,synthetic.dnr-04178@demo-causefleet.org,555-0147,30206 Lauren Bridge,Jasonhaven,LA,44644,Individual,Under 100,,False,2022-02-04,True
DNR-04179,ORG-HUM-01,Angela,Clark,synthetic.dnr-04179@demo-causefleet.org,555-0126,575 Mary Fork Apt. 661,East Andreaville,DE,69243,Individual,Under 100,,False,2024-11-01,True
DNR-04180,ORG-HUM-01,Adrian,Flores,synthetic.dnr-04180@demo-causefleet.org,555-0132,255 John Port,Nicholsonport,HI,87730,Individual,100-999,,False,2023-03-16,True
DNR-04181,ORG-HUM-01,Kelly,Salazar,synthetic.dnr-04181@demo-causefleet.org,555-0110,70345 Thompson Knolls Suite 527,Ericville,MO,75169,Individual,Under 100,,False,2025-09-21,True
DNR-04182,ORG-HUM-01,Breanna,Kelly,synthetic.dnr-04182@demo-causefleet.org,555-0199,9419 John Greens Apt. 654,Foxberg,PA,19740,Individual,100-999,,False,2025-06-02,True
DNR-04183,ORG-HUM-01,Diana,Shaw,synthetic.dnr-04183@demo-causefleet.org,555-0183,6118 Salas Vista Apt. 749,North Robertside,AZ,20540,Individual,Under 100,,False,2022-09-20,True
DNR-04184,ORG-HUM-01,Robin,Wilson,synthetic.dnr-04184@demo-causefleet.org,555-0160,7752 Tracey Loop Apt. 592,Jessicaport,WI,47078,Individual,Under 100,,False,2025-03-14,True
DNR-04185,ORG-HUM-01,Anthony,Hamilton,synthetic.dnr-04185@demo-causefleet.org,555-0182,7889 Lauren Underpass Suite 939,Henrystad,TX,87908,Individual,100-999,,False,2025-04-30,True
DNR-04186,ORG-HUM-01,Kyle,Flores,synthetic.dnr-04186@demo-causefleet.org,555-0114,4221 Aaron Fields,Paulchester,AL,01951,Individual,Under 100,,False,2021-12-04,True
DNR-04187,ORG-HUM-01,Marc,Frederick,synthetic.dnr-04187@demo-causefleet.org,555-0133,29142 Joseph Courts,Chapmanshire,MD,29286,Individual,Under 100,,False,2021-11-16,True
DNR-04188,ORG-HUM-01,James,Wiley,synthetic.dnr-04188@demo-causefleet.org,555-0187,846 Smith Burg,Lake Mark,SD,35804,Individual,Under 100,,False,2023-08-18,True
DNR-04189,ORG-HUM-01,Destiny,Robinson,synthetic.dnr-04189@demo-causefleet.org,555-0150,39360 Wolfe Drive,Lake Shannonland,CA,47846,Individual,Under 100,,False,2024-01-02,True
DNR-04190,ORG-HUM-01,Kathleen,Gutierrez,synthetic.dnr-04190@demo-causefleet.org,555-0188,238 Howard Curve Suite 301,Huffmanhaven,AR,25262,Individual,100-999,,False,2025-01-16,True
DNR-04191,ORG-HUM-01,Kristy,Lewis,synthetic.dnr-04191@demo-causefleet.org,555-0138,426 Emily Haven Apt. 547,Nathanmouth,MP,99808,Individual,Under 100,,False,2021-07-25,True
DNR-04192,ORG-HUM-01,Christy,Walker,synthetic.dnr-04192@demo-causefleet.org,555-0191,99181 William Road,New Tarashire,CO,61889,Individual,Under 100,,False,2024-04-14,True
DNR-04193,ORG-HUM-01,Anthony,Johnston,synthetic.dnr-04193@demo-causefleet.org,555-0182,7179 Sullivan Path,Stephanieside,NV,52503,Individual,Under 100,,False,2023-06-14,True
DNR-04194,ORG-HUM-01,Eric,Dawson,synthetic.dnr-04194@demo-causefleet.org,555-0123,444 Michael Lane Suite 743,Staffordmouth,VI,79145,Individual,100-999,,False,2023-04-23,True
DNR-04195,ORG-HUM-01,Kelly,Patel,synthetic.dnr-04195@demo-causefleet.org,555-0173,81801 Christina Lakes,Wayneview,MD,59147,Individual,Under 100,,False,2023-09-14,True
DNR-04196,ORG-HUM-01,Mark,Myers,synthetic.dnr-04196@demo-causefleet.org,555-0128,1491 Daniel Greens,Livingstonstad,FL,65819,Individual,100-999,,False,2025-06-09,True
DNR-04197,ORG-HUM-01,Teresa,Baker,synthetic.dnr-04197@demo-causefleet.org,555-0152,5431 Bailey Freeway Apt. 651,Port Brenda,NV,24815,Individual,100-999,,False,2022-10-06,True
DNR-04198,ORG-HUM-01,David,Townsend,synthetic.dnr-04198@demo-causefleet.org,555-0119,0095 Chad Views,Lake Lindseyberg,FL,58183,Individual,Under 100,,False,2023-11-24,True
DNR-04199,ORG-HUM-01,Veronica,Garcia,synthetic.dnr-04199@demo-causefleet.org,555-0140,51187 Spears Estate Apt. 185,North Sonya,WV,28941,Individual,"1,000-$9,999",,False,2024-07-14,True
DNR-04200,ORG-HUM-01,Timothy,Henry,synthetic.dnr-04200@demo-causefleet.org,555-0154,0971 Joseph Place,Kylefurt,FL,84187,Individual,Under 100,,False,2022-02-27,True
DNR-04201,ORG-HUM-01,Stephanie,Adams,synthetic.dnr-04201@demo-causefleet.org,555-0150,731 Hardy Well,Dennisfort,NE,38596,Individual,Under 100,,False,2024-10-09,True
DNR-04202,ORG-HUM-01,Sandra,King,synthetic.dnr-04202@demo-causefleet.org,555-0131,519 Richard Oval Suite 869,South Jacqueline,LA,21570,Individual,Under 100,,False,2022-02-12,True
DNR-04203,ORG-HUM-01,Brendan,Schneider,synthetic.dnr-04203@demo-causefleet.org,555-0191,161 Devin Common,North Sonyafort,AZ,39826,Individual,"1,000-$9,999",,False,2024-04-06,True
DNR-04204,ORG-HUM-01,Jennifer,Crawford,synthetic.dnr-04204@demo-causefleet.org,555-0121,74805 David Spur Suite 020,Starkshire,PR,63813,Corporation,100-999,,False,2021-07-03,True
DNR-04205,ORG-HUM-01,Brian,Miller,synthetic.dnr-04205@demo-causefleet.org,555-0195,62958 Samantha Village,Mendozashire,MO,86558,Individual,Under 100,,False,2024-09-28,True
DNR-04206,ORG-HUM-01,Ryan,Melton,synthetic.dnr-04206@demo-causefleet.org,555-0191,66064 Russo Springs Suite 442,Matthewview,VA,81321,Individual,Under 100,,False,2025-05-22,True
DNR-04207,ORG-HUM-01,William,Carter,synthetic.dnr-04207@demo-causefleet.org,555-0152,86845 George Isle Apt. 766,Shepardbury,CT,45467,Individual,100-999,,False,2024-08-25,True
DNR-04208,ORG-HUM-01,Leslie,Nelson,synthetic.dnr-04208@demo-causefleet.org,555-0167,321 Edward Plain Apt. 868,Andrewfurt,IL,39589,Individual,100-999,,False,2023-01-05,True
DNR-04209,ORG-HUM-01,Susan,Lowe,synthetic.dnr-04209@demo-causefleet.org,555-0111,977 Aaron Land Suite 882,Starkbury,ME,23645,Individual,100-999,,False,2022-10-29,True
DNR-04210,ORG-HUM-01,Ian,Ward,synthetic.dnr-04210@demo-causefleet.org,555-0143,870 Martin Keys,Port Jasonburgh,NJ,23557,Individual,Under 100,,False,2024-12-14,True
DNR-04211,ORG-HUM-01,Shirley,Powell,synthetic.dnr-04211@demo-causefleet.org,555-0136,14084 Green Loop,West Crystalport,NH,15810,Individual,100-999,,False,2022-11-01,True
DNR-04212,ORG-HUM-01,Casey,Daniel,synthetic.dnr-04212@demo-causefleet.org,555-0141,5733 Tiffany Burg,Davisbury,NE,73075,Individual,Under 100,,False,2024-11-21,True
DNR-04213,ORG-HUM-01,Sarah,Austin,synthetic.dnr-04213@demo-causefleet.org,555-0198,8023 Cynthia Knolls Apt. 358,Erinchester,IA,73706,Individual,Under 100,,False,2024-01-22,True
DNR-04214,ORG-HUM-01,Elizabeth,Black,synthetic.dnr-04214@demo-causefleet.org,555-0118,74916 Logan Islands Suite 139,Mullinston,WY,88441,Individual,100-999,,False,2022-05-06,True
DNR-04215,ORG-HUM-01,Debbie,Pruitt,synthetic.dnr-04215@demo-causefleet.org,555-0154,042 Sparks Islands,Philliphaven,OR,76674,Individual,"10,000-99,999",,False,2022-10-06,True
DNR-04216,ORG-HUM-01,John,Lloyd,synthetic.dnr-04216@demo-causefleet.org,555-0142,76853 Garza Underpass Suite 084,Marshallberg,NJ,81049,Individual,Under 100,,False,2022-04-28,True
DNR-04217,ORG-HUM-01,Eric,Johnson,synthetic.dnr-04217@demo-causefleet.org,555-0123,7140 Stacy Spur,Lauraview,AR,69670,Individual,Under 100,,False,2025-06-25,True
DNR-04218,ORG-HUM-01,Amber,Blevins,synthetic.dnr-04218@demo-causefleet.org,555-0110,1885 Adkins Drive,Normaburgh,PW,15496,Individual,100-999,,False,2023-07-28,True
DNR-04219,ORG-HUM-01,Rachel,Wong,synthetic.dnr-04219@demo-causefleet.org,555-0116,80829 King Points,Dennisland,SD,18478,Individual,Under 100,,False,2023-02-09,True
DNR-04220,ORG-HUM-01,Linda,Diaz,synthetic.dnr-04220@demo-causefleet.org,555-0159,3338 Karen Summit Suite 984,South Tiffany,PW,78233,Individual,100-999,,False,2021-11-26,True
DNR-04221,ORG-HUM-01,Craig,Mcdonald,synthetic.dnr-04221@demo-causefleet.org,555-0166,053 Taylor Spur Apt. 936,New Katie,RI,69028,Individual,100-999,,False,2025-05-07,True
DNR-04222,ORG-HUM-01,Heather,Navarro,synthetic.dnr-04222@demo-causefleet.org,555-0163,3646 Ashley Station,West Larrymouth,HI,10283,Individual,Under 100,,False,2024-11-28,True
DNR-04223,ORG-HUM-01,Kimberly,Jackson,synthetic.dnr-04223@demo-causefleet.org,555-0131,25840 Marsh Mall Apt. 830,Wrightview,MT,06780,Foundation,"$100,000+",,False,2023-12-20,True
DNR-04224,ORG-HUM-01,Tony,Stevens,synthetic.dnr-04224@demo-causefleet.org,555-0162,76856 Green Throughway Apt. 559,East Jon,FM,66541,Individual,100-999,,False,2021-06-25,True
DNR-04225,ORG-HUM-01,Luis,Russell,synthetic.dnr-04225@demo-causefleet.org,555-0173,22097 Hill Lake,North Jean,NM,87692,Individual,100-999,,False,2023-01-25,True
DNR-04226,ORG-HUM-01,Pamela,Morgan,synthetic.dnr-04226@demo-causefleet.org,555-0158,74233 David Crossing Apt. 834,Lake Misty,AK,32110,Individual,100-999,,False,2023-01-13,True
DNR-04227,ORG-HUM-01,Jacob,Dillon,synthetic.dnr-04227@demo-causefleet.org,555-0154,575 Sheila Circles Suite 913,Noahbury,IA,17218,Individual,100-999,,False,2023-06-01,True
DNR-04228,ORG-HUM-01,Randy,Velasquez,synthetic.dnr-04228@demo-causefleet.org,555-0179,98481 Stephen Trail Apt. 512,Timothyhaven,DE,46286,Individual,Under 100,,False,2023-07-07,True
DNR-04229,ORG-HUM-01,Hayden,Hamilton,synthetic.dnr-04229@demo-causefleet.org,555-0158,639 Connie Avenue,Michaelburgh,AZ,51820,Individual,Under 100,,False,2024-10-23,True
DNR-04230,ORG-HUM-01,Courtney,Klein,synthetic.dnr-04230@demo-causefleet.org,555-0122,07894 Matthew Avenue Suite 177,East Paula,DC,04654,Individual,100-999,,False,2021-06-04,True
DNR-04231,ORG-HUM-01,Charles,Allen,synthetic.dnr-04231@demo-causefleet.org,555-0171,7968 Alexander Ferry Apt. 224,North Tommyburgh,OH,11364,Individual,Under 100,,False,2023-05-23,True
DNR-04232,ORG-HUM-01,Hailey,Fuller,synthetic.dnr-04232@demo-causefleet.org,555-0183,431 Jordan Lodge Suite 400,Adamport,IA,59292,Individual,Under 100,,False,2022-10-19,True
DNR-04233,ORG-HUM-01,Miranda,Jones,synthetic.dnr-04233@demo-causefleet.org,555-0193,736 Natalie Loop Apt. 405,East Benjaminstad,NH,24899,Individual,100-999,,False,2023-10-17,True
DNR-04234,ORG-HUM-01,Nathaniel,Lopez,synthetic.dnr-04234@demo-causefleet.org,555-0197,233 Robert Crest,Archershire,MT,96806,Foundation,100-999,,False,2022-06-04,True
DNR-04235,ORG-HUM-01,Andrea,Hopkins,synthetic.dnr-04235@demo-causefleet.org,555-0138,8144 Debra Gateway Apt. 521,Richardberg,IL,88496,Individual,Under 100,,False,2025-05-05,True
DNR-04236,ORG-HUM-01,Gary,Andrade,synthetic.dnr-04236@demo-causefleet.org,555-0130,6879 Stephanie Corner Suite 513,Brownstad,VT,97031,Individual,100-999,,False,2024-02-29,True
DNR-04237,ORG-HUM-01,Pam,Greene,synthetic.dnr-04237@demo-causefleet.org,555-0167,784 Stephen Manor,Williamsonbury,RI,28761,Individual,100-999,,False,2023-12-08,True
DNR-04238,ORG-HUM-01,Jeffrey,Turner,synthetic.dnr-04238@demo-causefleet.org,555-0119,2020 Patricia Estates Apt. 048,North Mariahview,MT,69823,Individual,Under 100,,False,2023-04-21,True
DNR-04239,ORG-HUM-01,John,Ferguson,synthetic.dnr-04239@demo-causefleet.org,555-0114,13863 Andrews Forge,Heatherberg,WA,37041,Individual,100-999,,False,2024-02-26,True
DNR-04240,ORG-HUM-01,Tony,Lara,synthetic.dnr-04240@demo-causefleet.org,555-0147,1762 Monroe Cove,East Debraland,MT,36464,Individual,Under 100,,False,2024-01-18,True
DNR-04241,ORG-HUM-01,Joanne,Johnson,synthetic.dnr-04241@demo-causefleet.org,555-0112,621 Allison Point Apt. 690,Johnhaven,OR,10975,Individual,Under 100,,False,2025-01-19,True
DNR-04242,ORG-HUM-01,Deborah,Thomas,synthetic.dnr-04242@demo-causefleet.org,555-0150,06244 Allison Terrace,North Elizabethchester,WI,55497,Individual,Under 100,,False,2021-11-18,True
DNR-04243,ORG-HUM-01,Tiffany,Miller,synthetic.dnr-04243@demo-causefleet.org,555-0143,957 Cruz Views,North Deborahview,IN,10584,Individual,Under 100,,False,2024-08-01,True
DNR-04244,ORG-HUM-01,Martha,Burke,synthetic.dnr-04244@demo-causefleet.org,555-0123,9392 Kimberly Fords,Janetfurt,IA,36850,Individual,Under 100,,False,2022-11-18,True
DNR-04245,ORG-HUM-01,Timothy,Rivers,synthetic.dnr-04245@demo-causefleet.org,555-0119,47193 Robert Expressway Suite 730,Milesview,FM,01831,Individual,100-999,,False,2025-04-11,True
DNR-04246,ORG-HUM-01,Justin,Potter,synthetic.dnr-04246@demo-causefleet.org,555-0153,25406 Barrera Summit,Caldwellmouth,NE,48449,Foundation,100-999,,False,2022-06-06,True
DNR-04247,ORG-HUM-01,Travis,Washington,synthetic.dnr-04247@demo-causefleet.org,555-0131,532 Valerie Ford Suite 556,Jonathanview,OR,26212,Individual,Under 100,,False,2025-07-07,True
DNR-04248,ORG-HUM-01,Charles,Nicholson,synthetic.dnr-04248@demo-causefleet.org,555-0158,82403 Breanna Dam,Port Kyle,MS,36130,Individual,100-999,,False,2021-06-07,True
DNR-04249,ORG-HUM-01,Mike,Coleman,synthetic.dnr-04249@demo-causefleet.org,555-0130,066 Dunn Summit,Kerriview,AK,51794,Individual,Under 100,,False,2025-08-04,True
DNR-04250,ORG-HUM-01,Mary,Turner,synthetic.dnr-04250@demo-causefleet.org,555-0119,1571 Alvarado Drive Apt. 002,Port Joshua,TN,17099,Corporation,Under 100,,False,2025-08-03,True
DNR-04251,ORG-HUM-01,Joseph,Phillips,synthetic.dnr-04251@demo-causefleet.org,555-0180,74298 Monica Brooks Apt. 794,Anthonyton,AL,08995,Individual,100-999,,False,2025-05-14,True
DNR-04252,ORG-HUM-01,Victoria,Hamilton,synthetic.dnr-04252@demo-causefleet.org,555-0121,9036 Mckee Rest Suite 442,Port Sherry,GU,53295,Individual,Under 100,,False,2021-06-06,True
DNR-04253,ORG-HUM-01,Maria,Mills,synthetic.dnr-04253@demo-causefleet.org,555-0153,869 Silva Motorway,Port Kelly,VI,42410,Individual,Under 100,,False,2023-12-09,True
DNR-04254,ORG-HUM-01,Tammy,Lopez,synthetic.dnr-04254@demo-causefleet.org,555-0186,2231 Martinez Spring Suite 057,Amymouth,NH,42310,Individual,100-999,,False,2024-02-07,True
DNR-04255,ORG-HUM-01,Wanda,Johnson,synthetic.dnr-04255@demo-causefleet.org,555-0188,4751 Jose Landing Suite 379,Williamton,VT,07974,Individual,Under 100,,False,2023-09-18,True
DNR-04256,ORG-HUM-01,Adam,Vega,synthetic.dnr-04256@demo-causefleet.org,555-0171,707 Klein Neck,Port Edward,FM,17946,Individual,100-999,,False,2022-01-19,True
DNR-04257,ORG-HUM-01,Brian,Bush,synthetic.dnr-04257@demo-causefleet.org,555-0113,573 Gregory Drive Apt. 326,North Shawnstad,LA,19364,Corporation,Under 100,,False,2023-01-12,True
DNR-04258,ORG-HUM-01,Susan,Fletcher,synthetic.dnr-04258@demo-causefleet.org,555-0165,09912 Hernandez Inlet,Lake Christine,WV,05431,Individual,Under 100,,False,2023-02-13,True
DNR-04259,ORG-HUM-01,Christian,Black,synthetic.dnr-04259@demo-causefleet.org,555-0193,7278 Mendoza Brooks Apt. 394,Timothymouth,CO,35714,Individual,Under 100,,False,2024-07-13,True
DNR-04260,ORG-HUM-01,Jesus,Newman,synthetic.dnr-04260@demo-causefleet.org,555-0131,213 Williams Pike,Port Eric,KS,01960,Individual,Under 100,,False,2023-02-14,True
DNR-04261,ORG-HUM-01,Leah,Hester,synthetic.dnr-04261@demo-causefleet.org,555-0187,474 Jorge Plain Apt. 576,Theresastad,MH,08475,Individual,Under 100,,False,2025-05-11,True
DNR-04262,ORG-HUM-01,William,Dougherty,synthetic.dnr-04262@demo-causefleet.org,555-0165,821 Wilson Corner Suite 638,Davistown,OH,46384,Foundation,Under 100,,False,2022-01-12,True
DNR-04263,ORG-HUM-01,Alan,Pope,synthetic.dnr-04263@demo-causefleet.org,555-0130,25355 Lawrence Stream,Jamesmouth,HI,01950,Individual,100-999,,False,2022-09-20,True
DNR-04264,ORG-HUM-01,Toni,Christensen,synthetic.dnr-04264@demo-causefleet.org,555-0116,0064 Aaron Extensions Apt. 597,New Lisa,NH,06703,Individual,"1,000-$9,999",,False,2024-09-30,True
DNR-04265,ORG-HUM-01,Patricia,Velez,synthetic.dnr-04265@demo-causefleet.org,555-0122,0113 Jeffrey Estates,Lake Erik,MI,93518,Individual,Under 100,,False,2023-05-07,True
DNR-04266,ORG-HUM-01,James,Snyder,synthetic.dnr-04266@demo-causefleet.org,555-0152,3656 Krystal Loaf Suite 412,Port Randallhaven,GA,33386,Individual,Under 100,,False,2022-09-26,True
DNR-04267,ORG-HUM-01,Rebecca,Gillespie,synthetic.dnr-04267@demo-causefleet.org,555-0136,97248 Robinson Meadow,New Rebeccafurt,UT,07606,Individual,Under 100,,False,2022-10-11,True
DNR-04268,ORG-HUM-01,Brandi,Carpenter,synthetic.dnr-04268@demo-causefleet.org,555-0134,51507 Courtney Circle,South Katherinestad,ID,91112,Individual,"1,000-$9,999",,False,2024-11-11,True
DNR-04269,ORG-HUM-01,Bailey,Guerrero,synthetic.dnr-04269@demo-causefleet.org,555-0162,153 Bryan Ridges Apt. 835,West Edward,KY,84316,Individual,"$100,000+",,False,2025-02-20,True
DNR-04270,ORG-HUM-01,Albert,Miller,synthetic.dnr-04270@demo-causefleet.org,555-0199,800 Baker Pine,Martinezmouth,NV,86750,Foundation,Under 100,,False,2024-01-12,True
DNR-04271,ORG-HUM-01,Brianna,Lewis,synthetic.dnr-04271@demo-causefleet.org,555-0180,6964 Stacy Radial,Harrishaven,RI,85712,Individual,100-999,,False,2023-05-24,True
DNR-04272,ORG-HUM-01,Robert,Smith,synthetic.dnr-04272@demo-causefleet.org,555-0179,669 Marie Bypass,Larryfurt,KY,22622,Foundation,Under 100,,False,2023-11-08,True
DNR-04273,ORG-HUM-01,Christine,Parker,synthetic.dnr-04273@demo-causefleet.org,555-0143,183 Matthew Corner,South Randall,VA,78363,Individual,Under 100,,False,2024-08-14,True
DNR-04274,ORG-HUM-01,Deborah,White,synthetic.dnr-04274@demo-causefleet.org,555-0194,97213 Gilbert Brooks Suite 602,New Richard,CA,54296,Individual,Under 100,,False,2021-09-12,True
DNR-04275,ORG-HUM-01,Brandon,Joseph,synthetic.dnr-04275@demo-causefleet.org,555-0146,40341 Butler Shores Suite 137,Castilloborough,NC,50137,Individual,Under 100,,False,2022-12-15,True
DNR-04276,ORG-HUM-01,Jose,Nicholson,synthetic.dnr-04276@demo-causefleet.org,555-0148,08664 Paul Manor Apt. 594,North Jacqueline,CA,19987,Individual,Under 100,,False,2022-09-15,True
DNR-04277,ORG-HUM-01,Cassandra,Wilson,synthetic.dnr-04277@demo-causefleet.org,555-0140,543 William Valleys,Lake Susanstad,WV,05776,Individual,Under 100,,False,2021-12-22,True
DNR-04278,ORG-HUM-01,Lori,Whitehead,synthetic.dnr-04278@demo-causefleet.org,555-0122,2593 Michelle Harbor,Lake Kimberlyhaven,MP,39125,Individual,100-999,,False,2024-02-08,True
DNR-04279,ORG-HUM-01,Pamela,Jimenez,synthetic.dnr-04279@demo-causefleet.org,555-0116,341 Taylor Gardens,West Deborah,DC,67330,Individual,Under 100,,False,2024-03-01,True
DNR-04280,ORG-HUM-01,Kyle,Small,synthetic.dnr-04280@demo-causefleet.org,555-0160,133 Edwin Manors,Port Jamieburgh,WY,16642,Individual,Under 100,,False,2023-08-01,True
DNR-04281,ORG-HUM-01,Valerie,Frost,synthetic.dnr-04281@demo-causefleet.org,555-0183,064 Rebecca Passage Suite 512,Powellbury,PR,15247,Individual,Under 100,,False,2023-11-08,True
DNR-04282,ORG-HUM-01,Anthony,Romero,synthetic.dnr-04282@demo-causefleet.org,555-0180,97690 Mays Flats,Andrewfort,IN,98735,Individual,Under 100,,False,2023-08-28,True
DNR-04283,ORG-HUM-01,Mackenzie,Morgan,synthetic.dnr-04283@demo-causefleet.org,555-0172,7533 Larson Square,Danashire,AS,41802,Individual,Under 100,,False,2021-11-21,True
DNR-04284,ORG-HUM-01,Destiny,Valdez,synthetic.dnr-04284@demo-causefleet.org,555-0129,43350 Johnston Pine,Michellebury,IL,96358,Individual,Under 100,,False,2025-09-24,True
DNR-04285,ORG-HUM-01,Andrew,Nguyen,synthetic.dnr-04285@demo-causefleet.org,555-0116,1278 Maria Lock Suite 448,Veronicachester,AS,63781,Individual,Under 100,,False,2023-08-29,True
DNR-04286,ORG-HUM-01,Hannah,Bennett,synthetic.dnr-04286@demo-causefleet.org,555-0156,8551 Timothy Center,North Allisonborough,MT,07839,Individual,Under 100,,False,2024-11-05,True
DNR-04287,ORG-HUM-01,Stephanie,Perez,synthetic.dnr-04287@demo-causefleet.org,555-0110,55456 Garcia Groves Apt. 423,Jonesport,MD,03313,Individual,Under 100,,False,2023-02-16,True
DNR-04288,ORG-HUM-01,David,Little,synthetic.dnr-04288@demo-causefleet.org,555-0164,58140 Cynthia Coves,New Angelton,TN,40180,Individual,Under 100,,False,2024-01-19,True
DNR-04289,ORG-HUM-01,Jessica,Barnett,synthetic.dnr-04289@demo-causefleet.org,555-0121,4580 Austin Street,Gravesmouth,MI,13746,Individual,100-999,,False,2024-07-26,True
DNR-04290,ORG-HUM-01,Kimberly,Ross,synthetic.dnr-04290@demo-causefleet.org,555-0147,455 Watson Plaza Apt. 476,Lake Jennifer,MD,70554,Individual,100-999,,False,2023-12-04,True
DNR-04291,ORG-HUM-01,Michael,Porter,synthetic.dnr-04291@demo-causefleet.org,555-0194,50116 Andrew Dam,Stoneshire,NE,62855,Individual,Under 100,,False,2025-02-16,True
DNR-04292,ORG-HUM-01,Troy,Figueroa,synthetic.dnr-04292@demo-causefleet.org,555-0190,29763 Griffin Key,Elizabethmouth,RI,39451,Individual,Under 100,,False,2023-05-27,True
DNR-04293,ORG-HUM-01,Dale,Cohen,synthetic.dnr-04293@demo-causefleet.org,555-0186,6711 Martin Knolls,West Harold,PA,30267,Individual,Under 100,,False,2024-07-20,True
DNR-04294,ORG-HUM-01,Angelica,Jackson,synthetic.dnr-04294@demo-causefleet.org,555-0171,793 Morgan Trail,Lake Shawn,DC,63181,Foundation,Under 100,,False,2025-08-18,True
DNR-04295,ORG-HUM-01,Corey,Miller,synthetic.dnr-04295@demo-causefleet.org,555-0135,620 Jones Ford Suite 778,Kevinton,NV,77225,Individual,Under 100,,False,2022-12-13,True
DNR-04296,ORG-HUM-01,Michael,Gilbert,synthetic.dnr-04296@demo-causefleet.org,555-0122,12364 Steele Rue Suite 069,Bryantberg,VA,01305,Individual,Under 100,,False,2022-07-17,True
DNR-04297,ORG-HUM-01,Katherine,Baker,synthetic.dnr-04297@demo-causefleet.org,555-0113,55037 Smith Street Suite 055,Francisview,PR,63470,Individual,Under 100,,False,2023-02-19,True
DNR-04298,ORG-HUM-01,Sean,Brown,synthetic.dnr-04298@demo-causefleet.org,555-0136,72873 Burns Village,Ryanberg,RI,54669,Individual,"1,000-$9,999",,False,2023-08-14,True
DNR-04299,ORG-HUM-01,Katherine,Montgomery,synthetic.dnr-04299@demo-causefleet.org,555-0131,547 Tyler Mill,Natashaville,NE,69465,Individual,Under 100,,False,2022-12-03,True
DNR-04300,ORG-HUM-01,Justin,Ramirez,synthetic.dnr-04300@demo-causefleet.org,555-0191,51600 Jonathan Ford Suite 835,North Brandonfort,AZ,95139,Individual,Under 100,,False,2023-03-31,True
DNR-04301,ORG-HUM-01,Ryan,Sanchez,synthetic.dnr-04301@demo-causefleet.org,555-0147,3007 Juan Lake Apt. 742,East Amandabury,ID,08254,Individual,Under 100,,False,2023-05-08,True
DNR-04302,ORG-HUM-01,Kenneth,Clarke,synthetic.dnr-04302@demo-causefleet.org,555-0120,80875 Shawn Hills,East Jessicatown,AK,21659,Foundation,"1,000-$9,999",,False,2024-01-21,True
DNR-04303,ORG-HUM-01,Rodney,Russo,synthetic.dnr-04303@demo-causefleet.org,555-0170,5861 Anderson Burgs Suite 248,Shawtown,MP,21581,Individual,100-999,,False,2025-08-14,True
DNR-04304,ORG-HUM-01,Douglas,Cantrell,synthetic.dnr-04304@demo-causefleet.org,555-0124,5220 Lopez Plain Suite 803,East Stephanieville,MI,61587,Individual,Under 100,,False,2024-09-01,True
DNR-04305,ORG-HUM-01,Peter,Liu,synthetic.dnr-04305@demo-causefleet.org,555-0149,546 Hernandez Ranch,Port Dianeport,ME,14432,Individual,100-999,,False,2024-10-12,True
DNR-04306,ORG-HUM-01,Grace,Wallace,synthetic.dnr-04306@demo-causefleet.org,555-0160,83514 Wright Highway,Rossside,KY,70858,Individual,Under 100,,False,2023-10-14,True
DNR-04307,ORG-HUM-01,Jill,Harrington,synthetic.dnr-04307@demo-causefleet.org,555-0170,7620 Cordova Views Apt. 486,Lewistown,PW,89539,Individual,100-999,,False,2024-06-04,True
DNR-04308,ORG-HUM-01,Jasmine,Woods,synthetic.dnr-04308@demo-causefleet.org,555-0172,4326 Le Corner,Mooreburgh,MN,48006,Individual,100-999,,False,2022-03-20,True
DNR-04309,ORG-HUM-01,Michael,Lamb,synthetic.dnr-04309@demo-causefleet.org,555-0194,18299 Cheryl Branch Apt. 026,Port Susan,TX,05676,Individual,Under 100,,False,2021-12-07,True
DNR-04310,ORG-HUM-01,Sandra,Garcia,synthetic.dnr-04310@demo-causefleet.org,555-0143,3948 Kevin Wall,New Benjamin,TX,00614,Individual,100-999,,False,2021-06-21,True
DNR-04311,ORG-HUM-01,Thomas,Pitts,synthetic.dnr-04311@demo-causefleet.org,555-0121,729 Williams Green,Brianstad,ND,83041,Individual,Under 100,,False,2023-05-18,True
DNR-04312,ORG-HUM-01,Gary,Williams,synthetic.dnr-04312@demo-causefleet.org,555-0192,6943 Roberts Drive Suite 779,North Kyle,SD,17681,Foundation,Under 100,,False,2023-08-07,True
DNR-04313,ORG-HUM-01,Manuel,Romero,synthetic.dnr-04313@demo-causefleet.org,555-0179,21301 Ana Lights,East Ray,HI,32864,Individual,Under 100,,False,2021-11-13,True
DNR-04314,ORG-HUM-01,Craig,Harper,synthetic.dnr-04314@demo-causefleet.org,555-0159,61475 Taylor Mission Apt. 355,North Sara,PR,84492,Individual,100-999,,False,2022-11-26,True
DNR-04315,ORG-HUM-01,Jonathan,Russo,synthetic.dnr-04315@demo-causefleet.org,555-0133,048 Matthew Flats Suite 716,North Michelefort,NH,11784,Corporation,Under 100,,False,2024-07-07,True
DNR-04316,ORG-HUM-01,Amy,Reynolds,synthetic.dnr-04316@demo-causefleet.org,555-0157,4065 Brett Flat Suite 641,Kathrynfort,NH,14915,Individual,Under 100,,False,2021-08-31,True
DNR-04317,ORG-HUM-01,Melissa,Miller,synthetic.dnr-04317@demo-causefleet.org,555-0158,4351 Scott Parkways,Lake Jose,PW,77978,Individual,100-999,,False,2025-01-20,True
DNR-04318,ORG-HUM-01,Isabella,Berry,synthetic.dnr-04318@demo-causefleet.org,555-0157,108 Scott Plains,Pamelahaven,WI,42902,Individual,Under 100,,False,2024-02-22,True
DNR-04319,ORG-HUM-01,Susan,George,synthetic.dnr-04319@demo-causefleet.org,555-0133,921 Hamilton Village,Yatesbury,ND,31412,Individual,Under 100,,False,2024-01-21,True
DNR-04320,ORG-HUM-01,Tammy,Fox,synthetic.dnr-04320@demo-causefleet.org,555-0167,4616 Martin Rue,North Amandatown,MA,02192,Individual,Under 100,,False,2022-07-20,True
DNR-04321,ORG-HUM-01,Tina,Stephenson,synthetic.dnr-04321@demo-causefleet.org,555-0115,786 Stephanie Court,Andrewmouth,NE,59732,Individual,Under 100,,False,2022-06-11,True
DNR-04322,ORG-HUM-01,Kevin,Douglas,synthetic.dnr-04322@demo-causefleet.org,555-0143,82637 Chambers Turnpike,Nicholasberg,TN,46037,Foundation,Under 100,,False,2021-07-03,True
DNR-04323,ORG-HUM-01,Seth,Ellis,synthetic.dnr-04323@demo-causefleet.org,555-0166,98938 Julia Island,North Charles,NY,33890,Individual,Under 100,,False,2021-08-08,True
DNR-04324,ORG-HUM-01,Bryan,Jones,synthetic.dnr-04324@demo-causefleet.org,555-0169,7511 Jones Hill,Port Jamesburgh,ND,60302,Individual,"10,000-99,999",,False,2023-11-12,True
DNR-04325,ORG-HUM-01,Crystal,Ramos,synthetic.dnr-04325@demo-causefleet.org,555-0143,101 Cruz Alley,South Cheryl,TX,17906,Individual,100-999,,False,2022-10-19,True
DNR-04326,ORG-HUM-01,Charles,Hill,synthetic.dnr-04326@demo-causefleet.org,555-0138,9103 Kenneth Crossing Apt. 033,Danielleborough,WI,75751,Foundation,Under 100,,False,2025-09-26,True
DNR-04327,ORG-HUM-01,Cynthia,Collins,synthetic.dnr-04327@demo-causefleet.org,555-0144,16598 Christopher Street,Parsonsshire,WV,12283,Individual,Under 100,,False,2022-03-27,True
DNR-04328,ORG-HUM-01,Paul,Leonard,synthetic.dnr-04328@demo-causefleet.org,555-0182,79280 Oneal River Suite 824,South Lisaburgh,RI,65085,Corporation,Under 100,,False,2025-06-25,True
DNR-04329,ORG-HUM-01,Carlos,Becker,synthetic.dnr-04329@demo-causefleet.org,555-0117,0843 Ortega Course,East Codyside,VI,96377,Individual,100-999,,False,2021-11-12,True
DNR-04330,ORG-HUM-01,Alicia,Bowers,synthetic.dnr-04330@demo-causefleet.org,555-0129,5470 Morse Haven,East Gregory,FL,42534,Individual,Under 100,,False,2022-03-17,True
DNR-04331,ORG-HUM-01,Michael,Shepherd,synthetic.dnr-04331@demo-causefleet.org,555-0199,24439 Glenn Mountain Apt. 050,Jessicaton,WA,71358,Individual,Under 100,,False,2023-12-20,True
DNR-04332,ORG-HUM-01,Christopher,Burton,synthetic.dnr-04332@demo-causefleet.org,555-0195,33693 Garcia Cape Suite 385,West Lisaborough,LA,82876,Individual,100-999,,False,2024-05-24,True
DNR-04333,ORG-HUM-01,Roger,Small,synthetic.dnr-04333@demo-causefleet.org,555-0122,54094 Davis Harbor Suite 563,Peterston,DE,68697,Individual,Under 100,,False,2022-05-03,True
DNR-04334,ORG-HUM-01,Colton,Nguyen,synthetic.dnr-04334@demo-causefleet.org,555-0120,06340 Marsh Court,Lake Sara,OK,22045,Individual,Under 100,,False,2023-07-07,True
DNR-04335,ORG-HUM-01,Eduardo,Browning,synthetic.dnr-04335@demo-causefleet.org,555-0195,1815 Watkins Mills,Dunlapberg,ID,61758,Individual,100-999,,False,2023-01-18,True
DNR-04336,ORG-HUM-01,Warren,Johnson,synthetic.dnr-04336@demo-causefleet.org,555-0154,475 Moore Throughway,Port Johnborough,UT,91593,Individual,100-999,,False,2023-09-18,True
DNR-04337,ORG-HUM-01,Nichole,Garcia,synthetic.dnr-04337@demo-causefleet.org,555-0179,90011 Lindsay Ridges,West Daniel,MI,90379,Individual,Under 100,,False,2022-10-09,True
DNR-04338,ORG-HUM-01,Rhonda,Hernandez,synthetic.dnr-04338@demo-causefleet.org,555-0162,15110 Jaclyn Plains,Sarafurt,MT,49341,Foundation,100-999,,False,2023-08-11,True
DNR-04339,ORG-HUM-01,Janet,Perez,synthetic.dnr-04339@demo-causefleet.org,555-0185,40081 Leonard Curve Suite 068,Port Christopher,WA,40731,Individual,Under 100,,False,2024-01-08,True
DNR-04340,ORG-HUM-01,Jennifer,House,synthetic.dnr-04340@demo-causefleet.org,555-0139,522 Lawson River Suite 989,Rossbury,OK,16341,Individual,100-999,,False,2022-07-20,True
DNR-04341,ORG-HUM-01,Brandon,Foster,synthetic.dnr-04341@demo-causefleet.org,555-0180,65870 Michael River Suite 063,Kennethchester,NV,69413,Individual,Under 100,,False,2023-01-20,True
DNR-04342,ORG-HUM-01,Martin,Johnson,synthetic.dnr-04342@demo-causefleet.org,555-0117,6759 Angela Road Suite 324,East Lucas,ND,86446,Individual,100-999,,False,2025-09-08,True
DNR-04343,ORG-HUM-01,Christopher,Wilson,synthetic.dnr-04343@demo-causefleet.org,555-0159,8162 Mcgee Road Suite 205,Wadetown,MA,91463,Individual,"1,000-$9,999",,False,2025-08-29,True
DNR-04344,ORG-HUM-01,Ashley,Rojas,synthetic.dnr-04344@demo-causefleet.org,555-0176,197 Morales Lock,Lake Alyssa,MN,54094,Individual,"1,000-$9,999",,False,2023-11-29,True
DNR-04345,ORG-HUM-01,Eric,Fox,synthetic.dnr-04345@demo-causefleet.org,555-0163,97681 William Way Apt. 020,Baldwinton,HI,70314,Individual,"1,000-$9,999",,False,2024-01-05,True
DNR-04346,ORG-HUM-01,Jesse,Barnes,synthetic.dnr-04346@demo-causefleet.org,555-0178,31908 Bryant Walks,West Alexandria,VI,18956,Individual,Under 100,,False,2023-12-21,True
DNR-04347,ORG-HUM-01,William,Davidson,synthetic.dnr-04347@demo-causefleet.org,555-0197,07748 Williams Knoll Suite 378,North Mariefurt,OR,07461,Individual,Under 100,,False,2022-03-19,True
DNR-04348,ORG-HUM-01,Samuel,Bond,synthetic.dnr-04348@demo-causefleet.org,555-0170,85577 Adams Glens,New Michaelburgh,NC,55155,Individual,Under 100,,False,2024-05-19,True
DNR-04349,ORG-HUM-01,Carolyn,Martinez,synthetic.dnr-04349@demo-causefleet.org,555-0183,0657 Hicks Trafficway,Ruizhaven,HI,40790,Individual,100-999,,False,2021-10-15,True
DNR-04350,ORG-HUM-01,Wendy,Gross,synthetic.dnr-04350@demo-causefleet.org,555-0140,680 Jackson Plain Suite 892,Lindahaven,MO,58167,Individual,"1,000-$9,999",,False,2021-11-13,True
DNR-04351,ORG-HUM-01,Heather,Martinez,synthetic.dnr-04351@demo-causefleet.org,555-0170,1571 Graham Lodge Suite 728,West Todd,WY,46118,Individual,Under 100,,False,2024-05-30,True
DNR-04352,ORG-HUM-01,Matthew,Jones,synthetic.dnr-04352@demo-causefleet.org,555-0148,9983 Joseph Centers Suite 321,North Monica,MN,90482,Individual,"1,000-$9,999",,False,2022-11-08,True
DNR-04353,ORG-HUM-01,Mark,Dixon,synthetic.dnr-04353@demo-causefleet.org,555-0120,4833 Ronald Coves Apt. 742,Sierrahaven,PR,86892,Individual,100-999,,False,2022-06-29,True
DNR-04354,ORG-HUM-01,Steven,Murphy,synthetic.dnr-04354@demo-causefleet.org,555-0160,7175 Kevin Via Apt. 975,Rodriguezbury,SD,74379,Foundation,"10,000-99,999",,False,2023-04-06,True
DNR-04355,ORG-HUM-01,Sara,Green,synthetic.dnr-04355@demo-causefleet.org,555-0114,04418 Chen Branch Suite 030,Hardinghaven,ME,31758,Individual,"1,000-$9,999",,False,2022-05-31,True
DNR-04356,ORG-HUM-01,Jesse,Hill,synthetic.dnr-04356@demo-causefleet.org,555-0174,56588 Guzman Valleys Apt. 404,Jacobsbury,ND,93610,Individual,Under 100,,False,2024-09-09,True
DNR-04357,ORG-HUM-01,James,Carney,synthetic.dnr-04357@demo-causefleet.org,555-0183,8703 Lori Track,West Carlhaven,FL,51300,Individual,Under 100,,False,2022-07-24,True
DNR-04358,ORG-HUM-01,Ryan,Williams,synthetic.dnr-04358@demo-causefleet.org,555-0176,217 Hurst Groves Suite 705,Salinasburgh,AL,45606,Individual,Under 100,,False,2024-02-25,True
DNR-04359,ORG-HUM-01,Bruce,Johnson,synthetic.dnr-04359@demo-causefleet.org,555-0183,18260 Lopez Crest,New Carriefurt,MP,70769,Individual,Under 100,,False,2021-07-23,True
DNR-04360,ORG-HUM-01,Nicole,Brady,synthetic.dnr-04360@demo-causefleet.org,555-0196,042 Edward Lodge,Walkerview,MI,53049,Individual,Under 100,,False,2023-11-01,True
DNR-04361,ORG-HUM-01,Austin,Garrett,synthetic.dnr-04361@demo-causefleet.org,555-0189,794 Dawn Vista,East Alexis,CA,30348,Individual,100-999,,False,2022-10-02,True
DNR-04362,ORG-HUM-01,Mary,Logan,synthetic.dnr-04362@demo-causefleet.org,555-0128,6435 Edwin Manor,Lake Williamborough,UT,62072,Individual,"1,000-$9,999",,False,2024-02-15,True
DNR-04363,ORG-HUM-01,Kristen,Gibson,synthetic.dnr-04363@demo-causefleet.org,555-0125,4166 Dave Squares Suite 984,Timothyland,NE,84458,Individual,100-999,,False,2021-08-03,True
DNR-04364,ORG-HUM-01,Ashley,Walker,synthetic.dnr-04364@demo-causefleet.org,555-0167,5682 Nichols Trafficway,Port Jonathanville,MN,43545,Individual,Under 100,,False,2024-09-05,True
DNR-04365,ORG-HUM-01,Samantha,Reid,synthetic.dnr-04365@demo-causefleet.org,555-0132,0040 Todd Field Apt. 759,North Danahaven,SC,55660,Individual,Under 100,,False,2024-04-08,True
DNR-04366,ORG-HUM-01,Jeremy,Gill,synthetic.dnr-04366@demo-causefleet.org,555-0131,557 Christopher Burgs,South Christopherstad,GU,75642,Individual,Under 100,,False,2024-06-12,True
DNR-04367,ORG-HUM-01,Gary,Steele,synthetic.dnr-04367@demo-causefleet.org,555-0137,53709 Moore Village Suite 599,Deniseview,KY,00978,Individual,Under 100,,False,2022-09-14,True
DNR-04368,ORG-HUM-01,Alexander,Richards,synthetic.dnr-04368@demo-causefleet.org,555-0134,928 Lisa Rue Suite 496,North William,PA,91810,Individual,Under 100,,False,2023-10-18,True
DNR-04369,ORG-HUM-01,Yesenia,Taylor,synthetic.dnr-04369@demo-causefleet.org,555-0126,88338 Sanchez Viaduct Apt. 026,New Amy,MT,38225,Individual,Under 100,,False,2024-06-05,True
DNR-04370,ORG-HUM-01,Micheal,Scott,synthetic.dnr-04370@demo-causefleet.org,555-0115,75545 Amanda Wall Apt. 234,New Davidton,WI,66348,Individual,Under 100,,False,2023-12-25,True
DNR-04371,ORG-HUM-01,Ashley,Leach,synthetic.dnr-04371@demo-causefleet.org,555-0164,3826 Rice Points Apt. 759,Bennettton,NH,75884,Individual,Under 100,,False,2025-08-27,True
DNR-04372,ORG-HUM-01,Casey,Monroe,synthetic.dnr-04372@demo-causefleet.org,555-0120,314 Aguilar Estate,East Tiffany,NY,49879,Individual,100-999,,False,2023-10-26,True
DNR-04373,ORG-HUM-01,Jay,Howard,synthetic.dnr-04373@demo-causefleet.org,555-0197,36362 Curry Parkway Suite 981,Port Daniellestad,NM,47823,Individual,Under 100,,False,2024-08-19,True
DNR-04374,ORG-HUM-01,Stephen,Woodard,synthetic.dnr-04374@demo-causefleet.org,555-0165,805 Heather Hollow Suite 115,West Steven,CA,69598,Individual,Under 100,,False,2023-09-14,True
DNR-04375,ORG-HUM-01,Julie,Pacheco,synthetic.dnr-04375@demo-causefleet.org,555-0135,003 Rachel Gardens,Donnafort,MD,13341,Individual,Under 100,,False,2024-08-16,True
DNR-04376,ORG-HUM-01,Gerald,Long,synthetic.dnr-04376@demo-causefleet.org,555-0190,9487 Roger Throughway,Lake Emilyberg,PA,66721,Individual,"1,000-$9,999",,False,2023-06-05,True
DNR-04377,ORG-HUM-01,Dawn,Wood,synthetic.dnr-04377@demo-causefleet.org,555-0128,828 Kenneth Lodge Apt. 727,North Angelaville,IL,67886,Individual,Under 100,,False,2022-09-23,True
DNR-04378,ORG-HUM-01,Kimberly,Martinez,synthetic.dnr-04378@demo-causefleet.org,555-0186,283 Smith Rest Suite 688,Kimberlyside,NM,77290,Individual,Under 100,,False,2023-10-31,True
DNR-04379,ORG-HUM-01,John,Hayes,synthetic.dnr-04379@demo-causefleet.org,555-0143,20624 Steven Estates,Mitchellmouth,MP,67345,Individual,100-999,,False,2022-08-30,True
DNR-04380,ORG-HUM-01,Patrick,Lewis,synthetic.dnr-04380@demo-causefleet.org,555-0150,743 Taylor Center,Andreport,AR,76964,Individual,Under 100,,False,2024-05-10,True
DNR-04381,ORG-HUM-01,Michael,Hansen,synthetic.dnr-04381@demo-causefleet.org,555-0118,450 Melissa Mission,West Alexander,HI,85973,Individual,"1,000-$9,999",,False,2025-01-06,True
DNR-04382,ORG-HUM-01,Kimberly,Thompson,synthetic.dnr-04382@demo-causefleet.org,555-0121,1751 Charles Corners,Lake Gregory,TX,66989,Individual,Under 100,,False,2023-01-29,True
DNR-04383,ORG-HUM-01,Brian,Jones,synthetic.dnr-04383@demo-causefleet.org,555-0159,1399 Jared Forge,Guerraview,TX,84962,Individual,Under 100,,False,2023-05-16,True
DNR-04384,ORG-HUM-01,Cody,Villarreal,synthetic.dnr-04384@demo-causefleet.org,555-0181,76078 Patterson Mission,Robertsberg,WV,00958,Individual,Under 100,,False,2022-09-02,True
DNR-04385,ORG-HUM-01,Benjamin,Burns,synthetic.dnr-04385@demo-causefleet.org,555-0160,599 Jennifer Gateway,East Amyshire,NY,41958,Individual,Under 100,,False,2025-05-16,True
DNR-04386,ORG-HUM-01,William,Jordan,synthetic.dnr-04386@demo-causefleet.org,555-0180,4231 Diana Lane,West Kimberly,KY,67726,Individual,Under 100,,False,2021-12-03,True
DNR-04387,ORG-HUM-01,Patricia,Campbell,synthetic.dnr-04387@demo-causefleet.org,555-0151,746 Peterson Lake Suite 519,Jesseberg,MA,36783,Foundation,Under 100,,False,2025-08-14,True
DNR-04388,ORG-HUM-01,Cynthia,Wade,synthetic.dnr-04388@demo-causefleet.org,555-0145,115 Leon Greens Suite 504,Starkstad,IL,34040,Individual,Under 100,,False,2023-08-03,True
DNR-04389,ORG-HUM-01,Matthew,Pena,synthetic.dnr-04389@demo-causefleet.org,555-0176,803 Robert Extension,Hollandport,WI,74015,Individual,Under 100,,False,2025-01-26,True
DNR-04390,ORG-HUM-01,Marcus,Wheeler,synthetic.dnr-04390@demo-causefleet.org,555-0168,335 Barry Pike Suite 611,Lake Nicolemouth,MP,57242,Individual,Under 100,,False,2021-07-09,True
DNR-04391,ORG-HUM-01,Victoria,Martin,synthetic.dnr-04391@demo-causefleet.org,555-0111,5358 Andrea Vista Suite 791,Mooreview,NC,52958,Individual,100-999,,False,2025-08-19,True
DNR-04392,ORG-HUM-01,Franklin,Young,synthetic.dnr-04392@demo-causefleet.org,555-0199,1510 Patricia Lodge Suite 730,West Amytown,NC,12551,Individual,100-999,,False,2023-10-30,True
DNR-04393,ORG-HUM-01,Todd,Rivers,synthetic.dnr-04393@demo-causefleet.org,555-0189,460 Christopher Crossing Apt. 566,Lake David,WA,09037,Individual,Under 100,,False,2022-03-01,True
DNR-04394,ORG-HUM-01,Rebecca,Hicks,synthetic.dnr-04394@demo-causefleet.org,555-0185,7939 Martha Path Apt. 240,Port Justinfurt,MS,76861,Individual,Under 100,,False,2021-07-12,True
DNR-04395,ORG-HUM-01,Joshua,Baker,synthetic.dnr-04395@demo-causefleet.org,555-0176,9101 Flores Ports,Douglasville,NH,87472,Foundation,100-999,,False,2025-08-31,True
DNR-04396,ORG-HUM-01,Alan,Lopez,synthetic.dnr-04396@demo-causefleet.org,555-0163,38750 Charles Alley,Kleinville,NJ,30082,Individual,Under 100,,False,2022-04-18,True
DNR-04397,ORG-HUM-01,Michael,Gaines,synthetic.dnr-04397@demo-causefleet.org,555-0124,77721 Reyes Heights Apt. 162,Anneborough,KS,47625,Individual,Under 100,,False,2022-11-22,True
DNR-04398,ORG-HUM-01,Cheryl,Kennedy,synthetic.dnr-04398@demo-causefleet.org,555-0163,937 Manuel Keys,Rodriguezside,PA,74176,Individual,Under 100,,False,2022-08-01,True
DNR-04399,ORG-HUM-01,Tyler,Stewart,synthetic.dnr-04399@demo-causefleet.org,555-0129,8102 Johnson Springs,South Morgan,VT,53627,Individual,Under 100,,False,2022-04-15,True
DNR-04400,ORG-HUM-01,Jacqueline,Sanders,synthetic.dnr-04400@demo-causefleet.org,555-0128,2723 Cabrera Inlet,West Kevin,NJ,73311,Individual,"1,000-$9,999",,False,2022-12-10,True
DNR-04401,ORG-HUM-01,Brian,Flores,synthetic.dnr-04401@demo-causefleet.org,555-0182,074 Knight River Apt. 588,New Todd,OH,99530,Individual,100-999,,False,2025-07-23,True
DNR-04402,ORG-HUM-01,Carol,Fritz,synthetic.dnr-04402@demo-causefleet.org,555-0185,5914 Green Brook Apt. 231,West Cynthia,SD,96083,Individual,Under 100,,False,2022-07-26,True
DNR-04403,ORG-HUM-01,Daniel,Scott,synthetic.dnr-04403@demo-causefleet.org,555-0184,4258 Michael Rapid,Floresmouth,MH,89534,Individual,Under 100,,False,2023-11-14,True
DNR-04404,ORG-HUM-01,Linda,Acevedo,synthetic.dnr-04404@demo-causefleet.org,555-0122,204 Ryan Valley Apt. 942,Davidmouth,AK,38466,Individual,"1,000-$9,999",,False,2023-10-07,True
DNR-04405,ORG-HUM-01,Michelle,Smith,synthetic.dnr-04405@demo-causefleet.org,555-0123,7087 Krause Grove,New Yolandaside,IL,28758,Corporation,Under 100,,False,2023-09-10,True
DNR-04406,ORG-HUM-01,Brian,Nunez,synthetic.dnr-04406@demo-causefleet.org,555-0182,3385 Angela Rapid,Port Logan,AK,19143,Individual,"10,000-99,999",,False,2024-02-27,True
DNR-04407,ORG-HUM-01,Ricardo,Crawford,synthetic.dnr-04407@demo-causefleet.org,555-0122,257 Lauren Mission,Hallville,NJ,43595,Foundation,"1,000-$9,999",,False,2024-07-03,True
DNR-04408,ORG-HUM-01,Richard,Lynch,synthetic.dnr-04408@demo-causefleet.org,555-0146,903 Wilson Walks Suite 396,East Linda,NY,86344,Individual,Under 100,,False,2022-06-16,True
DNR-04409,ORG-HUM-01,Jared,Aguilar,synthetic.dnr-04409@demo-causefleet.org,555-0178,1783 Brett Fields Apt. 564,Christopherside,PA,53487,Individual,"1,000-$9,999",,False,2022-03-25,True
DNR-04410,ORG-HUM-01,Shelley,Washington,synthetic.dnr-04410@demo-causefleet.org,555-0154,287 Stein Plain Apt. 318,Lake Christine,WA,98750,Individual,Under 100,,False,2023-10-17,True
DNR-04411,ORG-HUM-01,Melinda,Nguyen,synthetic.dnr-04411@demo-causefleet.org,555-0162,20836 Melissa Lane Apt. 287,Thomasland,CA,02533,Individual,100-999,,False,2021-12-23,True
DNR-04412,ORG-HUM-01,Makayla,Brown,synthetic.dnr-04412@demo-causefleet.org,555-0143,161 Jaime Meadow Apt. 885,Hartmanton,CT,49335,Individual,Under 100,,False,2023-12-27,True
DNR-04413,ORG-HUM-01,Nicole,Branch,synthetic.dnr-04413@demo-causefleet.org,555-0159,1965 Dawn Shoal Apt. 026,Mendezton,WY,27253,Individual,Under 100,,False,2023-10-09,True
DNR-04414,ORG-HUM-01,Emma,Cortez,synthetic.dnr-04414@demo-causefleet.org,555-0193,966 Thompson Brooks,East Stephenport,CA,21328,Individual,100-999,,False,2022-01-06,True
DNR-04415,ORG-HUM-01,Jason,Willis,synthetic.dnr-04415@demo-causefleet.org,555-0172,756 Lewis Junction,Lake Amandaberg,UT,01800,Individual,100-999,,False,2023-10-11,True
DNR-04416,ORG-HUM-01,Joshua,Barrett,synthetic.dnr-04416@demo-causefleet.org,555-0183,19249 Melinda Harbors,West Corey,OH,28459,Individual,Under 100,,False,2025-01-24,True
DNR-04417,ORG-HUM-01,Javier,Barnes,synthetic.dnr-04417@demo-causefleet.org,555-0187,71901 Fletcher Fork,Judithberg,NH,23177,Individual,Under 100,,False,2024-03-11,True
DNR-04418,ORG-HUM-01,Glen,Black,synthetic.dnr-04418@demo-causefleet.org,555-0170,090 Michael Club Suite 489,Andersontown,MT,70807,Individual,Under 100,,False,2025-06-19,True
DNR-04419,ORG-HUM-01,Timothy,Ortiz,synthetic.dnr-04419@demo-causefleet.org,555-0114,89415 John Radial Apt. 029,North Victoriafurt,MN,14330,Individual,Under 100,,False,2025-07-07,True
DNR-04420,ORG-HUM-01,Steven,Vasquez,synthetic.dnr-04420@demo-causefleet.org,555-0132,43666 Kim Pine,Cynthiamouth,AS,85967,Individual,Under 100,,False,2022-12-27,True
DNR-04421,ORG-HUM-01,John,Smith,synthetic.dnr-04421@demo-causefleet.org,555-0145,015 Shane Lodge Suite 096,East Benjaminstad,FM,91497,Individual,Under 100,,False,2021-06-13,True
DNR-04422,ORG-HUM-01,Ricky,Wade,synthetic.dnr-04422@demo-causefleet.org,555-0161,963 Lisa Extensions,New Jordanmouth,UT,64072,Foundation,Under 100,,False,2023-08-03,True
DNR-04423,ORG-HUM-01,Joe,Schmitt,synthetic.dnr-04423@demo-causefleet.org,555-0128,99712 Robert Camp,Wilsonbury,GU,58811,Individual,Under 100,,False,2025-04-26,True
DNR-04424,ORG-HUM-01,Elizabeth,Owens,synthetic.dnr-04424@demo-causefleet.org,555-0189,1987 Sharon Row,New Stevenland,MT,50910,Individual,Under 100,,False,2024-07-07,True
DNR-04425,ORG-HUM-01,Tina,Rivers,synthetic.dnr-04425@demo-causefleet.org,555-0187,105 Reyes Track Apt. 427,Davidmouth,FM,98913,Individual,Under 100,,False,2024-04-02,True
DNR-04426,ORG-HUM-01,Kenneth,Schultz,synthetic.dnr-04426@demo-causefleet.org,555-0197,1375 Cain Point,Bryanville,KS,29549,Individual,Under 100,,False,2023-08-21,True
DNR-04427,ORG-HUM-01,Sarah,Andrews,synthetic.dnr-04427@demo-causefleet.org,555-0198,1759 Nicole Passage,Norristown,AR,20888,Individual,"1,000-$9,999",,False,2023-03-16,True
DNR-04428,ORG-HUM-01,Sara,Peters,synthetic.dnr-04428@demo-causefleet.org,555-0161,160 Karen Gateway,West Kelly,PR,15499,Individual,Under 100,,False,2023-01-05,True
DNR-04429,ORG-HUM-01,George,Johnson,synthetic.dnr-04429@demo-causefleet.org,555-0114,216 Crystal Ports,East Samantha,VI,80649,Individual,"1,000-$9,999",,False,2025-07-27,True
DNR-04430,ORG-HUM-01,Stephen,Figueroa,synthetic.dnr-04430@demo-causefleet.org,555-0160,63329 Robin Forges Apt. 023,New Heather,GA,16220,Individual,100-999,,False,2025-06-17,True
DNR-04431,ORG-HUM-01,Alan,Price,synthetic.dnr-04431@demo-causefleet.org,555-0152,41748 Williams Locks,Laurenshire,TX,67614,Individual,100-999,,False,2022-01-10,True
DNR-04432,ORG-HUM-01,Eric,Chavez,synthetic.dnr-04432@demo-causefleet.org,555-0198,029 Michelle Extensions Suite 699,Port Kristinaview,MH,41828,Individual,100-999,,False,2023-08-07,True
DNR-04433,ORG-HUM-01,Tara,Lopez,synthetic.dnr-04433@demo-causefleet.org,555-0140,9278 Lori River,Martinmouth,IL,76089,Individual,100-999,,False,2021-08-14,True
DNR-04434,ORG-HUM-01,Helen,Burns,synthetic.dnr-04434@demo-causefleet.org,555-0116,74012 Daniels Terrace Apt. 856,Jamestown,MT,43986,Foundation,Under 100,,False,2023-09-11,True
DNR-04435,ORG-HUM-01,Tamara,Perez,synthetic.dnr-04435@demo-causefleet.org,555-0170,8382 Franklin Loaf,Teresaport,MA,59645,Individual,Under 100,,False,2025-07-24,True
DNR-04436,ORG-HUM-01,Emily,Harmon,synthetic.dnr-04436@demo-causefleet.org,555-0144,32366 Robert Village Suite 230,New Elizabethborough,TX,98512,Individual,100-999,,False,2022-06-12,True
DNR-04437,ORG-HUM-01,Janet,Green,synthetic.dnr-04437@demo-causefleet.org,555-0157,2045 Joshua Shoal Apt. 526,Harrishaven,RI,02117,Individual,Under 100,,False,2022-04-01,True
DNR-04438,ORG-HUM-01,Katrina,Ramsey,synthetic.dnr-04438@demo-causefleet.org,555-0112,87639 Roberts Canyon,Port Tonyaburgh,GU,18530,Individual,100-999,,False,2024-03-18,True
DNR-04439,ORG-HUM-01,Eric,Fletcher,synthetic.dnr-04439@demo-causefleet.org,555-0153,8869 Garcia Neck Apt. 570,South James,AK,89625,Corporation,Under 100,,False,2021-06-14,True
DNR-04440,ORG-HUM-01,April,White,synthetic.dnr-04440@demo-causefleet.org,555-0148,00390 Daniel Points,North Ashleyburgh,GU,73782,Individual,100-999,,False,2025-09-14,True
DNR-04441,ORG-HUM-01,Daniel,Benjamin,synthetic.dnr-04441@demo-causefleet.org,555-0149,88781 Wilson Highway,South Williamburgh,NE,48603,Individual,Under 100,,False,2025-04-03,True
DNR-04442,ORG-HUM-01,Brian,Miller,synthetic.dnr-04442@demo-causefleet.org,555-0145,42955 Hendricks Pass Suite 097,West Elizabethburgh,HI,93542,Individual,Under 100,,False,2022-08-26,True
DNR-04443,ORG-HUM-01,Brett,Dunn,synthetic.dnr-04443@demo-causefleet.org,555-0172,83715 Murphy Glens,Lewisview,PR,20232,Individual,Under 100,,False,2024-08-22,True
DNR-04444,ORG-HUM-01,Sandra,Myers,synthetic.dnr-04444@demo-causefleet.org,555-0199,7294 Moore Burg,North Danielport,IN,13337,Individual,100-999,,False,2025-09-27,True
DNR-04445,ORG-HUM-01,Sylvia,Hamilton,synthetic.dnr-04445@demo-causefleet.org,555-0197,706 Banks Glens,North Ethan,CT,81241,Individual,"1,000-$9,999",,False,2025-07-20,True
DNR-04446,ORG-HUM-01,Michael,Gordon,synthetic.dnr-04446@demo-causefleet.org,555-0122,4233 Porter Club,Davidside,WV,16624,Corporation,Under 100,,False,2022-05-07,True
DNR-04447,ORG-HUM-01,Sharon,Wright,synthetic.dnr-04447@demo-causefleet.org,555-0139,881 Miller Harbors,Grossbury,OK,96882,Individual,100-999,,False,2024-08-31,True
DNR-04448,ORG-HUM-01,Albert,Walker,synthetic.dnr-04448@demo-causefleet.org,555-0127,557 Andrea Orchard,Pierceville,NC,99687,Individual,Under 100,,False,2025-03-22,True
DNR-04449,ORG-HUM-01,David,Peters,synthetic.dnr-04449@demo-causefleet.org,555-0148,36243 Alvarado Ports Apt. 739,Annetteberg,OR,47749,Individual,Under 100,,False,2021-11-09,True
DNR-04450,ORG-HUM-01,Joseph,Bradshaw,synthetic.dnr-04450@demo-causefleet.org,555-0166,5463 Christopher Falls,Smithfurt,WI,97953,Individual,Under 100,,False,2025-03-20,True
DNR-04451,ORG-HUM-01,Don,Spencer,synthetic.dnr-04451@demo-causefleet.org,555-0151,08447 Sheppard Route Suite 798,Cohenburgh,NC,54709,Individual,Under 100,,False,2025-03-12,True
DNR-04452,ORG-HUM-01,Kelly,Hall,synthetic.dnr-04452@demo-causefleet.org,555-0144,58804 Holt Knolls Apt. 558,Port Johnville,WY,43408,Individual,Under 100,,False,2023-07-29,True
DNR-04453,ORG-HUM-01,Julie,Lang,synthetic.dnr-04453@demo-causefleet.org,555-0163,313 Boone Cliff,Jennifermouth,TN,63895,Individual,Under 100,,False,2022-05-16,True
DNR-04454,ORG-HUM-01,Charles,Adams,synthetic.dnr-04454@demo-causefleet.org,555-0187,262 Rebecca Mission,North Kenneth,NV,24217,Individual,100-999,,False,2025-08-25,True
DNR-04455,ORG-HUM-01,Michael,Lopez,synthetic.dnr-04455@demo-causefleet.org,555-0192,601 Maddox Square Apt. 160,Port Andrewport,TN,44648,Individual,100-999,,False,2023-04-08,True
DNR-04456,ORG-HUM-01,Michael,Fowler,synthetic.dnr-04456@demo-causefleet.org,555-0121,50855 Christopher Wall Apt. 306,West Kennethland,AR,42346,Individual,Under 100,,False,2025-05-05,True
DNR-04457,ORG-HUM-01,Steven,Davila,synthetic.dnr-04457@demo-causefleet.org,555-0134,713 Christopher Track,Daniellemouth,CA,06353,Individual,Under 100,,False,2023-06-03,True
DNR-04458,ORG-HUM-01,Robert,Cruz,synthetic.dnr-04458@demo-causefleet.org,555-0166,63287 Kathleen Prairie Suite 560,Armstrongmouth,MD,85651,Individual,Under 100,,False,2021-09-05,True
DNR-04459,ORG-HUM-01,Brittany,Shepherd,synthetic.dnr-04459@demo-causefleet.org,555-0137,42750 Cristian Unions Apt. 536,Joshuabury,WV,09156,Individual,Under 100,,False,2025-09-17,True
DNR-04460,ORG-HUM-01,Jeffrey,Odom,synthetic.dnr-04460@demo-causefleet.org,555-0162,04520 James Alley,Hunthaven,TX,72317,Individual,Under 100,,False,2023-01-25,True
DNR-04461,ORG-HUM-01,Melissa,Jones,synthetic.dnr-04461@demo-causefleet.org,555-0172,638 Simpson Plains Suite 441,North Monica,WY,09257,Individual,Under 100,,False,2024-07-30,True
DNR-04462,ORG-HUM-01,Brett,Hernandez,synthetic.dnr-04462@demo-causefleet.org,555-0176,178 Martinez Track,Grossborough,FL,02398,Individual,"1,000-$9,999",,False,2023-07-05,True
DNR-04463,ORG-HUM-01,Jennifer,Lewis,synthetic.dnr-04463@demo-causefleet.org,555-0157,91542 Franklin Squares,New John,OR,92023,Corporation,100-999,,False,2021-06-12,True
DNR-04464,ORG-HUM-01,Daniel,Wilson,synthetic.dnr-04464@demo-causefleet.org,555-0117,701 Gabrielle Spring Suite 236,Lake Douglaschester,NM,31340,Individual,Under 100,,False,2023-10-31,True
DNR-04465,ORG-HUM-01,Harold,Jackson,synthetic.dnr-04465@demo-causefleet.org,555-0175,1232 Natasha Rapid,Mariaport,AL,81882,Individual,Under 100,,False,2025-09-06,True
DNR-04466,ORG-HUM-01,Jermaine,Bennett,synthetic.dnr-04466@demo-causefleet.org,555-0130,148 Jason Lock Suite 569,North Jessica,VA,83582,Individual,Under 100,,False,2022-04-05,True
DNR-04467,ORG-HUM-01,John,Craig,synthetic.dnr-04467@demo-causefleet.org,555-0118,567 Dyer Fort Suite 282,East Tammy,PR,35910,Individual,100-999,,False,2024-01-19,True
DNR-04468,ORG-HUM-01,Andrew,King,synthetic.dnr-04468@demo-causefleet.org,555-0149,2720 Miller Viaduct,New Tonya,LA,13330,Individual,Under 100,,False,2022-06-08,True
DNR-04469,ORG-HUM-01,Monique,Sherman,synthetic.dnr-04469@demo-causefleet.org,555-0174,112 Thomas Vista,Mayfurt,GU,23220,Foundation,Under 100,,False,2022-09-04,True
DNR-04470,ORG-HUM-01,Katie,Reid,synthetic.dnr-04470@demo-causefleet.org,555-0161,51377 Thomas Skyway Apt. 555,Port Williamhaven,IL,14597,Individual,100-999,,False,2025-04-13,True
DNR-04471,ORG-HUM-01,Melissa,Collins,synthetic.dnr-04471@demo-causefleet.org,555-0127,07498 Brandon Vista Suite 681,South William,NC,93657,Foundation,Under 100,,False,2021-06-24,True
DNR-04472,ORG-HUM-01,Tonya,Orozco,synthetic.dnr-04472@demo-causefleet.org,555-0177,226 Davis Wells,Port Mandyburgh,PA,99719,Corporation,Under 100,,False,2024-02-04,True
DNR-04473,ORG-HUM-01,Douglas,Wood,synthetic.dnr-04473@demo-causefleet.org,555-0182,06571 Anita Knoll,East Tina,FM,38332,Individual,Under 100,,False,2022-09-25,True
DNR-04474,ORG-HUM-01,Debra,Ayala,synthetic.dnr-04474@demo-causefleet.org,555-0113,36049 Simpson Stravenue,North Joshua,MA,34911,Individual,Under 100,,False,2023-08-10,True
DNR-04475,ORG-HUM-01,Lori,Herrera,synthetic.dnr-04475@demo-causefleet.org,555-0132,89804 Ellis Lock Apt. 296,West Michelle,UT,39443,Individual,Under 100,,False,2024-08-14,True
DNR-04476,ORG-HUM-01,Savannah,Good,synthetic.dnr-04476@demo-causefleet.org,555-0134,217 Li Route Suite 905,North Jose,WY,29632,Individual,Under 100,,False,2024-09-18,True
DNR-04477,ORG-HUM-01,Christopher,Oneal,synthetic.dnr-04477@demo-causefleet.org,555-0135,0639 Oliver Causeway Suite 009,Cantuton,NH,32541,Individual,Under 100,,False,2024-10-01,True
DNR-04478,ORG-HUM-01,Stacy,Robinson,synthetic.dnr-04478@demo-causefleet.org,555-0117,90933 Abigail Square,Lake Brandi,TX,42827,Individual,Under 100,,False,2022-06-15,True
DNR-04479,ORG-HUM-01,Michelle,Vazquez,synthetic.dnr-04479@demo-causefleet.org,555-0141,6639 Erica Ports,North Brandihaven,UT,00577,Individual,100-999,,False,2023-11-28,True
DNR-04480,ORG-HUM-01,Jimmy,Martin,synthetic.dnr-04480@demo-causefleet.org,555-0114,951 Day Circles,Holtview,MH,69392,Individual,Under 100,,False,2025-04-07,True
DNR-04481,ORG-HUM-01,Shannon,Keith,synthetic.dnr-04481@demo-causefleet.org,555-0168,754 Schroeder Brook Suite 568,Dunnport,WI,64730,Individual,Under 100,,False,2023-02-12,True
DNR-04482,ORG-HUM-01,Heidi,Pruitt,synthetic.dnr-04482@demo-causefleet.org,555-0116,013 Johnston Spring,Randolphshire,FM,12352,Individual,100-999,,False,2023-07-26,True
DNR-04483,ORG-HUM-01,Jacob,Wilson,synthetic.dnr-04483@demo-causefleet.org,555-0156,59466 Rodriguez Via Suite 797,New Beverly,MO,78609,Individual,100-999,,False,2022-07-01,True
DNR-04484,ORG-HUM-01,Christopher,Estrada,synthetic.dnr-04484@demo-causefleet.org,555-0135,95400 Francis Isle Apt. 042,West Jenniferbury,GU,11697,Individual,100-999,,False,2022-07-28,True
DNR-04485,ORG-HUM-01,Robert,Ortiz,synthetic.dnr-04485@demo-causefleet.org,555-0145,999 Johnson Locks,Bradyshire,ND,12318,Individual,Under 100,,False,2024-05-25,True
DNR-04486,ORG-HUM-01,Tony,Rivas,synthetic.dnr-04486@demo-causefleet.org,555-0157,26210 Jeffrey Walks,Williamview,NJ,17478,Individual,Under 100,,False,2023-04-17,True
DNR-04487,ORG-HUM-01,Mary,Watson,synthetic.dnr-04487@demo-causefleet.org,555-0169,219 Ricky Divide Apt. 081,Thomasfurt,AK,63580,Individual,100-999,,False,2023-11-13,True
DNR-04488,ORG-HUM-01,David,Anderson,synthetic.dnr-04488@demo-causefleet.org,555-0174,4156 Megan Run,Port Thomasfort,TX,78470,Individual,100-999,,False,2023-04-12,True
DNR-04489,ORG-HUM-01,Cynthia,Carter,synthetic.dnr-04489@demo-causefleet.org,555-0160,018 Paul Falls Apt. 674,New Diamondstad,MT,96602,Individual,Under 100,,False,2023-11-18,True
DNR-04490,ORG-HUM-01,Laura,Parrish,synthetic.dnr-04490@demo-causefleet.org,555-0191,570 Kenneth Fields,Julieborough,KY,15903,Individual,"1,000-$9,999",,False,2021-08-01,True
DNR-04491,ORG-HUM-01,Brian,George,synthetic.dnr-04491@demo-causefleet.org,555-0125,7993 Acosta Trafficway Apt. 952,New Melanieport,MS,92066,Individual,Under 100,,False,2023-06-22,True
DNR-04492,ORG-HUM-01,Sharon,Vasquez,synthetic.dnr-04492@demo-causefleet.org,555-0197,1546 Connie Forge Suite 419,North Gregorytown,HI,76470,Individual,"10,000-99,999",,False,2025-05-27,True
DNR-04493,ORG-HUM-01,James,Johnston,synthetic.dnr-04493@demo-causefleet.org,555-0113,74801 Ward Mount,North Michael,MD,18402,Individual,100-999,,False,2021-09-13,True
DNR-04494,ORG-HUM-01,Nicole,Jacobs,synthetic.dnr-04494@demo-causefleet.org,555-0140,807 Irwin Shoal Apt. 967,New Joelborough,FM,68748,Individual,100-999,,False,2022-02-26,True
DNR-04495,ORG-HUM-01,Jeanne,Rose,synthetic.dnr-04495@demo-causefleet.org,555-0157,733 Vicki Orchard Apt. 723,Tanyaside,WA,71020,Individual,"1,000-$9,999",,False,2023-09-14,True
DNR-04496,ORG-HUM-01,Patricia,Davis,synthetic.dnr-04496@demo-causefleet.org,555-0172,928 Garcia Squares Apt. 023,Foleytown,KY,29475,Individual,100-999,,False,2021-11-15,True
DNR-04497,ORG-HUM-01,Kelly,Glover,synthetic.dnr-04497@demo-causefleet.org,555-0186,63888 Gregory Ridge Suite 105,Morrisside,AS,10678,Individual,Under 100,,False,2021-09-14,True
DNR-04498,ORG-HUM-01,Katherine,Smith,synthetic.dnr-04498@demo-causefleet.org,555-0167,6089 Jennifer Drives,West Tamaraville,KY,31649,Individual,Under 100,,False,2021-12-01,True
DNR-04499,ORG-HUM-01,Kenneth,Johnson,synthetic.dnr-04499@demo-causefleet.org,555-0132,4033 Salazar Manors,North Nicholemouth,AZ,43536,Individual,Under 100,,False,2023-10-22,True
DNR-04500,ORG-HUM-01,Alvin,Patterson,synthetic.dnr-04500@demo-causefleet.org,555-0170,771 Richards Loop,North Daniel,NM,55843,Individual,Under 100,,False,2022-10-10,True
DNR-04501,ORG-HUM-01,Brian,Chambers,synthetic.dnr-04501@demo-causefleet.org,555-0185,745 Terry Landing,Williamsonchester,OH,22178,Individual,100-999,,False,2022-03-07,True
DNR-04502,ORG-HUM-01,Sara,Brown,synthetic.dnr-04502@demo-causefleet.org,555-0180,280 Wilson Ridges Suite 883,East Jeffreyton,AK,28679,Individual,Under 100,,False,2023-02-18,True
DNR-04503,ORG-HUM-01,Phillip,Johnson,synthetic.dnr-04503@demo-causefleet.org,555-0154,0384 Strickland Common Apt. 689,Leeland,NH,32955,Individual,Under 100,,False,2023-05-04,True
DNR-04504,ORG-HUM-01,Mary,Dickerson,synthetic.dnr-04504@demo-causefleet.org,555-0154,10109 Schaefer Village,Kellyville,IA,04507,Individual,Under 100,,False,2023-04-14,True
DNR-04505,ORG-HUM-01,Alejandro,Porter,synthetic.dnr-04505@demo-causefleet.org,555-0130,163 Mason Corner,Port Matthewberg,WI,61124,Individual,100-999,,False,2021-11-20,True
DNR-04506,ORG-HUM-01,Stephanie,Lang,synthetic.dnr-04506@demo-causefleet.org,555-0143,772 Miller Rapids Suite 843,Rodriguezburgh,NM,25422,Individual,Under 100,,False,2024-09-24,True
DNR-04507,ORG-HUM-01,Anna,Lloyd,synthetic.dnr-04507@demo-causefleet.org,555-0198,3482 Alicia View,Port Kristinemouth,NV,50400,Individual,Under 100,,False,2025-04-29,True
DNR-04508,ORG-HUM-01,Gary,Melton,synthetic.dnr-04508@demo-causefleet.org,555-0121,39161 Zoe Junction Apt. 248,Sherrimouth,WY,99575,Individual,Under 100,,False,2025-07-21,True
DNR-04509,ORG-HUM-01,Valerie,Palmer,synthetic.dnr-04509@demo-causefleet.org,555-0146,088 Philip Village Apt. 572,North Laura,ME,12754,Individual,100-999,,False,2022-03-07,True
DNR-04510,ORG-HUM-01,Sarah,Doyle,synthetic.dnr-04510@demo-causefleet.org,555-0113,291 Samuel Locks,Jessefurt,RI,44307,Foundation,Under 100,,False,2022-06-14,True
DNR-04511,ORG-HUM-01,Dawn,Ho,synthetic.dnr-04511@demo-causefleet.org,555-0159,8411 Johnson Expressway,Port Melissaland,GA,19479,Individual,100-999,,False,2025-06-05,True
DNR-04512,ORG-HUM-01,Katelyn,Kelly,synthetic.dnr-04512@demo-causefleet.org,555-0116,2387 Robertson Heights Apt. 698,Lake Davidmouth,AZ,74236,Individual,Under 100,,False,2025-03-07,True
DNR-04513,ORG-HUM-01,Nathaniel,Knapp,synthetic.dnr-04513@demo-causefleet.org,555-0130,813 Horton Falls Apt. 415,Johnsonstad,DC,16553,Individual,Under 100,,False,2021-11-14,True
DNR-04514,ORG-HUM-01,Joseph,Lindsey,synthetic.dnr-04514@demo-causefleet.org,555-0183,899 Richard Creek Apt. 447,Caldwellville,UT,37995,Individual,"1,000-$9,999",,False,2021-09-05,True
DNR-04515,ORG-HUM-01,Joseph,Phillips,synthetic.dnr-04515@demo-causefleet.org,555-0137,13681 Chase Trafficway Suite 754,Garymouth,MN,99220,Individual,Under 100,,False,2023-11-23,True
DNR-04516,ORG-HUM-01,Stuart,Aguilar,synthetic.dnr-04516@demo-causefleet.org,555-0138,0552 Jones Alley Suite 154,Port Marieshire,GA,23118,Individual,Under 100,,False,2023-08-21,True
DNR-04517,ORG-HUM-01,Gina,Lee,synthetic.dnr-04517@demo-causefleet.org,555-0192,2972 Ball Hill Apt. 545,Shawnchester,IL,39919,Individual,Under 100,,False,2024-02-03,True
DNR-04518,ORG-HUM-01,Nicholas,Conway,synthetic.dnr-04518@demo-causefleet.org,555-0138,002 Gabriella Burgs Suite 296,Roweburgh,ND,52479,Foundation,Under 100,,False,2023-09-01,True
DNR-04519,ORG-HUM-01,Ashley,Taylor,synthetic.dnr-04519@demo-causefleet.org,555-0196,040 Anderson Port Suite 341,East Margarettown,CT,87405,Individual,Under 100,,False,2023-01-21,True
DNR-04520,ORG-HUM-01,Judy,Hogan,synthetic.dnr-04520@demo-causefleet.org,555-0136,63398 Robertson Ramp,Simmonshaven,MO,63756,Individual,Under 100,,False,2022-04-07,True
DNR-04521,ORG-HUM-01,Victoria,Moss,synthetic.dnr-04521@demo-causefleet.org,555-0144,3912 Paula Common,West Jamesfurt,AZ,42012,Individual,Under 100,,False,2022-04-15,True
DNR-04522,ORG-HUM-01,Brian,Blake,synthetic.dnr-04522@demo-causefleet.org,555-0193,444 Mullins Green Suite 211,South Scottton,MN,27864,Individual,Under 100,,False,2023-03-27,True
DNR-04523,ORG-HUM-01,Benjamin,Jackson,synthetic.dnr-04523@demo-causefleet.org,555-0162,1871 Jonathan Springs,Joshuachester,KS,99938,Foundation,100-999,,False,2024-02-28,True
DNR-04524,ORG-HUM-01,Linda,Perez,synthetic.dnr-04524@demo-causefleet.org,555-0175,84014 Rojas Ridges,Duncanmouth,SC,65214,Individual,100-999,,False,2025-08-28,True
DNR-04525,ORG-HUM-01,Jeffrey,Hunter,synthetic.dnr-04525@demo-causefleet.org,555-0112,1631 Rebecca Mills Suite 006,North Matthew,RI,86286,Individual,Under 100,,False,2025-07-23,True
DNR-04526,ORG-HUM-01,Rhonda,Finley,synthetic.dnr-04526@demo-causefleet.org,555-0197,674 Kim Via,Mendezside,VT,74934,Individual,Under 100,,False,2021-07-10,True
DNR-04527,ORG-HUM-01,Erica,Young,synthetic.dnr-04527@demo-causefleet.org,555-0111,93758 Kimberly Squares,Lake Coryberg,CO,60713,Individual,Under 100,,False,2021-08-27,True
DNR-04528,ORG-HUM-01,Brenda,Mitchell,synthetic.dnr-04528@demo-causefleet.org,555-0170,1813 Wilson Ferry Apt. 616,Port Jennifermouth,IL,54996,Foundation,Under 100,,False,2021-07-07,True
DNR-04529,ORG-HUM-01,Brian,Porter,synthetic.dnr-04529@demo-causefleet.org,555-0126,9670 Mark Pines Apt. 271,Olsonburgh,MO,71142,Individual,Under 100,,False,2025-09-25,True
DNR-04530,ORG-HUM-01,Jennifer,Humphrey,synthetic.dnr-04530@demo-causefleet.org,555-0192,105 Wayne Highway Apt. 686,North Yolanda,MI,49195,Individual,Under 100,,False,2024-04-01,True
DNR-04531,ORG-HUM-01,Logan,Ellis,synthetic.dnr-04531@demo-causefleet.org,555-0132,790 Mccullough Hills Apt. 166,North Rhondaborough,LA,03225,Individual,Under 100,,False,2021-12-18,True
DNR-04532,ORG-HUM-01,Tiffany,Stewart,synthetic.dnr-04532@demo-causefleet.org,555-0186,69969 Hudson Mission Suite 869,North Valerieside,HI,66455,Individual,Under 100,,False,2025-08-03,True
DNR-04533,ORG-HUM-01,David,Underwood,synthetic.dnr-04533@demo-causefleet.org,555-0111,1379 Nelson Canyon,Robinfort,AZ,28132,Individual,Under 100,,False,2024-11-27,True
DNR-04534,ORG-HUM-01,Kevin,Smith,synthetic.dnr-04534@demo-causefleet.org,555-0138,15577 Chad Forges,Lake Dominiquehaven,ME,80774,Individual,"1,000-$9,999",,False,2023-10-22,True
DNR-04535,ORG-HUM-01,William,Christensen,synthetic.dnr-04535@demo-causefleet.org,555-0142,0943 Angel Flat Apt. 223,Lake Michael,AR,32821,Individual,Under 100,,False,2025-05-24,True
DNR-04536,ORG-HUM-01,Christopher,Foley,synthetic.dnr-04536@demo-causefleet.org,555-0187,7278 David Creek Suite 573,Robinmouth,TN,38201,Individual,100-999,,False,2023-01-13,True
DNR-04537,ORG-HUM-01,Norman,Chambers,synthetic.dnr-04537@demo-causefleet.org,555-0149,76647 Dylan Fords Suite 683,Alisonport,OR,60237,Individual,100-999,,False,2025-09-01,True
DNR-04538,ORG-HUM-01,Gina,Copeland,synthetic.dnr-04538@demo-causefleet.org,555-0192,58326 Fields Lodge,South Stephaniebury,WA,08226,Individual,Under 100,,False,2022-11-22,True
DNR-04539,ORG-HUM-01,Mary,Lawson,synthetic.dnr-04539@demo-causefleet.org,555-0145,109 Hanson Parks,Lake Jill,IN,24051,Individual,Under 100,,False,2021-09-20,True
DNR-04540,ORG-HUM-01,Claudia,Graves,synthetic.dnr-04540@demo-causefleet.org,555-0164,5116 Heather Views,Reedmouth,SD,12802,Individual,Under 100,,False,2023-09-23,True
DNR-04541,ORG-HUM-01,Edward,Hubbard,synthetic.dnr-04541@demo-causefleet.org,555-0158,2936 Dixon Forks,Jenniferfurt,PR,06717,Individual,Under 100,,False,2022-05-10,True
DNR-04542,ORG-HUM-01,Tonya,Bowen,synthetic.dnr-04542@demo-causefleet.org,555-0154,825 Norman Springs Suite 913,Christopherhaven,MO,76104,Individual,Under 100,,False,2022-11-07,True
DNR-04543,ORG-HUM-01,Benjamin,Evans,synthetic.dnr-04543@demo-causefleet.org,555-0168,88299 Cynthia Place Apt. 766,West Jonathanhaven,WA,01558,Individual,100-999,,False,2022-08-26,True
DNR-04544,ORG-HUM-01,Stephanie,Simmons,synthetic.dnr-04544@demo-causefleet.org,555-0142,01365 Dylan Branch Apt. 635,Longville,IA,53568,Individual,Under 100,,False,2025-09-07,True
DNR-04545,ORG-HUM-01,Sean,Phelps,synthetic.dnr-04545@demo-causefleet.org,555-0137,856 Thompson Courts Apt. 289,Jaredmouth,GU,33450,Individual,Under 100,,False,2022-10-04,True
DNR-04546,ORG-HUM-01,Jose,Johnson,synthetic.dnr-04546@demo-causefleet.org,555-0169,67363 Mark Unions Apt. 531,Lake Josebury,AK,71562,Individual,100-999,,False,2024-12-17,True
DNR-04547,ORG-HUM-01,Luke,Davis,synthetic.dnr-04547@demo-causefleet.org,555-0148,59047 Carter Turnpike,Grahamland,NH,14803,Individual,100-999,,False,2021-07-15,True
DNR-04548,ORG-HUM-01,Michael,Morris,synthetic.dnr-04548@demo-causefleet.org,555-0196,9172 Kennedy Corner Apt. 719,South George,ME,11763,Individual,Under 100,,False,2025-07-19,True
DNR-04549,ORG-HUM-01,Amber,Tucker,synthetic.dnr-04549@demo-causefleet.org,555-0176,33065 Hanna River,Wiseland,IA,47138,Individual,100-999,,False,2024-01-14,True
DNR-04550,ORG-HUM-01,Jasmine,Smith,synthetic.dnr-04550@demo-causefleet.org,555-0189,79617 Tapia Burgs,North Lisaside,AZ,72728,Individual,Under 100,,False,2022-11-25,True
DNR-04551,ORG-HUM-01,Jessica,Castaneda,synthetic.dnr-04551@demo-causefleet.org,555-0160,2948 Jeffrey Square,North Annashire,NE,72683,Foundation,Under 100,,False,2022-11-28,True
DNR-04552,ORG-HUM-01,Kevin,Richardson,synthetic.dnr-04552@demo-causefleet.org,555-0184,640 Johnson Junctions Suite 432,North Williammouth,AL,75927,Individual,Under 100,,False,2022-06-25,True
DNR-04553,ORG-HUM-01,Victor,White,synthetic.dnr-04553@demo-causefleet.org,555-0123,63622 Michelle Estates Suite 053,Floresborough,CO,17447,Individual,Under 100,,False,2021-09-18,True
DNR-04554,ORG-HUM-01,Anita,Stone,synthetic.dnr-04554@demo-causefleet.org,555-0110,09418 Phillips Meadows Apt. 042,Matthewfort,SC,77200,Foundation,"1,000-$9,999",,False,2022-04-06,True
DNR-04555,ORG-HUM-01,Seth,Tate,synthetic.dnr-04555@demo-causefleet.org,555-0175,921 Dawn Bypass,Lake Brittany,VI,71634,Individual,Under 100,,False,2023-06-12,True
DNR-04556,ORG-HUM-01,Joshua,Rice,synthetic.dnr-04556@demo-causefleet.org,555-0194,729 Jesse Dale Apt. 651,Nicolechester,SC,60190,Individual,Under 100,,False,2021-07-28,True
DNR-04557,ORG-HUM-01,Jake,Bennett,synthetic.dnr-04557@demo-causefleet.org,555-0157,2778 Chandler Roads,Sydneyfort,IA,20389,Individual,Under 100,,False,2022-06-11,True
DNR-04558,ORG-HUM-01,Anthony,Alvarado,synthetic.dnr-04558@demo-causefleet.org,555-0181,0211 Mark Stravenue,Williamborough,MO,93882,Individual,Under 100,,False,2022-09-04,True
DNR-04559,ORG-HUM-01,Gary,Townsend,synthetic.dnr-04559@demo-causefleet.org,555-0192,24552 Henson Glens Suite 934,Jakeberg,GA,72696,Foundation,Under 100,,False,2023-09-04,True
DNR-04560,ORG-HUM-01,Marilyn,Clayton,synthetic.dnr-04560@demo-causefleet.org,555-0186,27322 Kevin Plaza,Alberttown,AL,36336,Corporation,Under 100,,False,2022-03-31,True
DNR-04561,ORG-HUM-01,Kevin,Hill,synthetic.dnr-04561@demo-causefleet.org,555-0187,79281 Hernandez Fall,Kerriborough,KS,61798,Individual,100-999,,False,2022-12-15,True
DNR-04562,ORG-HUM-01,Felicia,Baker,synthetic.dnr-04562@demo-causefleet.org,555-0146,3762 Matthew Land Suite 848,Lake Kristine,NM,46291,Individual,Under 100,,False,2023-05-11,True
DNR-04563,ORG-HUM-01,Michael,Larson,synthetic.dnr-04563@demo-causefleet.org,555-0148,9413 Aaron Union Suite 106,East Matthew,PA,85421,Individual,Under 100,,False,2023-12-01,True
DNR-04564,ORG-HUM-01,Anne,Hubbard,synthetic.dnr-04564@demo-causefleet.org,555-0197,446 Carpenter Vista,Khanfurt,TN,87538,Individual,Under 100,,False,2021-11-21,True
DNR-04565,ORG-HUM-01,Richard,Perry,synthetic.dnr-04565@demo-causefleet.org,555-0123,076 Joshua Street,Christopherbury,VA,08316,Individual,Under 100,,False,2025-08-06,True
DNR-04566,ORG-HUM-01,Daniel,Molina,synthetic.dnr-04566@demo-causefleet.org,555-0171,348 Summers Valley Suite 941,Haleyburgh,NE,42487,Foundation,Under 100,,False,2023-12-08,True
DNR-04567,ORG-HUM-01,Bonnie,Flores,synthetic.dnr-04567@demo-causefleet.org,555-0118,57549 Miller Passage Suite 449,West Elizabethburgh,FL,21069,Individual,100-999,,False,2024-05-05,True
DNR-04568,ORG-HUM-01,Mark,Yang,synthetic.dnr-04568@demo-causefleet.org,555-0153,897 Robertson Club Suite 550,West Caitlinhaven,NV,55816,Individual,"1,000-$9,999",,False,2024-07-31,True
DNR-04569,ORG-HUM-01,David,Watson,synthetic.dnr-04569@demo-causefleet.org,555-0145,004 Pineda Ports Apt. 802,Fuenteshaven,FL,21589,Individual,Under 100,,False,2024-01-15,True
DNR-04570,ORG-HUM-01,Alexis,Flynn,synthetic.dnr-04570@demo-causefleet.org,555-0191,2749 Spence Hill,Morrisburgh,NY,08848,Individual,Under 100,,False,2022-07-09,True
DNR-04571,ORG-HUM-01,Chris,Sullivan,synthetic.dnr-04571@demo-causefleet.org,555-0151,937 Brittany Island Apt. 043,North Richardport,DC,54797,Individual,100-999,,False,2023-01-08,True
DNR-04572,ORG-HUM-01,Kaitlyn,Snyder,synthetic.dnr-04572@demo-causefleet.org,555-0145,298 Myers Path Suite 857,Estesstad,AK,86775,Individual,Under 100,,False,2025-02-17,True
DNR-04573,ORG-HUM-01,Kristine,Harrison,synthetic.dnr-04573@demo-causefleet.org,555-0143,3929 Amanda Trail Apt. 940,Juanview,MT,95661,Individual,Under 100,,False,2025-08-03,True
DNR-04574,ORG-HUM-01,Gerald,Frost,synthetic.dnr-04574@demo-causefleet.org,555-0193,8058 Brent Lights,Lake Lori,MH,42213,Individual,Under 100,,False,2022-12-19,True
DNR-04575,ORG-HUM-01,Derek,Johnson,synthetic.dnr-04575@demo-causefleet.org,555-0193,2117 Karen Parkway Suite 962,Bakerchester,OH,95170,Individual,100-999,,False,2022-07-03,True
DNR-04576,ORG-HUM-01,Michael,Ramos,synthetic.dnr-04576@demo-causefleet.org,555-0148,42235 Reese Harbor,Veronicatown,MN,66016,Individual,Under 100,,False,2022-10-02,True
DNR-04577,ORG-HUM-01,Daniel,Williams,synthetic.dnr-04577@demo-causefleet.org,555-0134,08020 Debra Center Suite 125,Barkerport,PA,86373,Individual,100-999,,False,2024-07-17,True
DNR-04578,ORG-HUM-01,Derek,Martin,synthetic.dnr-04578@demo-causefleet.org,555-0129,201 Christina Parkway,Matthewfurt,CO,64705,Individual,100-999,,False,2023-02-12,True
DNR-04579,ORG-HUM-01,Kimberly,Taylor,synthetic.dnr-04579@demo-causefleet.org,555-0176,61259 Katrina Prairie,Beasleytown,KS,06465,Corporation,Under 100,,False,2022-01-08,True
DNR-04580,ORG-HUM-01,Daniel,Glenn,synthetic.dnr-04580@demo-causefleet.org,555-0140,10084 Thomas Green,Port Alanborough,MN,88166,Individual,100-999,,False,2022-03-16,True
DNR-04581,ORG-HUM-01,Stephanie,Rodriguez,synthetic.dnr-04581@demo-causefleet.org,555-0117,5764 Ramos Shore,Oliverfurt,UT,99010,Foundation,100-999,,False,2025-04-12,True
DNR-04582,ORG-HUM-01,Betty,Jones,synthetic.dnr-04582@demo-causefleet.org,555-0186,164 Reyes Skyway Apt. 266,Lake Jasmine,CO,67729,Individual,Under 100,,False,2024-04-22,True
DNR-04583,ORG-HUM-01,Candace,Alexander,synthetic.dnr-04583@demo-causefleet.org,555-0161,8245 Hunter Island Apt. 662,Walkermouth,WY,42922,Individual,Under 100,,False,2023-10-08,True
DNR-04584,ORG-HUM-01,William,Carter,synthetic.dnr-04584@demo-causefleet.org,555-0194,0541 Hatfield Flat,North Nancy,HI,15479,Individual,Under 100,,False,2022-09-13,True
DNR-04585,ORG-HUM-01,Kayla,Mcdonald,synthetic.dnr-04585@demo-causefleet.org,555-0150,032 Williams Islands,Kenttown,GA,64015,Individual,Under 100,,False,2024-04-25,True
DNR-04586,ORG-HUM-01,Regina,Davis,synthetic.dnr-04586@demo-causefleet.org,555-0197,3205 Anthony Summit,Lynchtown,SD,34689,Corporation,Under 100,,False,2025-07-06,True
DNR-04587,ORG-HUM-01,Paul,Short,synthetic.dnr-04587@demo-causefleet.org,555-0127,36763 Garrett Pike Suite 285,New Vanessa,VI,67810,Individual,Under 100,,False,2024-03-24,True
DNR-04588,ORG-HUM-01,Heather,Davis,synthetic.dnr-04588@demo-causefleet.org,555-0113,13279 Hunt Land,Morrisburgh,CA,97505,Individual,Under 100,,False,2021-06-12,True
DNR-04589,ORG-HUM-01,Sandra,Russo,synthetic.dnr-04589@demo-causefleet.org,555-0193,28105 Cassandra Unions,North Nicholas,AS,94446,Individual,100-999,,False,2021-10-18,True
DNR-04590,ORG-HUM-01,Victor,Trujillo,synthetic.dnr-04590@demo-causefleet.org,555-0173,149 Linda Road,Port Tannerborough,KY,00640,Individual,Under 100,,False,2021-12-12,True
DNR-04591,ORG-HUM-01,Steven,Caldwell,synthetic.dnr-04591@demo-causefleet.org,555-0147,021 Brenda Junction Apt. 060,Jamesberg,MP,81820,Individual,Under 100,,False,2021-11-07,True
DNR-04592,ORG-HUM-01,Nathaniel,Lee,synthetic.dnr-04592@demo-causefleet.org,555-0143,18727 Thompson Rest Apt. 317,Ryanland,ID,57106,Individual,Under 100,,False,2021-10-22,True
DNR-04593,ORG-HUM-01,Melissa,Wilson,synthetic.dnr-04593@demo-causefleet.org,555-0163,955 Escobar Springs Apt. 780,Rhondafort,MO,31424,Individual,Under 100,,False,2025-09-06,True
DNR-04594,ORG-HUM-01,Kara,Hamilton,synthetic.dnr-04594@demo-causefleet.org,555-0161,16402 Shannon Ports Apt. 045,Ponceview,CT,88657,Individual,Under 100,,False,2022-07-20,True
DNR-04595,ORG-HUM-01,Sheena,Peters,synthetic.dnr-04595@demo-causefleet.org,555-0159,377 Melissa Green,West Kirsten,CO,62912,Individual,Under 100,,False,2021-12-17,True
DNR-04596,ORG-HUM-01,Stephanie,Snyder,synthetic.dnr-04596@demo-causefleet.org,555-0114,17887 Amber Motorway Apt. 650,Port Connieland,WA,22930,Individual,Under 100,,False,2024-03-03,True
DNR-04597,ORG-HUM-01,Nathan,Campbell,synthetic.dnr-04597@demo-causefleet.org,555-0184,6253 Henry Plaza,East Kimberly,OR,43515,Individual,100-999,,False,2025-06-16,True
DNR-04598,ORG-HUM-01,Dylan,Peterson,synthetic.dnr-04598@demo-causefleet.org,555-0183,23931 Harper Shore Apt. 051,Bobbyfort,WY,74814,Individual,100-999,,False,2022-04-09,True
DNR-04599,ORG-HUM-01,David,Romero,synthetic.dnr-04599@demo-causefleet.org,555-0134,89188 Smith Path,Brandonton,IN,69628,Individual,Under 100,,False,2023-07-04,True
DNR-04600,ORG-HUM-01,Crystal,Garcia,synthetic.dnr-04600@demo-causefleet.org,555-0153,03609 Johnson Forks,Hillfurt,VI,09881,Individual,100-999,,False,2023-10-15,True
DNR-04601,ORG-HUM-01,Richard,Morrow,synthetic.dnr-04601@demo-causefleet.org,555-0138,80793 Monroe Turnpike Suite 969,Lake Bethton,GA,28829,Individual,100-999,,False,2025-09-15,True
DNR-04602,ORG-HUM-01,Kathryn,Ramos,synthetic.dnr-04602@demo-causefleet.org,555-0197,4600 Rollins Common,Brendaborough,MA,81662,Individual,Under 100,,False,2021-10-04,True
DNR-04603,ORG-HUM-01,Donna,Brown,synthetic.dnr-04603@demo-causefleet.org,555-0178,04997 Mark Trafficway Apt. 144,North Corey,MH,09287,Foundation,"1,000-$9,999",,False,2024-05-31,True
DNR-04604,ORG-HUM-01,Ruben,Johnson,synthetic.dnr-04604@demo-causefleet.org,555-0191,21075 Sierra Flat Suite 423,Woodborough,WI,63278,Individual,100-999,,False,2024-02-17,True
DNR-04605,ORG-HUM-01,Amanda,Lawson,synthetic.dnr-04605@demo-causefleet.org,555-0170,826 White Port,West Kimberlymouth,PR,81797,Individual,Under 100,,False,2022-12-03,True
DNR-04606,ORG-HUM-01,William,Phillips,synthetic.dnr-04606@demo-causefleet.org,555-0195,8547 Lori Plaza Apt. 016,East Stephanieberg,ME,24174,Foundation,Under 100,,False,2023-02-22,True
DNR-04607,ORG-HUM-01,Robin,Rosales,synthetic.dnr-04607@demo-causefleet.org,555-0155,0716 Susan Drive,South Danielview,MS,61376,Individual,Under 100,,False,2023-01-20,True
DNR-04608,ORG-HUM-01,Jason,Johnson,synthetic.dnr-04608@demo-causefleet.org,555-0174,0557 Megan Harbor Apt. 027,Chavezshire,DE,88451,Individual,Under 100,,False,2025-08-26,True
DNR-04609,ORG-HUM-01,Joshua,Hebert,synthetic.dnr-04609@demo-causefleet.org,555-0148,2832 Jackson Burg,New Markland,AZ,67086,Foundation,100-999,,False,2023-08-19,True
DNR-04610,ORG-HUM-01,Kelly,Mueller,synthetic.dnr-04610@demo-causefleet.org,555-0131,676 Taylor Gateway Apt. 313,West Robert,HI,11640,Individual,Under 100,,False,2024-11-21,True
DNR-04611,ORG-HUM-01,Crystal,Hill,synthetic.dnr-04611@demo-causefleet.org,555-0194,55162 Mcdonald Turnpike Apt. 916,Lake Kathrynchester,OR,29381,Individual,100-999,,False,2025-03-26,True
DNR-04612,ORG-HUM-01,Joshua,Clayton,synthetic.dnr-04612@demo-causefleet.org,555-0181,4648 Garrett Ville,North Thomas,TN,77332,Individual,100-999,,False,2025-06-11,True
DNR-04613,ORG-HUM-01,Jessica,York,synthetic.dnr-04613@demo-causefleet.org,555-0133,5704 Hill Springs,Lake Melissa,CO,42187,Individual,Under 100,,False,2025-02-15,True
DNR-04614,ORG-HUM-01,Bruce,Tucker,synthetic.dnr-04614@demo-causefleet.org,555-0147,174 Tiffany Lodge,Kingville,WY,19609,Individual,100-999,,False,2022-04-29,True
DNR-04615,ORG-HUM-01,Amber,Stevens,synthetic.dnr-04615@demo-causefleet.org,555-0122,673 Ortega Island Apt. 178,Whitneyland,GU,56220,Individual,Under 100,,False,2021-12-09,True
DNR-04616,ORG-HUM-01,John,Small,synthetic.dnr-04616@demo-causefleet.org,555-0170,609 Mark Stream Suite 415,Mendezville,TN,34708,Individual,Under 100,,False,2024-03-31,True
DNR-04617,ORG-HUM-01,Anita,White,synthetic.dnr-04617@demo-causefleet.org,555-0126,82097 Kaiser Drives Apt. 534,East David,MH,84913,Individual,100-999,,False,2024-09-08,True
DNR-04618,ORG-HUM-01,Angela,Livingston,synthetic.dnr-04618@demo-causefleet.org,555-0143,973 Mark Points Suite 099,Port Kimberly,LA,65283,Individual,Under 100,,False,2022-02-02,True
DNR-04619,ORG-HUM-01,Nathaniel,Hunter,synthetic.dnr-04619@demo-causefleet.org,555-0181,4328 Kayla Walks,New Jonathantown,RI,37513,Individual,Under 100,,False,2022-12-17,True
DNR-04620,ORG-HUM-01,Scott,Vargas,synthetic.dnr-04620@demo-causefleet.org,555-0133,1548 Knight Street,Brianbury,TX,50988,Individual,100-999,,False,2022-12-31,True
DNR-04621,ORG-HUM-01,John,Lambert,synthetic.dnr-04621@demo-causefleet.org,555-0197,8263 Campbell Squares Apt. 685,Wrightstad,AS,18584,Individual,100-999,,False,2021-12-17,True
DNR-04622,ORG-HUM-01,Carl,Cline,synthetic.dnr-04622@demo-causefleet.org,555-0152,8956 Nguyen Harbors,Campbellhaven,PW,74497,Individual,Under 100,,False,2024-12-07,True
DNR-04623,ORG-HUM-01,Gina,Robinson,synthetic.dnr-04623@demo-causefleet.org,555-0193,04666 Jennifer Ville Suite 226,Port Sarahberg,AS,39847,Individual,100-999,,False,2023-12-14,True
DNR-04624,ORG-HUM-01,James,Ibarra,synthetic.dnr-04624@demo-causefleet.org,555-0121,06409 Christine Common Suite 066,West Kenneth,NY,80343,Individual,100-999,,False,2023-07-08,True
DNR-04625,ORG-HUM-01,Diana,Grimes,synthetic.dnr-04625@demo-causefleet.org,555-0138,40915 Mcguire Cove,Burnsborough,NC,28809,Foundation,Under 100,,False,2021-11-16,True
DNR-04626,ORG-HUM-01,Haley,Valenzuela,synthetic.dnr-04626@demo-causefleet.org,555-0155,9835 Jefferson Freeway,South Thomas,IL,53674,Individual,Under 100,,False,2022-06-03,True
DNR-04627,ORG-HUM-01,Lindsey,Walker,synthetic.dnr-04627@demo-causefleet.org,555-0138,2576 Bailey Shoals Apt. 643,Schaeferfort,PW,93520,Individual,"1,000-$9,999",,False,2021-09-19,True
DNR-04628,ORG-HUM-01,Brittany,Gross,synthetic.dnr-04628@demo-causefleet.org,555-0149,4217 Kathy Rapids,South Aliciamouth,OK,73478,Individual,Under 100,,False,2024-10-23,True
DNR-04629,ORG-HUM-01,Melissa,Gray,synthetic.dnr-04629@demo-causefleet.org,555-0163,945 Mark Forest Suite 549,West Cassiemouth,VT,16134,Individual,Under 100,,False,2025-05-30,True
DNR-04630,ORG-HUM-01,Jennifer,Rodriguez,synthetic.dnr-04630@demo-causefleet.org,555-0152,08987 Nicholas Springs,West Patriciaport,NV,13233,Individual,Under 100,,False,2024-09-19,True
DNR-04631,ORG-HUM-01,James,Martinez,synthetic.dnr-04631@demo-causefleet.org,555-0157,669 Wang Spur Apt. 837,East Bethanyfort,WA,29496,Individual,100-999,,False,2022-04-14,True
DNR-04632,ORG-HUM-01,Kimberly,Lopez,synthetic.dnr-04632@demo-causefleet.org,555-0143,9707 Davis Port Suite 674,North Stacyside,MO,64131,Individual,Under 100,,False,2024-06-22,True
DNR-04633,ORG-HUM-01,Cody,Mcguire,synthetic.dnr-04633@demo-causefleet.org,555-0184,19850 Mosley Mountains Apt. 556,Garciaside,SC,22303,Individual,Under 100,,False,2022-07-01,True
DNR-04634,ORG-HUM-01,Kenneth,Larsen,synthetic.dnr-04634@demo-causefleet.org,555-0147,727 Ware Camp,Collinston,ND,69449,Individual,Under 100,,False,2024-09-13,True
DNR-04635,ORG-HUM-01,Jonathan,Carter,synthetic.dnr-04635@demo-causefleet.org,555-0169,607 Stephanie Valleys,South Heather,MN,84658,Individual,"10,000-99,999",,False,2023-05-07,True
DNR-04636,ORG-HUM-01,Brenda,Oneal,synthetic.dnr-04636@demo-causefleet.org,555-0125,050 Sydney Tunnel,Elizabethfurt,MA,78817,Foundation,Under 100,,False,2023-09-22,True
DNR-04637,ORG-HUM-01,Aaron,Mcclure,synthetic.dnr-04637@demo-causefleet.org,555-0170,5422 Jason Mews Apt. 694,Port Kenneth,DC,77158,Individual,Under 100,,False,2023-04-09,True
DNR-04638,ORG-HUM-01,Bethany,Bates,synthetic.dnr-04638@demo-causefleet.org,555-0116,52995 Miller Unions,Simshaven,NC,47479,Individual,"1,000-$9,999",,False,2024-05-06,True
DNR-04639,ORG-HUM-01,Amy,Dawson,synthetic.dnr-04639@demo-causefleet.org,555-0191,4909 Miller Falls,Pamelafort,DC,39569,Individual,Under 100,,False,2024-12-11,True
DNR-04640,ORG-HUM-01,Jason,Blake,synthetic.dnr-04640@demo-causefleet.org,555-0184,8409 Lee Parkways Suite 366,Mckinneyfort,VI,88635,Individual,"10,000-99,999",,False,2023-04-05,True
DNR-04641,ORG-HUM-01,Kyle,Kennedy,synthetic.dnr-04641@demo-causefleet.org,555-0184,30695 Steele Mountains Apt. 308,East Donnahaven,NJ,70109,Foundation,"1,000-$9,999",,False,2021-08-01,True
DNR-04642,ORG-HUM-01,Trevor,Anderson,synthetic.dnr-04642@demo-causefleet.org,555-0189,0695 Nancy Station Apt. 717,Port Davidhaven,DC,19242,Individual,"1,000-$9,999",,False,2022-10-20,True
DNR-04643,ORG-HUM-01,John,Costa,synthetic.dnr-04643@demo-causefleet.org,555-0119,36132 Andrew Track Apt. 959,Sarahaven,SC,91089,Individual,Under 100,,False,2021-10-01,True
DNR-04644,ORG-HUM-01,Johnny,Gomez,synthetic.dnr-04644@demo-causefleet.org,555-0170,46705 Barron Flats,Santiagoville,LA,08388,Individual,100-999,,False,2025-07-29,True
DNR-04645,ORG-HUM-01,Isaac,Munoz,synthetic.dnr-04645@demo-causefleet.org,555-0134,09484 Miller Stream Apt. 288,Port Jeff,NY,71167,Individual,100-999,,False,2025-07-08,True
DNR-04646,ORG-HUM-01,James,Harrison,synthetic.dnr-04646@demo-causefleet.org,555-0174,18318 Zamora Squares,Edwardsbury,AZ,81921,Individual,"10,000-99,999",,False,2024-09-22,True
DNR-04647,ORG-HUM-01,Gabriel,Riddle,synthetic.dnr-04647@demo-causefleet.org,555-0125,8681 Brian Harbors,East Tammyberg,MA,05806,Individual,Under 100,,False,2024-03-13,True
DNR-04648,ORG-HUM-01,Melinda,Willis,synthetic.dnr-04648@demo-causefleet.org,555-0197,14456 Wilkerson Corner,Robertside,PR,64449,Individual,100-999,,False,2025-08-06,True
DNR-04649,ORG-HUM-01,Adam,Newton,synthetic.dnr-04649@demo-causefleet.org,555-0158,51669 Edwards Ridge,Port Christopher,CT,91071,Individual,Under 100,,False,2025-09-26,True
DNR-04650,ORG-HUM-01,Derek,Roberts,synthetic.dnr-04650@demo-causefleet.org,555-0177,8807 Victor Underpass Suite 730,New Garrett,HI,24120,Individual,Under 100,,False,2021-11-18,True
DNR-04651,ORG-HUM-01,David,Krueger,synthetic.dnr-04651@demo-causefleet.org,555-0148,15234 Walter Mount,New Joelburgh,MA,59174,Individual,Under 100,,False,2023-09-12,True
DNR-04652,ORG-HUM-01,Scott,Greene,synthetic.dnr-04652@demo-causefleet.org,555-0162,64197 Perez Burg Apt. 607,Port Kellyhaven,NH,05446,Individual,100-999,,False,2025-09-25,True
DNR-04653,ORG-HUM-01,Shaun,Bass,synthetic.dnr-04653@demo-causefleet.org,555-0116,5767 Byrd Crest Suite 131,New Cassidy,IL,24914,Individual,Under 100,,False,2025-01-09,True
DNR-04654,ORG-HUM-01,Jeremy,Evans,synthetic.dnr-04654@demo-causefleet.org,555-0129,800 Michael Trafficway Suite 715,Barrettborough,MS,70306,Individual,Under 100,,False,2022-03-08,True
DNR-04655,ORG-HUM-01,Russell,Fox,synthetic.dnr-04655@demo-causefleet.org,555-0127,09997 Jose Spring,New Brandon,KY,47733,Individual,"10,000-99,999",,False,2024-06-08,True
DNR-04656,ORG-HUM-01,Michael,Clark,synthetic.dnr-04656@demo-causefleet.org,555-0135,630 Perry Spur Suite 972,Port Sarah,NJ,03684,Individual,Under 100,,False,2021-06-17,True
DNR-04657,ORG-HUM-01,Clinton,Adams,synthetic.dnr-04657@demo-causefleet.org,555-0153,884 Petersen Forest,Lake Kathryntown,LA,79007,Individual,Under 100,,False,2023-12-06,True
DNR-04658,ORG-HUM-01,Paula,Andersen,synthetic.dnr-04658@demo-causefleet.org,555-0162,133 Paige Park,Jacksonfurt,WA,18548,Individual,Under 100,,False,2023-02-05,True
DNR-04659,ORG-HUM-01,William,Bailey,synthetic.dnr-04659@demo-causefleet.org,555-0182,3282 Orr Land Apt. 257,Hansonside,MN,67694,Individual,Under 100,,False,2023-12-30,True
DNR-04660,ORG-HUM-01,Carrie,Woods,synthetic.dnr-04660@demo-causefleet.org,555-0168,08966 Miller Extension Suite 518,Denisebury,PA,37243,Individual,100-999,,False,2023-12-14,True
DNR-04661,ORG-HUM-01,Joshua,Jackson,synthetic.dnr-04661@demo-causefleet.org,555-0128,14611 Brian Stravenue Suite 597,Jackbury,WY,36669,Individual,"1,000-$9,999",,False,2022-12-01,True
DNR-04662,ORG-HUM-01,Dustin,Martin,synthetic.dnr-04662@demo-causefleet.org,555-0150,989 Nicholas Crescent,Robertview,MI,91152,Individual,Under 100,,False,2021-11-13,True
DNR-04663,ORG-HUM-01,Tanya,Perez,synthetic.dnr-04663@demo-causefleet.org,555-0133,1973 Morton Green Apt. 765,Costafort,NV,78398,Individual,100-999,,False,2024-09-08,True
DNR-04664,ORG-HUM-01,Cole,Smith,synthetic.dnr-04664@demo-causefleet.org,555-0120,58663 Johnson Common,Hammondhaven,NJ,04111,Individual,Under 100,,False,2022-07-26,True
DNR-04665,ORG-HUM-01,Valerie,Hernandez,synthetic.dnr-04665@demo-causefleet.org,555-0172,7173 Jason Mountains Suite 130,Lake Theresa,CA,87736,Individual,Under 100,,False,2023-11-09,True
DNR-04666,ORG-HUM-01,Javier,Clements,synthetic.dnr-04666@demo-causefleet.org,555-0152,69018 Dorsey Field,Sanchezfurt,MP,23930,Individual,Under 100,,False,2022-12-12,True
DNR-04667,ORG-HUM-01,Kenneth,Williams,synthetic.dnr-04667@demo-causefleet.org,555-0190,02191 Felicia Views Apt. 644,Montgomerychester,VI,68741,Individual,Under 100,,False,2023-07-03,True
DNR-04668,ORG-HUM-01,Jonathan,Greene,synthetic.dnr-04668@demo-causefleet.org,555-0132,17484 Le Creek,Douglastown,WI,27841,Individual,Under 100,,False,2023-09-29,True
DNR-04669,ORG-HUM-01,Kerry,Brooks,synthetic.dnr-04669@demo-causefleet.org,555-0150,880 Miller Mountains Suite 738,Lake Ralph,NE,82367,Individual,Under 100,,False,2021-10-31,True
DNR-04670,ORG-HUM-01,Daniel,Aguirre,synthetic.dnr-04670@demo-causefleet.org,555-0191,9985 Mcdowell Mountain Apt. 553,Stewartstad,MD,51731,Individual,Under 100,,False,2022-08-25,True
DNR-04671,ORG-HUM-01,Matthew,Matthews,synthetic.dnr-04671@demo-causefleet.org,555-0117,38925 Robert Track,Port Jeremytown,MT,71598,Individual,Under 100,,False,2021-06-09,True
DNR-04672,ORG-HUM-01,Jeremiah,Robbins,synthetic.dnr-04672@demo-causefleet.org,555-0110,285 John Via,East Pattyton,NM,98285,Individual,Under 100,,False,2025-08-27,True
DNR-04673,ORG-HUM-01,Peter,Miller,synthetic.dnr-04673@demo-causefleet.org,555-0167,2586 Daniel Overpass,North Williamhaven,CA,25950,Individual,Under 100,,False,2021-08-11,True
DNR-04674,ORG-HUM-01,Cheryl,Yoder,synthetic.dnr-04674@demo-causefleet.org,555-0145,18279 Brown Rue,South Jim,WV,48598,Individual,"1,000-$9,999",,False,2024-08-11,True
DNR-04675,ORG-HUM-01,Tamara,Mills,synthetic.dnr-04675@demo-causefleet.org,555-0136,989 Emily Plaza Suite 824,Laurentown,PW,25199,Individual,100-999,,False,2024-01-10,True
DNR-04676,ORG-HUM-01,Ryan,Young,synthetic.dnr-04676@demo-causefleet.org,555-0131,3359 Gibson Road,Charlesburgh,VA,46259,Foundation,Under 100,,False,2024-02-17,True
DNR-04677,ORG-HUM-01,Troy,May,synthetic.dnr-04677@demo-causefleet.org,555-0183,282 Trevino Ville Apt. 420,Daviston,CO,98437,Individual,"1,000-$9,999",,False,2024-12-26,True
DNR-04678,ORG-HUM-01,Robert,Walker,synthetic.dnr-04678@demo-causefleet.org,555-0130,075 Nixon Row,Keithborough,TN,23149,Corporation,100-999,,False,2024-02-17,True
DNR-04679,ORG-HUM-01,Barbara,Gonzalez,synthetic.dnr-04679@demo-causefleet.org,555-0172,742 Edward Rapids,North Kerri,AZ,41211,Individual,Under 100,,False,2022-01-18,True
DNR-04680,ORG-HUM-01,Sarah,Weaver,synthetic.dnr-04680@demo-causefleet.org,555-0121,440 Horne Wells Suite 213,Jordanville,WA,49216,Individual,Under 100,,False,2023-11-26,True
DNR-04681,ORG-HUM-01,Jessica,Martin,synthetic.dnr-04681@demo-causefleet.org,555-0126,638 Michael Lane Suite 169,South Paigestad,TN,38713,Individual,100-999,,False,2024-01-15,True
DNR-04682,ORG-HUM-01,John,Johnson,synthetic.dnr-04682@demo-causefleet.org,555-0188,1130 Christopher Summit,Andreashire,VA,79040,Individual,Under 100,,False,2024-12-12,True
DNR-04683,ORG-HUM-01,Daniel,Yates,synthetic.dnr-04683@demo-causefleet.org,555-0165,42494 Sheila Street Suite 135,Makaylafurt,ID,74237,Foundation,100-999,,False,2024-08-15,True
DNR-04684,ORG-HUM-01,James,Romero,synthetic.dnr-04684@demo-causefleet.org,555-0191,5619 Mary Tunnel Apt. 949,West Kaitlinland,FL,63264,Individual,100-999,,False,2021-06-26,True
DNR-04685,ORG-HUM-01,Michelle,Jennings,synthetic.dnr-04685@demo-causefleet.org,555-0164,0288 Gonzalez Plaza Apt. 745,Christinastad,MT,24169,Individual,100-999,,False,2022-01-04,True
DNR-04686,ORG-HUM-01,Michael,Wells,synthetic.dnr-04686@demo-causefleet.org,555-0161,783 Charles Street Suite 733,Hernandezmouth,MH,57115,Individual,"10,000-99,999",,False,2025-07-21,True
DNR-04687,ORG-HUM-01,James,Jackson,synthetic.dnr-04687@demo-causefleet.org,555-0164,45165 Carson Ridge,West Chadside,WV,95072,Individual,Under 100,,False,2024-05-18,True
DNR-04688,ORG-HUM-01,Jesse,Vazquez,synthetic.dnr-04688@demo-causefleet.org,555-0171,21421 Taylor Ridges Apt. 372,West David,FL,26268,Individual,Under 100,,False,2022-01-17,True
DNR-04689,ORG-HUM-01,Jonathan,Ballard,synthetic.dnr-04689@demo-causefleet.org,555-0159,1223 Eric Junction,Lake Alexander,AL,62012,Individual,100-999,,False,2025-09-17,True
DNR-04690,ORG-HUM-01,Jeffrey,Thomas,synthetic.dnr-04690@demo-causefleet.org,555-0110,4405 James Village Suite 488,Brownmouth,KS,69782,Corporation,Under 100,,False,2025-08-22,True
DNR-04691,ORG-HUM-01,Michael,Figueroa,synthetic.dnr-04691@demo-causefleet.org,555-0114,94493 Stephanie Squares Apt. 332,West Jamieburgh,NC,24481,Individual,100-999,,False,2021-06-20,True
DNR-04692,ORG-HUM-01,Jason,Hernandez,synthetic.dnr-04692@demo-causefleet.org,555-0178,86162 Fowler Keys,Brownhaven,AZ,60497,Individual,"1,000-$9,999",,False,2024-10-10,True
DNR-04693,ORG-HUM-01,David,Davis,synthetic.dnr-04693@demo-causefleet.org,555-0135,84704 Ian Union,South Jose,RI,26313,Individual,100-999,,False,2023-09-04,True
DNR-04694,ORG-HUM-01,Melissa,Brown,synthetic.dnr-04694@demo-causefleet.org,555-0157,295 Perez Run,North Michael,VA,61114,Individual,Under 100,,False,2021-06-15,True
DNR-04695,ORG-HUM-01,Joe,Vaughan,synthetic.dnr-04695@demo-causefleet.org,555-0111,857 Anderson Mall,Port Jamesborough,GU,49872,Individual,Under 100,,False,2024-03-13,True
DNR-04696,ORG-HUM-01,Anthony,Lee,synthetic.dnr-04696@demo-causefleet.org,555-0151,7023 Natasha Trafficway,Bradyhaven,CT,02650,Individual,Under 100,,False,2025-02-20,True
DNR-04697,ORG-HUM-01,Mark,Dillon,synthetic.dnr-04697@demo-causefleet.org,555-0177,29652 Dalton Creek Suite 447,East Tiffanyview,CO,68592,Individual,Under 100,,False,2022-10-21,True
DNR-04698,ORG-HUM-01,Carol,Graves,synthetic.dnr-04698@demo-causefleet.org,555-0134,606 Mark Forest Suite 138,Port Aprilhaven,NV,69399,Individual,100-999,,False,2021-11-20,True
DNR-04699,ORG-HUM-01,Noah,Combs,synthetic.dnr-04699@demo-causefleet.org,555-0112,10909 Stephanie Shoal Apt. 076,West Melissa,IL,11829,Individual,100-999,,False,2024-11-16,True
DNR-04700,ORG-HUM-01,Nathan,Villa,synthetic.dnr-04700@demo-causefleet.org,555-0196,591 Gamble Cliff,Amyberg,WY,04002,Corporation,100-999,,False,2023-02-02,True
DNR-04701,ORG-HUM-01,Andre,Smith,synthetic.dnr-04701@demo-causefleet.org,555-0110,7580 Sarah Forks Apt. 779,Osborneborough,CA,92713,Individual,Under 100,,False,2024-02-08,True
DNR-04702,ORG-HUM-01,Abigail,Jensen,synthetic.dnr-04702@demo-causefleet.org,555-0190,5748 Hunt Pike,Amberfort,UT,30401,Individual,Under 100,,False,2022-12-01,True
DNR-04703,ORG-HUM-01,Michael,Phillips,synthetic.dnr-04703@demo-causefleet.org,555-0141,38723 Fischer Trace Suite 293,North Ashleychester,VA,66258,Individual,100-999,,False,2024-04-02,True
DNR-04704,ORG-HUM-01,Robert,Humphrey,synthetic.dnr-04704@demo-causefleet.org,555-0138,75964 Curry Bypass,Crawfordmouth,TN,22482,Individual,Under 100,,False,2025-08-10,True
DNR-04705,ORG-HUM-01,Juan,Hunt,synthetic.dnr-04705@demo-causefleet.org,555-0198,269 Chambers Prairie,North Charlestown,MH,30038,Individual,Under 100,,False,2022-04-12,True
DNR-04706,ORG-HUM-01,Rachel,Garcia,synthetic.dnr-04706@demo-causefleet.org,555-0154,244 Goodman Flats,East Ashleybury,MP,75480,Individual,100-999,,False,2025-05-07,True
DNR-04707,ORG-HUM-01,Matthew,Johnston,synthetic.dnr-04707@demo-causefleet.org,555-0149,4033 Kimberly Fort,New Jared,PA,88828,Individual,100-999,,False,2024-11-09,True
DNR-04708,ORG-HUM-01,Katie,Ortiz,synthetic.dnr-04708@demo-causefleet.org,555-0126,05156 Ashley Lakes Apt. 303,Mariaberg,VA,06089,Individual,Under 100,,False,2025-04-09,True
DNR-04709,ORG-HUM-01,Carlos,Delacruz,synthetic.dnr-04709@demo-causefleet.org,555-0123,034 Geoffrey Ports,Jacquelineville,OH,87228,Individual,"1,000-$9,999",,False,2024-06-13,True
DNR-04710,ORG-HUM-01,Madison,Walker,synthetic.dnr-04710@demo-causefleet.org,555-0159,5094 Ortiz Shores Suite 556,East Rachelfurt,PR,46516,Individual,Under 100,,False,2024-08-26,True
DNR-04711,ORG-HUM-01,John,Walsh,synthetic.dnr-04711@demo-causefleet.org,555-0174,3479 Wood Hill Apt. 273,East Lisa,RI,78838,Individual,"10,000-99,999",,False,2022-08-17,True
DNR-04712,ORG-HUM-01,Brian,Hodge,synthetic.dnr-04712@demo-causefleet.org,555-0185,61121 Ball Groves,South Audrey,WV,46377,Individual,Under 100,,False,2025-07-29,True
DNR-04713,ORG-HUM-01,Sharon,Campbell,synthetic.dnr-04713@demo-causefleet.org,555-0149,2417 Chapman Ridges,Piercefort,MT,80122,Individual,Under 100,,False,2021-07-11,True
DNR-04714,ORG-HUM-01,Sarah,Mcdaniel,synthetic.dnr-04714@demo-causefleet.org,555-0131,642 Diana Summit,Kingbury,NH,41862,Individual,"1,000-$9,999",,False,2023-10-10,True
DNR-04715,ORG-HUM-01,Emily,Aguirre,synthetic.dnr-04715@demo-causefleet.org,555-0118,8425 Bradley Points Apt. 658,Hansenland,CA,75374,Individual,Under 100,,False,2024-05-15,True
DNR-04716,ORG-HUM-01,Nicole,Woods,synthetic.dnr-04716@demo-causefleet.org,555-0115,5316 Elizabeth Tunnel Suite 970,Garnershire,RI,78606,Individual,100-999,,False,2023-02-14,True
DNR-04717,ORG-HUM-01,Michael,Rogers,synthetic.dnr-04717@demo-causefleet.org,555-0148,32892 Hernandez Motorway Suite 366,Castrotown,GA,73466,Individual,100-999,,False,2024-07-21,True
DNR-04718,ORG-HUM-01,Kristopher,Garcia,synthetic.dnr-04718@demo-causefleet.org,555-0147,5451 Lindsey Oval Suite 595,New Elizabeth,NC,20383,Corporation,100-999,,False,2025-06-29,True
DNR-04719,ORG-HUM-01,Michael,Smith,synthetic.dnr-04719@demo-causefleet.org,555-0168,646 Janice Knoll Suite 723,New Markview,SD,39114,Individual,"10,000-99,999",,False,2021-10-26,True
DNR-04720,ORG-HUM-01,Robert,Campos,synthetic.dnr-04720@demo-causefleet.org,555-0176,374 Lane Square Suite 688,New Katherine,TN,95173,Foundation,Under 100,,False,2022-05-15,True
DNR-04721,ORG-HUM-01,Mary,Garcia,synthetic.dnr-04721@demo-causefleet.org,555-0186,57628 Hawkins Locks Apt. 351,Thomasfurt,WY,34411,Individual,100-999,,False,2025-09-24,True
DNR-04722,ORG-HUM-01,Tracy,Castro,synthetic.dnr-04722@demo-causefleet.org,555-0177,367 Butler Mount,Thompsontown,GA,30257,Individual,Under 100,,False,2023-06-12,True
DNR-04723,ORG-HUM-01,Molly,Williamson,synthetic.dnr-04723@demo-causefleet.org,555-0153,00145 Chris Trace,Taylorport,PR,40909,Individual,Under 100,,False,2024-05-29,True
DNR-04724,ORG-HUM-01,Lauren,Williamson,synthetic.dnr-04724@demo-causefleet.org,555-0165,2247 Kevin Via,Jeffreystad,MO,77382,Individual,100-999,,False,2021-06-01,True
DNR-04725,ORG-HUM-01,Gina,Montoya,synthetic.dnr-04725@demo-causefleet.org,555-0197,808 Lisa Centers Apt. 679,Lake Wayne,MO,26785,Individual,Under 100,,False,2023-03-23,True
DNR-04726,ORG-HUM-01,Mark,Rogers,synthetic.dnr-04726@demo-causefleet.org,555-0127,2260 Sarah Mission Suite 970,Port Dianeland,OK,01040,Individual,Under 100,,False,2023-12-05,True
DNR-04727,ORG-HUM-01,Mary,Stout,synthetic.dnr-04727@demo-causefleet.org,555-0153,490 Miller Landing Suite 888,West William,VI,92488,Foundation,Under 100,,False,2023-08-09,True
DNR-04728,ORG-HUM-01,Jackson,Francis,synthetic.dnr-04728@demo-causefleet.org,555-0172,2581 Joshua Meadows,Benjaminfurt,MI,58535,Individual,100-999,,False,2021-09-18,True
DNR-04729,ORG-HUM-01,Monica,Hall,synthetic.dnr-04729@demo-causefleet.org,555-0155,55297 Garrett Pike Suite 677,Lake Carrieton,HI,25909,Individual,"10,000-99,999",,False,2025-09-07,True
DNR-04730,ORG-HUM-01,Melanie,Thornton,synthetic.dnr-04730@demo-causefleet.org,555-0134,780 Johnson Route,Traviston,MA,17910,Individual,Under 100,,False,2025-08-22,True
DNR-04731,ORG-HUM-01,Jessica,Ford,synthetic.dnr-04731@demo-causefleet.org,555-0131,639 Tyler Stravenue,Lawrenceside,KS,95155,Individual,Under 100,,False,2023-12-27,True
DNR-04732,ORG-HUM-01,Daniel,Mitchell,synthetic.dnr-04732@demo-causefleet.org,555-0161,860 Sanchez Mall,Tristanport,DE,14323,Individual,100-999,,False,2022-03-25,True
DNR-04733,ORG-HUM-01,Jeremy,Coleman,synthetic.dnr-04733@demo-causefleet.org,555-0112,16421 Sanchez Inlet,Flemingland,WV,01766,Individual,Under 100,,False,2023-08-27,True
DNR-04734,ORG-HUM-01,Amy,Griffin,synthetic.dnr-04734@demo-causefleet.org,555-0139,78638 Garrett Camp Suite 792,Arnoldview,NY,31561,Foundation,Under 100,,False,2024-05-06,True
DNR-04735,ORG-HUM-01,Matthew,Sanders,synthetic.dnr-04735@demo-causefleet.org,555-0138,140 Michelle Islands Apt. 957,North Aaron,NJ,38845,Individual,Under 100,,False,2023-06-18,True
DNR-04736,ORG-HUM-01,Vickie,Anderson,synthetic.dnr-04736@demo-causefleet.org,555-0126,8311 Wood Locks,Leslieborough,ME,92845,Individual,Under 100,,False,2023-03-14,True
DNR-04737,ORG-HUM-01,Megan,Ball,synthetic.dnr-04737@demo-causefleet.org,555-0137,9240 Jeremiah Well Suite 986,Robertport,NC,02190,Individual,Under 100,,False,2025-09-25,True
DNR-04738,ORG-HUM-01,Jill,Howard,synthetic.dnr-04738@demo-causefleet.org,555-0112,82487 Fields Field,East Robert,GA,86004,Individual,100-999,,False,2024-06-15,True
DNR-04739,ORG-HUM-01,Dawn,Edwards,synthetic.dnr-04739@demo-causefleet.org,555-0185,511 Zimmerman Village Apt. 684,North Kathleentown,MS,62618,Individual,Under 100,,False,2024-02-13,True
DNR-04740,ORG-HUM-01,Steven,Donovan,synthetic.dnr-04740@demo-causefleet.org,555-0174,912 Margaret Coves,Port Danielchester,TX,97882,Individual,"1,000-$9,999",,False,2024-01-02,True
DNR-04741,ORG-HUM-01,Maria,Lopez,synthetic.dnr-04741@demo-causefleet.org,555-0131,556 Wilson Ranch,Lake Jacquelinebury,OR,86395,Individual,100-999,,False,2025-03-23,True
DNR-04742,ORG-HUM-01,Erica,Gibson,synthetic.dnr-04742@demo-causefleet.org,555-0125,049 Glenn Bridge Suite 612,New Emilyshire,OR,63489,Individual,100-999,,False,2024-12-08,True
DNR-04743,ORG-HUM-01,Rose,Cox,synthetic.dnr-04743@demo-causefleet.org,555-0156,0788 Michael Ramp Suite 472,Coreyberg,UT,16363,Individual,Under 100,,False,2024-06-03,True
DNR-04744,ORG-HUM-01,Andrew,Archer,synthetic.dnr-04744@demo-causefleet.org,555-0193,509 Timothy Cove Suite 305,Seanfurt,IL,36867,Corporation,Under 100,,False,2025-02-17,True
DNR-04745,ORG-HUM-01,Lucas,Kirk,synthetic.dnr-04745@demo-causefleet.org,555-0114,24036 David Ferry Suite 827,New Sarahfort,NE,06432,Individual,Under 100,,False,2022-07-15,True
DNR-04746,ORG-HUM-01,Sarah,Calderon,synthetic.dnr-04746@demo-causefleet.org,555-0158,63568 Garza Turnpike,Matthewshire,OR,12868,Individual,"1,000-$9,999",,False,2022-02-16,True
DNR-04747,ORG-HUM-01,Lori,Taylor,synthetic.dnr-04747@demo-causefleet.org,555-0191,9670 Douglas Forks,Spencerberg,MP,46911,Individual,Under 100,,False,2021-07-23,True
DNR-04748,ORG-HUM-01,James,Phillips,synthetic.dnr-04748@demo-causefleet.org,555-0142,70476 Williams Gateway,South Brandontown,ID,19048,Individual,Under 100,,False,2021-06-11,True
DNR-04749,ORG-HUM-01,Michele,King,synthetic.dnr-04749@demo-causefleet.org,555-0178,74956 Donovan Expressway,Hensleyview,NJ,06135,Individual,Under 100,,False,2023-03-11,True
DNR-04750,ORG-HUM-01,Meredith,Campbell,synthetic.dnr-04750@demo-causefleet.org,555-0189,9997 Rose Manor,Port Brian,MP,87142,Individual,Under 100,,False,2023-05-03,True
DNR-04751,ORG-HUM-01,Nicholas,Taylor,synthetic.dnr-04751@demo-causefleet.org,555-0116,60835 James Forest,New Victoriahaven,FM,55295,Individual,Under 100,,False,2022-11-11,True
DNR-04752,ORG-HUM-01,Tara,Vega,synthetic.dnr-04752@demo-causefleet.org,555-0186,702 Scott Plaza Apt. 823,Port Jamesshire,PW,60636,Individual,Under 100,,False,2022-01-06,True
DNR-04753,ORG-HUM-01,Cheryl,Leon,synthetic.dnr-04753@demo-causefleet.org,555-0116,06553 Michael Mission,Brandyport,MP,51570,Individual,Under 100,,False,2025-03-18,True
DNR-04754,ORG-HUM-01,Crystal,Henry,synthetic.dnr-04754@demo-causefleet.org,555-0194,1439 Davis Vista Suite 172,Kelseymouth,IA,76137,Individual,Under 100,,False,2023-10-06,True
DNR-04755,ORG-HUM-01,Shannon,Walsh,synthetic.dnr-04755@demo-causefleet.org,555-0123,33614 Keith Island,Conwayside,WA,50685,Individual,Under 100,,False,2022-07-04,True
DNR-04756,ORG-HUM-01,Deborah,Davis,synthetic.dnr-04756@demo-causefleet.org,555-0193,573 Tammy Fords,Paulaland,MS,01993,Individual,100-999,,False,2023-07-23,True
DNR-04757,ORG-HUM-01,Kelsey,Jackson,synthetic.dnr-04757@demo-causefleet.org,555-0112,709 Jefferson Club,Donaldmouth,MN,84616,Individual,Under 100,,False,2022-09-24,True
DNR-04758,ORG-HUM-01,Maria,Sullivan,synthetic.dnr-04758@demo-causefleet.org,555-0116,0570 Jessica Walks Apt. 632,Carolineside,SC,86646,Individual,Under 100,,False,2025-08-16,True
DNR-04759,ORG-HUM-01,Jacqueline,Baxter,synthetic.dnr-04759@demo-causefleet.org,555-0198,59669 Maria Radial Apt. 504,Millerfurt,CT,63209,Individual,Under 100,,False,2024-08-16,True
DNR-04760,ORG-HUM-01,Ian,Sawyer,synthetic.dnr-04760@demo-causefleet.org,555-0124,1185 Allen Stream Apt. 690,Craigchester,SD,11560,Corporation,Under 100,,False,2021-09-30,True
DNR-04761,ORG-HUM-01,Henry,Lara,synthetic.dnr-04761@demo-causefleet.org,555-0163,6683 Garcia Light Apt. 234,Marquezland,OK,18364,Individual,"1,000-$9,999",,False,2022-04-05,True
DNR-04762,ORG-HUM-01,Jamie,Blake,synthetic.dnr-04762@demo-causefleet.org,555-0166,065 Edward Forks,North Barbaraview,MS,29679,Corporation,Under 100,,False,2023-02-12,True
DNR-04763,ORG-HUM-01,Alyssa,Tran,synthetic.dnr-04763@demo-causefleet.org,555-0158,9616 Joseph Track Apt. 889,North George,AK,26894,Individual,100-999,,False,2022-09-23,True
DNR-04764,ORG-HUM-01,Alexander,Bush,synthetic.dnr-04764@demo-causefleet.org,555-0125,63656 Fields Lodge Suite 542,New Sarahmouth,OH,20646,Individual,"1,000-$9,999",,False,2024-08-20,True
DNR-04765,ORG-HUM-01,Denise,Stewart,synthetic.dnr-04765@demo-causefleet.org,555-0180,6567 Daniel Mall Apt. 998,Pamelaport,RI,87956,Individual,100-999,,False,2022-02-13,True
DNR-04766,ORG-HUM-01,Victoria,Howard,synthetic.dnr-04766@demo-causefleet.org,555-0142,144 Parker Ville Suite 052,Meganbury,SD,88801,Corporation,Under 100,,False,2021-09-23,True
DNR-04767,ORG-HUM-01,Annette,Dixon,synthetic.dnr-04767@demo-causefleet.org,555-0170,30838 Jorge Via Apt. 091,Michelleview,GA,21885,Individual,Under 100,,False,2022-08-09,True
DNR-04768,ORG-HUM-01,Angelica,Turner,synthetic.dnr-04768@demo-causefleet.org,555-0199,07487 Sweeney Underpass,Jacobtown,DE,07740,Individual,100-999,,False,2021-10-08,True
DNR-04769,ORG-HUM-01,Summer,Banks,synthetic.dnr-04769@demo-causefleet.org,555-0129,57359 Sims Plains,West Patriciachester,NV,39143,Individual,Under 100,,False,2025-01-04,True
DNR-04770,ORG-HUM-01,Kenneth,Solomon,synthetic.dnr-04770@demo-causefleet.org,555-0136,1649 Scott Park,North Isabelmouth,WA,21058,Individual,100-999,,False,2023-03-21,True
DNR-04771,ORG-HUM-01,Monica,Olsen,synthetic.dnr-04771@demo-causefleet.org,555-0198,798 Yolanda Mews Suite 552,Zacharystad,IN,04698,Individual,100-999,,False,2024-12-04,True
DNR-04772,ORG-HUM-01,Ronald,Phelps,synthetic.dnr-04772@demo-causefleet.org,555-0197,04000 Lewis Keys Suite 737,New Laura,MT,66627,Individual,100-999,,False,2022-06-25,True
DNR-04773,ORG-HUM-01,Travis,Jones,synthetic.dnr-04773@demo-causefleet.org,555-0190,844 Larry Land,Lake Jesse,AK,22733,Individual,Under 100,,False,2024-10-05,True
DNR-04774,ORG-HUM-01,Melissa,Morrison,synthetic.dnr-04774@demo-causefleet.org,555-0111,5787 Sheila Ramp Suite 463,Grantstad,IN,46513,Individual,100-999,,False,2025-05-08,True
DNR-04775,ORG-HUM-01,Kimberly,Simmons,synthetic.dnr-04775@demo-causefleet.org,555-0148,6527 Mark Ranch,Morrisberg,NC,74566,Individual,100-999,,False,2023-06-17,True
DNR-04776,ORG-HUM-01,Kathy,Downs,synthetic.dnr-04776@demo-causefleet.org,555-0163,696 Valencia Roads Suite 156,North Cynthia,NV,97284,Individual,100-999,,False,2023-08-16,True
DNR-04777,ORG-HUM-01,Devin,Robles,synthetic.dnr-04777@demo-causefleet.org,555-0194,6680 Laura Terrace Apt. 273,East Stevenchester,WV,43992,Individual,Under 100,,False,2022-12-31,True
DNR-04778,ORG-HUM-01,Tiffany,Novak,synthetic.dnr-04778@demo-causefleet.org,555-0122,579 Natalie Curve Apt. 402,North Carolynton,MO,38013,Individual,Under 100,,False,2025-09-10,True
DNR-04779,ORG-HUM-01,Lisa,Weber,synthetic.dnr-04779@demo-causefleet.org,555-0194,9447 Mitchell Ranch Apt. 050,North Ann,HI,63748,Individual,Under 100,,False,2022-04-30,True
DNR-04780,ORG-HUM-01,Nicholas,Campos,synthetic.dnr-04780@demo-causefleet.org,555-0176,91677 Kristin Pine,Fostershire,WV,36797,Individual,Under 100,,False,2025-03-03,True
DNR-04781,ORG-HUM-01,John,Arnold,synthetic.dnr-04781@demo-causefleet.org,555-0144,83927 Jennifer Pine,Emilyfort,WV,67887,Individual,Under 100,,False,2023-05-11,True
DNR-04782,ORG-HUM-01,Sonya,Smith,synthetic.dnr-04782@demo-causefleet.org,555-0189,04512 Drake Spring,Lake Robertmouth,CO,51399,Individual,"1,000-$9,999",,False,2023-04-17,True
DNR-04783,ORG-HUM-01,Timothy,Rasmussen,synthetic.dnr-04783@demo-causefleet.org,555-0187,110 Harris Keys,Michellefort,NY,34102,Individual,Under 100,,False,2021-09-27,True
DNR-04784,ORG-HUM-01,David,Ramos,synthetic.dnr-04784@demo-causefleet.org,555-0199,53883 Blake Springs,Sheppardmouth,ND,85778,Individual,100-999,,False,2023-01-03,True
DNR-04785,ORG-HUM-01,Jessica,Rodriguez,synthetic.dnr-04785@demo-causefleet.org,555-0127,9780 Kelley Mountain Suite 259,Colebury,ID,40607,Individual,Under 100,,False,2025-02-19,True
DNR-04786,ORG-HUM-01,Michelle,Jones,synthetic.dnr-04786@demo-causefleet.org,555-0163,917 Miller Walks Apt. 037,Greenville,ND,81162,Individual,Under 100,,False,2025-08-22,True
DNR-04787,ORG-HUM-01,Shawn,Ruiz,synthetic.dnr-04787@demo-causefleet.org,555-0123,938 Robertson Place Suite 863,West Peter,ND,58830,Individual,Under 100,,False,2024-05-19,True
DNR-04788,ORG-HUM-01,Robert,Bell,synthetic.dnr-04788@demo-causefleet.org,555-0175,31277 Christopher Village Apt. 815,West Maryfurt,SC,12880,Foundation,Under 100,,False,2021-10-22,True
DNR-04789,ORG-HUM-01,Donald,Calderon,synthetic.dnr-04789@demo-causefleet.org,555-0189,516 Cassandra Squares,Matthewburgh,AS,72049,Individual,"1,000-$9,999",,False,2024-08-15,True
DNR-04790,ORG-HUM-01,April,Barajas,synthetic.dnr-04790@demo-causefleet.org,555-0125,89817 Kristen Vista,Catherinehaven,NV,19291,Individual,Under 100,,False,2022-11-18,True
DNR-04791,ORG-HUM-01,Suzanne,Figueroa,synthetic.dnr-04791@demo-causefleet.org,555-0146,06741 Mayer Crescent Apt. 398,East Jasmineshire,NM,80740,Individual,Under 100,,False,2024-12-01,True
DNR-04792,ORG-HUM-01,Amanda,Hunt,synthetic.dnr-04792@demo-causefleet.org,555-0124,43724 Ryan Mountain Suite 235,Allenmouth,CT,02580,Foundation,Under 100,,False,2023-02-09,True
DNR-04793,ORG-HUM-01,Grace,Dixon,synthetic.dnr-04793@demo-causefleet.org,555-0123,35613 Amanda Divide Suite 719,Meganstad,IL,06365,Individual,"1,000-$9,999",,False,2024-04-17,True
DNR-04794,ORG-HUM-01,Tamara,Tate,synthetic.dnr-04794@demo-causefleet.org,555-0173,18716 Kelly Way Suite 848,New Ashley,VT,98890,Individual,Under 100,,False,2025-08-22,True
DNR-04795,ORG-HUM-01,David,Cox,synthetic.dnr-04795@demo-causefleet.org,555-0135,234 Chen Expressway,Baxterbury,NV,07024,Individual,Under 100,,False,2023-06-17,True
DNR-04796,ORG-HUM-01,David,Villegas,synthetic.dnr-04796@demo-causefleet.org,555-0187,10383 Jeffrey Common,New Tara,MH,80048,Individual,Under 100,,False,2025-04-22,True
DNR-04797,ORG-HUM-01,Jon,Scott,synthetic.dnr-04797@demo-causefleet.org,555-0135,6966 Diana Hollow,New Gregory,NM,57597,Individual,Under 100,,False,2023-06-11,True
DNR-04798,ORG-HUM-01,Shane,Daniels,synthetic.dnr-04798@demo-causefleet.org,555-0143,30667 Donald Ford,Schmidtside,OK,33335,Individual,Under 100,,False,2023-02-27,True
DNR-04799,ORG-HUM-01,Marie,Gonzalez,synthetic.dnr-04799@demo-causefleet.org,555-0176,645 Miles Plains,South John,PA,47898,Individual,100-999,,False,2025-03-20,True
DNR-04800,ORG-HUM-01,Maria,Curtis,synthetic.dnr-04800@demo-causefleet.org,555-0135,1498 Flowers Court Apt. 829,Wagnerberg,RI,17188,Individual,Under 100,,False,2022-07-15,True
DNR-04801,ORG-HUM-01,Stephanie,Harper,synthetic.dnr-04801@demo-causefleet.org,555-0155,2155 Young Walk Suite 258,Deborahhaven,DC,08893,Individual,Under 100,,False,2022-10-06,True
DNR-04802,ORG-HUM-01,Diane,Brown,synthetic.dnr-04802@demo-causefleet.org,555-0162,140 Montgomery Summit,New Amandabury,CO,30299,Individual,Under 100,,False,2025-05-07,True
DNR-04803,ORG-HUM-01,Elizabeth,Moore,synthetic.dnr-04803@demo-causefleet.org,555-0147,8096 Diana Glens Apt. 659,Nathanstad,MH,62141,Foundation,Under 100,,False,2022-04-16,True
DNR-04804,ORG-HUM-01,Stephanie,Norman,synthetic.dnr-04804@demo-causefleet.org,555-0130,78539 Green Tunnel Suite 736,Davidberg,ND,53386,Individual,Under 100,,False,2021-06-04,True
DNR-04805,ORG-HUM-01,Adam,Hansen,synthetic.dnr-04805@demo-causefleet.org,555-0115,12900 Jessica Summit,North Seanchester,SD,32453,Individual,"$100,000+",,False,2022-08-20,True
DNR-04806,ORG-HUM-01,Philip,Smith,synthetic.dnr-04806@demo-causefleet.org,555-0180,51093 Jessica Union,North Gregory,MI,17996,Individual,100-999,,False,2025-06-08,True
DNR-04807,ORG-HUM-01,Michael,Mcgee,synthetic.dnr-04807@demo-causefleet.org,555-0173,98135 Angela Gateway,New Amanda,ND,96806,Individual,"1,000-$9,999",,False,2023-11-04,True
DNR-04808,ORG-HUM-01,Emily,Casey,synthetic.dnr-04808@demo-causefleet.org,555-0136,679 Dawson Stream Apt. 235,Smithton,AL,03025,Foundation,100-999,,False,2022-11-16,True
DNR-04809,ORG-HUM-01,Phillip,Black,synthetic.dnr-04809@demo-causefleet.org,555-0198,41507 Howard Square Apt. 357,Lake Danielville,MT,42429,Individual,Under 100,,False,2022-08-18,True
DNR-04810,ORG-HUM-01,Derrick,Meyer,synthetic.dnr-04810@demo-causefleet.org,555-0171,5152 Forbes Bypass,Lake Edwinfort,KY,00660,Individual,Under 100,,False,2021-08-14,True
DNR-04811,ORG-HUM-01,Dustin,Wheeler,synthetic.dnr-04811@demo-causefleet.org,555-0152,764 Joseph Station Suite 476,Millerberg,AS,18512,Individual,Under 100,,False,2024-07-27,True
DNR-04812,ORG-HUM-01,Shawn,Hammond,synthetic.dnr-04812@demo-causefleet.org,555-0140,13258 Melanie Lodge,Lake Davidberg,VI,63137,Individual,Under 100,,False,2024-12-29,True
DNR-04813,ORG-HUM-01,Elizabeth,Parsons,synthetic.dnr-04813@demo-causefleet.org,555-0110,661 Kathryn Corner,Port Derrickmouth,MH,78977,Individual,Under 100,,False,2021-06-02,True
DNR-04814,ORG-HUM-01,Madeline,Davis,synthetic.dnr-04814@demo-causefleet.org,555-0111,29835 Baker Hills,Davidberg,MP,38470,Individual,Under 100,,False,2022-01-28,True
DNR-04815,ORG-HUM-01,John,Green,synthetic.dnr-04815@demo-causefleet.org,555-0195,51158 Thomas Branch,West Crystal,UT,97749,Individual,100-999,,False,2021-06-26,True
DNR-04816,ORG-HUM-01,Frederick,Wood,synthetic.dnr-04816@demo-causefleet.org,555-0121,44633 Christopher Club,Timothyland,VI,09771,Foundation,100-999,,False,2025-06-11,True
DNR-04817,ORG-HUM-01,Earl,Strong,synthetic.dnr-04817@demo-causefleet.org,555-0124,19010 Chen Drives Apt. 785,Ronaldville,GA,28982,Foundation,100-999,,False,2023-07-24,True
DNR-04818,ORG-HUM-01,Cynthia,Jones,synthetic.dnr-04818@demo-causefleet.org,555-0183,3021 Valerie Village Suite 632,Hayesbury,OR,49265,Individual,"1,000-$9,999",,False,2024-03-28,True
DNR-04819,ORG-HUM-01,Tasha,Dean,synthetic.dnr-04819@demo-causefleet.org,555-0195,86464 David Manor,North Matthew,MT,66799,Foundation,Under 100,,False,2025-07-22,True
DNR-04820,ORG-HUM-01,Kimberly,Wiley,synthetic.dnr-04820@demo-causefleet.org,555-0173,31777 Ryan Hill,East Leslie,AS,34565,Individual,Under 100,,False,2024-03-16,True
DNR-04821,ORG-HUM-01,Christopher,Day,synthetic.dnr-04821@demo-causefleet.org,555-0129,579 Peters Run Apt. 668,Grayton,PA,51549,Individual,100-999,,False,2023-02-15,True
DNR-04822,ORG-HUM-01,Angela,Gomez,synthetic.dnr-04822@demo-causefleet.org,555-0121,5663 Hardy Fork,New Angela,CA,06443,Individual,Under 100,,False,2024-03-28,True
DNR-04823,ORG-HUM-01,Charles,Mcdonald,synthetic.dnr-04823@demo-causefleet.org,555-0175,049 Perry Manor Apt. 356,East Erin,AK,20683,Individual,Under 100,,False,2024-04-15,True
DNR-04824,ORG-HUM-01,Marcus,Castillo,synthetic.dnr-04824@demo-causefleet.org,555-0119,9463 Elizabeth Key,West Donnamouth,ME,60128,Individual,Under 100,,False,2022-11-19,True
DNR-04825,ORG-HUM-01,Denise,Spence,synthetic.dnr-04825@demo-causefleet.org,555-0122,6190 White Green Suite 241,Wigginsfort,KY,76042,Individual,Under 100,,False,2025-05-20,True
DNR-04826,ORG-HUM-01,Alyssa,Jacobs,synthetic.dnr-04826@demo-causefleet.org,555-0142,396 Kristin Parkways Apt. 182,Port Danielville,ME,68456,Individual,Under 100,,False,2023-06-02,True
DNR-04827,ORG-HUM-01,Anthony,Henderson,synthetic.dnr-04827@demo-causefleet.org,555-0192,963 Hopkins Ways Suite 060,West Theodore,OR,17814,Individual,Under 100,,False,2025-04-28,True
DNR-04828,ORG-HUM-01,Frank,Tanner,synthetic.dnr-04828@demo-causefleet.org,555-0139,99179 Erin Stravenue,Lake Katherine,TX,77187,Individual,Under 100,,False,2024-03-31,True
DNR-04829,ORG-HUM-01,Michelle,Mccormick,synthetic.dnr-04829@demo-causefleet.org,555-0168,855 Fernando Parks,Wellsstad,MN,87212,Individual,100-999,,False,2023-10-04,True
DNR-04830,ORG-HUM-01,Rose,Leblanc,synthetic.dnr-04830@demo-causefleet.org,555-0147,81962 Kemp Mountains Suite 659,West Monicaborough,KY,78540,Individual,Under 100,,False,2024-11-30,True
DNR-04831,ORG-HUM-01,Michael,Gonzales,synthetic.dnr-04831@demo-causefleet.org,555-0143,1015 Morgan Keys Suite 562,East Mariah,NH,75234,Individual,Under 100,,False,2024-03-27,True
DNR-04832,ORG-HUM-01,Heather,Lowe,synthetic.dnr-04832@demo-causefleet.org,555-0169,86435 Jones Club,Smithberg,PA,62339,Individual,Under 100,,False,2021-11-03,True
DNR-04833,ORG-HUM-01,Vincent,Taylor,synthetic.dnr-04833@demo-causefleet.org,555-0116,455 Hamilton Summit,Jacksonland,KS,19182,Individual,Under 100,,False,2024-10-01,True
DNR-04834,ORG-HUM-01,Abigail,Mcfarland,synthetic.dnr-04834@demo-causefleet.org,555-0122,75723 Angela Lock Apt. 269,Joshuafurt,MI,47956,Individual,100-999,,False,2022-07-31,True
DNR-04835,ORG-HUM-01,Julie,Kennedy,synthetic.dnr-04835@demo-causefleet.org,555-0132,2382 Amy Drives,Rileyside,KS,57095,Individual,100-999,,False,2021-10-25,True
DNR-04836,ORG-HUM-01,Monica,Bauer,synthetic.dnr-04836@demo-causefleet.org,555-0115,6828 Hill Rue,Lake Tasha,PW,80725,Individual,100-999,,False,2023-01-24,True
DNR-04837,ORG-HUM-01,Timothy,Sanchez,synthetic.dnr-04837@demo-causefleet.org,555-0147,181 Esparza Parkways Apt. 849,Travisfurt,SC,21694,Individual,Under 100,,False,2022-08-18,True
DNR-04838,ORG-HUM-01,Amy,Anderson,synthetic.dnr-04838@demo-causefleet.org,555-0156,59221 Trevino Ports Apt. 375,South Regina,KY,27179,Individual,Under 100,,False,2023-07-06,True
DNR-04839,ORG-HUM-01,Philip,Guzman,synthetic.dnr-04839@demo-causefleet.org,555-0196,76882 Brown Streets Apt. 941,Port Frank,MD,97796,Individual,Under 100,,False,2022-02-27,True
DNR-04840,ORG-HUM-01,Shawn,Sanchez,synthetic.dnr-04840@demo-causefleet.org,555-0150,92649 Angela Ports,North Shawn,WI,37934,Individual,Under 100,,False,2022-08-29,True
DNR-04841,ORG-HUM-01,Michael,Schneider,synthetic.dnr-04841@demo-causefleet.org,555-0164,3921 Donald Ports Suite 187,Lake Nancy,MP,04539,Foundation,Under 100,,False,2024-02-06,True
DNR-04842,ORG-HUM-01,Alexander,Greene,synthetic.dnr-04842@demo-causefleet.org,555-0124,82290 Baker Summit Suite 507,Anthonyview,MO,09874,Foundation,Under 100,,False,2021-09-03,True
DNR-04843,ORG-HUM-01,Sarah,Martinez,synthetic.dnr-04843@demo-causefleet.org,555-0122,41167 Linda Ridge Suite 450,Porterchester,CO,40760,Individual,Under 100,,False,2024-06-28,True
DNR-04844,ORG-HUM-01,Kathy,Rodriguez,synthetic.dnr-04844@demo-causefleet.org,555-0115,7696 Cindy Creek,New Angelaside,ID,91025,Individual,100-999,,False,2025-09-26,True
DNR-04845,ORG-HUM-01,Melissa,Kane,synthetic.dnr-04845@demo-causefleet.org,555-0111,527 Joy Orchard,Codyton,VT,35909,Individual,Under 100,,False,2024-02-19,True
DNR-04846,ORG-HUM-01,Aaron,Green,synthetic.dnr-04846@demo-causefleet.org,555-0127,424 Alice Ways Suite 390,South Davidborough,MT,91487,Individual,100-999,,False,2024-09-29,True
DNR-04847,ORG-HUM-01,Laura,Carpenter,synthetic.dnr-04847@demo-causefleet.org,555-0194,1835 Green Mews,Joshuaville,AL,62435,Foundation,Under 100,,False,2022-10-16,True
DNR-04848,ORG-HUM-01,Carrie,Hopkins,synthetic.dnr-04848@demo-causefleet.org,555-0192,59551 Shawn Isle,Dianastad,NH,01499,Individual,Under 100,,False,2025-02-07,True
DNR-04849,ORG-HUM-01,Erika,Morrison,synthetic.dnr-04849@demo-causefleet.org,555-0131,47622 Gwendolyn Extensions,East Patriciaton,VI,93717,Individual,"10,000-99,999",,False,2022-02-20,True
DNR-04850,ORG-HUM-01,William,Bauer,synthetic.dnr-04850@demo-causefleet.org,555-0152,5926 Hudson Forge,Bowmanhaven,ND,68932,Individual,"1,000-$9,999",,False,2024-09-13,True
DNR-04851,ORG-HUM-01,Ann,Barron,synthetic.dnr-04851@demo-causefleet.org,555-0155,188 Reyes Turnpike,South Daniel,MD,03749,Corporation,Under 100,,False,2025-04-28,True
DNR-04852,ORG-HUM-01,Regina,Bush,synthetic.dnr-04852@demo-causefleet.org,555-0166,3580 Michael Neck Apt. 633,Lake Cynthia,ND,22107,Individual,Under 100,,False,2024-04-19,True
DNR-04853,ORG-HUM-01,Christopher,Rose,synthetic.dnr-04853@demo-causefleet.org,555-0189,3801 Jennifer Causeway,Lake Allison,MO,44441,Individual,Under 100,,False,2024-01-26,True
DNR-04854,ORG-HUM-01,Michelle,Hughes,synthetic.dnr-04854@demo-causefleet.org,555-0144,5575 Angela Green Apt. 381,Christinatown,MO,53513,Individual,Under 100,,False,2021-08-12,True
DNR-04855,ORG-HUM-01,John,Molina,synthetic.dnr-04855@demo-causefleet.org,555-0121,58160 Shirley Fords,Pageshire,SC,76770,Individual,100-999,,False,2025-04-13,True
DNR-04856,ORG-HUM-01,Tanya,Dougherty,synthetic.dnr-04856@demo-causefleet.org,555-0157,952 David Roads Suite 794,East Alexander,TX,66722,Individual,"1,000-$9,999",,False,2022-07-24,True
DNR-04857,ORG-HUM-01,Anne,Jackson,synthetic.dnr-04857@demo-causefleet.org,555-0153,5130 Emily Forks Apt. 972,Lake Rebeccaton,WI,24354,Individual,100-999,,False,2022-11-28,True
DNR-04858,ORG-HUM-01,Samuel,Romero,synthetic.dnr-04858@demo-causefleet.org,555-0133,6355 Nicole Run,Spearschester,SC,83969,Foundation,Under 100,,False,2024-04-23,True
DNR-04859,ORG-HUM-01,Brandon,Ballard,synthetic.dnr-04859@demo-causefleet.org,555-0124,70571 Kimberly Fort,Port Scott,TX,22368,Foundation,Under 100,,False,2022-10-15,True
DNR-04860,ORG-HUM-01,Lucas,Coleman,synthetic.dnr-04860@demo-causefleet.org,555-0161,57832 Kathleen Street Suite 844,Lauriefurt,MD,43092,Foundation,Under 100,,False,2025-03-15,True
DNR-04861,ORG-HUM-01,Kelsey,Lee,synthetic.dnr-04861@demo-causefleet.org,555-0161,57371 Williams Summit,South Danielfort,MP,62237,Individual,"1,000-$9,999",,False,2022-02-02,True
DNR-04862,ORG-HUM-01,Darius,Davis,synthetic.dnr-04862@demo-causefleet.org,555-0168,4608 Margaret Summit,Port Daniel,WY,80671,Individual,100-999,,False,2023-07-26,True
DNR-04863,ORG-HUM-01,Donald,Myers,synthetic.dnr-04863@demo-causefleet.org,555-0144,5293 Tracy Park Apt. 302,New James,AL,72738,Individual,Under 100,,False,2022-02-22,True
DNR-04864,ORG-HUM-01,Amber,Morgan,synthetic.dnr-04864@demo-causefleet.org,555-0159,116 Tanya Streets,Brewerberg,WI,15642,Individual,Under 100,,False,2022-09-02,True
DNR-04865,ORG-HUM-01,Chelsea,Wang,synthetic.dnr-04865@demo-causefleet.org,555-0198,78183 Mark Inlet,Amandastad,IL,13920,Individual,Under 100,,False,2023-04-19,True
DNR-04866,ORG-HUM-01,Hayden,Tran,synthetic.dnr-04866@demo-causefleet.org,555-0171,5671 Sarah Club,West Vincent,ME,40591,Individual,Under 100,,False,2023-07-31,True
DNR-04867,ORG-HUM-01,Caleb,Pearson,synthetic.dnr-04867@demo-causefleet.org,555-0163,3961 Tracy Plains Apt. 152,West Anne,MP,26162,Individual,100-999,,False,2021-11-28,True
DNR-04868,ORG-HUM-01,Debra,Grimes,synthetic.dnr-04868@demo-causefleet.org,555-0193,9951 Pamela Ferry,West Alexandraborough,WV,64895,Individual,Under 100,,False,2024-05-20,True
DNR-04869,ORG-HUM-01,Vicki,Schmidt,synthetic.dnr-04869@demo-causefleet.org,555-0131,8276 Hernandez Flat,South Beth,OK,01020,Individual,Under 100,,False,2022-07-20,True
DNR-04870,ORG-HUM-01,Daniel,Cummings,synthetic.dnr-04870@demo-causefleet.org,555-0124,08091 Michael Forks,Reidburgh,DE,06467,Individual,Under 100,,False,2025-01-12,True
DNR-04871,ORG-HUM-01,Stephen,Oconnell,synthetic.dnr-04871@demo-causefleet.org,555-0126,80665 Michael Streets,Smithstad,ID,39108,Individual,100-999,,False,2022-11-04,True
DNR-04872,ORG-HUM-01,John,Ross,synthetic.dnr-04872@demo-causefleet.org,555-0199,67153 Hardy Isle,Floydview,AL,39142,Individual,Under 100,,False,2022-04-04,True
DNR-04873,ORG-HUM-01,Belinda,Moore,synthetic.dnr-04873@demo-causefleet.org,555-0117,08379 Alyssa Ports,West Triciahaven,MT,48276,Individual,100-999,,False,2025-04-23,True
DNR-04874,ORG-HUM-01,James,Daugherty,synthetic.dnr-04874@demo-causefleet.org,555-0130,488 Jessica Crest Apt. 539,West Natalieborough,HI,14930,Individual,"1,000-$9,999",,False,2023-04-09,True
DNR-04875,ORG-HUM-01,Jennifer,Harper,synthetic.dnr-04875@demo-causefleet.org,555-0123,60402 Crane Station Apt. 719,Ashleymouth,DC,66303,Individual,"1,000-$9,999",,False,2025-03-26,True
DNR-04876,ORG-HUM-01,Kaitlyn,Miller,synthetic.dnr-04876@demo-causefleet.org,555-0163,89601 Nicholas Plaza,East Scott,MD,26799,Individual,Under 100,,False,2025-03-25,True
DNR-04877,ORG-HUM-01,Ashley,Gallagher,synthetic.dnr-04877@demo-causefleet.org,555-0185,6744 Richard Fords Apt. 250,East Hannah,LA,52469,Individual,Under 100,,False,2022-08-11,True
DNR-04878,ORG-HUM-01,William,Dawson,synthetic.dnr-04878@demo-causefleet.org,555-0171,322 Richardson Common Apt. 418,Clarkport,WA,90739,Individual,Under 100,,False,2023-05-18,True
DNR-04879,ORG-HUM-01,Stanley,Robertson,synthetic.dnr-04879@demo-causefleet.org,555-0182,5979 Perez Trail,North Cesar,MH,13320,Individual,Under 100,,False,2023-07-24,True
DNR-04880,ORG-HUM-01,Daniel,Golden,synthetic.dnr-04880@demo-causefleet.org,555-0196,08183 Thomas Trafficway,Brownbury,VA,40230,Individual,Under 100,,False,2024-05-01,True
DNR-04881,ORG-HUM-01,James,Harrington,synthetic.dnr-04881@demo-causefleet.org,555-0166,8902 Richard Overpass,Lake Brittany,PW,56123,Individual,Under 100,,False,2023-02-23,True
DNR-04882,ORG-HUM-01,Ryan,Riley,synthetic.dnr-04882@demo-causefleet.org,555-0133,787 Andre Mount,Marvinside,VT,70100,Individual,Under 100,,False,2024-11-21,True
DNR-04883,ORG-HUM-01,Edward,Davis,synthetic.dnr-04883@demo-causefleet.org,555-0188,0282 Chase Grove Apt. 035,North Andreahaven,CA,02562,Individual,100-999,,False,2022-06-21,True
DNR-04884,ORG-HUM-01,David,Williams,synthetic.dnr-04884@demo-causefleet.org,555-0158,53812 Megan Heights,Garrettmouth,AS,79464,Individual,Under 100,,False,2022-02-07,True
DNR-04885,ORG-HUM-01,Margaret,Murphy,synthetic.dnr-04885@demo-causefleet.org,555-0155,665 Blackwell Islands,Port Carlos,NC,90115,Individual,100-999,,False,2022-12-14,True
DNR-04886,ORG-HUM-01,Albert,Reeves,synthetic.dnr-04886@demo-causefleet.org,555-0188,544 Young Plains Suite 183,New Martin,AS,05072,Foundation,100-999,,False,2024-10-06,True
DNR-04887,ORG-HUM-01,Anthony,Patel,synthetic.dnr-04887@demo-causefleet.org,555-0113,99845 Patricia Walks,Perryside,VT,70786,Individual,100-999,,False,2023-02-13,True
DNR-04888,ORG-HUM-01,Jose,Montoya,synthetic.dnr-04888@demo-causefleet.org,555-0197,3418 Martinez Grove Apt. 504,Port Kimberlyport,ND,46408,Individual,"1,000-$9,999",,False,2021-06-16,True
DNR-04889,ORG-HUM-01,Gabriela,Khan,synthetic.dnr-04889@demo-causefleet.org,555-0126,85924 Joshua Fork,Andersonmouth,NV,26261,Individual,100-999,,False,2022-06-03,True
DNR-04890,ORG-HUM-01,Jesse,Brooks,synthetic.dnr-04890@demo-causefleet.org,555-0171,90806 Crystal Estates Suite 879,Gonzalesfurt,HI,45444,Individual,"1,000-$9,999",,False,2021-06-29,True
DNR-04891,ORG-HUM-01,Tracy,Moore,synthetic.dnr-04891@demo-causefleet.org,555-0172,248 Andrea Hills Suite 537,West Kendra,AZ,07778,Individual,Under 100,,False,2024-03-13,True
DNR-04892,ORG-HUM-01,Susan,Marquez,synthetic.dnr-04892@demo-causefleet.org,555-0124,952 Victor Camp Suite 718,West Alyssaside,VT,90746,Individual,Under 100,,False,2024-01-21,True
DNR-04893,ORG-HUM-01,Dylan,Stevens,synthetic.dnr-04893@demo-causefleet.org,555-0162,6255 Robert Inlet,West Chloe,MH,53800,Individual,Under 100,,False,2024-06-29,True
DNR-04894,ORG-HUM-01,Brian,Gallegos,synthetic.dnr-04894@demo-causefleet.org,555-0166,89391 Kathryn Walk Apt. 811,North Annton,AS,11846,Individual,Under 100,,False,2023-06-03,True
DNR-04895,ORG-HUM-01,Sara,Hunt,synthetic.dnr-04895@demo-causefleet.org,555-0115,2063 Simpson Shoals,Johnview,AZ,33658,Individual,Under 100,,False,2022-06-05,True
DNR-04896,ORG-HUM-01,Tonya,Hart,synthetic.dnr-04896@demo-causefleet.org,555-0118,77207 Trevino Orchard,Port Diana,DC,62624,Individual,Under 100,,False,2025-02-14,True
DNR-04897,ORG-HUM-01,Jonathan,Armstrong,synthetic.dnr-04897@demo-causefleet.org,555-0143,2283 Nguyen Prairie,Port Dana,MH,86501,Individual,Under 100,,False,2023-04-20,True
DNR-04898,ORG-HUM-01,William,Cole,synthetic.dnr-04898@demo-causefleet.org,555-0193,595 Alison Parks Suite 261,Escobarfort,WA,10133,Individual,Under 100,,False,2025-06-26,True
DNR-04899,ORG-HUM-01,Allison,Griffin,synthetic.dnr-04899@demo-causefleet.org,555-0150,4118 Adkins Parks Suite 297,Ashleyview,RI,59223,Individual,Under 100,,False,2024-07-15,True
DNR-04900,ORG-HUM-01,Christopher,Le,synthetic.dnr-04900@demo-causefleet.org,555-0111,02763 Brittany Causeway Apt. 573,West Michaelborough,PW,11290,Foundation,"1,000-$9,999",,False,2024-08-21,True
DNR-04901,ORG-HUM-01,James,Bates,synthetic.dnr-04901@demo-causefleet.org,555-0196,7467 Gray Valley Suite 209,Grayport,MI,08433,Individual,Under 100,,False,2023-12-20,True
DNR-04902,ORG-HUM-01,Troy,Wilson,synthetic.dnr-04902@demo-causefleet.org,555-0177,4210 Emily Radial,Lake Christopherfort,LA,40657,Individual,100-999,,False,2023-04-27,True
DNR-04903,ORG-HUM-01,Holly,Montgomery,synthetic.dnr-04903@demo-causefleet.org,555-0183,85824 Ryan Junctions Apt. 813,Sandraberg,AS,33728,Individual,Under 100,,False,2022-04-28,True
DNR-04904,ORG-HUM-01,Hannah,Gonzales,synthetic.dnr-04904@demo-causefleet.org,555-0182,17702 Wu Flats,Lake Ronald,FM,95417,Individual,"1,000-$9,999",,False,2023-02-25,True
DNR-04905,ORG-HUM-01,Beverly,Schroeder,synthetic.dnr-04905@demo-causefleet.org,555-0138,99220 Armstrong Parkways,Port Crystal,CA,62336,Foundation,"1,000-$9,999",,False,2025-06-07,True
DNR-04906,ORG-HUM-01,Christy,Adams,synthetic.dnr-04906@demo-causefleet.org,555-0195,253 Butler Isle Apt. 195,East Jennifer,CT,31664,Individual,100-999,,False,2024-06-19,True
DNR-04907,ORG-HUM-01,Scott,Allen,synthetic.dnr-04907@demo-causefleet.org,555-0153,5912 Mcguire Gateway,Fergusonside,PW,55966,Corporation,100-999,,False,2023-07-18,True
DNR-04908,ORG-HUM-01,Lisa,Gonzalez,synthetic.dnr-04908@demo-causefleet.org,555-0176,45939 Janice Centers,Mendozahaven,WY,26311,Individual,Under 100,,False,2024-05-20,True
DNR-04909,ORG-HUM-01,Mary,Hill,synthetic.dnr-04909@demo-causefleet.org,555-0176,51609 Burgess Roads Suite 548,North Jodi,ND,57644,Individual,"10,000-99,999",,False,2024-01-07,True
DNR-04910,ORG-HUM-01,Rodney,Park,synthetic.dnr-04910@demo-causefleet.org,555-0198,81218 Brown Loaf,Simpsonshire,AZ,38792,Individual,100-999,,False,2021-09-06,True
DNR-04911,ORG-HUM-01,Alexander,Kelley,synthetic.dnr-04911@demo-causefleet.org,555-0199,3361 Smith Manors,North Vanessa,HI,47865,Foundation,"1,000-$9,999",,False,2023-11-23,True
DNR-04912,ORG-HUM-01,John,Hughes,synthetic.dnr-04912@demo-causefleet.org,555-0189,240 Hahn Wells Apt. 834,Oconnellland,CT,64633,Individual,100-999,,False,2023-10-23,True
DNR-04913,ORG-HUM-01,Cindy,Ward,synthetic.dnr-04913@demo-causefleet.org,555-0122,7989 Mccoy Hollow Suite 331,West Joshua,TX,49652,Individual,Under 100,,False,2022-08-28,True
DNR-04914,ORG-HUM-01,Andrea,Smith,synthetic.dnr-04914@demo-causefleet.org,555-0165,762 Justin Inlet,New Amberville,VA,07639,Individual,"1,000-$9,999",,False,2023-01-24,True
DNR-04915,ORG-HUM-01,Dylan,Smith,synthetic.dnr-04915@demo-causefleet.org,555-0194,73350 Kayla Meadows Suite 238,South Allison,KS,55022,Individual,Under 100,,False,2024-10-10,True
DNR-04916,ORG-HUM-01,Kim,Bennett,synthetic.dnr-04916@demo-causefleet.org,555-0141,9838 Parker Plaza,Meyerhaven,TX,84956,Foundation,Under 100,,False,2024-01-02,True
DNR-04917,ORG-HUM-01,Katelyn,Daugherty,synthetic.dnr-04917@demo-causefleet.org,555-0171,94657 Pennington Bypass,West Brittany,DC,40902,Individual,Under 100,,False,2023-07-03,True
DNR-04918,ORG-HUM-01,Tamara,Martin,synthetic.dnr-04918@demo-causefleet.org,555-0154,166 Dougherty Common Suite 489,New Hollyville,VT,29194,Individual,"1,000-$9,999",,False,2023-03-09,True
DNR-04919,ORG-HUM-01,Jack,Hansen,synthetic.dnr-04919@demo-causefleet.org,555-0194,20671 Simmons Track,Simston,ID,12738,Individual,Under 100,,False,2021-07-08,True
DNR-04920,ORG-HUM-01,Robert,Carlson,synthetic.dnr-04920@demo-causefleet.org,555-0196,321 Reilly Street,Melissastad,HI,91467,Individual,Under 100,,False,2021-12-28,True
DNR-04921,ORG-HUM-01,Misty,Moran,synthetic.dnr-04921@demo-causefleet.org,555-0192,22217 Elizabeth Causeway Suite 578,West Timothyshire,SD,78044,Foundation,Under 100,,False,2023-08-20,True
DNR-04922,ORG-HUM-01,Erik,Bennett,synthetic.dnr-04922@demo-causefleet.org,555-0159,879 Williams Streets,East Robert,NY,50936,Individual,100-999,,False,2022-08-04,True
DNR-04923,ORG-HUM-01,Carla,Rodriguez,synthetic.dnr-04923@demo-causefleet.org,555-0129,181 Mcdonald Light Apt. 221,Kathrynmouth,TX,10835,Individual,Under 100,,False,2023-03-19,True
DNR-04924,ORG-HUM-01,Patricia,Howard,synthetic.dnr-04924@demo-causefleet.org,555-0181,5330 Roth Way Suite 395,Jonathanmouth,MI,55970,Foundation,Under 100,,False,2021-11-11,True
DNR-04925,ORG-HUM-01,Derrick,Murphy,synthetic.dnr-04925@demo-causefleet.org,555-0188,77185 Miller Place Suite 700,Port Angelaside,KY,47377,Individual,Under 100,,False,2023-08-27,True
DNR-04926,ORG-HUM-01,Sheila,Riddle,synthetic.dnr-04926@demo-causefleet.org,555-0116,56761 Michael Haven,West Amandaborough,ME,23951,Individual,100-999,,False,2023-04-13,True
DNR-04927,ORG-HUM-01,Henry,Mcconnell,synthetic.dnr-04927@demo-causefleet.org,555-0111,81731 Mckee Center Apt. 206,New Javierville,DC,33301,Individual,"10,000-99,999",,False,2022-02-12,True
DNR-04928,ORG-HUM-01,Emily,Mcguire,synthetic.dnr-04928@demo-causefleet.org,555-0192,3887 John Cape,Port Devinbury,FL,34192,Individual,100-999,,False,2023-08-31,True
DNR-04929,ORG-HUM-01,Matthew,Barker,synthetic.dnr-04929@demo-causefleet.org,555-0130,113 Kara Plains Apt. 813,Hubermouth,TX,84673,Individual,Under 100,,False,2021-06-10,True
DNR-04930,ORG-HUM-01,Shelby,Estes,synthetic.dnr-04930@demo-causefleet.org,555-0174,4226 King Place,Danielton,CT,00640,Foundation,"1,000-$9,999",,False,2025-02-04,True
DNR-04931,ORG-HUM-01,Bryan,Santos,synthetic.dnr-04931@demo-causefleet.org,555-0170,34078 Joseph Fall,Nunezfurt,IA,23033,Individual,Under 100,,False,2025-03-28,True
DNR-04932,ORG-HUM-01,Lee,Lopez,synthetic.dnr-04932@demo-causefleet.org,555-0173,755 Stephanie Shore Suite 978,Welchshire,OR,57618,Individual,Under 100,,False,2025-06-02,True
DNR-04933,ORG-HUM-01,Paula,Boyd,synthetic.dnr-04933@demo-causefleet.org,555-0131,4297 Soto Drives Suite 417,Jamiechester,PR,63759,Corporation,Under 100,,False,2022-06-20,True
DNR-04934,ORG-HUM-01,Jeffrey,Cisneros,synthetic.dnr-04934@demo-causefleet.org,555-0119,02735 Bruce Valley,East Kellystad,MT,63048,Individual,Under 100,,False,2023-06-09,True
DNR-04935,ORG-HUM-01,Courtney,Smith,synthetic.dnr-04935@demo-causefleet.org,555-0172,702 Jose Via Suite 550,Lake Josephside,SC,18880,Individual,100-999,,False,2025-01-29,True
DNR-04936,ORG-HUM-01,Joshua,Griffin,synthetic.dnr-04936@demo-causefleet.org,555-0151,84575 Lopez Mission,South Tylerside,ID,51179,Individual,Under 100,,False,2022-04-21,True
DNR-04937,ORG-HUM-01,Sarah,Ibarra,synthetic.dnr-04937@demo-causefleet.org,555-0140,687 Kimberly Light Apt. 082,Kimberlybury,SD,81839,Foundation,Under 100,,False,2023-07-08,True
DNR-04938,ORG-HUM-01,Austin,Bell,synthetic.dnr-04938@demo-causefleet.org,555-0152,67040 Garrison Divide,Port Frank,AR,86745,Individual,Under 100,,False,2024-11-07,True
DNR-04939,ORG-HUM-01,Nicole,Kirk,synthetic.dnr-04939@demo-causefleet.org,555-0145,606 Williams Lane Suite 627,Russellhaven,AL,01084,Individual,Under 100,,False,2024-11-11,True
DNR-04940,ORG-HUM-01,Dale,Farrell,synthetic.dnr-04940@demo-causefleet.org,555-0116,8780 Chavez Mills Suite 583,East Emilyland,FL,77616,Individual,Under 100,,False,2022-04-20,True
DNR-04941,ORG-HUM-01,Michael,Rogers,synthetic.dnr-04941@demo-causefleet.org,555-0174,8939 Mayo Well Apt. 395,Josephport,AR,43071,Individual,Under 100,,False,2023-07-14,True
DNR-04942,ORG-HUM-01,Dominique,Miller,synthetic.dnr-04942@demo-causefleet.org,555-0138,5808 Valerie Park,Harperfort,PW,89047,Individual,Under 100,,False,2022-07-29,True
DNR-04943,ORG-HUM-01,Amy,Mata,synthetic.dnr-04943@demo-causefleet.org,555-0180,60511 Emily Knoll Apt. 583,Dennishaven,AR,07360,Individual,100-999,,False,2022-01-23,True
DNR-04944,ORG-HUM-01,Mackenzie,Knight,synthetic.dnr-04944@demo-causefleet.org,555-0192,80098 Sanchez Stream,South Peterstad,RI,29989,Individual,100-999,,False,2021-07-12,True
DNR-04945,ORG-HUM-01,Jeffery,Vance,synthetic.dnr-04945@demo-causefleet.org,555-0158,03800 Davis Ranch,Vincentfort,ID,01457,Individual,100-999,,False,2025-08-22,True
DNR-04946,ORG-HUM-01,Henry,Evans,synthetic.dnr-04946@demo-causefleet.org,555-0161,89234 Edwin Hill Suite 155,West Clarenceburgh,NY,47737,Foundation,Under 100,,False,2021-12-15,True
DNR-04947,ORG-HUM-01,Kathryn,Pollard,synthetic.dnr-04947@demo-causefleet.org,555-0140,119 Schultz Rest Apt. 213,Danielsland,SC,85122,Individual,"1,000-$9,999",,False,2022-08-24,True
DNR-04948,ORG-HUM-01,Samantha,Fry,synthetic.dnr-04948@demo-causefleet.org,555-0120,497 Thomas Overpass,East Biancatown,KY,21213,Individual,"1,000-$9,999",,False,2021-11-11,True
DNR-04949,ORG-HUM-01,Alexandra,Thompson,synthetic.dnr-04949@demo-causefleet.org,555-0168,1981 Short Hills Apt. 373,New Brendanshire,AZ,52898,Individual,100-999,,False,2022-08-29,True
DNR-04950,ORG-HUM-01,Carol,Hardy,synthetic.dnr-04950@demo-causefleet.org,555-0166,390 Garcia Rue,Rebeccaton,MS,30915,Individual,100-999,,False,2022-03-03,True
DNR-04951,ORG-HUM-01,Juan,Hess,synthetic.dnr-04951@demo-causefleet.org,555-0183,00916 Giles Club Apt. 585,North April,MT,61532,Individual,Under 100,,False,2022-05-10,True
DNR-04952,ORG-HUM-01,John,Lara,synthetic.dnr-04952@demo-causefleet.org,555-0167,2362 Cathy Field Suite 165,Jeffreyport,KS,16268,Individual,"10,000-99,999",,False,2022-07-03,True
DNR-04953,ORG-HUM-01,David,Perez,synthetic.dnr-04953@demo-causefleet.org,555-0121,37634 Stanton Loaf Apt. 635,West Laura,UT,87557,Individual,Under 100,,False,2025-07-27,True
DNR-04954,ORG-HUM-01,Stephen,Ellis,synthetic.dnr-04954@demo-causefleet.org,555-0173,6660 Riddle Wells,Michaelshire,GA,83958,Individual,Under 100,,False,2024-12-20,True
DNR-04955,ORG-HUM-01,Lucas,Mitchell,synthetic.dnr-04955@demo-causefleet.org,555-0167,176 Jackson Hills Apt. 273,Amandaside,AS,62674,Individual,Under 100,,False,2025-03-21,True
DNR-04956,ORG-HUM-01,Adam,Brown,synthetic.dnr-04956@demo-causefleet.org,555-0150,482 Arias Track Suite 908,Delgadoborough,CO,97805,Individual,Under 100,,False,2023-03-26,True
DNR-04957,ORG-HUM-01,Eric,Donaldson,synthetic.dnr-04957@demo-causefleet.org,555-0125,020 Brandon Trail Suite 460,New Rachel,TX,83052,Individual,"10,000-99,999",,False,2024-01-29,True
DNR-04958,ORG-HUM-01,Zachary,Washington,synthetic.dnr-04958@demo-causefleet.org,555-0173,15804 Christine Terrace Apt. 869,Harrisontown,ME,39787,Individual,Under 100,,False,2022-04-07,True
DNR-04959,ORG-HUM-01,Joseph,Watts,synthetic.dnr-04959@demo-causefleet.org,555-0193,7207 Rose Ferry,Lake Stephen,IN,74759,Individual,Under 100,,False,2023-03-30,True
DNR-04960,ORG-HUM-01,Beth,Salazar,synthetic.dnr-04960@demo-causefleet.org,555-0112,77476 Anthony Tunnel Suite 105,South Andrea,ME,79215,Individual,100-999,,False,2023-09-22,True
DNR-04961,ORG-HUM-01,William,Williams,synthetic.dnr-04961@demo-causefleet.org,555-0123,2518 Wong Ridge Apt. 550,Ruizside,KS,30280,Individual,Under 100,,False,2025-07-12,True
DNR-04962,ORG-HUM-01,Victoria,Wood,synthetic.dnr-04962@demo-causefleet.org,555-0161,918 Keith Street,West Tara,MP,22684,Individual,Under 100,,False,2023-12-06,True
DNR-04963,ORG-HUM-01,Michael,Khan,synthetic.dnr-04963@demo-causefleet.org,555-0162,059 Walker Summit Suite 778,North Amandaside,CT,32591,Individual,Under 100,,False,2023-04-03,True
DNR-04964,ORG-HUM-01,Samuel,Maynard,synthetic.dnr-04964@demo-causefleet.org,555-0114,00316 Forbes Club Apt. 923,South Michaelview,DC,83248,Individual,100-999,,False,2021-08-03,True
DNR-04965,ORG-HUM-01,Dylan,Hill,synthetic.dnr-04965@demo-causefleet.org,555-0181,928 Beltran Manors,Markbury,ND,40568,Individual,Under 100,,False,2022-07-03,True
DNR-04966,ORG-HUM-01,Fernando,Evans,synthetic.dnr-04966@demo-causefleet.org,555-0180,97357 Amanda Vista Apt. 853,Port Dominic,WV,13935,Individual,100-999,,False,2025-09-15,True
DNR-04967,ORG-HUM-01,Michael,Moore,synthetic.dnr-04967@demo-causefleet.org,555-0110,8789 Williams Mills Suite 674,Port Christinefurt,CT,35687,Corporation,Under 100,,False,2025-07-16,True
DNR-04968,ORG-HUM-01,Megan,James,synthetic.dnr-04968@demo-causefleet.org,555-0121,08232 Daniel Isle,New Vanessaport,TX,85364,Individual,Under 100,,False,2022-05-09,True
DNR-04969,ORG-HUM-01,Robert,Davis,synthetic.dnr-04969@demo-causefleet.org,555-0187,1635 Mcbride Trail,Toddhaven,KY,11900,Foundation,Under 100,,False,2025-03-08,True
DNR-04970,ORG-HUM-01,Lisa,Tate,synthetic.dnr-04970@demo-causefleet.org,555-0189,7355 Rice Row Suite 767,South Lisabury,ME,35476,Individual,Under 100,,False,2022-08-21,True
DNR-04971,ORG-HUM-01,Anna,West,synthetic.dnr-04971@demo-causefleet.org,555-0191,19757 Wright Run,Mariaborough,NH,07368,Individual,100-999,,False,2023-07-31,True
DNR-04972,ORG-HUM-01,Joseph,Villarreal,synthetic.dnr-04972@demo-causefleet.org,555-0148,31439 Bradley Ville Suite 192,Lake Donna,NH,83609,Foundation,100-999,,False,2025-01-15,True
DNR-04973,ORG-HUM-01,Joyce,Hall,synthetic.dnr-04973@demo-causefleet.org,555-0175,504 Cook Stream Apt. 974,West Melissafort,ME,43029,Individual,Under 100,,False,2024-01-11,True
DNR-04974,ORG-HUM-01,Emily,Lucas,synthetic.dnr-04974@demo-causefleet.org,555-0181,595 Charles Plaza,Timothyland,PA,95589,Individual,Under 100,,False,2021-07-19,True
DNR-04975,ORG-HUM-01,Lisa,Morales,synthetic.dnr-04975@demo-causefleet.org,555-0136,8589 Acosta Flat Suite 621,New Ashleyfort,MH,34801,Individual,100-999,,False,2023-05-04,True
DNR-04976,ORG-HUM-01,Kayla,Chaney,synthetic.dnr-04976@demo-causefleet.org,555-0193,08481 Sarah Ports Suite 190,Tracyville,NY,57208,Individual,Under 100,,False,2023-10-24,True
DNR-04977,ORG-HUM-01,Jeremy,Boyd,synthetic.dnr-04977@demo-causefleet.org,555-0195,62392 Miller Knolls Apt. 340,South Joshuamouth,CT,27290,Individual,Under 100,,False,2024-06-11,True
DNR-04978,ORG-HUM-01,Ryan,Jones,synthetic.dnr-04978@demo-causefleet.org,555-0168,418 Smith Wells Apt. 648,Holtfort,ID,78730,Individual,"10,000-99,999",,False,2024-03-06,True
DNR-04979,ORG-HUM-01,Anna,James,synthetic.dnr-04979@demo-causefleet.org,555-0153,9385 Michael Springs,Cabreramouth,AL,37294,Individual,Under 100,,False,2023-06-24,True
DNR-04980,ORG-HUM-01,Mark,Davis,synthetic.dnr-04980@demo-causefleet.org,555-0156,77157 Thompson Spring Apt. 060,New Gregoryborough,NY,22647,Individual,"10,000-99,999",,False,2024-09-16,True
DNR-04981,ORG-HUM-01,Jared,Brooks,synthetic.dnr-04981@demo-causefleet.org,555-0116,58788 Smith Summit,East Carl,FM,83553,Corporation,Under 100,,False,2023-12-04,True
DNR-04982,ORG-HUM-01,Lauren,Lang,synthetic.dnr-04982@demo-causefleet.org,555-0138,61669 Morgan Inlet Apt. 074,East Brandyville,UT,39183,Individual,100-999,,False,2025-06-30,True
DNR-04983,ORG-HUM-01,Jordan,Juarez,synthetic.dnr-04983@demo-causefleet.org,555-0168,974 Jody Orchard,Hardinshire,NE,13241,Individual,Under 100,,False,2024-05-23,True
DNR-04984,ORG-HUM-01,Rachel,Estrada,synthetic.dnr-04984@demo-causefleet.org,555-0152,396 Rita Fields,North Ryan,VA,20745,Individual,Under 100,,False,2021-09-22,True
DNR-04985,ORG-HUM-01,Jennifer,Anderson,synthetic.dnr-04985@demo-causefleet.org,555-0181,65673 Tran Bridge Suite 610,Martinmouth,TX,43746,Individual,Under 100,,False,2024-06-26,True
DNR-04986,ORG-HUM-01,Ronald,Fritz,synthetic.dnr-04986@demo-causefleet.org,555-0189,83312 Dickerson Stream,Pettyfort,NM,96386,Individual,Under 100,,False,2023-03-26,True
DNR-04987,ORG-HUM-01,Lisa,Johnston,synthetic.dnr-04987@demo-causefleet.org,555-0186,84384 Wilson Spurs,Wheelerside,MH,13999,Individual,Under 100,,False,2024-10-15,True
DNR-04988,ORG-HUM-01,David,Barnett,synthetic.dnr-04988@demo-causefleet.org,555-0170,9543 Brandy Burg,East Matthew,MT,14638,Individual,Under 100,,False,2022-04-29,True
DNR-04989,ORG-HUM-01,Jeffrey,Mills,synthetic.dnr-04989@demo-causefleet.org,555-0194,1589 Carrillo Street,South Timothy,WY,29393,Individual,Under 100,,False,2022-10-07,True
DNR-04990,ORG-HUM-01,Bryan,Roberts,synthetic.dnr-04990@demo-causefleet.org,555-0156,5046 Willie Squares Apt. 326,Herreraside,MS,51815,Individual,100-999,,False,2024-09-16,True
DNR-04991,ORG-HUM-01,Christopher,Moore,synthetic.dnr-04991@demo-causefleet.org,555-0167,77674 Faulkner Extension Apt. 356,Brownview,KY,50656,Corporation,Under 100,,False,2022-04-15,True
DNR-04992,ORG-HUM-01,Amy,Wood,synthetic.dnr-04992@demo-causefleet.org,555-0124,04796 Riley Lakes Suite 897,Martinezfurt,SD,73412,Individual,Under 100,,False,2024-01-26,True
DNR-04993,ORG-HUM-01,Richard,Salazar,synthetic.dnr-04993@demo-causefleet.org,555-0122,281 William Wall,South Cynthiaside,FL,15660,Individual,Under 100,,False,2022-01-18,True
DNR-04994,ORG-HUM-01,Randy,Kirby,synthetic.dnr-04994@demo-causefleet.org,555-0194,022 Perez Mountains Apt. 411,South John,TX,65061,Individual,Under 100,,False,2025-08-02,True
DNR-04995,ORG-HUM-01,Henry,Carson,synthetic.dnr-04995@demo-causefleet.org,555-0138,83578 Chung Trail,Smithside,NJ,08629,Individual,Under 100,,False,2023-05-06,True
DNR-04996,ORG-HUM-01,Michael,Boyer,synthetic.dnr-04996@demo-causefleet.org,555-0110,046 Gallegos Mountains Suite 552,Dominguezchester,MO,33867,Foundation,Under 100,,False,2021-09-18,True
DNR-04997,ORG-HUM-01,Mark,Mcmillan,synthetic.dnr-04997@demo-causefleet.org,555-0153,0991 Mary Mount Suite 517,Sarahborough,NC,72914,Individual,100-999,,False,2024-06-07,True
DNR-04998,ORG-HUM-01,Katherine,Steele,synthetic.dnr-04998@demo-causefleet.org,555-0155,009 Ross Ford Suite 453,Lake Eric,CO,65178,Individual,Under 100,,False,2024-06-20,True
DNR-04999,ORG-HUM-01,Alexandra,York,synthetic.dnr-04999@demo-causefleet.org,555-0191,66175 Stein Walk Apt. 364,Lake Diane,MH,52439,Individual,Under 100,,False,2025-01-16,True
DNR-05000,ORG-HUM-01,Tanya,Little,synthetic.dnr-05000@demo-causefleet.org,555-0147,4039 Dustin Square Apt. 751,Jenniferberg,CT,33848,Individual,"1,000-$9,999",,False,2024-07-14,True
DNR-05001,ORG-HUM-01,Scott,Brown,synthetic.dnr-05001@demo-causefleet.org,555-0180,552 Amanda Fall Apt. 766,Dennisland,NV,04423,Individual,100-999,,False,2022-11-03,True
DNR-05002,ORG-HUM-01,Brett,Gibbs,synthetic.dnr-05002@demo-causefleet.org,555-0176,5786 Bryan Way Apt. 816,Port Philip,GA,01379,Individual,Under 100,,False,2021-06-19,True
DNR-05003,ORG-HUM-01,Robert,Hurst,synthetic.dnr-05003@demo-causefleet.org,555-0157,604 Smith Trail Suite 570,Wilsonside,MN,13162,Individual,100-999,,False,2023-11-25,True
DNR-05004,ORG-HUM-01,Walter,Li,synthetic.dnr-05004@demo-causefleet.org,555-0199,43788 Lauren Unions,Alyssaport,CA,03014,Individual,Under 100,,False,2023-01-21,True
DNR-05005,ORG-HUM-01,Amy,Tapia,synthetic.dnr-05005@demo-causefleet.org,555-0123,57569 Scott Spring Apt. 394,Jenniferhaven,TX,06722,Individual,100-999,,False,2023-10-02,True
DNR-05006,ORG-HUM-01,Jennifer,Schmidt,synthetic.dnr-05006@demo-causefleet.org,555-0115,0571 Gilbert Pine,Spencerborough,PR,77733,Individual,Under 100,,False,2024-03-01,True
DNR-05007,ORG-HUM-01,Richard,Mitchell,synthetic.dnr-05007@demo-causefleet.org,555-0131,2082 Lin Pass,Lake Sheilashire,OH,18925,Individual,100-999,,False,2025-03-18,True
DNR-05008,ORG-HUM-01,Kim,Fry,synthetic.dnr-05008@demo-causefleet.org,555-0173,167 Judith Mills,Buchananview,CA,01218,Individual,"10,000-99,999",,False,2022-11-07,True
DNR-05009,ORG-HUM-01,Brandon,Anderson,synthetic.dnr-05009@demo-causefleet.org,555-0127,449 Bryan Oval,Port Carl,AK,67223,Individual,Under 100,,False,2025-01-13,True
DNR-05010,ORG-HUM-01,Todd,Smith,synthetic.dnr-05010@demo-causefleet.org,555-0162,3779 Richmond Ridge,Haysberg,ND,39095,Individual,100-999,,False,2022-05-11,True
DNR-05011,ORG-HUM-01,Keith,Brown,synthetic.dnr-05011@demo-causefleet.org,555-0123,977 Weaver Mountains Apt. 323,Angieshire,MD,02430,Individual,Under 100,,False,2022-10-04,True
DNR-05012,ORG-HUM-01,Corey,Richardson,synthetic.dnr-05012@demo-causefleet.org,555-0142,354 Brenda Ports Apt. 209,South Kathleen,OR,43425,Individual,Under 100,,False,2021-07-01,True
DNR-05013,ORG-HUM-01,Jim,Fisher,synthetic.dnr-05013@demo-causefleet.org,555-0188,437 Bradford Cliffs Suite 789,South Heather,ID,69825,Individual,Under 100,,False,2022-10-13,True
DNR-05014,ORG-HUM-01,Molly,Anderson,synthetic.dnr-05014@demo-causefleet.org,555-0135,8829 Emily Summit,Port Sarahport,OH,59438,Individual,Under 100,,False,2023-06-26,True
DNR-05015,ORG-HUM-01,Heather,Paul,synthetic.dnr-05015@demo-causefleet.org,555-0134,6932 Stevenson Falls Suite 044,New Derekberg,WI,85608,Individual,100-999,,False,2025-03-13,True
DNR-05016,ORG-HUM-01,Billy,Richards,synthetic.dnr-05016@demo-causefleet.org,555-0125,880 Matthew Freeway,Douglasport,OH,37869,Individual,Under 100,,False,2021-12-18,True
DNR-05017,ORG-HUM-01,Karen,Garcia,synthetic.dnr-05017@demo-causefleet.org,555-0160,9778 Burton Fall Suite 856,Tanyastad,GU,97141,Individual,Under 100,,False,2023-05-02,True
DNR-05018,ORG-HUM-01,Sonya,Barker,synthetic.dnr-05018@demo-causefleet.org,555-0137,04434 Joshua Greens Suite 220,New Keith,AZ,46774,Individual,Under 100,,False,2024-12-23,True
DNR-05019,ORG-HUM-01,John,Dennis,synthetic.dnr-05019@demo-causefleet.org,555-0168,854 Kristine Plain,Port Danielle,SC,22941,Individual,Under 100,,False,2025-05-06,True
DNR-05020,ORG-HUM-01,Debra,Evans,synthetic.dnr-05020@demo-causefleet.org,555-0134,385 Christopher Rapids Suite 795,Wyattfort,MO,03687,Individual,"1,000-$9,999",,False,2022-10-21,True
DNR-05021,ORG-HUM-01,Kayla,Rowe,synthetic.dnr-05021@demo-causefleet.org,555-0153,11432 Lonnie Groves Apt. 372,South Laurenhaven,PR,57957,Individual,Under 100,,False,2025-07-10,True
DNR-05022,ORG-HUM-01,Kenneth,Burgess,synthetic.dnr-05022@demo-causefleet.org,555-0123,6828 Pugh Center,Kingmouth,AS,25056,Individual,100-999,,False,2023-11-02,True
DNR-05023,ORG-HUM-01,Nicholas,Hammond,synthetic.dnr-05023@demo-causefleet.org,555-0163,2283 Kyle Summit Apt. 081,Moorestad,TN,46300,Foundation,100-999,,False,2023-11-15,True
DNR-05024,ORG-HUM-01,Nicholas,Hart,synthetic.dnr-05024@demo-causefleet.org,555-0115,59623 Carter Spurs Apt. 121,New Lucas,DE,14776,Individual,100-999,,False,2024-09-22,True
DNR-05025,ORG-HUM-01,James,Green,synthetic.dnr-05025@demo-causefleet.org,555-0191,2202 Martin Tunnel Suite 238,Lake Joseph,TX,58736,Foundation,Under 100,,False,2023-02-24,True
DNR-05026,ORG-HUM-01,Joseph,Harris,synthetic.dnr-05026@demo-causefleet.org,555-0196,27806 Julia Brooks Apt. 275,West Angelamouth,VA,85381,Individual,100-999,,False,2022-11-08,True
DNR-05027,ORG-HUM-01,Edward,Hodge,synthetic.dnr-05027@demo-causefleet.org,555-0185,5142 Sullivan Mews,South Cody,OR,77201,Individual,Under 100,,False,2025-03-30,True
DNR-05028,ORG-HUM-01,Richard,Marsh,synthetic.dnr-05028@demo-causefleet.org,555-0125,9568 Caitlin Circles,North Kimberlyshire,CA,77967,Individual,"1,000-$9,999",,False,2025-05-02,True
DNR-05029,ORG-HUM-01,Lisa,Brennan,synthetic.dnr-05029@demo-causefleet.org,555-0167,411 Shannon Dale Apt. 466,East Abigailshire,AK,16536,Individual,Under 100,,False,2023-05-13,True
DNR-05030,ORG-HUM-01,Craig,Rodriguez,synthetic.dnr-05030@demo-causefleet.org,555-0168,80363 Jeffrey Greens Suite 921,East Janicehaven,TX,65101,Individual,Under 100,,False,2022-06-07,True
DNR-05031,ORG-HUM-01,Daniel,Allison,synthetic.dnr-05031@demo-causefleet.org,555-0194,560 Zuniga Mountains,West Amandahaven,CA,48314,Individual,Under 100,,False,2024-10-17,True
DNR-05032,ORG-HUM-01,Jane,White,synthetic.dnr-05032@demo-causefleet.org,555-0185,73558 Morgan Club,South Edwardland,GA,67729,Individual,100-999,,False,2025-05-06,True
DNR-05033,ORG-HUM-01,Caitlin,Rodriguez,synthetic.dnr-05033@demo-causefleet.org,555-0174,49636 Mcguire Brooks Apt. 903,North Andreatown,FM,79641,Individual,Under 100,,False,2024-12-14,True
DNR-05034,ORG-HUM-01,Denise,Powell,synthetic.dnr-05034@demo-causefleet.org,555-0127,5085 Beard Glen Suite 553,Lake Brettton,KY,20604,Individual,Under 100,,False,2021-09-07,True
DNR-05035,ORG-HUM-01,William,Sanders,synthetic.dnr-05035@demo-causefleet.org,555-0173,37972 Nguyen Glen Suite 814,North Sandra,FL,25757,Individual,Under 100,,False,2023-11-17,True
DNR-05036,ORG-HUM-01,Sherri,Camacho,synthetic.dnr-05036@demo-causefleet.org,555-0110,992 Nelson Union Suite 621,Salinasfort,ND,42058,Individual,"1,000-$9,999",,False,2024-09-26,True
DNR-05037,ORG-HUM-01,Mark,Griffin,synthetic.dnr-05037@demo-causefleet.org,555-0177,58789 Shawn Forest Apt. 296,Arthurhaven,DC,12907,Individual,100-999,,False,2025-09-20,True
DNR-05038,ORG-HUM-01,Vanessa,Wood,synthetic.dnr-05038@demo-causefleet.org,555-0116,4599 Hall Place,Fowlerhaven,PW,62486,Corporation,Under 100,,False,2023-08-16,True
DNR-05039,ORG-HUM-01,Allison,Archer,synthetic.dnr-05039@demo-causefleet.org,555-0180,51960 Hunter Circle,Monicatown,MA,46957,Individual,Under 100,,False,2023-12-31,True
DNR-05040,ORG-HUM-01,Kevin,Bryant,synthetic.dnr-05040@demo-causefleet.org,555-0165,25157 Robinson Canyon,West Amberhaven,KY,75030,Foundation,Under 100,,False,2023-08-08,True
DNR-05041,ORG-HUM-01,David,Lawrence,synthetic.dnr-05041@demo-causefleet.org,555-0184,041 Tammy Walk,New Stevenburgh,OR,26398,Individual,Under 100,,False,2021-09-07,True
DNR-05042,ORG-HUM-01,Sarah,Flores,synthetic.dnr-05042@demo-causefleet.org,555-0171,40933 Harris Walk Apt. 608,New Gregorymouth,HI,26972,Individual,"1,000-$9,999",,False,2024-05-10,True
DNR-05043,ORG-HUM-01,Miguel,Mejia,synthetic.dnr-05043@demo-causefleet.org,555-0175,6548 Brady Circle Apt. 636,Apriltown,AL,84633,Individual,Under 100,,False,2023-09-27,True
DNR-05044,ORG-HUM-01,Andrea,George,synthetic.dnr-05044@demo-causefleet.org,555-0132,8584 Shelby Key,North Ryanborough,RI,98648,Individual,Under 100,,False,2025-03-04,True
DNR-05045,ORG-HUM-01,Craig,Marshall,synthetic.dnr-05045@demo-causefleet.org,555-0198,86893 Snyder Square,West Loristad,VT,86205,Individual,Under 100,,False,2024-02-08,True
DNR-05046,ORG-HUM-01,Brianna,Thompson,synthetic.dnr-05046@demo-causefleet.org,555-0184,06956 Wolfe Rapid,Torresville,ME,42922,Individual,Under 100,,False,2021-12-10,True
DNR-05047,ORG-HUM-01,Allison,Robinson,synthetic.dnr-05047@demo-causefleet.org,555-0132,58543 Rogers Fall Apt. 213,Natalieberg,AR,23160,Individual,Under 100,,False,2025-08-31,True
DNR-05048,ORG-HUM-01,Jeffery,Mason,synthetic.dnr-05048@demo-causefleet.org,555-0126,80287 Marcus Shoal,Davidmouth,IA,58212,Individual,Under 100,,False,2022-08-18,True
DNR-05049,ORG-HUM-01,Steven,Torres,synthetic.dnr-05049@demo-causefleet.org,555-0123,8628 Wells Groves Apt. 311,Ramirezside,OR,52852,Individual,Under 100,,False,2025-01-13,True
DNR-05050,ORG-HUM-01,Brian,Lopez,synthetic.dnr-05050@demo-causefleet.org,555-0159,74339 Christine Mountain Suite 043,North Michael,OK,75699,Individual,Under 100,,False,2025-07-15,True
DNR-05051,ORG-HUM-01,Rhonda,Curtis,synthetic.dnr-05051@demo-causefleet.org,555-0194,46281 Morrison Forest Suite 883,North Ellenville,VA,96410,Individual,Under 100,,False,2024-02-12,True
DNR-05052,ORG-HUM-01,Judy,Everett,synthetic.dnr-05052@demo-causefleet.org,555-0186,66813 Acosta Overpass Suite 311,Hartmanburgh,VA,16202,Individual,Under 100,,False,2025-07-05,True
DNR-05053,ORG-HUM-01,Tara,Miller,synthetic.dnr-05053@demo-causefleet.org,555-0187,88745 Michael Pike Suite 863,Shelleyport,WV,60184,Individual,Under 100,,False,2023-08-07,True
DNR-05054,ORG-HUM-01,Dominic,Blackwell,synthetic.dnr-05054@demo-causefleet.org,555-0151,9503 Huynh Passage Apt. 533,West Matthew,MI,80347,Individual,100-999,,False,2023-06-01,True
DNR-05055,ORG-HUM-01,Elizabeth,Hodges,synthetic.dnr-05055@demo-causefleet.org,555-0174,9704 Harold Canyon Apt. 445,East Jenniferfort,WI,04941,Individual,Under 100,,False,2025-08-01,True
DNR-05056,ORG-HUM-01,David,Browning,synthetic.dnr-05056@demo-causefleet.org,555-0159,41879 Wagner Radial,New Victoria,VA,90457,Individual,100-999,,False,2024-06-24,True
DNR-05057,ORG-HUM-01,Pamela,Snyder,synthetic.dnr-05057@demo-causefleet.org,555-0163,9169 Hawkins Square,North Michaelshire,OH,73713,Individual,100-999,,False,2023-02-08,True
DNR-05058,ORG-HUM-01,Aaron,Jones,synthetic.dnr-05058@demo-causefleet.org,555-0187,425 Roger Brook,Meganfort,RI,44108,Individual,100-999,,False,2022-10-30,True
DNR-05059,ORG-HUM-01,Derek,Bishop,synthetic.dnr-05059@demo-causefleet.org,555-0198,9521 Durham Drive Apt. 975,Port Stephaniefort,MT,55561,Individual,Under 100,,False,2023-08-30,True
DNR-05060,ORG-HUM-01,Haley,Williams,synthetic.dnr-05060@demo-causefleet.org,555-0141,32258 Pham Mission,Lake Amanda,NY,42443,Individual,Under 100,,False,2022-10-06,True
DNR-05061,ORG-HUM-01,Todd,Thomas,synthetic.dnr-05061@demo-causefleet.org,555-0145,8550 Rose Plaza Apt. 498,Velasquezmouth,AK,80210,Foundation,Under 100,,False,2024-03-31,True
DNR-05062,ORG-HUM-01,David,Rodriguez,synthetic.dnr-05062@demo-causefleet.org,555-0160,77679 Henry Orchard,Carriebury,AZ,89199,Foundation,100-999,,False,2024-11-03,True
DNR-05063,ORG-HUM-01,David,Bryant,synthetic.dnr-05063@demo-causefleet.org,555-0153,4517 Jeffrey Flats Suite 873,Port Candace,CT,44079,Individual,Under 100,,False,2021-07-15,True
DNR-05064,ORG-HUM-01,Johnny,Atkins,synthetic.dnr-05064@demo-causefleet.org,555-0147,31348 Hobbs Falls,South Joseph,OR,80203,Individual,100-999,,False,2023-10-27,True
DNR-05065,ORG-HUM-01,Mark,Turner,synthetic.dnr-05065@demo-causefleet.org,555-0167,3984 Darren Inlet,South Kevinhaven,NY,07726,Individual,100-999,,False,2024-12-27,True
DNR-05066,ORG-HUM-01,Harry,Stevens,synthetic.dnr-05066@demo-causefleet.org,555-0127,8628 Katherine Burgs,Derrickland,ME,47074,Individual,Under 100,,False,2021-11-25,True
DNR-05067,ORG-HUM-01,Maria,Aguilar,synthetic.dnr-05067@demo-causefleet.org,555-0127,3004 Rickey Walks,Rangelshire,UT,94603,Individual,Under 100,,False,2022-03-15,True
DNR-05068,ORG-HUM-01,William,Parker,synthetic.dnr-05068@demo-causefleet.org,555-0162,518 Morgan Lane Apt. 403,Josephview,AK,53548,Individual,100-999,,False,2025-09-06,True
DNR-05069,ORG-HUM-01,Andrew,Braun,synthetic.dnr-05069@demo-causefleet.org,555-0187,8974 Mcpherson Park,East Charleschester,RI,96468,Foundation,Under 100,,False,2025-03-02,True
DNR-05070,ORG-HUM-01,Jason,Marshall,synthetic.dnr-05070@demo-causefleet.org,555-0199,783 Miller Walk,Williamsbury,LA,46871,Individual,Under 100,,False,2023-09-16,True
DNR-05071,ORG-HUM-01,Jason,West,synthetic.dnr-05071@demo-causefleet.org,555-0175,25296 Cole Forges,Hallborough,ME,09986,Individual,"1,000-$9,999",,False,2023-06-26,True
DNR-05072,ORG-HUM-01,Julie,Sutton,synthetic.dnr-05072@demo-causefleet.org,555-0148,0465 Payne Lights,Weissfurt,FL,58247,Individual,Under 100,,False,2024-11-13,True
DNR-05073,ORG-HUM-01,Bryce,Miles,synthetic.dnr-05073@demo-causefleet.org,555-0199,32653 Young Fork,Fergusonton,IA,58060,Individual,"1,000-$9,999",,False,2021-11-11,True
DNR-05074,ORG-HUM-01,Henry,Sanchez,synthetic.dnr-05074@demo-causefleet.org,555-0180,499 Bob Light Suite 501,East Danielle,FM,40308,Individual,100-999,,False,2025-04-11,True
DNR-05075,ORG-HUM-01,Emily,Wood,synthetic.dnr-05075@demo-causefleet.org,555-0150,3276 Cynthia Islands,Vegastad,PW,10660,Corporation,100-999,,False,2022-09-25,True
DNR-05076,ORG-HUM-01,Dennis,Lewis,synthetic.dnr-05076@demo-causefleet.org,555-0180,8551 Dale Streets,New Suzanne,IN,93421,Individual,Under 100,,False,2022-08-06,True
DNR-05077,ORG-HUM-01,Oscar,Shields,synthetic.dnr-05077@demo-causefleet.org,555-0190,58884 Snyder Mountain,Angelburgh,SC,78367,Individual,Under 100,,False,2025-05-31,True
DNR-05078,ORG-HUM-01,Michael,Schroeder,synthetic.dnr-05078@demo-causefleet.org,555-0137,11181 Bruce Lake,New Matthew,OH,77453,Individual,Under 100,,False,2023-05-20,True
DNR-05079,ORG-HUM-01,Melissa,Nichols,synthetic.dnr-05079@demo-causefleet.org,555-0135,79108 Lucero Park,New Wendyport,MA,53899,Individual,Under 100,,False,2022-05-29,True
DNR-05080,ORG-HUM-01,Taylor,Walsh,synthetic.dnr-05080@demo-causefleet.org,555-0136,2830 Ashley Throughway,South Jasonside,MS,82850,Individual,Under 100,,False,2022-06-21,True
DNR-05081,ORG-HUM-01,Brett,Moore,synthetic.dnr-05081@demo-causefleet.org,555-0189,2178 Heather Mills Apt. 050,Lake Elizabethbury,GA,46918,Individual,Under 100,,False,2021-11-13,True
DNR-05082,ORG-HUM-01,Christopher,Miller,synthetic.dnr-05082@demo-causefleet.org,555-0147,83393 Sarah Meadows,East Robert,KS,19086,Individual,Under 100,,False,2024-06-23,True
DNR-05083,ORG-HUM-01,Lisa,Sherman,synthetic.dnr-05083@demo-causefleet.org,555-0197,4259 Juan Greens,Allenborough,WI,29647,Individual,Under 100,,False,2022-07-06,True
DNR-05084,ORG-HUM-01,Jason,Alvarez,synthetic.dnr-05084@demo-causefleet.org,555-0154,6280 Norton Brook,Derrickport,SC,41440,Individual,100-999,,False,2025-04-02,True
DNR-05085,ORG-HUM-01,Crystal,Jimenez,synthetic.dnr-05085@demo-causefleet.org,555-0196,100 Sean Street Suite 898,Nielsenfort,TX,65651,Individual,Under 100,,False,2021-06-16,True
DNR-05086,ORG-HUM-01,Wanda,Martinez,synthetic.dnr-05086@demo-causefleet.org,555-0126,024 Julia Port Suite 653,Wintersfort,PW,52938,Individual,Under 100,,False,2023-10-11,True
DNR-05087,ORG-HUM-01,Sean,Klein,synthetic.dnr-05087@demo-causefleet.org,555-0193,75731 Emily River Apt. 313,New Nicolas,AR,59365,Individual,100-999,,False,2022-05-07,True
DNR-05088,ORG-HUM-01,Lisa,Freeman,synthetic.dnr-05088@demo-causefleet.org,555-0132,222 Mark Hollow Suite 396,Port Susan,PW,81290,Individual,"10,000-99,999",,False,2023-11-18,True
DNR-05089,ORG-HUM-01,Nicholas,Cunningham,synthetic.dnr-05089@demo-causefleet.org,555-0174,9633 Hunter Heights Apt. 598,Lisashire,NE,60574,Individual,Under 100,,False,2024-06-06,True
DNR-05090,ORG-HUM-01,Jonathan,Stanley,synthetic.dnr-05090@demo-causefleet.org,555-0179,1675 Armstrong Heights Suite 648,Port Tiffany,AK,78372,Individual,Under 100,,False,2024-05-27,True
DNR-05091,ORG-HUM-01,Wesley,Goodwin,synthetic.dnr-05091@demo-causefleet.org,555-0198,5064 Lisa Forge,Debraburgh,NE,37430,Individual,Under 100,,False,2024-11-05,True
DNR-05092,ORG-HUM-01,Brandon,Gomez,synthetic.dnr-05092@demo-causefleet.org,555-0191,1495 Taylor Route Apt. 816,Lake Veronicachester,AZ,43019,Individual,"1,000-$9,999",,False,2024-05-10,True
DNR-05093,ORG-HUM-01,Seth,Henson,synthetic.dnr-05093@demo-causefleet.org,555-0151,8197 Gibson Wells Apt. 148,East Josephfort,GU,77951,Individual,100-999,,False,2022-01-07,True
DNR-05094,ORG-HUM-01,Lydia,Williams,synthetic.dnr-05094@demo-causefleet.org,555-0124,206 Brown Mission,Port Anthony,KS,85287,Individual,100-999,,False,2023-01-12,True
DNR-05095,ORG-HUM-01,Melissa,Brady,synthetic.dnr-05095@demo-causefleet.org,555-0155,3626 Brittany Loaf,New Mark,NE,79287,Individual,Under 100,,False,2024-05-05,True
DNR-05096,ORG-HUM-01,Deanna,Gray,synthetic.dnr-05096@demo-causefleet.org,555-0181,6548 Brenda Center Apt. 170,Schmidtberg,TX,14247,Individual,Under 100,,False,2021-08-08,True
DNR-05097,ORG-HUM-01,Tara,Fisher,synthetic.dnr-05097@demo-causefleet.org,555-0171,996 Randy Knolls,West Steven,UT,47878,Individual,Under 100,,False,2025-06-25,True
DNR-05098,ORG-HUM-01,Kristina,Jones,synthetic.dnr-05098@demo-causefleet.org,555-0184,258 Rodriguez Dale Apt. 875,Victoriahaven,FM,76546,Individual,100-999,,False,2021-07-03,True
DNR-05099,ORG-HUM-01,Nathan,Mcdonald,synthetic.dnr-05099@demo-causefleet.org,555-0183,294 Benjamin Camp,Josephborough,OK,09066,Individual,100-999,,False,2021-07-13,True
DNR-05100,ORG-HUM-01,James,Rojas,synthetic.dnr-05100@demo-causefleet.org,555-0195,86578 Ray Tunnel,West Colinmouth,NJ,33694,Individual,"1,000-$9,999",,False,2023-06-16,True
DNR-05101,ORG-HUM-01,Claire,Baker,synthetic.dnr-05101@demo-causefleet.org,555-0163,15966 Ashley Terrace,Lewisfort,IA,96964,Individual,Under 100,,False,2025-07-07,True
DNR-05102,ORG-HUM-01,Marie,Preston,synthetic.dnr-05102@demo-causefleet.org,555-0196,3485 Olson Plain,Tonyashire,PA,00971,Individual,Under 100,,False,2025-01-22,True
DNR-05103,ORG-HUM-01,Jennifer,Vargas,synthetic.dnr-05103@demo-causefleet.org,555-0178,937 West Port Apt. 708,Michealland,MS,52151,Individual,Under 100,,False,2024-03-08,True
DNR-05104,ORG-HUM-01,Michael,Carter,synthetic.dnr-05104@demo-causefleet.org,555-0146,4846 Barber Wall,Lake Danielmouth,AS,60935,Individual,100-999,,False,2024-11-06,True
DNR-05105,ORG-HUM-01,Edward,Brown,synthetic.dnr-05105@demo-causefleet.org,555-0164,298 Jason Ways Apt. 027,Lake Melissa,MI,63430,Individual,100-999,,False,2021-10-20,True
DNR-05106,ORG-HUM-01,Howard,Mayer,synthetic.dnr-05106@demo-causefleet.org,555-0111,4831 Blackwell Extensions Apt. 930,North Tracyfurt,ND,47931,Individual,Under 100,,False,2022-11-15,True
DNR-05107,ORG-HUM-01,Kevin,Poole,synthetic.dnr-05107@demo-causefleet.org,555-0176,9124 Hamilton Center Apt. 156,North Joseph,NH,61018,Individual,Under 100,,False,2021-10-31,True
DNR-05108,ORG-HUM-01,Curtis,Robinson,synthetic.dnr-05108@demo-causefleet.org,555-0123,044 Harris Plain,Davidland,MH,07340,Individual,Under 100,,False,2021-06-30,True
DNR-05109,ORG-HUM-01,Melissa,Guzman,synthetic.dnr-05109@demo-causefleet.org,555-0113,77057 Leach Drive,Brooksbury,IL,84509,Individual,Under 100,,False,2021-12-12,True
DNR-05110,ORG-HUM-01,Michael,Lee,synthetic.dnr-05110@demo-causefleet.org,555-0158,460 Traci Street,Matthewshire,MS,92382,Corporation,100-999,,False,2022-11-07,True
DNR-05111,ORG-HUM-01,Tammy,Hall,synthetic.dnr-05111@demo-causefleet.org,555-0128,2697 Thomas Views Apt. 790,Allenborough,ND,83569,Corporation,Under 100,,False,2023-12-09,True
DNR-05112,ORG-HUM-01,Nicholas,Woods,synthetic.dnr-05112@demo-causefleet.org,555-0116,78388 Bond Key Suite 899,Lake Jamiemouth,ME,52685,Individual,100-999,,False,2021-10-11,True
DNR-05113,ORG-HUM-01,Dawn,Gaines,synthetic.dnr-05113@demo-causefleet.org,555-0195,975 Jennifer Ridge,Hoffmanchester,AR,09243,Individual,Under 100,,False,2024-06-23,True
DNR-05114,ORG-HUM-01,Frank,Arroyo,synthetic.dnr-05114@demo-causefleet.org,555-0117,982 Holt Summit Suite 146,Garrisonborough,DC,61672,Individual,100-999,,False,2021-08-14,True
DNR-05115,ORG-HUM-01,Sydney,Pace,synthetic.dnr-05115@demo-causefleet.org,555-0135,5083 Frost Harbor Apt. 362,Marcusport,FM,34579,Individual,Under 100,,False,2023-06-03,True
DNR-05116,ORG-HUM-01,Marie,Schmidt,synthetic.dnr-05116@demo-causefleet.org,555-0144,92689 Douglas Course Apt. 858,Jefferyborough,PA,83661,Individual,100-999,,False,2023-07-04,True
DNR-05117,ORG-HUM-01,Samantha,Harrington,synthetic.dnr-05117@demo-causefleet.org,555-0130,8650 Keller Curve Suite 630,North Rebeccaton,IA,91014,Individual,Under 100,,False,2025-05-27,True
DNR-05118,ORG-HUM-01,Daniel,Townsend,synthetic.dnr-05118@demo-causefleet.org,555-0146,1260 Lisa Corners Apt. 312,South Elizabethberg,PA,93235,Individual,Under 100,,False,2023-10-14,True
DNR-05119,ORG-HUM-01,Gina,Torres,synthetic.dnr-05119@demo-causefleet.org,555-0197,4622 Murillo River Suite 407,Sanchezside,MS,29726,Individual,Under 100,,False,2024-11-21,True
DNR-05120,ORG-HUM-01,William,Dillon,synthetic.dnr-05120@demo-causefleet.org,555-0142,5547 Robert Bypass Suite 805,Adamville,GA,78025,Individual,Under 100,,False,2024-02-22,True
DNR-05121,ORG-HUM-01,Christine,Saunders,synthetic.dnr-05121@demo-causefleet.org,555-0128,011 Joseph Divide Apt. 588,Hallview,MD,88639,Individual,Under 100,,False,2025-05-30,True
DNR-05122,ORG-HUM-01,Nicole,Harmon,synthetic.dnr-05122@demo-causefleet.org,555-0117,2352 Gonzalez Falls,North Angela,TX,12484,Foundation,Under 100,,False,2021-08-03,True
DNR-05123,ORG-HUM-01,Tyler,Colon,synthetic.dnr-05123@demo-causefleet.org,555-0198,939 Laura Center Apt. 112,Karenville,GU,95353,Individual,"1,000-$9,999",,False,2022-03-21,True
