gift_id,donor_id,campaign_id,amount,gift_date,payment_channel,is_pledge,status
GFT-0000001,DNR-00002,CMP-2024-ANN,1160.91,2024-09-20,Credit Card,False,Completed
GFT-0000002,DNR-00002,CMP-2024-ANN,1710.45,2024-11-25,Credit Card,False,Completed
GFT-0000003,DNR-00002,CMP-2024-ANN,2893.34,2024-11-20,Credit Card,False,Completed
GFT-0000004,DNR-00002,CMP-2025-ANN,1895.22,2025-06-09,Credit Card,False,Completed
GFT-0000005,DNR-00002,CMP-2025-ANN,1062.17,2025-02-24,Credit Card,False,Completed
GFT-0000006,DNR-00002,CMP-2026-ANN,2427.94,2026-02-23,Credit Card,False,Completed
GFT-0000007,DNR-00002,CMP-2026-ANN,2262.25,2026-01-02,Credit Card,False,Completed
GFT-0000008,DNR-00003,CMP-2026-ANN,132.96,2026-03-22,Online,False,Completed
GFT-0000009,DNR-00004,CMP-2023-ANN,235.26,2023-08-28,Online,False,Completed
GFT-0000010,DNR-00004,CMP-2025-ANN,154.03,2025-10-11,Online,False,Completed
GFT-0000011,DNR-00004,CMP-2026-ANN,226.55,2026-01-04,Online,False,Completed
GFT-0000012,DNR-00005,CMP-2023-ANN,102.66,2023-03-04,Online,False,Completed
GFT-0000013,DNR-00005,CMP-2025-ANN,34.46,2025-03-03,Online,False,Completed
GFT-0000014,DNR-00006,CMP-2024-ANN,232.9,2024-06-13,Online,False,Completed
GFT-0000015,DNR-00007,CMP-2025-ANN,211.29,2025-12-20,Online,False,Completed
GFT-0000016,DNR-00007,CMP-2026-ANN,151.45,2026-06-29,Online,False,Completed
GFT-0000017,DNR-00008,CMP-2023-ANN,843.18,2023-01-29,Credit Card,False,Completed
GFT-0000018,DNR-00008,CMP-2023-ANN,2039.19,2023-04-02,Credit Card,False,Completed
GFT-0000019,DNR-00008,CMP-2024-ANN,1098.21,2024-02-03,Credit Card,False,Completed
GFT-0000020,DNR-00008,CMP-2024-ANN,626.91,2024-06-01,Credit Card,False,Completed
GFT-0000021,DNR-00008,CMP-2024-ANN,2762.96,2024-12-25,Credit Card,False,Completed
GFT-0000022,DNR-00008,CMP-2025-ANN,2094.86,2025-07-17,Credit Card,False,Completed
GFT-0000023,DNR-00008,CMP-2026-ANN,750.49,2026-09-04,Credit Card,False,Completed
GFT-0000024,DNR-00009,CMP-2024-ANN,131.29,2024-07-02,Online,False,Completed
GFT-0000025,DNR-00009,CMP-2026-ANN,242.02,2026-09-09,Online,False,Completed
GFT-0000026,DNR-00010,CMP-2026-ANN,171.9,2026-05-14,Online,False,Completed
GFT-0000027,DNR-00011,CMP-2025-ANN,171.37,2025-04-06,Online,False,Completed
GFT-0000028,DNR-00012,CMP-2024-ANN,1302.92,2024-03-08,Credit Card,False,Completed
GFT-0000029,DNR-00012,CMP-2024-ANN,2114.74,2024-06-25,Credit Card,False,Completed
GFT-0000030,DNR-00012,CMP-2025-ANN,2130.75,2025-12-19,Credit Card,False,Completed
GFT-0000031,DNR-00012,CMP-2026-ANN,1837.88,2026-05-03,Credit Card,False,Completed
GFT-0000032,DNR-00013,CMP-2023-ANN,2625.83,2023-01-14,Credit Card,False,Completed
GFT-0000033,DNR-00013,CMP-2023-ANN,593.25,2023-10-06,Credit Card,False,Completed
GFT-0000034,DNR-00013,CMP-2023-ANN,2803.68,2023-04-07,Credit Card,False,Completed
GFT-0000035,DNR-00013,CMP-2024-ANN,2705.61,2024-02-29,Credit Card,False,Completed
GFT-0000036,DNR-00013,CMP-2024-ANN,939.47,2024-02-11,Credit Card,False,Completed
GFT-0000037,DNR-00013,CMP-2025-ANN,2992.93,2025-03-09,Credit Card,False,Completed
GFT-0000038,DNR-00013,CMP-2026-ANN,2469.9,2026-02-25,Credit Card,False,Completed
GFT-0000039,DNR-00013,CMP-2026-ANN,965.78,2026-07-25,Credit Card,False,Completed
GFT-0000040,DNR-00015,CMP-2023-ANN,33.43,2023-12-13,Online,False,Completed
GFT-0000041,DNR-00015,CMP-2024-ANN,160.63,2024-05-27,Online,False,Completed
GFT-0000042,DNR-00015,CMP-2026-ANN,127.23,2026-06-21,Online,False,Completed
GFT-0000043,DNR-00016,CMP-2024-ANN,225.08,2024-02-07,Online,False,Completed
GFT-0000044,DNR-00016,CMP-2025-ANN,138.45,2025-10-02,Online,False,Completed
GFT-0000045,DNR-00016,CMP-2026-ANN,206.98,2026-09-19,Online,False,Completed
GFT-0000046,DNR-00017,CMP-2025-ANN,189.5,2025-12-08,Online,False,Completed
GFT-0000047,DNR-00018,CMP-2025-ANN,100.85,2025-07-16,Online,False,Completed
GFT-0000048,DNR-00018,CMP-2026-ANN,176.74,2026-08-06,Online,False,Completed
GFT-0000049,DNR-00019,CMP-2023-ANN,162.46,2023-10-18,Online,False,Completed
GFT-0000050,DNR-00019,CMP-2025-ANN,121.23,2025-08-27,Online,False,Completed
GFT-0000051,DNR-00019,CMP-2026-ANN,115.19,2026-04-07,Online,False,Completed
GFT-0000052,DNR-00020,CMP-2023-ANN,245.88,2023-12-10,Online,False,Completed
GFT-0000053,DNR-00020,CMP-2024-ANN,235.56,2024-02-19,Online,False,Completed
GFT-0000054,DNR-00020,CMP-2025-ANN,111.3,2025-01-22,Online,False,Completed
GFT-0000055,DNR-00020,CMP-2026-ANN,85.07,2026-08-17,Online,False,Completed
GFT-0000056,DNR-00021,CMP-2025-ANN,156.05,2025-07-06,Online,False,Completed
GFT-0000057,DNR-00021,CMP-2026-ANN,83.85,2026-04-16,Online,False,Completed
GFT-0000058,DNR-00022,CMP-2023-ANN,78.17,2023-09-18,Online,False,Completed
GFT-0000059,DNR-00022,CMP-2025-ANN,60.94,2025-10-30,Online,False,Completed
GFT-0000060,DNR-00025,CMP-2024-ANN,74.69,2024-12-27,Online,False,Completed
GFT-0000061,DNR-00025,CMP-2026-ANN,127.37,2026-04-13,Online,False,Completed
GFT-0000062,DNR-00026,CMP-2024-ANN,182.94,2024-06-16,Online,False,Completed
GFT-0000063,DNR-00028,CMP-2024-ANN,202.16,2024-12-14,Online,False,Completed
GFT-0000064,DNR-00028,CMP-2025-ANN,143.84,2025-05-19,Online,False,Completed
GFT-0000065,DNR-00028,CMP-2026-ANN,231.38,2026-04-01,Online,False,Completed
GFT-0000066,DNR-00029,CMP-2023-ANN,211.47,2023-01-18,Online,False,Completed
GFT-0000067,DNR-00029,CMP-2025-ANN,145.75,2025-04-05,Online,False,Completed
GFT-0000068,DNR-00029,CMP-2026-ANN,217.26,2026-04-07,Online,False,Completed
GFT-0000069,DNR-00030,CMP-2025-ANN,178.07,2025-11-16,Online,False,Completed
GFT-0000070,DNR-00031,CMP-2024-ANN,227.25,2024-07-30,Online,False,Completed
GFT-0000071,DNR-00031,CMP-2025-ANN,37.52,2025-11-09,Online,False,Completed
GFT-0000072,DNR-00031,CMP-2026-ANN,118.47,2026-08-29,Online,False,Completed
GFT-0000073,DNR-00032,CMP-2023-ANN,150.73,2023-06-27,Online,False,Completed
GFT-0000074,DNR-00032,CMP-2025-ANN,29.9,2025-10-14,Online,False,Completed
GFT-0000075,DNR-00032,CMP-2026-ANN,25.68,2026-08-14,Online,False,Completed
GFT-0000076,DNR-00033,CMP-2023-ANN,41.43,2023-07-27,Online,False,Completed
GFT-0000077,DNR-00033,CMP-2024-ANN,182.59,2024-07-23,Online,False,Completed
GFT-0000078,DNR-00033,CMP-2025-ANN,38.56,2025-05-09,Online,False,Completed
GFT-0000079,DNR-00034,CMP-2024-ANN,579.34,2024-12-08,Credit Card,False,Completed
GFT-0000080,DNR-00034,CMP-2024-ANN,1522.17,2024-12-08,Credit Card,False,Completed
GFT-0000081,DNR-00034,CMP-2025-ANN,2414.57,2025-07-29,Credit Card,False,Completed
GFT-0000082,DNR-00034,CMP-2026-ANN,2114.7,2026-02-16,Credit Card,False,Completed
GFT-0000083,DNR-00034,CMP-2026-ANN,1550.9,2026-04-28,Credit Card,False,Completed
GFT-0000084,DNR-00034,CMP-2026-ANN,2982.14,2026-01-03,Credit Card,False,Completed
GFT-0000085,DNR-00035,CMP-2024-ANN,1621.34,2024-09-20,Credit Card,False,Completed
GFT-0000086,DNR-00035,CMP-2024-ANN,2792.79,2024-10-12,Credit Card,False,Completed
GFT-0000087,DNR-00035,CMP-2025-ANN,1439.11,2025-10-04,Credit Card,False,Completed
GFT-0000088,DNR-00035,CMP-2025-ANN,2206.83,2025-02-08,Credit Card,False,Completed
GFT-0000089,DNR-00035,CMP-2026-ANN,2686.38,2026-03-06,Credit Card,False,Completed
GFT-0000090,DNR-00035,CMP-2026-ANN,832.47,2026-07-03,Credit Card,False,Completed
GFT-0000091,DNR-00035,CMP-2026-ANN,2650.72,2026-02-11,Credit Card,False,Completed
GFT-0000092,DNR-00036,CMP-2025-ANN,946.18,2025-09-26,Credit Card,False,Completed
GFT-0000093,DNR-00036,CMP-2026-ANN,1482.65,2026-02-08,Credit Card,False,Completed
GFT-0000094,DNR-00036,CMP-2026-ANN,818.37,2026-03-08,Credit Card,False,Completed
GFT-0000095,DNR-00036,CMP-2026-ANN,2946.81,2026-09-13,Credit Card,False,Completed
GFT-0000096,DNR-00037,CMP-2026-ANN,186.8,2026-07-02,Online,False,Completed
GFT-0000097,DNR-00038,CMP-2023-ANN,110.34,2023-12-28,Online,False,Completed
GFT-0000098,DNR-00038,CMP-2024-ANN,128.64,2024-10-02,Online,False,Completed
GFT-0000099,DNR-00038,CMP-2025-ANN,67.41,2025-05-02,Online,False,Completed
GFT-0000100,DNR-00039,CMP-2025-ANN,173.54,2025-07-23,Online,False,Completed
GFT-0000101,DNR-00040,CMP-2026-ANN,40.14,2026-05-26,Online,False,Completed
GFT-0000102,DNR-00041,CMP-2023-ANN,125.45,2023-12-15,Online,False,Completed
GFT-0000103,DNR-00041,CMP-2026-ANN,34.95,2026-08-23,Online,False,Completed
GFT-0000104,DNR-00042,CMP-2023-ANN,50000.0,2023-11-15,Wire Transfer,True,Completed
GFT-0000105,DNR-00042,CMP-2024-ANN,50000.0,2024-11-10,Wire Transfer,True,Completed
GFT-0000106,DNR-00042,CMP-2025-ANN,50000.0,2025-11-20,Wire Transfer,True,Completed
GFT-0000107,DNR-00042,CMP-2026-ANN,5000.0,2026-06-12,Online,False,Completed
GFT-0000108,DNR-00043,CMP-2023-ANN,146.45,2023-08-01,Online,False,Completed
GFT-0000109,DNR-00043,CMP-2026-ANN,248.53,2026-08-21,Online,False,Completed
GFT-0000110,DNR-00044,CMP-2024-ANN,2539.47,2024-04-03,Credit Card,False,Completed
GFT-0000111,DNR-00044,CMP-2025-ANN,1940.28,2025-05-06,Credit Card,False,Completed
GFT-0000112,DNR-00044,CMP-2025-ANN,1943.69,2025-07-11,Credit Card,False,Completed
GFT-0000113,DNR-00044,CMP-2025-ANN,2431.35,2025-03-16,Credit Card,False,Completed
GFT-0000114,DNR-00044,CMP-2026-ANN,1092.26,2026-06-14,Credit Card,False,Completed
GFT-0000115,DNR-00044,CMP-2026-ANN,2690.65,2026-09-29,Credit Card,False,Completed
GFT-0000116,DNR-00045,CMP-2025-ANN,118.05,2025-01-16,Online,False,Completed
GFT-0000117,DNR-00045,CMP-2026-ANN,150.26,2026-08-23,Online,False,Completed
GFT-0000118,DNR-00046,CMP-2025-ANN,190.42,2025-05-14,Online,False,Completed
GFT-0000119,DNR-00046,CMP-2026-ANN,177.72,2026-09-22,Online,False,Completed
GFT-0000120,DNR-00047,CMP-2023-ANN,35.55,2023-06-26,Online,False,Completed
GFT-0000121,DNR-00047,CMP-2024-ANN,169.75,2024-11-18,Online,False,Completed
GFT-0000122,DNR-00047,CMP-2025-ANN,143.0,2025-09-22,Online,False,Completed
GFT-0000123,DNR-00048,CMP-2023-ANN,92.47,2023-07-15,Online,False,Completed
GFT-0000124,DNR-00048,CMP-2024-ANN,146.03,2024-10-20,Online,False,Completed
GFT-0000125,DNR-00048,CMP-2025-ANN,75.7,2025-03-23,Online,False,Completed
GFT-0000126,DNR-00049,CMP-2025-ANN,129.18,2025-11-30,Online,False,Completed
GFT-0000127,DNR-00049,CMP-2026-ANN,117.85,2026-03-20,Online,False,Completed
GFT-0000128,DNR-00050,CMP-2023-ANN,144.25,2023-06-22,Online,False,Completed
GFT-0000129,DNR-00050,CMP-2024-ANN,82.37,2024-06-04,Online,False,Completed
GFT-0000130,DNR-00050,CMP-2025-ANN,42.79,2025-06-21,Online,False,Completed
GFT-0000131,DNR-00050,CMP-2026-ANN,108.49,2026-08-04,Online,False,Completed
GFT-0000132,DNR-00051,CMP-2023-ANN,2311.46,2023-08-02,Credit Card,False,Completed
GFT-0000133,DNR-00051,CMP-2023-ANN,976.2,2023-09-09,Credit Card,False,Completed
GFT-0000134,DNR-00051,CMP-2023-ANN,1171.15,2023-11-11,Credit Card,False,Completed
GFT-0000135,DNR-00051,CMP-2024-ANN,2012.42,2024-07-29,Credit Card,False,Completed
GFT-0000136,DNR-00051,CMP-2024-ANN,598.87,2024-08-22,Credit Card,False,Completed
GFT-0000137,DNR-00051,CMP-2024-ANN,681.96,2024-09-22,Credit Card,False,Completed
GFT-0000138,DNR-00051,CMP-2025-ANN,2310.76,2025-04-29,Credit Card,False,Completed
GFT-0000139,DNR-00051,CMP-2025-ANN,1897.13,2025-11-01,Credit Card,False,Completed
GFT-0000140,DNR-00051,CMP-2025-ANN,1698.49,2025-11-15,Credit Card,False,Completed
GFT-0000141,DNR-00051,CMP-2026-ANN,1257.97,2026-06-07,Credit Card,False,Completed
GFT-0000142,DNR-00051,CMP-2026-ANN,2772.49,2026-01-10,Credit Card,False,Completed
GFT-0000143,DNR-00052,CMP-2024-ANN,67.76,2024-07-26,Online,False,Completed
GFT-0000144,DNR-00053,CMP-2024-ANN,2786.1,2024-10-15,Credit Card,False,Completed
GFT-0000145,DNR-00053,CMP-2024-ANN,2239.07,2024-12-23,Credit Card,False,Completed
GFT-0000146,DNR-00053,CMP-2025-ANN,1011.28,2025-10-02,Credit Card,False,Completed
GFT-0000147,DNR-00053,CMP-2025-ANN,2787.82,2025-05-06,Credit Card,False,Completed
GFT-0000148,DNR-00053,CMP-2025-ANN,1880.2,2025-09-13,Credit Card,False,Completed
GFT-0000149,DNR-00053,CMP-2026-ANN,1451.65,2026-01-07,Credit Card,False,Completed
GFT-0000150,DNR-00053,CMP-2026-ANN,1834.13,2026-04-29,Credit Card,False,Completed
GFT-0000151,DNR-00054,CMP-2024-ANN,1271.06,2024-12-14,Credit Card,False,Completed
GFT-0000152,DNR-00054,CMP-2024-ANN,1399.11,2024-12-26,Credit Card,False,Completed
GFT-0000153,DNR-00054,CMP-2025-ANN,1665.01,2025-11-18,Credit Card,False,Completed
GFT-0000154,DNR-00054,CMP-2025-ANN,2507.04,2025-03-31,Credit Card,False,Completed
GFT-0000155,DNR-00054,CMP-2026-ANN,1673.73,2026-05-04,Credit Card,False,Completed
GFT-0000156,DNR-00054,CMP-2026-ANN,2599.33,2026-04-29,Credit Card,False,Completed
GFT-0000157,DNR-00054,CMP-2026-ANN,2785.83,2026-02-26,Credit Card,False,Completed
GFT-0000158,DNR-00055,CMP-2023-ANN,118.13,2023-09-05,Online,False,Completed
GFT-0000159,DNR-00055,CMP-2024-ANN,74.79,2024-03-29,Online,False,Completed
GFT-0000160,DNR-00055,CMP-2025-ANN,83.67,2025-10-06,Online,False,Completed
GFT-0000161,DNR-00056,CMP-2024-ANN,2300.03,2024-12-22,Credit Card,False,Completed
GFT-0000162,DNR-00056,CMP-2024-ANN,1237.98,2024-11-08,Credit Card,False,Completed
GFT-0000163,DNR-00056,CMP-2024-ANN,990.48,2024-12-13,Credit Card,False,Completed
GFT-0000164,DNR-00056,CMP-2025-ANN,1449.6,2025-05-30,Credit Card,False,Completed
GFT-0000165,DNR-00056,CMP-2026-ANN,1748.25,2026-04-26,Credit Card,False,Completed
GFT-0000166,DNR-00057,CMP-2025-ANN,209.86,2025-04-24,Online,False,Completed
GFT-0000167,DNR-00058,CMP-2026-ANN,62.85,2026-09-06,Online,False,Completed
GFT-0000168,DNR-00059,CMP-2025-ANN,187.07,2025-08-14,Online,False,Completed
GFT-0000169,DNR-00059,CMP-2026-ANN,231.3,2026-06-03,Online,False,Completed
GFT-0000170,DNR-00060,CMP-2023-ANN,169.41,2023-03-07,Online,False,Completed
GFT-0000171,DNR-00060,CMP-2024-ANN,32.61,2024-05-28,Online,False,Completed
GFT-0000172,DNR-00061,CMP-2025-ANN,214.57,2025-03-01,Online,False,Completed
GFT-0000173,DNR-00061,CMP-2026-ANN,184.11,2026-05-10,Online,False,Completed
GFT-0000174,DNR-00062,CMP-2023-ANN,138.79,2023-03-02,Online,False,Completed
GFT-0000175,DNR-00062,CMP-2024-ANN,164.01,2024-04-05,Online,False,Completed
GFT-0000176,DNR-00063,CMP-2023-ANN,2148.21,2023-03-24,Credit Card,False,Completed
GFT-0000177,DNR-00063,CMP-2023-ANN,539.33,2023-09-30,Credit Card,False,Completed
GFT-0000178,DNR-00063,CMP-2024-ANN,1879.11,2024-03-10,Credit Card,False,Completed
GFT-0000179,DNR-00063,CMP-2024-ANN,529.63,2024-11-07,Credit Card,False,Completed
GFT-0000180,DNR-00063,CMP-2024-ANN,1823.54,2024-08-10,Credit Card,False,Completed
GFT-0000181,DNR-00063,CMP-2025-ANN,1839.35,2025-07-26,Credit Card,False,Completed
GFT-0000182,DNR-00063,CMP-2025-ANN,1216.72,2025-12-23,Credit Card,False,Completed
GFT-0000183,DNR-00063,CMP-2026-ANN,2532.89,2026-03-30,Credit Card,False,Completed
GFT-0000184,DNR-00063,CMP-2026-ANN,2185.08,2026-04-21,Credit Card,False,Completed
GFT-0000185,DNR-00063,CMP-2026-ANN,2515.42,2026-03-29,Credit Card,False,Completed
GFT-0000186,DNR-00064,CMP-2024-ANN,46.67,2024-10-18,Online,False,Completed
GFT-0000187,DNR-00064,CMP-2025-ANN,68.18,2025-02-09,Online,False,Completed
GFT-0000188,DNR-00064,CMP-2026-ANN,208.42,2026-09-12,Online,False,Completed
GFT-0000189,DNR-00065,CMP-2024-ANN,114.3,2024-05-18,Online,False,Completed
GFT-0000190,DNR-00065,CMP-2025-ANN,116.36,2025-03-26,Online,False,Completed
GFT-0000191,DNR-00065,CMP-2026-ANN,247.8,2026-02-22,Online,False,Completed
GFT-0000192,DNR-00066,CMP-2023-ANN,178.91,2023-12-08,Online,False,Completed
GFT-0000193,DNR-00067,CMP-2026-ANN,110.33,2026-04-19,Online,False,Completed
GFT-0000194,DNR-00068,CMP-2024-ANN,1690.01,2024-09-12,Credit Card,False,Completed
GFT-0000195,DNR-00068,CMP-2024-ANN,2091.87,2024-05-05,Credit Card,False,Completed
GFT-0000196,DNR-00068,CMP-2024-ANN,2257.11,2024-12-12,Credit Card,False,Completed
GFT-0000197,DNR-00068,CMP-2025-ANN,1749.65,2025-10-09,Credit Card,False,Completed
GFT-0000198,DNR-00068,CMP-2026-ANN,2112.27,2026-05-01,Credit Card,False,Completed
GFT-0000199,DNR-00068,CMP-2026-ANN,1328.18,2026-08-09,Credit Card,False,Completed
GFT-0000200,DNR-00070,CMP-2025-ANN,31117.74,2025-09-06,Check,True,Completed
GFT-0000201,DNR-00070,CMP-2026-ANN,25911.6,2026-06-24,Check,True,Completed
GFT-0000202,DNR-00071,CMP-2023-ANN,220.33,2023-11-23,Online,False,Completed
GFT-0000203,DNR-00071,CMP-2025-ANN,35.48,2025-01-13,Online,False,Completed
GFT-0000204,DNR-00071,CMP-2026-ANN,233.26,2026-04-07,Online,False,Completed
GFT-0000205,DNR-00072,CMP-2024-ANN,32.4,2024-09-17,Online,False,Completed
GFT-0000206,DNR-00072,CMP-2026-ANN,241.33,2026-01-24,Online,False,Completed
GFT-0000207,DNR-00073,CMP-2024-ANN,194.26,2024-09-10,Online,False,Completed
GFT-0000208,DNR-00073,CMP-2026-ANN,42.31,2026-08-04,Online,False,Completed
GFT-0000209,DNR-00074,CMP-2023-ANN,1909.9,2023-07-25,Credit Card,False,Completed
GFT-0000210,DNR-00074,CMP-2024-ANN,2586.63,2024-04-07,Credit Card,False,Completed
GFT-0000211,DNR-00074,CMP-2024-ANN,1472.89,2024-11-09,Credit Card,False,Completed
GFT-0000212,DNR-00074,CMP-2024-ANN,2741.31,2024-06-03,Credit Card,False,Completed
GFT-0000213,DNR-00074,CMP-2025-ANN,1459.62,2025-03-28,Credit Card,False,Completed
GFT-0000214,DNR-00074,CMP-2025-ANN,2349.36,2025-04-01,Credit Card,False,Completed
GFT-0000215,DNR-00074,CMP-2026-ANN,2310.41,2026-06-29,Credit Card,False,Completed
GFT-0000216,DNR-00074,CMP-2026-ANN,1751.98,2026-05-06,Credit Card,False,Completed
GFT-0000217,DNR-00074,CMP-2026-ANN,2935.81,2026-05-26,Credit Card,False,Completed
GFT-0000218,DNR-00075,CMP-2024-ANN,123.34,2024-11-09,Online,False,Completed
GFT-0000219,DNR-00075,CMP-2026-ANN,198.03,2026-09-21,Online,False,Completed
GFT-0000220,DNR-00076,CMP-2025-ANN,199.05,2025-07-09,Online,False,Completed
GFT-0000221,DNR-00076,CMP-2026-ANN,86.5,2026-03-13,Online,False,Completed
GFT-0000222,DNR-00077,CMP-2026-ANN,105.06,2026-03-20,Online,False,Completed
GFT-0000223,DNR-00078,CMP-2024-ANN,177.93,2024-03-09,Online,False,Completed
GFT-0000224,DNR-00078,CMP-2026-ANN,164.19,2026-08-22,Online,False,Completed
GFT-0000225,DNR-00079,CMP-2025-ANN,59.7,2025-06-23,Online,False,Completed
GFT-0000226,DNR-00080,CMP-2025-ANN,48.97,2025-02-13,Online,False,Completed
GFT-0000227,DNR-00080,CMP-2026-ANN,94.36,2026-04-29,Online,False,Completed
GFT-0000228,DNR-00081,CMP-2023-ANN,2403.37,2023-07-22,Credit Card,False,Completed
GFT-0000229,DNR-00081,CMP-2023-ANN,755.58,2023-05-30,Credit Card,False,Completed
GFT-0000230,DNR-00081,CMP-2024-ANN,968.48,2024-01-24,Credit Card,False,Completed
GFT-0000231,DNR-00081,CMP-2025-ANN,1892.46,2025-09-25,Credit Card,False,Completed
GFT-0000232,DNR-00081,CMP-2025-ANN,1781.1,2025-04-14,Credit Card,False,Completed
GFT-0000233,DNR-00081,CMP-2026-ANN,565.65,2026-04-14,Credit Card,False,Completed
GFT-0000234,DNR-00082,CMP-2025-ANN,45.94,2025-11-25,Online,False,Completed
GFT-0000235,DNR-00082,CMP-2026-ANN,98.0,2026-01-07,Online,False,Completed
GFT-0000236,DNR-00083,CMP-2023-ANN,90.67,2023-03-15,Online,False,Completed
GFT-0000237,DNR-00083,CMP-2024-ANN,44.06,2024-06-15,Online,False,Completed
GFT-0000238,DNR-00084,CMP-2026-ANN,63.16,2026-05-11,Online,False,Completed
GFT-0000239,DNR-00085,CMP-2025-ANN,56.24,2025-11-06,Online,False,Completed
GFT-0000240,DNR-00085,CMP-2026-ANN,135.95,2026-03-04,Online,False,Completed
GFT-0000241,DNR-00086,CMP-2024-ANN,122.8,2024-09-27,Online,False,Completed
GFT-0000242,DNR-00086,CMP-2025-ANN,133.95,2025-02-13,Online,False,Completed
GFT-0000243,DNR-00086,CMP-2026-ANN,81.63,2026-08-13,Online,False,Completed
GFT-0000244,DNR-00087,CMP-2024-ANN,165.63,2024-12-23,Online,False,Completed
GFT-0000245,DNR-00087,CMP-2025-ANN,69.0,2025-05-06,Online,False,Completed
GFT-0000246,DNR-00087,CMP-2026-ANN,93.55,2026-09-12,Online,False,Completed
GFT-0000247,DNR-00088,CMP-2024-ANN,164.54,2024-11-11,Online,False,Completed
GFT-0000248,DNR-00088,CMP-2026-ANN,100.32,2026-05-03,Online,False,Completed
GFT-0000249,DNR-00089,CMP-2024-ANN,2935.56,2024-12-22,Credit Card,False,Completed
GFT-0000250,DNR-00089,CMP-2024-ANN,840.31,2024-10-19,Credit Card,False,Completed
GFT-0000251,DNR-00089,CMP-2024-ANN,1301.66,2024-11-28,Credit Card,False,Completed
GFT-0000252,DNR-00089,CMP-2025-ANN,1002.13,2025-10-09,Credit Card,False,Completed
GFT-0000253,DNR-00089,CMP-2025-ANN,1285.46,2025-07-04,Credit Card,False,Completed
GFT-0000254,DNR-00089,CMP-2025-ANN,2911.44,2025-04-28,Credit Card,False,Completed
GFT-0000255,DNR-00089,CMP-2026-ANN,1228.62,2026-02-17,Credit Card,False,Completed
GFT-0000256,DNR-00089,CMP-2026-ANN,2237.39,2026-04-20,Credit Card,False,Completed
GFT-0000257,DNR-00090,CMP-2023-ANN,154.57,2023-12-16,Online,False,Completed
GFT-0000258,DNR-00090,CMP-2024-ANN,109.61,2024-09-19,Online,False,Completed
GFT-0000259,DNR-00090,CMP-2026-ANN,50.62,2026-01-04,Online,False,Completed
GFT-0000260,DNR-00091,CMP-2023-ANN,158.25,2023-11-28,Online,False,Completed
GFT-0000261,DNR-00091,CMP-2024-ANN,178.39,2024-07-08,Online,False,Completed
GFT-0000262,DNR-00091,CMP-2025-ANN,239.43,2025-08-07,Online,False,Completed
GFT-0000263,DNR-00091,CMP-2026-ANN,184.38,2026-03-02,Online,False,Completed
GFT-0000264,DNR-00092,CMP-2024-ANN,90.55,2024-05-26,Online,False,Completed
GFT-0000265,DNR-00093,CMP-2025-ANN,137.34,2025-02-14,Online,False,Completed
GFT-0000266,DNR-00094,CMP-2023-ANN,173.2,2023-07-24,Online,False,Completed
GFT-0000267,DNR-00094,CMP-2026-ANN,247.91,2026-04-10,Online,False,Completed
GFT-0000268,DNR-00095,CMP-2023-ANN,115.18,2023-07-03,Online,False,Completed
GFT-0000269,DNR-00095,CMP-2024-ANN,232.09,2024-12-26,Online,False,Completed
GFT-0000270,DNR-00095,CMP-2026-ANN,202.91,2026-01-29,Online,False,Completed
GFT-0000271,DNR-00096,CMP-2025-ANN,226.49,2025-09-01,Online,False,Completed
GFT-0000272,DNR-00096,CMP-2026-ANN,168.59,2026-04-28,Online,False,Completed
GFT-0000273,DNR-00097,CMP-2025-ANN,198.01,2025-08-31,Online,False,Completed
GFT-0000274,DNR-00098,CMP-2023-ANN,170.57,2023-12-16,Online,False,Completed
GFT-0000275,DNR-00098,CMP-2024-ANN,246.31,2024-11-18,Online,False,Completed
GFT-0000276,DNR-00098,CMP-2026-ANN,194.35,2026-08-04,Online,False,Completed
GFT-0000277,DNR-00099,CMP-2026-ANN,27.37,2026-03-13,Online,False,Completed
GFT-0000278,DNR-00100,CMP-2023-ANN,139.9,2023-01-25,Online,False,Completed
GFT-0000279,DNR-00100,CMP-2024-ANN,155.62,2024-09-04,Online,False,Completed
GFT-0000280,DNR-00100,CMP-2025-ANN,125.3,2025-01-14,Online,False,Completed
GFT-0000281,DNR-00100,CMP-2026-ANN,198.78,2026-09-16,Online,False,Completed
GFT-0000282,DNR-00101,CMP-2023-ANN,137.6,2023-02-16,Online,False,Completed
GFT-0000283,DNR-00101,CMP-2024-ANN,30.53,2024-04-12,Online,False,Completed
GFT-0000284,DNR-00101,CMP-2025-ANN,118.59,2025-05-26,Online,False,Completed
GFT-0000285,DNR-00102,CMP-2023-ANN,236.65,2023-09-16,Online,False,Completed
GFT-0000286,DNR-00102,CMP-2024-ANN,95.18,2024-07-20,Online,False,Completed
GFT-0000287,DNR-00102,CMP-2025-ANN,71.55,2025-10-10,Online,False,Completed
GFT-0000288,DNR-00102,CMP-2026-ANN,132.14,2026-04-28,Online,False,Completed
GFT-0000289,DNR-00103,CMP-2023-ANN,181.77,2023-06-18,Online,False,Completed
GFT-0000290,DNR-00103,CMP-2024-ANN,92.56,2024-04-04,Online,False,Completed
GFT-0000291,DNR-00103,CMP-2026-ANN,216.07,2026-04-13,Online,False,Completed
GFT-0000292,DNR-00104,CMP-2025-ANN,246.38,2025-12-01,Online,False,Completed
GFT-0000293,DNR-00104,CMP-2026-ANN,64.25,2026-08-09,Online,False,Completed
GFT-0000294,DNR-00105,CMP-2023-ANN,1327.47,2023-09-17,Credit Card,False,Completed
GFT-0000295,DNR-00105,CMP-2024-ANN,2896.16,2024-10-03,Credit Card,False,Completed
GFT-0000296,DNR-00105,CMP-2024-ANN,1079.64,2024-06-06,Credit Card,False,Completed
GFT-0000297,DNR-00105,CMP-2025-ANN,2074.4,2025-03-14,Credit Card,False,Completed
GFT-0000298,DNR-00105,CMP-2025-ANN,965.97,2025-04-05,Credit Card,False,Completed
GFT-0000299,DNR-00105,CMP-2026-ANN,1580.34,2026-02-23,Credit Card,False,Completed
GFT-0000300,DNR-00105,CMP-2026-ANN,572.98,2026-01-26,Credit Card,False,Completed
GFT-0000301,DNR-00105,CMP-2026-ANN,2035.27,2026-01-24,Credit Card,False,Completed
GFT-0000302,DNR-00106,CMP-2025-ANN,158.25,2025-09-19,Online,False,Completed
GFT-0000303,DNR-00106,CMP-2026-ANN,183.57,2026-02-06,Online,False,Completed
GFT-0000304,DNR-00107,CMP-2023-ANN,194.27,2023-02-24,Online,False,Completed
GFT-0000305,DNR-00107,CMP-2025-ANN,47.89,2025-09-24,Online,False,Completed
GFT-0000306,DNR-00108,CMP-2025-ANN,98.35,2025-10-12,Online,False,Completed
GFT-0000307,DNR-00108,CMP-2026-ANN,84.03,2026-09-28,Online,False,Completed
GFT-0000308,DNR-00109,CMP-2024-ANN,168.8,2024-04-20,Online,False,Completed
GFT-0000309,DNR-00109,CMP-2025-ANN,162.54,2025-01-03,Online,False,Completed
GFT-0000310,DNR-00109,CMP-2026-ANN,103.28,2026-03-04,Online,False,Completed
GFT-0000311,DNR-00111,CMP-2023-ANN,163.26,2023-10-08,Online,False,Completed
GFT-0000312,DNR-00111,CMP-2024-ANN,55.14,2024-08-20,Online,False,Completed
GFT-0000313,DNR-00111,CMP-2025-ANN,93.71,2025-10-12,Online,False,Completed
GFT-0000314,DNR-00111,CMP-2026-ANN,181.02,2026-03-04,Online,False,Completed
GFT-0000315,DNR-00112,CMP-2024-ANN,119.1,2024-12-12,Online,False,Completed
GFT-0000316,DNR-00112,CMP-2025-ANN,111.33,2025-08-25,Online,False,Completed
GFT-0000317,DNR-00112,CMP-2026-ANN,167.99,2026-04-20,Online,False,Completed
GFT-0000318,DNR-00113,CMP-2025-ANN,2797.9,2025-07-31,Credit Card,False,Completed
GFT-0000319,DNR-00113,CMP-2025-ANN,2826.74,2025-05-23,Credit Card,False,Completed
GFT-0000320,DNR-00113,CMP-2025-ANN,933.09,2025-05-03,Credit Card,False,Completed
GFT-0000321,DNR-00113,CMP-2026-ANN,1724.11,2026-05-10,Credit Card,False,Completed
GFT-0000322,DNR-00114,CMP-2023-ANN,967.75,2023-11-20,Credit Card,False,Completed
GFT-0000323,DNR-00114,CMP-2024-ANN,2048.52,2024-12-18,Credit Card,False,Completed
GFT-0000324,DNR-00114,CMP-2024-ANN,2663.81,2024-07-19,Credit Card,False,Completed
GFT-0000325,DNR-00114,CMP-2025-ANN,1711.52,2025-02-04,Credit Card,False,Completed
GFT-0000326,DNR-00114,CMP-2026-ANN,2538.04,2026-08-27,Credit Card,False,Completed
GFT-0000327,DNR-00115,CMP-2026-ANN,136.37,2026-09-09,Online,False,Completed
GFT-0000328,DNR-00116,CMP-2024-ANN,1729.31,2024-07-19,Credit Card,False,Completed
GFT-0000329,DNR-00116,CMP-2024-ANN,2275.36,2024-04-04,Credit Card,False,Completed
GFT-0000330,DNR-00116,CMP-2024-ANN,1609.63,2024-09-26,Credit Card,False,Completed
GFT-0000331,DNR-00116,CMP-2025-ANN,706.68,2025-08-18,Credit Card,False,Completed
GFT-0000332,DNR-00116,CMP-2026-ANN,2489.7,2026-08-09,Credit Card,False,Completed
GFT-0000333,DNR-00117,CMP-2023-ANN,1230.22,2023-12-12,Credit Card,False,Completed
GFT-0000334,DNR-00117,CMP-2024-ANN,1062.11,2024-02-07,Credit Card,False,Completed
GFT-0000335,DNR-00117,CMP-2024-ANN,1221.68,2024-01-28,Credit Card,False,Completed
GFT-0000336,DNR-00117,CMP-2025-ANN,1914.13,2025-05-05,Credit Card,False,Completed
GFT-0000337,DNR-00117,CMP-2025-ANN,2431.37,2025-03-16,Credit Card,False,Completed
GFT-0000338,DNR-00117,CMP-2026-ANN,1874.32,2026-06-07,Credit Card,False,Completed
GFT-0000339,DNR-00117,CMP-2026-ANN,783.03,2026-04-10,Credit Card,False,Completed
GFT-0000340,DNR-00118,CMP-2025-ANN,199.4,2025-07-20,Online,False,Completed
GFT-0000341,DNR-00119,CMP-2023-ANN,1855.11,2023-08-31,Credit Card,False,Completed
GFT-0000342,DNR-00119,CMP-2023-ANN,2391.97,2023-12-17,Credit Card,False,Completed
GFT-0000343,DNR-00119,CMP-2024-ANN,1603.42,2024-02-01,Credit Card,False,Completed
GFT-0000344,DNR-00119,CMP-2024-ANN,1046.35,2024-05-23,Credit Card,False,Completed
GFT-0000345,DNR-00119,CMP-2024-ANN,1562.89,2024-01-23,Credit Card,False,Completed
GFT-0000346,DNR-00119,CMP-2025-ANN,2575.18,2025-01-19,Credit Card,False,Completed
GFT-0000347,DNR-00119,CMP-2025-ANN,2378.36,2025-03-28,Credit Card,False,Completed
GFT-0000348,DNR-00119,CMP-2025-ANN,1244.27,2025-07-01,Credit Card,False,Completed
GFT-0000349,DNR-00119,CMP-2026-ANN,1624.33,2026-01-20,Credit Card,False,Completed
GFT-0000350,DNR-00120,CMP-2023-ANN,208.76,2023-09-27,Online,False,Completed
GFT-0000351,DNR-00120,CMP-2024-ANN,248.64,2024-10-01,Online,False,Completed
GFT-0000352,DNR-00120,CMP-2026-ANN,207.41,2026-05-04,Online,False,Completed
GFT-0000353,DNR-00121,CMP-2024-ANN,2222.83,2024-11-01,Credit Card,False,Completed
GFT-0000354,DNR-00121,CMP-2024-ANN,2652.62,2024-11-30,Credit Card,False,Completed
GFT-0000355,DNR-00121,CMP-2024-ANN,2025.65,2024-11-18,Credit Card,False,Completed
GFT-0000356,DNR-00121,CMP-2025-ANN,914.95,2025-12-25,Credit Card,False,Completed
GFT-0000357,DNR-00121,CMP-2025-ANN,848.09,2025-06-20,Credit Card,False,Completed
GFT-0000358,DNR-00121,CMP-2026-ANN,2533.82,2026-04-23,Credit Card,False,Completed
GFT-0000359,DNR-00122,CMP-2023-ANN,1925.19,2023-11-22,Credit Card,False,Completed
GFT-0000360,DNR-00122,CMP-2024-ANN,1202.71,2024-03-31,Credit Card,False,Completed
GFT-0000361,DNR-00122,CMP-2024-ANN,1846.92,2024-07-03,Credit Card,False,Completed
GFT-0000362,DNR-00122,CMP-2024-ANN,1309.13,2024-01-02,Credit Card,False,Completed
GFT-0000363,DNR-00122,CMP-2025-ANN,1231.59,2025-09-08,Credit Card,False,Completed
GFT-0000364,DNR-00122,CMP-2025-ANN,1931.84,2025-03-31,Credit Card,False,Completed
GFT-0000365,DNR-00122,CMP-2025-ANN,2880.99,2025-02-01,Credit Card,False,Completed
GFT-0000366,DNR-00122,CMP-2026-ANN,2963.72,2026-05-11,Credit Card,False,Completed
GFT-0000367,DNR-00122,CMP-2026-ANN,2198.25,2026-01-21,Credit Card,False,Completed
GFT-0000368,DNR-00122,CMP-2026-ANN,738.06,2026-05-25,Credit Card,False,Completed
GFT-0000369,DNR-00124,CMP-2025-ANN,219.87,2025-08-30,Online,False,Completed
GFT-0000370,DNR-00124,CMP-2026-ANN,185.06,2026-05-01,Online,False,Completed
GFT-0000371,DNR-00126,CMP-2024-ANN,154.92,2024-08-30,Online,False,Completed
GFT-0000372,DNR-00126,CMP-2025-ANN,118.2,2025-08-06,Online,False,Completed
GFT-0000373,DNR-00126,CMP-2026-ANN,167.57,2026-05-27,Online,False,Completed
GFT-0000374,DNR-00127,CMP-2024-ANN,1507.13,2024-12-08,Credit Card,False,Completed
GFT-0000375,DNR-00127,CMP-2025-ANN,1195.56,2025-07-24,Credit Card,False,Completed
GFT-0000376,DNR-00127,CMP-2025-ANN,2840.84,2025-12-06,Credit Card,False,Completed
GFT-0000377,DNR-00127,CMP-2025-ANN,1422.68,2025-12-26,Credit Card,False,Completed
GFT-0000378,DNR-00127,CMP-2026-ANN,1318.22,2026-07-31,Credit Card,False,Completed
GFT-0000379,DNR-00127,CMP-2026-ANN,506.18,2026-08-31,Credit Card,False,Completed
GFT-0000380,DNR-00128,CMP-2023-ANN,732.85,2023-12-20,Credit Card,False,Completed
GFT-0000381,DNR-00128,CMP-2023-ANN,2930.38,2023-11-15,Credit Card,False,Completed
GFT-0000382,DNR-00128,CMP-2023-ANN,2087.1,2023-11-14,Credit Card,False,Completed
GFT-0000383,DNR-00128,CMP-2024-ANN,1395.56,2024-08-21,Credit Card,False,Completed
GFT-0000384,DNR-00128,CMP-2024-ANN,658.33,2024-07-06,Credit Card,False,Completed
GFT-0000385,DNR-00128,CMP-2024-ANN,1836.06,2024-04-09,Credit Card,False,Completed
GFT-0000386,DNR-00128,CMP-2025-ANN,2920.32,2025-07-26,Credit Card,False,Completed
GFT-0000387,DNR-00128,CMP-2026-ANN,1736.79,2026-03-09,Credit Card,False,Completed
GFT-0000388,DNR-00129,CMP-2023-ANN,88.81,2023-09-08,Online,False,Completed
GFT-0000389,DNR-00129,CMP-2024-ANN,54.38,2024-10-26,Online,False,Completed
GFT-0000390,DNR-00130,CMP-2026-ANN,165.89,2026-04-25,Online,False,Completed
GFT-0000391,DNR-00131,CMP-2026-ANN,234.12,2026-05-21,Online,False,Completed
GFT-0000392,DNR-00132,CMP-2025-ANN,127.72,2025-04-16,Online,False,Completed
GFT-0000393,DNR-00133,CMP-2023-ANN,249.03,2023-12-08,Online,False,Completed
GFT-0000394,DNR-00133,CMP-2026-ANN,221.75,2026-07-31,Online,False,Completed
GFT-0000395,DNR-00134,CMP-2025-ANN,106.1,2025-01-16,Online,False,Completed
GFT-0000396,DNR-00134,CMP-2026-ANN,174.51,2026-02-15,Online,False,Completed
GFT-0000397,DNR-00135,CMP-2023-ANN,913.81,2023-04-19,Credit Card,False,Completed
GFT-0000398,DNR-00135,CMP-2023-ANN,1490.85,2023-07-04,Credit Card,False,Completed
GFT-0000399,DNR-00135,CMP-2023-ANN,1263.77,2023-02-05,Credit Card,False,Completed
GFT-0000400,DNR-00135,CMP-2024-ANN,2388.08,2024-09-02,Credit Card,False,Completed
GFT-0000401,DNR-00135,CMP-2024-ANN,1573.08,2024-05-03,Credit Card,False,Completed
GFT-0000402,DNR-00135,CMP-2024-ANN,728.0,2024-10-16,Credit Card,False,Completed
GFT-0000403,DNR-00135,CMP-2025-ANN,502.72,2025-08-31,Credit Card,False,Completed
GFT-0000404,DNR-00135,CMP-2026-ANN,694.85,2026-08-03,Credit Card,False,Completed
GFT-0000405,DNR-00135,CMP-2026-ANN,1984.2,2026-07-24,Credit Card,False,Completed
GFT-0000406,DNR-00136,CMP-2023-ANN,125.14,2023-05-16,Online,False,Completed
GFT-0000407,DNR-00136,CMP-2024-ANN,102.3,2024-01-19,Online,False,Completed
GFT-0000408,DNR-00136,CMP-2025-ANN,218.58,2025-09-08,Online,False,Completed
GFT-0000409,DNR-00137,CMP-2023-ANN,76.51,2023-06-29,Online,False,Completed
GFT-0000410,DNR-00137,CMP-2024-ANN,206.34,2024-01-11,Online,False,Completed
GFT-0000411,DNR-00137,CMP-2025-ANN,107.7,2025-09-03,Online,False,Completed
GFT-0000412,DNR-00137,CMP-2026-ANN,111.11,2026-03-18,Online,False,Completed
GFT-0000413,DNR-00139,CMP-2023-ANN,151.74,2023-10-19,Online,False,Completed
GFT-0000414,DNR-00139,CMP-2025-ANN,104.02,2025-12-26,Online,False,Completed
GFT-0000415,DNR-00139,CMP-2026-ANN,193.36,2026-03-17,Online,False,Completed
GFT-0000416,DNR-00140,CMP-2023-ANN,17969.23,2023-12-23,Check,True,Completed
GFT-0000417,DNR-00140,CMP-2023-ANN,66548.03,2023-11-15,Check,True,Completed
GFT-0000418,DNR-00140,CMP-2024-ANN,11775.49,2024-07-22,Check,True,Completed
GFT-0000419,DNR-00140,CMP-2024-ANN,10893.4,2024-12-26,Check,True,Completed
GFT-0000420,DNR-00140,CMP-2024-ANN,34251.68,2024-04-02,Check,True,Completed
GFT-0000421,DNR-00140,CMP-2025-ANN,15029.39,2025-06-07,Check,True,Completed
GFT-0000422,DNR-00140,CMP-2025-ANN,33344.35,2025-12-25,Check,True,Completed
GFT-0000423,DNR-00140,CMP-2025-ANN,40875.68,2025-11-17,Check,True,Completed
GFT-0000424,DNR-00140,CMP-2026-ANN,10491.58,2026-02-13,Check,True,Completed
GFT-0000425,DNR-00140,CMP-2026-ANN,38940.26,2026-09-26,Check,True,Completed
GFT-0000426,DNR-00141,CMP-2023-ANN,716.72,2023-03-14,Credit Card,False,Completed
GFT-0000427,DNR-00141,CMP-2024-ANN,850.03,2024-05-31,Credit Card,False,Completed
GFT-0000428,DNR-00141,CMP-2025-ANN,1973.93,2025-04-13,Credit Card,False,Completed
GFT-0000429,DNR-00141,CMP-2026-ANN,1378.84,2026-05-02,Credit Card,False,Completed
GFT-0000430,DNR-00141,CMP-2026-ANN,1573.47,2026-05-18,Credit Card,False,Completed
GFT-0000431,DNR-00142,CMP-2025-ANN,170.04,2025-05-26,Online,False,Completed
GFT-0000432,DNR-00142,CMP-2026-ANN,160.22,2026-02-28,Online,False,Completed
GFT-0000433,DNR-00143,CMP-2024-ANN,236.79,2024-06-11,Online,False,Completed
GFT-0000434,DNR-00143,CMP-2025-ANN,215.59,2025-08-22,Online,False,Completed
GFT-0000435,DNR-00144,CMP-2023-ANN,161.56,2023-08-10,Online,False,Completed
GFT-0000436,DNR-00144,CMP-2024-ANN,113.14,2024-09-11,Online,False,Completed
GFT-0000437,DNR-00145,CMP-2024-ANN,111.82,2024-06-22,Online,False,Completed
GFT-0000438,DNR-00145,CMP-2025-ANN,168.57,2025-03-21,Online,False,Completed
GFT-0000439,DNR-00145,CMP-2026-ANN,224.96,2026-08-06,Online,False,Completed
GFT-0000440,DNR-00146,CMP-2023-ANN,106.25,2023-10-28,Online,False,Completed
GFT-0000441,DNR-00146,CMP-2024-ANN,112.04,2024-06-15,Online,False,Completed
GFT-0000442,DNR-00146,CMP-2026-ANN,147.93,2026-04-21,Online,False,Completed
GFT-0000443,DNR-00147,CMP-2023-ANN,130.98,2023-09-11,Online,False,Completed
GFT-0000444,DNR-00147,CMP-2025-ANN,157.16,2025-12-18,Online,False,Completed
GFT-0000445,DNR-00147,CMP-2026-ANN,73.54,2026-02-21,Online,False,Completed
GFT-0000446,DNR-00148,CMP-2026-ANN,89.46,2026-08-27,Online,False,Completed
GFT-0000447,DNR-00149,CMP-2025-ANN,115.51,2025-09-05,Online,False,Completed
GFT-0000448,DNR-00150,CMP-2025-GALA,180.65,2025-10-15,Event,False,Completed
GFT-0000449,DNR-00151,CMP-2025-GALA,112.54,2025-10-15,Event,False,Completed
GFT-0000450,DNR-00151,CMP-2026-ANN,142.09,2026-04-12,Online,False,Completed
GFT-0000451,DNR-00152,CMP-2025-GALA,246.15,2025-10-15,Event,False,Completed
GFT-0000452,DNR-00153,CMP-2025-GALA,149.01,2025-10-15,Event,False,Completed
GFT-0000453,DNR-00154,CMP-2025-GALA,214.48,2025-10-15,Event,False,Completed
GFT-0000454,DNR-00155,CMP-2025-GALA,196.47,2025-10-15,Event,False,Completed
GFT-0000455,DNR-00156,CMP-2025-GALA,165.62,2025-10-15,Event,False,Completed
GFT-0000456,DNR-00157,CMP-2025-GALA,135.8,2025-10-15,Event,False,Completed
GFT-0000457,DNR-00158,CMP-2025-GALA,238.69,2025-10-15,Event,False,Completed
GFT-0000458,DNR-00159,CMP-2025-GALA,191.84,2025-10-15,Event,False,Completed
GFT-0000459,DNR-00159,CMP-2026-ANN,116.61,2026-04-12,Online,False,Completed
GFT-0000460,DNR-00160,CMP-2025-GALA,198.71,2025-10-15,Event,False,Completed
GFT-0000461,DNR-00161,CMP-2025-GALA,101.9,2025-10-15,Event,False,Completed
GFT-0000462,DNR-00162,CMP-2025-GALA,101.7,2025-10-15,Event,False,Completed
GFT-0000463,DNR-00163,CMP-2025-GALA,152.01,2025-10-15,Event,False,Completed
GFT-0000464,DNR-00164,CMP-2025-GALA,223.38,2025-10-15,Event,False,Completed
GFT-0000465,DNR-00165,CMP-2025-GALA,155.78,2025-10-15,Event,False,Completed
GFT-0000466,DNR-00166,CMP-2025-GALA,231.02,2025-10-15,Event,False,Completed
GFT-0000467,DNR-00167,CMP-2025-GALA,117.71,2025-10-15,Event,False,Completed
GFT-0000468,DNR-00168,CMP-2025-GALA,150.25,2025-10-15,Event,False,Completed
GFT-0000469,DNR-00169,CMP-2025-GALA,178.58,2025-10-15,Event,False,Completed
GFT-0000470,DNR-00170,CMP-2025-GALA,246.26,2025-10-15,Event,False,Completed
GFT-0000471,DNR-00171,CMP-2025-GALA,174.42,2025-10-15,Event,False,Completed
GFT-0000472,DNR-00172,CMP-2025-GALA,108.32,2025-10-15,Event,False,Completed
GFT-0000473,DNR-00173,CMP-2025-GALA,125.03,2025-10-15,Event,False,Completed
GFT-0000474,DNR-00174,CMP-2025-GALA,216.0,2025-10-15,Event,False,Completed
GFT-0000475,DNR-00175,CMP-2025-GALA,201.12,2025-10-15,Event,False,Completed
GFT-0000476,DNR-00176,CMP-2025-GALA,211.12,2025-10-15,Event,False,Completed
GFT-0000477,DNR-00176,CMP-2026-ANN,135.87,2026-04-12,Online,False,Completed
GFT-0000478,DNR-00177,CMP-2025-GALA,101.84,2025-10-15,Event,False,Completed
GFT-0000479,DNR-00177,CMP-2026-ANN,86.4,2026-04-12,Online,False,Completed
GFT-0000480,DNR-00178,CMP-2025-GALA,238.03,2025-10-15,Event,False,Completed
GFT-0000481,DNR-00179,CMP-2025-GALA,244.05,2025-10-15,Event,False,Completed
GFT-0000482,DNR-00179,CMP-2026-ANN,130.31,2026-04-12,Online,False,Completed
GFT-0000483,DNR-00180,CMP-2025-GALA,207.1,2025-10-15,Event,False,Completed
GFT-0000484,DNR-00181,CMP-2025-GALA,133.68,2025-10-15,Event,False,Completed
GFT-0000485,DNR-00182,CMP-2025-GALA,237.38,2025-10-15,Event,False,Completed
GFT-0000486,DNR-00183,CMP-2025-GALA,223.9,2025-10-15,Event,False,Completed
GFT-0000487,DNR-00184,CMP-2025-GALA,117.91,2025-10-15,Event,False,Completed
GFT-0000488,DNR-00185,CMP-2025-GALA,107.9,2025-10-15,Event,False,Completed
GFT-0000489,DNR-00186,CMP-2025-GALA,177.37,2025-10-15,Event,False,Completed
GFT-0000490,DNR-00186,CMP-2026-ANN,90.09,2026-04-12,Online,False,Completed
GFT-0000491,DNR-00187,CMP-2025-GALA,231.55,2025-10-15,Event,False,Completed
GFT-0000492,DNR-00188,CMP-2025-GALA,216.03,2025-10-15,Event,False,Completed
GFT-0000493,DNR-00189,CMP-2025-GALA,112.96,2025-10-15,Event,False,Completed
GFT-0000494,DNR-00190,CMP-2025-GALA,155.34,2025-10-15,Event,False,Completed
GFT-0000495,DNR-00191,CMP-2025-GALA,217.68,2025-10-15,Event,False,Completed
GFT-0000496,DNR-00192,CMP-2025-GALA,136.39,2025-10-15,Event,False,Completed
GFT-0000497,DNR-00193,CMP-2025-GALA,245.78,2025-10-15,Event,False,Completed
GFT-0000498,DNR-00194,CMP-2025-GALA,216.38,2025-10-15,Event,False,Completed
GFT-0000499,DNR-00195,CMP-2025-GALA,181.98,2025-10-15,Event,False,Completed
GFT-0000500,DNR-00196,CMP-2025-GALA,122.58,2025-10-15,Event,False,Completed
GFT-0000501,DNR-00197,CMP-2025-GALA,103.59,2025-10-15,Event,False,Completed
GFT-0000502,DNR-00198,CMP-2025-GALA,195.39,2025-10-15,Event,False,Completed
GFT-0000503,DNR-00199,CMP-2025-GALA,101.44,2025-10-15,Event,False,Completed
GFT-0000504,DNR-00200,CMP-2025-GALA,213.84,2025-10-15,Event,False,Completed
GFT-0000505,DNR-00201,CMP-2025-GALA,210.71,2025-10-15,Event,False,Completed
GFT-0000506,DNR-00202,CMP-2025-GALA,130.78,2025-10-15,Event,False,Completed
GFT-0000507,DNR-00203,CMP-2025-GALA,162.97,2025-10-15,Event,False,Completed
GFT-0000508,DNR-00204,CMP-2025-GALA,245.88,2025-10-15,Event,False,Completed
GFT-0000509,DNR-00205,CMP-2025-GALA,141.97,2025-10-15,Event,False,Completed
GFT-0000510,DNR-00205,CMP-2026-ANN,73.15,2026-04-12,Online,False,Completed
GFT-0000511,DNR-00206,CMP-2025-GALA,226.83,2025-10-15,Event,False,Completed
GFT-0000512,DNR-00207,CMP-2025-GALA,234.34,2025-10-15,Event,False,Completed
GFT-0000513,DNR-00208,CMP-2025-GALA,212.18,2025-10-15,Event,False,Completed
GFT-0000514,DNR-00209,CMP-2025-GALA,175.81,2025-10-15,Event,False,Completed
GFT-0000515,DNR-00210,CMP-2025-GALA,159.15,2025-10-15,Event,False,Completed
GFT-0000516,DNR-00211,CMP-2025-GALA,109.34,2025-10-15,Event,False,Completed
GFT-0000517,DNR-00212,CMP-2025-GALA,119.61,2025-10-15,Event,False,Completed
GFT-0000518,DNR-00213,CMP-2025-GALA,227.64,2025-10-15,Event,False,Completed
GFT-0000519,DNR-00214,CMP-2025-GALA,158.94,2025-10-15,Event,False,Completed
GFT-0000520,DNR-00215,CMP-2025-GALA,148.94,2025-10-15,Event,False,Completed
GFT-0000521,DNR-00216,CMP-2025-GALA,135.04,2025-10-15,Event,False,Completed
GFT-0000522,DNR-00217,CMP-2025-GALA,120.42,2025-10-15,Event,False,Completed
GFT-0000523,DNR-00218,CMP-2025-GALA,116.35,2025-10-15,Event,False,Completed
GFT-0000524,DNR-00219,CMP-2025-GALA,167.44,2025-10-15,Event,False,Completed
GFT-0000525,DNR-00220,CMP-2025-GALA,118.11,2025-10-15,Event,False,Completed
GFT-0000526,DNR-00221,CMP-2025-GALA,215.55,2025-10-15,Event,False,Completed
GFT-0000527,DNR-00222,CMP-2025-GALA,169.5,2025-10-15,Event,False,Completed
GFT-0000528,DNR-00223,CMP-2025-GALA,113.56,2025-10-15,Event,False,Completed
GFT-0000529,DNR-00224,CMP-2025-GALA,145.63,2025-10-15,Event,False,Completed
GFT-0000530,DNR-00225,CMP-2025-GALA,190.5,2025-10-15,Event,False,Completed
GFT-0000531,DNR-00226,CMP-2025-GALA,228.49,2025-10-15,Event,False,Completed
GFT-0000532,DNR-00227,CMP-2025-GALA,206.67,2025-10-15,Event,False,Completed
GFT-0000533,DNR-00228,CMP-2025-GALA,159.44,2025-10-15,Event,False,Completed
GFT-0000534,DNR-00228,CMP-2026-ANN,79.88,2026-04-12,Online,False,Completed
GFT-0000535,DNR-00229,CMP-2025-GALA,223.01,2025-10-15,Event,False,Completed
GFT-0000536,DNR-00230,CMP-2025-GALA,242.81,2025-10-15,Event,False,Completed
GFT-0000537,DNR-00231,CMP-2025-GALA,183.39,2025-10-15,Event,False,Completed
GFT-0000538,DNR-00232,CMP-2025-GALA,114.21,2025-10-15,Event,False,Completed
GFT-0000539,DNR-00233,CMP-2025-GALA,219.07,2025-10-15,Event,False,Completed
GFT-0000540,DNR-00234,CMP-2025-GALA,109.25,2025-10-15,Event,False,Completed
GFT-0000541,DNR-00235,CMP-2025-GALA,133.34,2025-10-15,Event,False,Completed
GFT-0000542,DNR-00236,CMP-2025-GALA,160.09,2025-10-15,Event,False,Completed
GFT-0000543,DNR-00237,CMP-2025-GALA,240.64,2025-10-15,Event,False,Completed
GFT-0000544,DNR-00237,CMP-2026-ANN,108.61,2026-04-12,Online,False,Completed
GFT-0000545,DNR-00238,CMP-2025-GALA,237.61,2025-10-15,Event,False,Completed
GFT-0000546,DNR-00238,CMP-2026-ANN,149.72,2026-04-12,Online,False,Completed
GFT-0000547,DNR-00239,CMP-2025-GALA,129.66,2025-10-15,Event,False,Completed
GFT-0000548,DNR-00240,CMP-2025-GALA,221.39,2025-10-15,Event,False,Completed
GFT-0000549,DNR-00240,CMP-2026-ANN,134.73,2026-04-12,Online,False,Completed
GFT-0000550,DNR-00241,CMP-2025-GALA,221.33,2025-10-15,Event,False,Completed
GFT-0000551,DNR-00242,CMP-2025-GALA,241.34,2025-10-15,Event,False,Completed
GFT-0000552,DNR-00242,CMP-2026-ANN,142.41,2026-04-12,Online,False,Completed
GFT-0000553,DNR-00243,CMP-2025-GALA,164.97,2025-10-15,Event,False,Completed
GFT-0000554,DNR-00244,CMP-2025-GALA,174.42,2025-10-15,Event,False,Completed
GFT-0000555,DNR-00245,CMP-2025-GALA,164.0,2025-10-15,Event,False,Completed
GFT-0000556,DNR-00246,CMP-2025-GALA,236.25,2025-10-15,Event,False,Completed
GFT-0000557,DNR-00247,CMP-2025-GALA,166.9,2025-10-15,Event,False,Completed
GFT-0000558,DNR-00248,CMP-2025-GALA,192.12,2025-10-15,Event,False,Completed
GFT-0000559,DNR-00249,CMP-2025-GALA,197.09,2025-10-15,Event,False,Completed
GFT-0000560,DNR-00250,CMP-2025-GALA,232.42,2025-10-15,Event,False,Completed
GFT-0000561,DNR-00251,CMP-2025-GALA,113.16,2025-10-15,Event,False,Completed
GFT-0000562,DNR-00252,CMP-2025-GALA,162.89,2025-10-15,Event,False,Completed
GFT-0000563,DNR-00253,CMP-2025-GALA,219.58,2025-10-15,Event,False,Completed
GFT-0000564,DNR-00254,CMP-2025-GALA,249.11,2025-10-15,Event,False,Completed
GFT-0000565,DNR-00255,CMP-2025-GALA,102.93,2025-10-15,Event,False,Completed
GFT-0000566,DNR-00256,CMP-2025-GALA,207.01,2025-10-15,Event,False,Completed
GFT-0000567,DNR-00257,CMP-2025-GALA,217.22,2025-10-15,Event,False,Completed
GFT-0000568,DNR-00258,CMP-2025-GALA,184.85,2025-10-15,Event,False,Completed
GFT-0000569,DNR-00259,CMP-2025-GALA,140.57,2025-10-15,Event,False,Completed
GFT-0000570,DNR-00259,CMP-2026-ANN,109.71,2026-04-12,Online,False,Completed
GFT-0000571,DNR-00260,CMP-2025-GALA,104.4,2025-10-15,Event,False,Completed
GFT-0000572,DNR-00261,CMP-2025-GALA,142.14,2025-10-15,Event,False,Completed
GFT-0000573,DNR-00262,CMP-2025-GALA,170.75,2025-10-15,Event,False,Completed
GFT-0000574,DNR-00263,CMP-2025-GALA,187.6,2025-10-15,Event,False,Completed
GFT-0000575,DNR-00264,CMP-2025-GALA,123.94,2025-10-15,Event,False,Completed
GFT-0000576,DNR-00265,CMP-2025-GALA,136.17,2025-10-15,Event,False,Completed
GFT-0000577,DNR-00266,CMP-2025-GALA,218.69,2025-10-15,Event,False,Completed
GFT-0000578,DNR-00267,CMP-2025-GALA,214.61,2025-10-15,Event,False,Completed
GFT-0000579,DNR-00268,CMP-2025-GALA,186.35,2025-10-15,Event,False,Completed
GFT-0000580,DNR-00269,CMP-2025-GALA,158.26,2025-10-15,Event,False,Completed
GFT-0000581,DNR-00270,CMP-2025-GALA,248.73,2025-10-15,Event,False,Completed
GFT-0000582,DNR-00271,CMP-2025-GALA,135.48,2025-10-15,Event,False,Completed
GFT-0000583,DNR-00272,CMP-2025-GALA,210.72,2025-10-15,Event,False,Completed
GFT-0000584,DNR-00273,CMP-2025-GALA,188.73,2025-10-15,Event,False,Completed
GFT-0000585,DNR-00274,CMP-2025-GALA,152.75,2025-10-15,Event,False,Completed
GFT-0000586,DNR-00275,CMP-2025-GALA,121.32,2025-10-15,Event,False,Completed
GFT-0000587,DNR-00276,CMP-2025-GALA,225.5,2025-10-15,Event,False,Completed
GFT-0000588,DNR-00277,CMP-2025-GALA,245.56,2025-10-15,Event,False,Completed
GFT-0000589,DNR-00278,CMP-2025-GALA,126.33,2025-10-15,Event,False,Completed
GFT-0000590,DNR-00278,CMP-2026-ANN,55.62,2026-04-12,Online,False,Completed
GFT-0000591,DNR-00279,CMP-2025-GALA,190.25,2025-10-15,Event,False,Completed
GFT-0000592,DNR-00279,CMP-2026-ANN,97.8,2026-04-12,Online,False,Completed
GFT-0000593,DNR-00280,CMP-2025-GALA,149.76,2025-10-15,Event,False,Completed
GFT-0000594,DNR-00281,CMP-2025-GALA,220.97,2025-10-15,Event,False,Completed
GFT-0000595,DNR-00282,CMP-2025-GALA,126.62,2025-10-15,Event,False,Completed
GFT-0000596,DNR-00283,CMP-2025-GALA,230.23,2025-10-15,Event,False,Completed
GFT-0000597,DNR-00283,CMP-2026-ANN,64.77,2026-04-12,Online,False,Completed
GFT-0000598,DNR-00284,CMP-2025-GALA,205.7,2025-10-15,Event,False,Completed
GFT-0000599,DNR-00285,CMP-2025-GALA,116.64,2025-10-15,Event,False,Completed
GFT-0000600,DNR-00286,CMP-2025-GALA,154.73,2025-10-15,Event,False,Completed
GFT-0000601,DNR-00286,CMP-2026-ANN,120.45,2026-04-12,Online,False,Completed
GFT-0000602,DNR-00287,CMP-2025-GALA,199.32,2025-10-15,Event,False,Completed
GFT-0000603,DNR-00288,CMP-2025-GALA,150.48,2025-10-15,Event,False,Completed
GFT-0000604,DNR-00289,CMP-2025-GALA,246.38,2025-10-15,Event,False,Completed
GFT-0000605,DNR-00290,CMP-2025-GALA,165.53,2025-10-15,Event,False,Completed
GFT-0000606,DNR-00291,CMP-2025-GALA,173.08,2025-10-15,Event,False,Completed
GFT-0000607,DNR-00292,CMP-2025-GALA,206.08,2025-10-15,Event,False,Completed
GFT-0000608,DNR-00293,CMP-2025-GALA,233.44,2025-10-15,Event,False,Completed
GFT-0000609,DNR-00294,CMP-2025-GALA,153.52,2025-10-15,Event,False,Completed
GFT-0000610,DNR-00295,CMP-2025-GALA,222.17,2025-10-15,Event,False,Completed
GFT-0000611,DNR-00296,CMP-2025-GALA,210.1,2025-10-15,Event,False,Completed
GFT-0000612,DNR-00297,CMP-2025-GALA,126.66,2025-10-15,Event,False,Completed
GFT-0000613,DNR-00297,CMP-2026-ANN,120.2,2026-04-12,Online,False,Completed
GFT-0000614,DNR-00298,CMP-2025-GALA,185.93,2025-10-15,Event,False,Completed
GFT-0000615,DNR-00299,CMP-2025-GALA,215.62,2025-10-15,Event,False,Completed
GFT-0000616,DNR-00300,CMP-2025-GALA,127.31,2025-10-15,Event,False,Completed
GFT-0000617,DNR-00301,CMP-2025-GALA,221.32,2025-10-15,Event,False,Completed
GFT-0000618,DNR-00302,CMP-2025-GALA,195.95,2025-10-15,Event,False,Completed
GFT-0000619,DNR-00303,CMP-2025-GALA,174.43,2025-10-15,Event,False,Completed
GFT-0000620,DNR-00304,CMP-2025-GALA,111.67,2025-10-15,Event,False,Completed
GFT-0000621,DNR-00305,CMP-2025-GALA,147.93,2025-10-15,Event,False,Completed
GFT-0000622,DNR-00306,CMP-2025-GALA,244.46,2025-10-15,Event,False,Completed
GFT-0000623,DNR-00307,CMP-2025-GALA,200.5,2025-10-15,Event,False,Completed
GFT-0000624,DNR-00308,CMP-2025-GALA,150.36,2025-10-15,Event,False,Completed
GFT-0000625,DNR-00308,CMP-2026-ANN,70.97,2026-04-12,Online,False,Completed
GFT-0000626,DNR-00309,CMP-2025-GALA,203.98,2025-10-15,Event,False,Completed
GFT-0000627,DNR-00310,CMP-2025-GALA,218.05,2025-10-15,Event,False,Completed
GFT-0000628,DNR-00311,CMP-2025-GALA,107.22,2025-10-15,Event,False,Completed
GFT-0000629,DNR-00312,CMP-2025-GALA,162.95,2025-10-15,Event,False,Completed
GFT-0000630,DNR-00313,CMP-2025-GALA,162.1,2025-10-15,Event,False,Completed
GFT-0000631,DNR-00314,CMP-2025-GALA,152.68,2025-10-15,Event,False,Completed
GFT-0000632,DNR-00315,CMP-2025-GALA,224.32,2025-10-15,Event,False,Completed
GFT-0000633,DNR-00316,CMP-2025-GALA,186.71,2025-10-15,Event,False,Completed
GFT-0000634,DNR-00317,CMP-2025-GALA,133.84,2025-10-15,Event,False,Completed
GFT-0000635,DNR-00318,CMP-2025-GALA,219.88,2025-10-15,Event,False,Completed
GFT-0000636,DNR-00318,CMP-2026-ANN,52.01,2026-04-12,Online,False,Completed
GFT-0000637,DNR-00319,CMP-2025-GALA,139.17,2025-10-15,Event,False,Completed
GFT-0000638,DNR-00320,CMP-2025-GALA,151.27,2025-10-15,Event,False,Completed
GFT-0000639,DNR-00321,CMP-2025-GALA,124.14,2025-10-15,Event,False,Completed
GFT-0000640,DNR-00321,CMP-2026-ANN,144.18,2026-04-12,Online,False,Completed
GFT-0000641,DNR-00322,CMP-2025-GALA,246.71,2025-10-15,Event,False,Completed
GFT-0000642,DNR-00323,CMP-2025-GALA,247.79,2025-10-15,Event,False,Completed
GFT-0000643,DNR-00324,CMP-2025-GALA,205.68,2025-10-15,Event,False,Completed
GFT-0000644,DNR-00325,CMP-2025-GALA,198.05,2025-10-15,Event,False,Completed
GFT-0000645,DNR-00326,CMP-2025-GALA,165.13,2025-10-15,Event,False,Completed
GFT-0000646,DNR-00326,CMP-2026-ANN,83.11,2026-04-12,Online,False,Completed
GFT-0000647,DNR-00327,CMP-2025-GALA,246.16,2025-10-15,Event,False,Completed
GFT-0000648,DNR-00328,CMP-2025-GALA,183.12,2025-10-15,Event,False,Completed
GFT-0000649,DNR-00329,CMP-2025-GALA,181.02,2025-10-15,Event,False,Completed
GFT-0000650,DNR-00330,CMP-2025-GALA,144.61,2025-10-15,Event,False,Completed
GFT-0000651,DNR-00330,CMP-2026-ANN,89.29,2026-04-12,Online,False,Completed
GFT-0000652,DNR-00331,CMP-2025-GALA,182.45,2025-10-15,Event,False,Completed
GFT-0000653,DNR-00332,CMP-2025-GALA,108.18,2025-10-15,Event,False,Completed
GFT-0000654,DNR-00332,CMP-2026-ANN,58.76,2026-04-12,Online,False,Completed
GFT-0000655,DNR-00333,CMP-2025-GALA,223.58,2025-10-15,Event,False,Completed
GFT-0000656,DNR-00334,CMP-2025-GALA,172.05,2025-10-15,Event,False,Completed
GFT-0000657,DNR-00334,CMP-2026-ANN,70.7,2026-04-12,Online,False,Completed
GFT-0000658,DNR-00335,CMP-2025-GALA,195.73,2025-10-15,Event,False,Completed
GFT-0000659,DNR-00336,CMP-2025-GALA,171.04,2025-10-15,Event,False,Completed
GFT-0000660,DNR-00337,CMP-2025-GALA,217.73,2025-10-15,Event,False,Completed
GFT-0000661,DNR-00338,CMP-2025-GALA,234.23,2025-10-15,Event,False,Completed
GFT-0000662,DNR-00339,CMP-2025-GALA,196.28,2025-10-15,Event,False,Completed
GFT-0000663,DNR-00340,CMP-2025-GALA,155.65,2025-10-15,Event,False,Completed
GFT-0000664,DNR-00341,CMP-2025-GALA,127.99,2025-10-15,Event,False,Completed
GFT-0000665,DNR-00341,CMP-2026-ANN,93.97,2026-04-12,Online,False,Completed
GFT-0000666,DNR-00342,CMP-2025-GALA,139.51,2025-10-15,Event,False,Completed
GFT-0000667,DNR-00343,CMP-2025-GALA,184.64,2025-10-15,Event,False,Completed
GFT-0000668,DNR-00344,CMP-2025-GALA,204.47,2025-10-15,Event,False,Completed
GFT-0000669,DNR-00344,CMP-2026-ANN,116.81,2026-04-12,Online,False,Completed
GFT-0000670,DNR-00345,CMP-2025-GALA,221.23,2025-10-15,Event,False,Completed
GFT-0000671,DNR-00346,CMP-2025-GALA,213.47,2025-10-15,Event,False,Completed
GFT-0000672,DNR-00347,CMP-2025-GALA,109.15,2025-10-15,Event,False,Completed
GFT-0000673,DNR-00348,CMP-2025-GALA,178.39,2025-10-15,Event,False,Completed
GFT-0000674,DNR-00349,CMP-2025-GALA,203.06,2025-10-15,Event,False,Completed
GFT-0000675,DNR-00350,CMP-2024-ANN,78.02,2024-11-02,Online,False,Completed
GFT-0000676,DNR-00350,CMP-2025-ANN,113.83,2025-09-12,Online,False,Completed
GFT-0000677,DNR-00351,CMP-2023-ANN,153.52,2023-05-28,Online,False,Completed
GFT-0000678,DNR-00351,CMP-2024-ANN,153.58,2024-07-24,Online,False,Completed
GFT-0000679,DNR-00351,CMP-2026-ANN,238.58,2026-06-08,Online,False,Completed
GFT-0000680,DNR-00352,CMP-2023-ANN,932.2,2023-06-04,Credit Card,False,Completed
GFT-0000681,DNR-00352,CMP-2023-ANN,2960.92,2023-10-06,Credit Card,False,Completed
GFT-0000682,DNR-00352,CMP-2024-ANN,2521.15,2024-04-15,Credit Card,False,Completed
GFT-0000683,DNR-00352,CMP-2025-ANN,606.69,2025-09-09,Credit Card,False,Completed
GFT-0000684,DNR-00352,CMP-2026-ANN,2970.7,2026-06-11,Credit Card,False,Completed
GFT-0000685,DNR-00353,CMP-2024-ANN,249.39,2024-10-08,Online,False,Completed
GFT-0000686,DNR-00354,CMP-2023-ANN,229.93,2023-03-21,Online,False,Completed
GFT-0000687,DNR-00354,CMP-2025-ANN,112.32,2025-11-17,Online,False,Completed
GFT-0000688,DNR-00354,CMP-2026-ANN,98.38,2026-04-21,Online,False,Completed
GFT-0000689,DNR-00355,CMP-2023-ANN,128.09,2023-09-13,Online,False,Completed
GFT-0000690,DNR-00356,CMP-2024-ANN,119.41,2024-12-15,Online,False,Completed
GFT-0000691,DNR-00356,CMP-2025-ANN,58.34,2025-06-21,Online,False,Completed
GFT-0000692,DNR-00356,CMP-2026-ANN,195.63,2026-08-15,Online,False,Completed
GFT-0000693,DNR-00357,CMP-2026-ANN,47.72,2026-04-12,Online,False,Completed
GFT-0000694,DNR-00358,CMP-2023-ANN,145.52,2023-10-29,Online,False,Completed
GFT-0000695,DNR-00358,CMP-2024-ANN,117.45,2024-11-24,Online,False,Completed
GFT-0000696,DNR-00358,CMP-2025-ANN,134.26,2025-07-03,Online,False,Completed
GFT-0000697,DNR-00359,CMP-2023-ANN,930.5,2023-08-03,Credit Card,False,Completed
GFT-0000698,DNR-00359,CMP-2024-ANN,859.63,2024-05-04,Credit Card,False,Completed
GFT-0000699,DNR-00359,CMP-2024-ANN,2021.64,2024-06-12,Credit Card,False,Completed
GFT-0000700,DNR-00359,CMP-2025-ANN,1504.3,2025-09-15,Credit Card,False,Completed
GFT-0000701,DNR-00359,CMP-2025-ANN,1489.48,2025-11-17,Credit Card,False,Completed
GFT-0000702,DNR-00359,CMP-2025-ANN,2697.39,2025-05-11,Credit Card,False,Completed
GFT-0000703,DNR-00359,CMP-2026-ANN,1093.95,2026-02-07,Credit Card,False,Completed
GFT-0000704,DNR-00359,CMP-2026-ANN,2364.37,2026-06-15,Credit Card,False,Completed
GFT-0000705,DNR-00359,CMP-2026-ANN,2802.09,2026-09-20,Credit Card,False,Completed
GFT-0000706,DNR-00360,CMP-2024-ANN,208.91,2024-07-01,Online,False,Completed
GFT-0000707,DNR-00360,CMP-2025-ANN,88.08,2025-05-30,Online,False,Completed
GFT-0000708,DNR-00360,CMP-2026-ANN,181.64,2026-05-26,Online,False,Completed
GFT-0000709,DNR-00361,CMP-2023-ANN,220.5,2023-11-23,Online,False,Completed
GFT-0000710,DNR-00361,CMP-2024-ANN,244.2,2024-10-18,Online,False,Completed
GFT-0000711,DNR-00361,CMP-2025-ANN,210.81,2025-11-26,Online,False,Completed
GFT-0000712,DNR-00361,CMP-2026-ANN,118.77,2026-02-22,Online,False,Completed
GFT-0000713,DNR-00362,CMP-2026-ANN,72.56,2026-03-21,Online,False,Completed
GFT-0000714,DNR-00364,CMP-2024-ANN,60.77,2024-07-14,Online,False,Completed
GFT-0000715,DNR-00364,CMP-2025-ANN,139.03,2025-07-24,Online,False,Completed
GFT-0000716,DNR-00364,CMP-2026-ANN,216.54,2026-02-15,Online,False,Completed
GFT-0000717,DNR-00365,CMP-2024-ANN,572.37,2024-10-15,Credit Card,False,Completed
GFT-0000718,DNR-00365,CMP-2024-ANN,981.91,2024-11-23,Credit Card,False,Completed
GFT-0000719,DNR-00365,CMP-2024-ANN,2582.32,2024-06-20,Credit Card,False,Completed
GFT-0000720,DNR-00365,CMP-2025-ANN,1123.73,2025-04-12,Credit Card,False,Completed
GFT-0000721,DNR-00365,CMP-2026-ANN,626.4,2026-03-15,Credit Card,False,Completed
GFT-0000722,DNR-00365,CMP-2026-ANN,1400.94,2026-03-30,Credit Card,False,Completed
GFT-0000723,DNR-00366,CMP-2023-ANN,107.88,2023-08-08,Online,False,Completed
GFT-0000724,DNR-00366,CMP-2024-ANN,114.31,2024-10-28,Online,False,Completed
GFT-0000725,DNR-00367,CMP-2025-ANN,1431.17,2025-08-12,Credit Card,False,Completed
GFT-0000726,DNR-00367,CMP-2026-ANN,1615.26,2026-06-24,Credit Card,False,Completed
GFT-0000727,DNR-00367,CMP-2026-ANN,2901.3,2026-02-12,Credit Card,False,Completed
GFT-0000728,DNR-00367,CMP-2026-ANN,1686.46,2026-09-26,Credit Card,False,Completed
GFT-0000729,DNR-00368,CMP-2024-ANN,1374.4,2024-11-26,Credit Card,False,Completed
GFT-0000730,DNR-00368,CMP-2024-ANN,908.78,2024-08-12,Credit Card,False,Completed
GFT-0000731,DNR-00368,CMP-2024-ANN,2736.23,2024-09-08,Credit Card,False,Completed
GFT-0000732,DNR-00368,CMP-2025-ANN,2577.18,2025-12-13,Credit Card,False,Completed
GFT-0000733,DNR-00368,CMP-2025-ANN,725.98,2025-07-20,Credit Card,False,Completed
GFT-0000734,DNR-00368,CMP-2025-ANN,568.63,2025-11-26,Credit Card,False,Completed
GFT-0000735,DNR-00368,CMP-2026-ANN,907.27,2026-09-06,Credit Card,False,Completed
GFT-0000736,DNR-00369,CMP-2023-ANN,242.11,2023-10-15,Online,False,Completed
GFT-0000737,DNR-00370,CMP-2024-ANN,117.14,2024-10-13,Online,False,Completed
GFT-0000738,DNR-00370,CMP-2025-ANN,200.57,2025-12-14,Online,False,Completed
GFT-0000739,DNR-00371,CMP-2023-ANN,230.09,2023-06-08,Online,False,Completed
GFT-0000740,DNR-00371,CMP-2026-ANN,81.79,2026-04-22,Online,False,Completed
GFT-0000741,DNR-00372,CMP-2024-ANN,242.58,2024-10-03,Online,False,Completed
GFT-0000742,DNR-00372,CMP-2026-ANN,109.71,2026-06-10,Online,False,Completed
GFT-0000743,DNR-00373,CMP-2024-ANN,81.7,2024-09-30,Online,False,Completed
GFT-0000744,DNR-00373,CMP-2025-ANN,177.37,2025-10-29,Online,False,Completed
GFT-0000745,DNR-00374,CMP-2025-ANN,48.02,2025-10-02,Online,False,Completed
GFT-0000746,DNR-00374,CMP-2026-ANN,174.03,2026-08-11,Online,False,Completed
GFT-0000747,DNR-00375,CMP-2024-ANN,170.65,2024-12-12,Online,False,Completed
GFT-0000748,DNR-00375,CMP-2026-ANN,49.32,2026-03-24,Online,False,Completed
GFT-0000749,DNR-00376,CMP-2025-ANN,247.38,2025-09-20,Online,False,Completed
GFT-0000750,DNR-00377,CMP-2023-ANN,1152.87,2023-08-18,Credit Card,False,Completed
GFT-0000751,DNR-00377,CMP-2023-ANN,2277.73,2023-08-27,Credit Card,False,Completed
GFT-0000752,DNR-00377,CMP-2024-ANN,1246.98,2024-08-09,Credit Card,False,Completed
GFT-0000753,DNR-00377,CMP-2024-ANN,874.82,2024-10-24,Credit Card,False,Completed
GFT-0000754,DNR-00377,CMP-2024-ANN,2413.69,2024-12-05,Credit Card,False,Completed
GFT-0000755,DNR-00377,CMP-2025-ANN,2513.57,2025-07-05,Credit Card,False,Completed
GFT-0000756,DNR-00377,CMP-2026-ANN,1510.25,2026-04-13,Credit Card,False,Completed
GFT-0000757,DNR-00377,CMP-2026-ANN,1298.96,2026-03-28,Credit Card,False,Completed
GFT-0000758,DNR-00377,CMP-2026-ANN,849.82,2026-02-02,Credit Card,False,Completed
GFT-0000759,DNR-00378,CMP-2023-ANN,136.91,2023-07-31,Online,False,Completed
GFT-0000760,DNR-00378,CMP-2024-ANN,229.06,2024-10-08,Online,False,Completed
GFT-0000761,DNR-00378,CMP-2025-ANN,190.76,2025-02-06,Online,False,Completed
GFT-0000762,DNR-00378,CMP-2026-ANN,248.82,2026-08-13,Online,False,Completed
GFT-0000763,DNR-00379,CMP-2023-ANN,1357.92,2023-08-18,Credit Card,False,Completed
GFT-0000764,DNR-00379,CMP-2024-ANN,1055.91,2024-12-20,Credit Card,False,Completed
GFT-0000765,DNR-00379,CMP-2024-ANN,1836.59,2024-11-09,Credit Card,False,Completed
GFT-0000766,DNR-00379,CMP-2024-ANN,2462.24,2024-11-02,Credit Card,False,Completed
GFT-0000767,DNR-00379,CMP-2025-ANN,1396.24,2025-09-27,Credit Card,False,Completed
GFT-0000768,DNR-00379,CMP-2025-ANN,1250.49,2025-03-16,Credit Card,False,Completed
GFT-0000769,DNR-00379,CMP-2025-ANN,924.97,2025-10-13,Credit Card,False,Completed
GFT-0000770,DNR-00379,CMP-2026-ANN,2691.24,2026-07-04,Credit Card,False,Completed
GFT-0000771,DNR-00379,CMP-2026-ANN,952.84,2026-03-05,Credit Card,False,Completed
GFT-0000772,DNR-00379,CMP-2026-ANN,744.01,2026-06-19,Credit Card,False,Completed
GFT-0000773,DNR-00380,CMP-2023-ANN,83.2,2023-01-12,Online,False,Completed
GFT-0000774,DNR-00380,CMP-2026-ANN,177.94,2026-07-03,Online,False,Completed
GFT-0000775,DNR-00381,CMP-2023-ANN,45.09,2023-10-14,Online,False,Completed
GFT-0000776,DNR-00381,CMP-2024-ANN,192.45,2024-07-31,Online,False,Completed
GFT-0000777,DNR-00381,CMP-2025-ANN,202.32,2025-03-07,Online,False,Completed
GFT-0000778,DNR-00381,CMP-2026-ANN,83.63,2026-09-03,Online,False,Completed
GFT-0000779,DNR-00382,CMP-2023-ANN,216.52,2023-01-24,Online,False,Completed
GFT-0000780,DNR-00382,CMP-2024-ANN,219.94,2024-12-06,Online,False,Completed
GFT-0000781,DNR-00382,CMP-2025-ANN,237.47,2025-05-15,Online,False,Completed
GFT-0000782,DNR-00382,CMP-2026-ANN,225.12,2026-04-10,Online,False,Completed
GFT-0000783,DNR-00383,CMP-2024-ANN,220.19,2024-11-05,Online,False,Completed
GFT-0000784,DNR-00383,CMP-2025-ANN,92.13,2025-04-19,Online,False,Completed
GFT-0000785,DNR-00383,CMP-2026-ANN,217.2,2026-04-13,Online,False,Completed
GFT-0000786,DNR-00384,CMP-2024-ANN,2980.87,2024-10-23,Credit Card,False,Completed
GFT-0000787,DNR-00384,CMP-2025-ANN,1522.98,2025-07-20,Credit Card,False,Completed
GFT-0000788,DNR-00384,CMP-2025-ANN,1923.51,2025-12-18,Credit Card,False,Completed
GFT-0000789,DNR-00384,CMP-2026-ANN,858.06,2026-07-06,Credit Card,False,Completed
GFT-0000790,DNR-00384,CMP-2026-ANN,2655.98,2026-07-01,Credit Card,False,Completed
GFT-0000791,DNR-00385,CMP-2024-ANN,43.18,2024-11-04,Online,False,Completed
GFT-0000792,DNR-00385,CMP-2025-ANN,246.99,2025-09-30,Online,False,Completed
GFT-0000793,DNR-00385,CMP-2026-ANN,38.05,2026-08-02,Online,False,Completed
GFT-0000794,DNR-00386,CMP-2025-ANN,1183.82,2025-09-26,Credit Card,False,Completed
GFT-0000795,DNR-00386,CMP-2025-ANN,2402.98,2025-12-08,Credit Card,False,Completed
GFT-0000796,DNR-00386,CMP-2026-ANN,1940.7,2026-04-02,Credit Card,False,Completed
GFT-0000797,DNR-00387,CMP-2023-ANN,201.67,2023-04-24,Online,False,Completed
GFT-0000798,DNR-00387,CMP-2025-ANN,122.59,2025-03-17,Online,False,Completed
GFT-0000799,DNR-00387,CMP-2026-ANN,121.53,2026-07-15,Online,False,Completed
GFT-0000800,DNR-00388,CMP-2024-ANN,26.05,2024-10-21,Online,False,Completed
GFT-0000801,DNR-00388,CMP-2025-ANN,189.4,2025-10-30,Online,False,Completed
GFT-0000802,DNR-00389,CMP-2025-ANN,29.03,2025-02-11,Online,False,Completed
GFT-0000803,DNR-00389,CMP-2026-ANN,190.06,2026-06-05,Online,False,Completed
GFT-0000804,DNR-00390,CMP-2025-ANN,2233.81,2025-09-11,Credit Card,False,Completed
GFT-0000805,DNR-00390,CMP-2026-ANN,1280.23,2026-01-08,Credit Card,False,Completed
GFT-0000806,DNR-00390,CMP-2026-ANN,756.77,2026-04-28,Credit Card,False,Completed
GFT-0000807,DNR-00391,CMP-2025-ANN,15195.16,2025-06-26,Check,True,Completed
GFT-0000808,DNR-00391,CMP-2025-ANN,16438.03,2025-04-09,Check,True,Completed
GFT-0000809,DNR-00391,CMP-2025-ANN,19547.07,2025-11-21,Check,True,Completed
GFT-0000810,DNR-00391,CMP-2026-ANN,50284.2,2026-08-07,Check,True,Completed
GFT-0000811,DNR-00391,CMP-2026-ANN,10145.46,2026-08-23,Check,True,Completed
GFT-0000812,DNR-00391,CMP-2026-ANN,15738.41,2026-06-29,Check,True,Completed
GFT-0000813,DNR-00392,CMP-2023-ANN,39.69,2023-03-19,Online,False,Completed
GFT-0000814,DNR-00392,CMP-2024-ANN,238.4,2024-01-29,Online,False,Completed
GFT-0000815,DNR-00392,CMP-2025-ANN,142.06,2025-05-17,Online,False,Completed
GFT-0000816,DNR-00392,CMP-2026-ANN,122.57,2026-01-06,Online,False,Completed
GFT-0000817,DNR-00393,CMP-2025-ANN,249.13,2025-09-08,Online,False,Completed
GFT-0000818,DNR-00393,CMP-2026-ANN,193.78,2026-03-21,Online,False,Completed
GFT-0000819,DNR-00394,CMP-2024-ANN,229.05,2024-10-20,Online,False,Completed
GFT-0000820,DNR-00394,CMP-2026-ANN,75.47,2026-04-13,Online,False,Completed
GFT-0000821,DNR-00395,CMP-2025-ANN,29.93,2025-06-17,Online,False,Completed
GFT-0000822,DNR-00395,CMP-2026-ANN,52.71,2026-06-10,Online,False,Completed
GFT-0000823,DNR-00396,CMP-2025-ANN,2126.35,2025-09-06,Credit Card,False,Completed
GFT-0000824,DNR-00396,CMP-2025-ANN,593.41,2025-07-18,Credit Card,False,Completed
GFT-0000825,DNR-00396,CMP-2025-ANN,2691.36,2025-07-03,Credit Card,False,Completed
GFT-0000826,DNR-00396,CMP-2026-ANN,2428.12,2026-07-07,Credit Card,False,Completed
GFT-0000827,DNR-00396,CMP-2026-ANN,2057.84,2026-08-28,Credit Card,False,Completed
GFT-0000828,DNR-00397,CMP-2024-ANN,2986.7,2024-11-07,Credit Card,False,Completed
GFT-0000829,DNR-00397,CMP-2024-ANN,2154.92,2024-11-26,Credit Card,False,Completed
GFT-0000830,DNR-00397,CMP-2024-ANN,2133.92,2024-11-12,Credit Card,False,Completed
GFT-0000831,DNR-00397,CMP-2025-ANN,620.59,2025-06-15,Credit Card,False,Completed
GFT-0000832,DNR-00397,CMP-2026-ANN,1541.94,2026-08-19,Credit Card,False,Completed
GFT-0000833,DNR-00398,CMP-2025-ANN,148.14,2025-09-30,Online,False,Completed
GFT-0000834,DNR-00398,CMP-2026-ANN,59.45,2026-04-17,Online,False,Completed
GFT-0000835,DNR-00399,CMP-2025-ANN,173.87,2025-01-07,Online,False,Completed
GFT-0000836,DNR-00400,CMP-2023-ANN,161.27,2023-10-17,Online,False,Completed
GFT-0000837,DNR-00400,CMP-2024-ANN,211.9,2024-04-07,Online,False,Completed
GFT-0000838,DNR-00400,CMP-2025-ANN,186.72,2025-12-27,Online,False,Completed
GFT-0000839,DNR-00400,CMP-2026-ANN,50.65,2026-04-24,Online,False,Completed
GFT-0000840,DNR-00401,CMP-2023-ANN,69.7,2023-05-15,Online,False,Completed
GFT-0000841,DNR-00401,CMP-2024-ANN,84.17,2024-03-26,Online,False,Completed
GFT-0000842,DNR-00401,CMP-2025-ANN,70.38,2025-07-09,Online,False,Completed
GFT-0000843,DNR-00402,CMP-2024-ANN,900.93,2024-08-22,Credit Card,False,Completed
GFT-0000844,DNR-00402,CMP-2024-ANN,1870.35,2024-11-02,Credit Card,False,Completed
GFT-0000845,DNR-00402,CMP-2025-ANN,2220.51,2025-08-08,Credit Card,False,Completed
GFT-0000846,DNR-00402,CMP-2026-ANN,1326.51,2026-06-10,Credit Card,False,Completed
GFT-0000847,DNR-00402,CMP-2026-ANN,506.84,2026-04-29,Credit Card,False,Completed
GFT-0000848,DNR-00404,CMP-2024-ANN,1735.26,2024-10-19,Credit Card,False,Completed
GFT-0000849,DNR-00404,CMP-2024-ANN,2873.62,2024-11-26,Credit Card,False,Completed
GFT-0000850,DNR-00404,CMP-2024-ANN,2448.82,2024-11-05,Credit Card,False,Completed
GFT-0000851,DNR-00404,CMP-2025-ANN,2308.91,2025-10-10,Credit Card,False,Completed
GFT-0000852,DNR-00404,CMP-2026-ANN,2761.95,2026-09-12,Credit Card,False,Completed
GFT-0000853,DNR-00405,CMP-2024-ANN,244.89,2024-10-21,Online,False,Completed
GFT-0000854,DNR-00405,CMP-2025-ANN,36.27,2025-02-11,Online,False,Completed
GFT-0000855,DNR-00406,CMP-2025-ANN,2630.62,2025-09-04,Credit Card,False,Completed
GFT-0000856,DNR-00406,CMP-2026-ANN,2503.99,2026-03-29,Credit Card,False,Completed
GFT-0000857,DNR-00406,CMP-2026-ANN,1281.77,2026-06-01,Credit Card,False,Completed
GFT-0000858,DNR-00407,CMP-2026-ANN,195.6,2026-03-20,Online,False,Completed
GFT-0000859,DNR-00408,CMP-2023-ANN,216.7,2023-12-14,Online,False,Completed
GFT-0000860,DNR-00408,CMP-2025-ANN,105.44,2025-01-08,Online,False,Completed
GFT-0000861,DNR-00408,CMP-2026-ANN,164.91,2026-04-24,Online,False,Completed
GFT-0000862,DNR-00409,CMP-2023-ANN,732.38,2023-06-26,Credit Card,False,Completed
GFT-0000863,DNR-00409,CMP-2023-ANN,2537.41,2023-07-15,Credit Card,False,Completed
GFT-0000864,DNR-00409,CMP-2023-ANN,957.17,2023-08-17,Credit Card,False,Completed
GFT-0000865,DNR-00409,CMP-2024-ANN,1500.63,2024-04-30,Credit Card,False,Completed
GFT-0000866,DNR-00409,CMP-2024-ANN,1641.35,2024-02-19,Credit Card,False,Completed
GFT-0000867,DNR-00409,CMP-2025-ANN,2224.76,2025-09-26,Credit Card,False,Completed
GFT-0000868,DNR-00409,CMP-2025-ANN,1695.61,2025-02-13,Credit Card,False,Completed
GFT-0000869,DNR-00409,CMP-2026-ANN,2122.12,2026-06-03,Credit Card,False,Completed
GFT-0000870,DNR-00409,CMP-2026-ANN,2492.27,2026-03-07,Credit Card,False,Completed
GFT-0000871,DNR-00410,CMP-2023-ANN,181.64,2023-06-12,Online,False,Completed
GFT-0000872,DNR-00410,CMP-2024-ANN,237.06,2024-01-21,Online,False,Completed
GFT-0000873,DNR-00410,CMP-2025-ANN,118.61,2025-03-01,Online,False,Completed
GFT-0000874,DNR-00410,CMP-2026-ANN,205.51,2026-06-28,Online,False,Completed
GFT-0000875,DNR-00411,CMP-2024-ANN,110.44,2024-11-19,Online,False,Completed
GFT-0000876,DNR-00411,CMP-2025-ANN,31.48,2025-03-17,Online,False,Completed
GFT-0000877,DNR-00412,CMP-2023-ANN,2933.61,2023-01-08,Credit Card,False,Completed
GFT-0000878,DNR-00412,CMP-2023-ANN,826.64,2023-08-22,Credit Card,False,Completed
GFT-0000879,DNR-00412,CMP-2023-ANN,2800.99,2023-04-16,Credit Card,False,Completed
GFT-0000880,DNR-00412,CMP-2024-ANN,2718.98,2024-03-18,Credit Card,False,Completed
GFT-0000881,DNR-00412,CMP-2025-ANN,614.93,2025-12-06,Credit Card,False,Completed
GFT-0000882,DNR-00412,CMP-2025-ANN,1154.03,2025-09-05,Credit Card,False,Completed
GFT-0000883,DNR-00412,CMP-2026-ANN,530.9,2026-01-24,Credit Card,False,Completed
GFT-0000884,DNR-00412,CMP-2026-ANN,2670.83,2026-02-23,Credit Card,False,Completed
GFT-0000885,DNR-00413,CMP-2023-ANN,2418.82,2023-12-25,Credit Card,False,Completed
GFT-0000886,DNR-00413,CMP-2023-ANN,1941.62,2023-09-15,Credit Card,False,Completed
GFT-0000887,DNR-00413,CMP-2023-ANN,1912.53,2023-05-01,Credit Card,False,Completed
GFT-0000888,DNR-00413,CMP-2024-ANN,2682.86,2024-06-08,Credit Card,False,Completed
GFT-0000889,DNR-00413,CMP-2024-ANN,1797.75,2024-08-09,Credit Card,False,Completed
GFT-0000890,DNR-00413,CMP-2024-ANN,2220.6,2024-01-12,Credit Card,False,Completed
GFT-0000891,DNR-00413,CMP-2025-ANN,738.11,2025-01-15,Credit Card,False,Completed
GFT-0000892,DNR-00413,CMP-2025-ANN,2154.28,2025-03-08,Credit Card,False,Completed
GFT-0000893,DNR-00413,CMP-2025-ANN,1121.44,2025-05-25,Credit Card,False,Completed
GFT-0000894,DNR-00413,CMP-2026-ANN,2159.28,2026-08-01,Credit Card,False,Completed
GFT-0000895,DNR-00413,CMP-2026-ANN,2103.51,2026-08-20,Credit Card,False,Completed
GFT-0000896,DNR-00414,CMP-2023-ANN,210.95,2023-08-10,Online,False,Completed
GFT-0000897,DNR-00414,CMP-2026-ANN,235.23,2026-02-05,Online,False,Completed
GFT-0000898,DNR-00415,CMP-2023-ANN,130.59,2023-06-30,Online,False,Completed
GFT-0000899,DNR-00415,CMP-2024-ANN,62.22,2024-05-18,Online,False,Completed
GFT-0000900,DNR-00415,CMP-2026-ANN,99.45,2026-02-27,Online,False,Completed
GFT-0000901,DNR-00416,CMP-2023-ANN,139.06,2023-10-24,Online,False,Completed
GFT-0000902,DNR-00416,CMP-2024-ANN,110.19,2024-06-10,Online,False,Completed
GFT-0000903,DNR-00416,CMP-2026-ANN,124.94,2026-05-24,Online,False,Completed
GFT-0000904,DNR-00417,CMP-2023-ANN,44.8,2023-10-11,Online,False,Completed
GFT-0000905,DNR-00417,CMP-2024-ANN,96.11,2024-09-09,Online,False,Completed
GFT-0000906,DNR-00418,CMP-2023-ANN,115.77,2023-08-22,Online,False,Completed
GFT-0000907,DNR-00418,CMP-2024-ANN,148.55,2024-05-14,Online,False,Completed
GFT-0000908,DNR-00420,CMP-2023-ANN,172.28,2023-12-15,Online,False,Completed
GFT-0000909,DNR-00420,CMP-2024-ANN,101.69,2024-01-20,Online,False,Completed
GFT-0000910,DNR-00421,CMP-2024-ANN,197.67,2024-02-05,Online,False,Completed
GFT-0000911,DNR-00421,CMP-2025-ANN,186.25,2025-05-25,Online,False,Completed
GFT-0000912,DNR-00421,CMP-2026-ANN,126.82,2026-05-04,Online,False,Completed
GFT-0000913,DNR-00422,CMP-2023-ANN,173.25,2023-12-25,Online,False,Completed
GFT-0000914,DNR-00422,CMP-2024-ANN,104.91,2024-12-26,Online,False,Completed
GFT-0000915,DNR-00423,CMP-2023-ANN,109.13,2023-08-07,Online,False,Completed
GFT-0000916,DNR-00423,CMP-2024-ANN,226.8,2024-10-18,Online,False,Completed
GFT-0000917,DNR-00423,CMP-2025-ANN,209.91,2025-08-25,Online,False,Completed
GFT-0000918,DNR-00424,CMP-2024-ANN,82.22,2024-10-07,Online,False,Completed
GFT-0000919,DNR-00424,CMP-2025-ANN,52.17,2025-09-26,Online,False,Completed
GFT-0000920,DNR-00425,CMP-2023-ANN,210.52,2023-09-17,Online,False,Completed
GFT-0000921,DNR-00425,CMP-2024-ANN,101.04,2024-02-18,Online,False,Completed
GFT-0000922,DNR-00425,CMP-2026-ANN,167.48,2026-08-25,Online,False,Completed
GFT-0000923,DNR-00426,CMP-2025-ANN,225.64,2025-05-19,Online,False,Completed
GFT-0000924,DNR-00426,CMP-2026-ANN,157.6,2026-03-01,Online,False,Completed
GFT-0000925,DNR-00427,CMP-2023-ANN,241.87,2023-07-07,Online,False,Completed
GFT-0000926,DNR-00427,CMP-2024-ANN,190.65,2024-06-01,Online,False,Completed
GFT-0000927,DNR-00427,CMP-2025-ANN,122.38,2025-04-24,Online,False,Completed
GFT-0000928,DNR-00427,CMP-2026-ANN,232.98,2026-08-01,Online,False,Completed
GFT-0000929,DNR-00428,CMP-2023-ANN,2229.54,2023-07-30,Credit Card,False,Completed
GFT-0000930,DNR-00428,CMP-2024-ANN,2326.24,2024-02-12,Credit Card,False,Completed
GFT-0000931,DNR-00428,CMP-2025-ANN,758.88,2025-02-17,Credit Card,False,Completed
GFT-0000932,DNR-00428,CMP-2026-ANN,2001.37,2026-08-16,Credit Card,False,Completed
GFT-0000933,DNR-00428,CMP-2026-ANN,2706.74,2026-03-25,Credit Card,False,Completed
GFT-0000934,DNR-00428,CMP-2026-ANN,1760.28,2026-03-13,Credit Card,False,Completed
GFT-0000935,DNR-00429,CMP-2024-ANN,245.39,2024-01-14,Online,False,Completed
GFT-0000936,DNR-00430,CMP-2025-ANN,241.81,2025-06-11,Online,False,Completed
GFT-0000937,DNR-00431,CMP-2025-ANN,55.01,2025-11-24,Online,False,Completed
GFT-0000938,DNR-00431,CMP-2026-ANN,182.5,2026-08-29,Online,False,Completed
GFT-0000939,DNR-00432,CMP-2024-ANN,182.84,2024-04-10,Online,False,Completed
GFT-0000940,DNR-00433,CMP-2025-ANN,165.44,2025-04-18,Online,False,Completed
GFT-0000941,DNR-00433,CMP-2026-ANN,102.69,2026-06-02,Online,False,Completed
GFT-0000942,DNR-00436,CMP-2025-ANN,181.22,2025-10-29,Online,False,Completed
GFT-0000943,DNR-00436,CMP-2026-ANN,50.97,2026-02-07,Online,False,Completed
GFT-0000944,DNR-00437,CMP-2023-ANN,133.08,2023-10-31,Online,False,Completed
GFT-0000945,DNR-00437,CMP-2024-ANN,175.11,2024-06-10,Online,False,Completed
GFT-0000946,DNR-00437,CMP-2025-ANN,193.27,2025-07-26,Online,False,Completed
GFT-0000947,DNR-00438,CMP-2023-ANN,2693.69,2023-12-12,Credit Card,False,Completed
GFT-0000948,DNR-00438,CMP-2023-ANN,1555.97,2023-03-27,Credit Card,False,Completed
GFT-0000949,DNR-00438,CMP-2024-ANN,1806.82,2024-05-20,Credit Card,False,Completed
GFT-0000950,DNR-00438,CMP-2025-ANN,1452.18,2025-06-25,Credit Card,False,Completed
GFT-0000951,DNR-00438,CMP-2026-ANN,2175.64,2026-07-28,Credit Card,False,Completed
GFT-0000952,DNR-00439,CMP-2023-ANN,193.79,2023-08-24,Online,False,Completed
GFT-0000953,DNR-00439,CMP-2024-ANN,89.49,2024-10-31,Online,False,Completed
GFT-0000954,DNR-00439,CMP-2025-ANN,213.86,2025-08-07,Online,False,Completed
GFT-0000955,DNR-00440,CMP-2023-ANN,194.56,2023-07-30,Online,False,Completed
GFT-0000956,DNR-00440,CMP-2024-ANN,208.16,2024-08-06,Online,False,Completed
GFT-0000957,DNR-00440,CMP-2025-ANN,220.31,2025-01-03,Online,False,Completed
GFT-0000958,DNR-00441,CMP-2025-ANN,78.46,2025-10-04,Online,False,Completed
GFT-0000959,DNR-00442,CMP-2023-ANN,21842.35,2023-10-07,Check,True,Completed
GFT-0000960,DNR-00442,CMP-2023-ANN,23485.36,2023-08-19,Check,True,Completed
GFT-0000961,DNR-00442,CMP-2023-ANN,22051.52,2023-12-13,Check,True,Completed
GFT-0000962,DNR-00442,CMP-2024-ANN,11122.84,2024-12-23,Check,True,Completed
GFT-0000963,DNR-00442,CMP-2024-ANN,12920.69,2024-04-17,Check,True,Completed
GFT-0000964,DNR-00442,CMP-2025-ANN,13731.21,2025-07-14,Check,True,Completed
GFT-0000965,DNR-00442,CMP-2025-ANN,28919.4,2025-03-28,Check,True,Completed
GFT-0000966,DNR-00442,CMP-2025-ANN,12662.47,2025-07-30,Check,True,Completed
GFT-0000967,DNR-00442,CMP-2026-ANN,11883.85,2026-07-22,Check,True,Completed
GFT-0000968,DNR-00442,CMP-2026-ANN,67716.23,2026-09-02,Check,True,Completed
GFT-0000969,DNR-00442,CMP-2026-ANN,10066.92,2026-03-19,Check,True,Completed
GFT-0000970,DNR-00443,CMP-2023-ANN,110.86,2023-02-17,Online,False,Completed
GFT-0000971,DNR-00443,CMP-2024-ANN,202.33,2024-04-11,Online,False,Completed
GFT-0000972,DNR-00444,CMP-2024-ANN,192.33,2024-10-18,Online,False,Completed
GFT-0000973,DNR-00444,CMP-2025-ANN,220.49,2025-06-18,Online,False,Completed
GFT-0000974,DNR-00445,CMP-2023-ANN,2574.96,2023-10-10,Credit Card,False,Completed
GFT-0000975,DNR-00445,CMP-2023-ANN,2778.72,2023-09-27,Credit Card,False,Completed
GFT-0000976,DNR-00445,CMP-2024-ANN,2273.86,2024-02-19,Credit Card,False,Completed
GFT-0000977,DNR-00445,CMP-2024-ANN,1419.35,2024-04-18,Credit Card,False,Completed
GFT-0000978,DNR-00445,CMP-2024-ANN,1970.96,2024-05-04,Credit Card,False,Completed
GFT-0000979,DNR-00445,CMP-2025-ANN,2008.47,2025-02-24,Credit Card,False,Completed
GFT-0000980,DNR-00445,CMP-2025-ANN,2440.37,2025-07-22,Credit Card,False,Completed
GFT-0000981,DNR-00445,CMP-2025-ANN,2910.72,2025-01-24,Credit Card,False,Completed
GFT-0000982,DNR-00445,CMP-2026-ANN,1622.04,2026-06-13,Credit Card,False,Completed
GFT-0000983,DNR-00445,CMP-2026-ANN,2958.63,2026-03-10,Credit Card,False,Completed
GFT-0000984,DNR-00446,CMP-2023-ANN,967.44,2023-12-18,Credit Card,False,Completed
GFT-0000985,DNR-00446,CMP-2024-ANN,2337.7,2024-02-29,Credit Card,False,Completed
GFT-0000986,DNR-00446,CMP-2025-ANN,1443.0,2025-06-21,Credit Card,False,Completed
GFT-0000987,DNR-00446,CMP-2026-ANN,1197.78,2026-09-04,Credit Card,False,Completed
GFT-0000988,DNR-00446,CMP-2026-ANN,1160.6,2026-05-05,Credit Card,False,Completed
GFT-0000989,DNR-00447,CMP-2023-ANN,150000.0,2023-12-23,Check,True,Completed
GFT-0000990,DNR-00447,CMP-2024-ANN,21385.78,2024-11-11,Check,True,Completed
GFT-0000991,DNR-00447,CMP-2024-ANN,31217.66,2024-03-29,Check,True,Completed
GFT-0000992,DNR-00447,CMP-2024-ANN,12859.92,2024-02-14,Check,True,Completed
GFT-0000993,DNR-00447,CMP-2025-ANN,10108.53,2025-04-02,Check,True,Completed
GFT-0000994,DNR-00447,CMP-2025-ANN,24297.63,2025-10-16,Check,True,Completed
GFT-0000995,DNR-00447,CMP-2026-ANN,31832.1,2026-03-07,Check,True,Completed
GFT-0000996,DNR-00448,CMP-2023-ANN,184.68,2023-12-04,Online,False,Completed
GFT-0000997,DNR-00448,CMP-2024-ANN,59.58,2024-12-21,Online,False,Completed
GFT-0000998,DNR-00448,CMP-2025-ANN,36.44,2025-12-06,Online,False,Completed
GFT-0000999,DNR-00449,CMP-2025-ANN,153.85,2025-01-12,Online,False,Completed
GFT-0001000,DNR-00449,CMP-2026-ANN,201.41,2026-03-27,Online,False,Completed
GFT-0001001,DNR-00450,CMP-2023-ANN,74.49,2023-09-08,Online,False,Completed
GFT-0001002,DNR-00450,CMP-2024-ANN,40.34,2024-08-04,Online,False,Completed
GFT-0001003,DNR-00450,CMP-2025-ANN,118.58,2025-09-06,Online,False,Completed
GFT-0001004,DNR-00450,CMP-2026-ANN,45.69,2026-07-03,Online,False,Completed
GFT-0001005,DNR-00451,CMP-2025-ANN,73.0,2025-08-06,Online,False,Completed
GFT-0001006,DNR-00451,CMP-2026-ANN,106.18,2026-06-27,Online,False,Completed
GFT-0001007,DNR-00452,CMP-2025-ANN,194.35,2025-06-01,Online,False,Completed
GFT-0001008,DNR-00452,CMP-2026-ANN,249.24,2026-05-15,Online,False,Completed
GFT-0001009,DNR-00453,CMP-2025-ANN,175.51,2025-06-15,Online,False,Completed
GFT-0001010,DNR-00453,CMP-2026-ANN,228.51,2026-08-31,Online,False,Completed
GFT-0001011,DNR-00454,CMP-2024-ANN,2796.52,2024-08-20,Credit Card,False,Completed
GFT-0001012,DNR-00454,CMP-2024-ANN,1109.57,2024-05-04,Credit Card,False,Completed
GFT-0001013,DNR-00454,CMP-2024-ANN,599.69,2024-06-12,Credit Card,False,Completed
GFT-0001014,DNR-00454,CMP-2025-ANN,1453.43,2025-08-25,Credit Card,False,Completed
GFT-0001015,DNR-00454,CMP-2025-ANN,2490.52,2025-08-14,Credit Card,False,Completed
GFT-0001016,DNR-00454,CMP-2026-ANN,1464.69,2026-08-16,Credit Card,False,Completed
GFT-0001017,DNR-00455,CMP-2023-ANN,88.64,2023-08-05,Online,False,Completed
GFT-0001018,DNR-00455,CMP-2026-ANN,205.63,2026-02-17,Online,False,Completed
GFT-0001019,DNR-00456,CMP-2025-ANN,34.87,2025-07-14,Online,False,Completed
GFT-0001020,DNR-00457,CMP-2024-ANN,140.63,2024-12-27,Online,False,Completed
GFT-0001021,DNR-00457,CMP-2026-ANN,240.16,2026-05-03,Online,False,Completed
GFT-0001022,DNR-00458,CMP-2024-ANN,26.65,2024-11-02,Online,False,Completed
GFT-0001023,DNR-00458,CMP-2025-ANN,175.83,2025-12-26,Online,False,Completed
GFT-0001024,DNR-00459,CMP-2025-ANN,48.38,2025-12-25,Online,False,Completed
GFT-0001025,DNR-00459,CMP-2026-ANN,183.12,2026-07-08,Online,False,Completed
GFT-0001026,DNR-00462,CMP-2025-ANN,128.33,2025-04-20,Online,False,Completed
GFT-0001027,DNR-00462,CMP-2026-ANN,44.69,2026-07-04,Online,False,Completed
GFT-0001028,DNR-00463,CMP-2023-ANN,203.7,2023-11-18,Online,False,Completed
GFT-0001029,DNR-00463,CMP-2024-ANN,154.37,2024-03-29,Online,False,Completed
GFT-0001030,DNR-00463,CMP-2025-ANN,83.2,2025-10-03,Online,False,Completed
GFT-0001031,DNR-00463,CMP-2026-ANN,166.8,2026-05-11,Online,False,Completed
GFT-0001032,DNR-00464,CMP-2023-ANN,28.8,2023-06-24,Online,False,Completed
GFT-0001033,DNR-00464,CMP-2025-ANN,169.32,2025-07-07,Online,False,Completed
GFT-0001034,DNR-00465,CMP-2023-ANN,1964.02,2023-07-14,Credit Card,False,Completed
GFT-0001035,DNR-00465,CMP-2023-ANN,2252.21,2023-08-29,Credit Card,False,Completed
GFT-0001036,DNR-00465,CMP-2023-ANN,681.47,2023-09-05,Credit Card,False,Completed
GFT-0001037,DNR-00465,CMP-2024-ANN,765.34,2024-10-04,Credit Card,False,Completed
GFT-0001038,DNR-00465,CMP-2024-ANN,2467.23,2024-07-09,Credit Card,False,Completed
GFT-0001039,DNR-00465,CMP-2024-ANN,1253.38,2024-01-26,Credit Card,False,Completed
GFT-0001040,DNR-00465,CMP-2025-ANN,1203.79,2025-11-22,Credit Card,False,Completed
GFT-0001041,DNR-00465,CMP-2026-ANN,1453.53,2026-08-05,Credit Card,False,Completed
GFT-0001042,DNR-00465,CMP-2026-ANN,2555.31,2026-07-28,Credit Card,False,Completed
GFT-0001043,DNR-00466,CMP-2023-ANN,60.17,2023-07-16,Online,False,Completed
GFT-0001044,DNR-00466,CMP-2024-ANN,193.02,2024-10-13,Online,False,Completed
GFT-0001045,DNR-00467,CMP-2023-ANN,167.66,2023-02-13,Online,False,Completed
GFT-0001046,DNR-00467,CMP-2024-ANN,224.57,2024-01-04,Online,False,Completed
GFT-0001047,DNR-00468,CMP-2023-ANN,1432.83,2023-08-25,Credit Card,False,Completed
GFT-0001048,DNR-00468,CMP-2023-ANN,2873.66,2023-11-18,Credit Card,False,Completed
GFT-0001049,DNR-00468,CMP-2023-ANN,1883.81,2023-09-27,Credit Card,False,Completed
GFT-0001050,DNR-00468,CMP-2024-ANN,853.43,2024-04-19,Credit Card,False,Completed
GFT-0001051,DNR-00468,CMP-2024-ANN,604.43,2024-10-23,Credit Card,False,Completed
GFT-0001052,DNR-00468,CMP-2024-ANN,1931.8,2024-07-05,Credit Card,False,Completed
GFT-0001053,DNR-00468,CMP-2025-ANN,1842.88,2025-04-20,Credit Card,False,Completed
GFT-0001054,DNR-00468,CMP-2025-ANN,2867.45,2025-08-09,Credit Card,False,Completed
GFT-0001055,DNR-00468,CMP-2026-ANN,1025.13,2026-04-20,Credit Card,False,Completed
GFT-0001056,DNR-00468,CMP-2026-ANN,2353.58,2026-04-10,Credit Card,False,Completed
GFT-0001057,DNR-00469,CMP-2025-ANN,228.77,2025-10-25,Online,False,Completed
GFT-0001058,DNR-00470,CMP-2024-ANN,902.39,2024-08-14,Credit Card,False,Completed
GFT-0001059,DNR-00470,CMP-2025-ANN,2042.21,2025-06-13,Credit Card,False,Completed
GFT-0001060,DNR-00470,CMP-2026-ANN,985.82,2026-07-31,Credit Card,False,Completed
GFT-0001061,DNR-00470,CMP-2026-ANN,953.39,2026-03-03,Credit Card,False,Completed
GFT-0001062,DNR-00472,CMP-2023-ANN,1653.16,2023-05-29,Credit Card,False,Completed
GFT-0001063,DNR-00472,CMP-2023-ANN,1874.16,2023-12-17,Credit Card,False,Completed
GFT-0001064,DNR-00472,CMP-2023-ANN,1226.63,2023-10-29,Credit Card,False,Completed
GFT-0001065,DNR-00472,CMP-2024-ANN,1126.72,2024-10-22,Credit Card,False,Completed
GFT-0001066,DNR-00472,CMP-2025-ANN,2313.97,2025-12-15,Credit Card,False,Completed
GFT-0001067,DNR-00472,CMP-2026-ANN,2878.85,2026-06-26,Credit Card,False,Completed
GFT-0001068,DNR-00472,CMP-2026-ANN,1392.85,2026-03-20,Credit Card,False,Completed
GFT-0001069,DNR-00473,CMP-2024-ANN,89.16,2024-02-17,Online,False,Completed
GFT-0001070,DNR-00473,CMP-2025-ANN,68.54,2025-08-24,Online,False,Completed
GFT-0001071,DNR-00473,CMP-2026-ANN,98.88,2026-04-14,Online,False,Completed
GFT-0001072,DNR-00474,CMP-2024-ANN,1264.19,2024-10-04,Credit Card,False,Completed
GFT-0001073,DNR-00474,CMP-2024-ANN,1960.42,2024-11-17,Credit Card,False,Completed
GFT-0001074,DNR-00474,CMP-2024-ANN,1913.88,2024-10-02,Credit Card,False,Completed
GFT-0001075,DNR-00474,CMP-2025-ANN,2519.25,2025-01-28,Credit Card,False,Completed
GFT-0001076,DNR-00474,CMP-2025-ANN,2896.65,2025-03-05,Credit Card,False,Completed
GFT-0001077,DNR-00474,CMP-2026-ANN,512.08,2026-05-25,Credit Card,False,Completed
GFT-0001078,DNR-00475,CMP-2024-ANN,74.84,2024-08-14,Online,False,Completed
GFT-0001079,DNR-00475,CMP-2026-ANN,214.02,2026-03-11,Online,False,Completed
GFT-0001080,DNR-00476,CMP-2023-ANN,24444.39,2023-12-11,Check,True,Completed
GFT-0001081,DNR-00476,CMP-2024-ANN,11201.79,2024-07-11,Check,True,Completed
GFT-0001082,DNR-00476,CMP-2024-ANN,25207.81,2024-11-27,Check,True,Completed
GFT-0001083,DNR-00476,CMP-2024-ANN,26204.17,2024-10-12,Check,True,Completed
GFT-0001084,DNR-00476,CMP-2025-ANN,20669.75,2025-08-01,Check,True,Completed
GFT-0001085,DNR-00476,CMP-2025-ANN,26016.37,2025-10-25,Check,True,Completed
GFT-0001086,DNR-00476,CMP-2025-ANN,33213.79,2025-05-09,Check,True,Completed
GFT-0001087,DNR-00476,CMP-2026-ANN,19130.98,2026-08-22,Check,True,Completed
GFT-0001088,DNR-00476,CMP-2026-ANN,10712.23,2026-03-29,Check,True,Completed
GFT-0001089,DNR-00477,CMP-2025-ANN,105.72,2025-04-15,Online,False,Completed
GFT-0001090,DNR-00477,CMP-2026-ANN,149.13,2026-04-07,Online,False,Completed
GFT-0001091,DNR-00478,CMP-2024-ANN,161.49,2024-11-03,Online,False,Completed
GFT-0001092,DNR-00479,CMP-2023-ANN,2728.24,2023-08-12,Credit Card,False,Completed
GFT-0001093,DNR-00479,CMP-2024-ANN,1158.09,2024-08-04,Credit Card,False,Completed
GFT-0001094,DNR-00479,CMP-2025-ANN,691.16,2025-01-14,Credit Card,False,Completed
GFT-0001095,DNR-00479,CMP-2025-ANN,688.5,2025-01-29,Credit Card,False,Completed
GFT-0001096,DNR-00479,CMP-2025-ANN,546.58,2025-03-03,Credit Card,False,Completed
GFT-0001097,DNR-00479,CMP-2026-ANN,2079.07,2026-03-01,Credit Card,False,Completed
GFT-0001098,DNR-00479,CMP-2026-ANN,2531.61,2026-01-25,Credit Card,False,Completed
GFT-0001099,DNR-00479,CMP-2026-ANN,1947.25,2026-09-04,Credit Card,False,Completed
GFT-0001100,DNR-00480,CMP-2025-ANN,33.25,2025-02-18,Online,False,Completed
GFT-0001101,DNR-00480,CMP-2026-ANN,226.15,2026-03-23,Online,False,Completed
GFT-0001102,DNR-00481,CMP-2024-ANN,172.13,2024-12-17,Online,False,Completed
GFT-0001103,DNR-00481,CMP-2025-ANN,113.31,2025-11-19,Online,False,Completed
GFT-0001104,DNR-00482,CMP-2023-ANN,217.86,2023-02-14,Online,False,Completed
GFT-0001105,DNR-00482,CMP-2024-ANN,137.75,2024-04-23,Online,False,Completed
GFT-0001106,DNR-00482,CMP-2025-ANN,106.87,2025-06-14,Online,False,Completed
GFT-0001107,DNR-00482,CMP-2026-ANN,78.75,2026-05-20,Online,False,Completed
GFT-0001108,DNR-00484,CMP-2026-ANN,60.83,2026-03-14,Online,False,Completed
GFT-0001109,DNR-00485,CMP-2025-ANN,152.31,2025-12-07,Online,False,Completed
GFT-0001110,DNR-00486,CMP-2025-ANN,2339.8,2025-11-04,Credit Card,False,Completed
GFT-0001111,DNR-00486,CMP-2026-ANN,2847.94,2026-05-21,Credit Card,False,Completed
GFT-0001112,DNR-00486,CMP-2026-ANN,601.05,2026-09-23,Credit Card,False,Completed
GFT-0001113,DNR-00487,CMP-2024-ANN,84.48,2024-02-03,Online,False,Completed
GFT-0001114,DNR-00487,CMP-2025-ANN,175.43,2025-10-20,Online,False,Completed
GFT-0001115,DNR-00487,CMP-2026-ANN,203.08,2026-05-11,Online,False,Completed
GFT-0001116,DNR-00488,CMP-2025-ANN,231.53,2025-10-26,Online,False,Completed
GFT-0001117,DNR-00489,CMP-2023-ANN,2951.47,2023-09-20,Credit Card,False,Completed
GFT-0001118,DNR-00489,CMP-2024-ANN,758.06,2024-10-31,Credit Card,False,Completed
GFT-0001119,DNR-00489,CMP-2024-ANN,2921.1,2024-09-25,Credit Card,False,Completed
GFT-0001120,DNR-00489,CMP-2025-ANN,2574.12,2025-03-13,Credit Card,False,Completed
GFT-0001121,DNR-00489,CMP-2025-ANN,2587.18,2025-03-29,Credit Card,False,Completed
GFT-0001122,DNR-00489,CMP-2025-ANN,1158.29,2025-03-28,Credit Card,False,Completed
GFT-0001123,DNR-00489,CMP-2026-ANN,1925.4,2026-03-31,Credit Card,False,Completed
GFT-0001124,DNR-00489,CMP-2026-ANN,1441.65,2026-09-13,Credit Card,False,Completed
GFT-0001125,DNR-00489,CMP-2026-ANN,1446.3,2026-06-17,Credit Card,False,Completed
GFT-0001126,DNR-00490,CMP-2023-ANN,2133.34,2023-11-23,Credit Card,False,Completed
GFT-0001127,DNR-00490,CMP-2023-ANN,2588.67,2023-01-08,Credit Card,False,Completed
GFT-0001128,DNR-00490,CMP-2023-ANN,1791.66,2023-07-19,Credit Card,False,Completed
GFT-0001129,DNR-00490,CMP-2024-ANN,2931.69,2024-04-02,Credit Card,False,Completed
GFT-0001130,DNR-00490,CMP-2024-ANN,1057.25,2024-04-26,Credit Card,False,Completed
GFT-0001131,DNR-00490,CMP-2025-ANN,1382.25,2025-05-23,Credit Card,False,Completed
GFT-0001132,DNR-00490,CMP-2025-ANN,2669.3,2025-05-17,Credit Card,False,Completed
GFT-0001133,DNR-00490,CMP-2026-ANN,2481.64,2026-04-23,Credit Card,False,Completed
GFT-0001134,DNR-00490,CMP-2026-ANN,2717.93,2026-08-13,Credit Card,False,Completed
GFT-0001135,DNR-00491,CMP-2023-ANN,223.46,2023-10-15,Online,False,Completed
GFT-0001136,DNR-00491,CMP-2024-ANN,76.75,2024-03-04,Online,False,Completed
GFT-0001137,DNR-00491,CMP-2025-ANN,88.18,2025-07-27,Online,False,Completed
GFT-0001138,DNR-00491,CMP-2026-ANN,60.41,2026-08-15,Online,False,Completed
GFT-0001139,DNR-00493,CMP-2024-ANN,99.3,2024-11-03,Online,False,Completed
GFT-0001140,DNR-00493,CMP-2025-ANN,176.93,2025-05-12,Online,False,Completed
GFT-0001141,DNR-00493,CMP-2026-ANN,157.93,2026-07-18,Online,False,Completed
GFT-0001142,DNR-00494,CMP-2025-ANN,79.83,2025-04-12,Online,False,Completed
GFT-0001143,DNR-00494,CMP-2026-ANN,158.28,2026-01-04,Online,False,Completed
GFT-0001144,DNR-00495,CMP-2023-ANN,140.34,2023-01-29,Online,False,Completed
GFT-0001145,DNR-00495,CMP-2025-ANN,62.43,2025-04-21,Online,False,Completed
GFT-0001146,DNR-00496,CMP-2023-ANN,116.23,2023-08-18,Online,False,Completed
GFT-0001147,DNR-00498,CMP-2024-ANN,161.47,2024-12-05,Online,False,Completed
GFT-0001148,DNR-00498,CMP-2025-ANN,133.38,2025-12-24,Online,False,Completed
GFT-0001149,DNR-00498,CMP-2026-ANN,117.42,2026-08-30,Online,False,Completed
GFT-0001150,DNR-00499,CMP-2025-ANN,15955.52,2025-11-14,Check,True,Completed
GFT-0001151,DNR-00499,CMP-2026-ANN,10618.64,2026-06-23,Check,True,Completed
GFT-0001152,DNR-00499,CMP-2026-ANN,14487.8,2026-04-11,Check,True,Completed
GFT-0001153,DNR-00499,CMP-2026-ANN,14480.63,2026-02-08,Check,True,Completed
GFT-0001154,DNR-00500,CMP-2025-ANN,10521.01,2025-06-12,Check,True,Completed
GFT-0001155,DNR-00500,CMP-2026-ANN,13588.35,2026-09-29,Check,True,Completed
GFT-0001156,DNR-00500,CMP-2026-ANN,10908.89,2026-04-11,Check,True,Completed
GFT-0001157,DNR-00500,CMP-2026-ANN,29253.65,2026-08-31,Check,True,Completed
GFT-0001158,DNR-00501,CMP-2024-ANN,187.94,2024-05-11,Online,False,Completed
GFT-0001159,DNR-00501,CMP-2025-ANN,127.03,2025-06-05,Online,False,Completed
GFT-0001160,DNR-00501,CMP-2026-ANN,76.71,2026-01-18,Online,False,Completed
GFT-0001161,DNR-00502,CMP-2025-ANN,49.43,2025-11-22,Online,False,Completed
GFT-0001162,DNR-00502,CMP-2026-ANN,218.41,2026-08-06,Online,False,Completed
GFT-0001163,DNR-00503,CMP-2024-ANN,119.45,2024-05-22,Online,False,Completed
GFT-0001164,DNR-00503,CMP-2025-ANN,46.67,2025-10-02,Online,False,Completed
GFT-0001165,DNR-00503,CMP-2026-ANN,163.32,2026-03-18,Online,False,Completed
GFT-0001166,DNR-00504,CMP-2023-ANN,2694.38,2023-12-20,Credit Card,False,Completed
GFT-0001167,DNR-00504,CMP-2024-ANN,1758.32,2024-06-13,Credit Card,False,Completed
GFT-0001168,DNR-00504,CMP-2024-ANN,793.79,2024-03-03,Credit Card,False,Completed
GFT-0001169,DNR-00504,CMP-2024-ANN,1705.6,2024-04-04,Credit Card,False,Completed
GFT-0001170,DNR-00504,CMP-2025-ANN,2754.96,2025-09-01,Credit Card,False,Completed
GFT-0001171,DNR-00504,CMP-2026-ANN,2568.8,2026-01-21,Credit Card,False,Completed
GFT-0001172,DNR-00504,CMP-2026-ANN,2742.42,2026-06-13,Credit Card,False,Completed
GFT-0001173,DNR-00504,CMP-2026-ANN,2437.18,2026-08-12,Credit Card,False,Completed
GFT-0001174,DNR-00505,CMP-2026-ANN,108.33,2026-05-20,Online,False,Completed
GFT-0001175,DNR-00506,CMP-2023-ANN,144.21,2023-07-23,Online,False,Completed
GFT-0001176,DNR-00506,CMP-2024-ANN,205.52,2024-12-22,Online,False,Completed
GFT-0001177,DNR-00506,CMP-2026-ANN,157.54,2026-09-02,Online,False,Completed
GFT-0001178,DNR-00507,CMP-2023-ANN,2769.65,2023-02-11,Credit Card,False,Completed
GFT-0001179,DNR-00507,CMP-2023-ANN,2592.98,2023-04-19,Credit Card,False,Completed
GFT-0001180,DNR-00507,CMP-2023-ANN,1940.3,2023-03-17,Credit Card,False,Completed
GFT-0001181,DNR-00507,CMP-2024-ANN,834.71,2024-04-30,Credit Card,False,Completed
GFT-0001182,DNR-00507,CMP-2024-ANN,1692.85,2024-03-17,Credit Card,False,Completed
GFT-0001183,DNR-00507,CMP-2025-ANN,2775.21,2025-11-13,Credit Card,False,Completed
GFT-0001184,DNR-00507,CMP-2026-ANN,1208.17,2026-06-24,Credit Card,False,Completed
GFT-0001185,DNR-00508,CMP-2023-ANN,1521.62,2023-10-26,Credit Card,False,Completed
GFT-0001186,DNR-00508,CMP-2023-ANN,972.55,2023-05-04,Credit Card,False,Completed
GFT-0001187,DNR-00508,CMP-2023-ANN,2272.87,2023-09-16,Credit Card,False,Completed
GFT-0001188,DNR-00508,CMP-2024-ANN,1944.97,2024-10-23,Credit Card,False,Completed
GFT-0001189,DNR-00508,CMP-2025-ANN,1799.4,2025-02-15,Credit Card,False,Completed
GFT-0001190,DNR-00508,CMP-2026-ANN,2136.37,2026-09-26,Credit Card,False,Completed
GFT-0001191,DNR-00508,CMP-2026-ANN,2219.42,2026-07-01,Credit Card,False,Completed
GFT-0001192,DNR-00509,CMP-2023-ANN,1522.11,2023-06-02,Credit Card,False,Completed
GFT-0001193,DNR-00509,CMP-2023-ANN,766.46,2023-09-28,Credit Card,False,Completed
GFT-0001194,DNR-00509,CMP-2024-ANN,2128.94,2024-01-01,Credit Card,False,Completed
GFT-0001195,DNR-00509,CMP-2024-ANN,1134.08,2024-09-08,Credit Card,False,Completed
GFT-0001196,DNR-00509,CMP-2025-ANN,1558.9,2025-07-04,Credit Card,False,Completed
GFT-0001197,DNR-00509,CMP-2025-ANN,1414.11,2025-10-29,Credit Card,False,Completed
GFT-0001198,DNR-00509,CMP-2025-ANN,1188.9,2025-03-31,Credit Card,False,Completed
GFT-0001199,DNR-00509,CMP-2026-ANN,1493.64,2026-09-18,Credit Card,False,Completed
GFT-0001200,DNR-00509,CMP-2026-ANN,1009.23,2026-05-18,Credit Card,False,Completed
GFT-0001201,DNR-00509,CMP-2026-ANN,1880.26,2026-09-21,Credit Card,False,Completed
GFT-0001202,DNR-00510,CMP-2023-ANN,65.21,2023-06-14,Online,False,Completed
GFT-0001203,DNR-00510,CMP-2024-ANN,133.85,2024-04-30,Online,False,Completed
GFT-0001204,DNR-00510,CMP-2026-ANN,199.19,2026-01-20,Online,False,Completed
GFT-0001205,DNR-00511,CMP-2024-ANN,56.07,2024-11-21,Online,False,Completed
GFT-0001206,DNR-00511,CMP-2026-ANN,76.7,2026-03-11,Online,False,Completed
GFT-0001207,DNR-00513,CMP-2023-ANN,1036.15,2023-12-01,Credit Card,False,Completed
GFT-0001208,DNR-00513,CMP-2024-ANN,2465.2,2024-08-31,Credit Card,False,Completed
GFT-0001209,DNR-00513,CMP-2024-ANN,2502.13,2024-08-11,Credit Card,False,Completed
GFT-0001210,DNR-00513,CMP-2025-ANN,2242.64,2025-07-01,Credit Card,False,Completed
GFT-0001211,DNR-00513,CMP-2025-ANN,2266.97,2025-09-23,Credit Card,False,Completed
GFT-0001212,DNR-00513,CMP-2025-ANN,901.85,2025-01-07,Credit Card,False,Completed
GFT-0001213,DNR-00513,CMP-2026-ANN,513.23,2026-07-10,Credit Card,False,Completed
GFT-0001214,DNR-00513,CMP-2026-ANN,727.72,2026-05-26,Credit Card,False,Completed
GFT-0001215,DNR-00513,CMP-2026-ANN,863.32,2026-09-21,Credit Card,False,Completed
GFT-0001216,DNR-00514,CMP-2023-ANN,1588.44,2023-08-30,Credit Card,False,Completed
GFT-0001217,DNR-00514,CMP-2023-ANN,660.2,2023-01-19,Credit Card,False,Completed
GFT-0001218,DNR-00514,CMP-2023-ANN,1054.43,2023-05-05,Credit Card,False,Completed
GFT-0001219,DNR-00514,CMP-2024-ANN,2022.57,2024-12-04,Credit Card,False,Completed
GFT-0001220,DNR-00514,CMP-2025-ANN,1460.82,2025-10-05,Credit Card,False,Completed
GFT-0001221,DNR-00514,CMP-2025-ANN,2961.12,2025-05-31,Credit Card,False,Completed
GFT-0001222,DNR-00514,CMP-2025-ANN,2034.91,2025-05-07,Credit Card,False,Completed
GFT-0001223,DNR-00514,CMP-2026-ANN,1216.17,2026-02-05,Credit Card,False,Completed
GFT-0001224,DNR-00514,CMP-2026-ANN,2908.82,2026-04-20,Credit Card,False,Completed
GFT-0001225,DNR-00514,CMP-2026-ANN,643.66,2026-01-07,Credit Card,False,Completed
GFT-0001226,DNR-00515,CMP-2024-ANN,136.23,2024-08-15,Online,False,Completed
GFT-0001227,DNR-00515,CMP-2025-ANN,216.38,2025-06-05,Online,False,Completed
GFT-0001228,DNR-00516,CMP-2025-ANN,68.82,2025-08-09,Online,False,Completed
GFT-0001229,DNR-00517,CMP-2025-ANN,182.15,2025-12-09,Online,False,Completed
GFT-0001230,DNR-00518,CMP-2023-ANN,590.15,2023-11-15,Credit Card,False,Completed
GFT-0001231,DNR-00518,CMP-2023-ANN,1098.14,2023-11-22,Credit Card,False,Completed
GFT-0001232,DNR-00518,CMP-2023-ANN,500.72,2023-10-04,Credit Card,False,Completed
GFT-0001233,DNR-00518,CMP-2024-ANN,717.11,2024-08-19,Credit Card,False,Completed
GFT-0001234,DNR-00518,CMP-2025-ANN,2449.18,2025-02-26,Credit Card,False,Completed
GFT-0001235,DNR-00518,CMP-2025-ANN,1382.82,2025-03-28,Credit Card,False,Completed
GFT-0001236,DNR-00518,CMP-2026-ANN,1513.63,2026-01-01,Credit Card,False,Completed
GFT-0001237,DNR-00518,CMP-2026-ANN,1000.78,2026-02-02,Credit Card,False,Completed
GFT-0001238,DNR-00519,CMP-2024-ANN,60582.91,2024-08-08,Check,True,Completed
GFT-0001239,DNR-00519,CMP-2025-ANN,10573.68,2025-05-17,Check,True,Completed
GFT-0001240,DNR-00519,CMP-2025-ANN,65801.37,2025-03-24,Check,True,Completed
GFT-0001241,DNR-00519,CMP-2025-ANN,16708.98,2025-10-03,Check,True,Completed
GFT-0001242,DNR-00519,CMP-2026-ANN,12922.87,2026-08-01,Check,True,Completed
GFT-0001243,DNR-00519,CMP-2026-ANN,10611.98,2026-03-15,Check,True,Completed
GFT-0001244,DNR-00519,CMP-2026-ANN,16226.46,2026-08-15,Check,True,Completed
GFT-0001245,DNR-00520,CMP-2023-ANN,45.29,2023-02-16,Online,False,Completed
GFT-0001246,DNR-00520,CMP-2024-ANN,211.7,2024-01-06,Online,False,Completed
GFT-0001247,DNR-00520,CMP-2026-ANN,241.74,2026-03-29,Online,False,Completed
GFT-0001248,DNR-00521,CMP-2023-ANN,161.43,2023-08-31,Online,False,Completed
GFT-0001249,DNR-00521,CMP-2024-ANN,234.19,2024-01-23,Online,False,Completed
GFT-0001250,DNR-00521,CMP-2025-ANN,83.75,2025-12-24,Online,False,Completed
GFT-0001251,DNR-00521,CMP-2026-ANN,48.95,2026-08-01,Online,False,Completed
GFT-0001252,DNR-00522,CMP-2025-ANN,91.21,2025-10-01,Online,False,Completed
GFT-0001253,DNR-00523,CMP-2023-ANN,2891.77,2023-12-10,Credit Card,False,Completed
GFT-0001254,DNR-00523,CMP-2023-ANN,2690.28,2023-12-18,Credit Card,False,Completed
GFT-0001255,DNR-00523,CMP-2023-ANN,2532.87,2023-12-26,Credit Card,False,Completed
GFT-0001256,DNR-00523,CMP-2024-ANN,1125.35,2024-01-18,Credit Card,False,Completed
GFT-0001257,DNR-00523,CMP-2024-ANN,1606.92,2024-06-19,Credit Card,False,Completed
GFT-0001258,DNR-00523,CMP-2024-ANN,1442.7,2024-06-28,Credit Card,False,Completed
GFT-0001259,DNR-00523,CMP-2025-ANN,2424.92,2025-01-06,Credit Card,False,Completed
GFT-0001260,DNR-00523,CMP-2025-ANN,2393.68,2025-11-04,Credit Card,False,Completed
GFT-0001261,DNR-00523,CMP-2026-ANN,2203.99,2026-07-06,Credit Card,False,Completed
GFT-0001262,DNR-00523,CMP-2026-ANN,2741.31,2026-06-08,Credit Card,False,Completed
GFT-0001263,DNR-00524,CMP-2023-ANN,1704.93,2023-11-21,Credit Card,False,Completed
GFT-0001264,DNR-00524,CMP-2024-ANN,668.89,2024-03-27,Credit Card,False,Completed
GFT-0001265,DNR-00524,CMP-2024-ANN,2084.15,2024-04-08,Credit Card,False,Completed
GFT-0001266,DNR-00524,CMP-2025-ANN,2192.28,2025-09-21,Credit Card,False,Completed
GFT-0001267,DNR-00524,CMP-2026-ANN,2500.4,2026-06-22,Credit Card,False,Completed
GFT-0001268,DNR-00525,CMP-2025-ANN,2888.61,2025-12-21,Credit Card,False,Completed
GFT-0001269,DNR-00525,CMP-2025-ANN,1791.26,2025-11-29,Credit Card,False,Completed
GFT-0001270,DNR-00525,CMP-2026-ANN,2252.05,2026-02-13,Credit Card,False,Completed
GFT-0001271,DNR-00526,CMP-2023-ANN,89.64,2023-10-04,Online,False,Completed
GFT-0001272,DNR-00526,CMP-2024-ANN,193.48,2024-01-10,Online,False,Completed
GFT-0001273,DNR-00526,CMP-2025-ANN,149.77,2025-04-30,Online,False,Completed
GFT-0001274,DNR-00526,CMP-2026-ANN,95.62,2026-04-10,Online,False,Completed
GFT-0001275,DNR-00527,CMP-2023-ANN,154.09,2023-09-13,Online,False,Completed
GFT-0001276,DNR-00527,CMP-2024-ANN,192.89,2024-09-12,Online,False,Completed
GFT-0001277,DNR-00527,CMP-2026-ANN,190.85,2026-09-13,Online,False,Completed
GFT-0001278,DNR-00528,CMP-2025-ANN,79.46,2025-10-13,Online,False,Completed
GFT-0001279,DNR-00528,CMP-2026-ANN,76.57,2026-04-15,Online,False,Completed
GFT-0001280,DNR-00529,CMP-2025-ANN,200.26,2025-02-23,Online,False,Completed
GFT-0001281,DNR-00529,CMP-2026-ANN,42.66,2026-05-18,Online,False,Completed
GFT-0001282,DNR-00530,CMP-2024-ANN,1731.66,2024-10-19,Credit Card,False,Completed
GFT-0001283,DNR-00530,CMP-2024-ANN,516.56,2024-09-07,Credit Card,False,Completed
GFT-0001284,DNR-00530,CMP-2024-ANN,2642.72,2024-11-22,Credit Card,False,Completed
GFT-0001285,DNR-00530,CMP-2025-ANN,2620.03,2025-09-22,Credit Card,False,Completed
GFT-0001286,DNR-00530,CMP-2026-ANN,2051.67,2026-05-01,Credit Card,False,Completed
GFT-0001287,DNR-00530,CMP-2026-ANN,1730.85,2026-07-08,Credit Card,False,Completed
GFT-0001288,DNR-00531,CMP-2023-ANN,2671.92,2023-10-29,Credit Card,False,Completed
GFT-0001289,DNR-00531,CMP-2023-ANN,1727.01,2023-10-20,Credit Card,False,Completed
GFT-0001290,DNR-00531,CMP-2023-ANN,2960.99,2023-08-03,Credit Card,False,Completed
GFT-0001291,DNR-00531,CMP-2024-ANN,1200.67,2024-08-06,Credit Card,False,Completed
GFT-0001292,DNR-00531,CMP-2024-ANN,1055.23,2024-10-06,Credit Card,False,Completed
GFT-0001293,DNR-00531,CMP-2024-ANN,1941.66,2024-03-16,Credit Card,False,Completed
GFT-0001294,DNR-00531,CMP-2025-ANN,1814.34,2025-01-11,Credit Card,False,Completed
GFT-0001295,DNR-00531,CMP-2026-ANN,1695.8,2026-07-05,Credit Card,False,Completed
GFT-0001296,DNR-00531,CMP-2026-ANN,1851.92,2026-01-22,Credit Card,False,Completed
GFT-0001297,DNR-00532,CMP-2023-ANN,28090.38,2023-07-14,Check,True,Completed
GFT-0001298,DNR-00532,CMP-2023-ANN,22715.43,2023-07-03,Check,True,Completed
GFT-0001299,DNR-00532,CMP-2023-ANN,10391.51,2023-10-03,Check,True,Completed
GFT-0001300,DNR-00532,CMP-2024-ANN,10578.6,2024-07-16,Check,True,Completed
GFT-0001301,DNR-00532,CMP-2024-ANN,14411.45,2024-07-11,Check,True,Completed
GFT-0001302,DNR-00532,CMP-2025-ANN,12868.42,2025-03-09,Check,True,Completed
GFT-0001303,DNR-00532,CMP-2025-ANN,12120.61,2025-11-14,Check,True,Completed
GFT-0001304,DNR-00532,CMP-2026-ANN,12690.01,2026-09-13,Check,True,Completed
GFT-0001305,DNR-00532,CMP-2026-ANN,28836.93,2026-01-05,Check,True,Completed
GFT-0001306,DNR-00532,CMP-2026-ANN,51384.62,2026-08-19,Check,True,Completed
GFT-0001307,DNR-00533,CMP-2024-ANN,14447.79,2024-12-24,Check,True,Completed
GFT-0001308,DNR-00533,CMP-2025-ANN,43953.52,2025-03-07,Check,True,Completed
GFT-0001309,DNR-00533,CMP-2025-ANN,13210.21,2025-11-10,Check,True,Completed
GFT-0001310,DNR-00533,CMP-2026-ANN,15730.36,2026-05-19,Check,True,Completed
GFT-0001311,DNR-00534,CMP-2025-ANN,180.07,2025-08-07,Online,False,Completed
GFT-0001312,DNR-00534,CMP-2026-ANN,72.42,2026-05-22,Online,False,Completed
GFT-0001313,DNR-00535,CMP-2025-ANN,98.22,2025-06-25,Online,False,Completed
GFT-0001314,DNR-00536,CMP-2023-ANN,967.88,2023-11-10,Credit Card,False,Completed
GFT-0001315,DNR-00536,CMP-2023-ANN,1157.12,2023-08-08,Credit Card,False,Completed
GFT-0001316,DNR-00536,CMP-2024-ANN,1678.36,2024-07-22,Credit Card,False,Completed
GFT-0001317,DNR-00536,CMP-2024-ANN,2032.71,2024-10-21,Credit Card,False,Completed
GFT-0001318,DNR-00536,CMP-2025-ANN,959.78,2025-08-16,Credit Card,False,Completed
GFT-0001319,DNR-00536,CMP-2025-ANN,1559.86,2025-08-01,Credit Card,False,Completed
GFT-0001320,DNR-00536,CMP-2026-ANN,2251.78,2026-07-28,Credit Card,False,Completed
GFT-0001321,DNR-00536,CMP-2026-ANN,1430.77,2026-05-23,Credit Card,False,Completed
GFT-0001322,DNR-00537,CMP-2025-ANN,1199.07,2025-07-22,Credit Card,False,Completed
GFT-0001323,DNR-00537,CMP-2025-ANN,949.72,2025-11-03,Credit Card,False,Completed
GFT-0001324,DNR-00537,CMP-2026-ANN,2948.18,2026-07-08,Credit Card,False,Completed
GFT-0001325,DNR-00539,CMP-2023-ANN,217.67,2023-06-05,Online,False,Completed
GFT-0001326,DNR-00539,CMP-2024-ANN,205.01,2024-06-12,Online,False,Completed
GFT-0001327,DNR-00539,CMP-2026-ANN,27.19,2026-03-21,Online,False,Completed
GFT-0001328,DNR-00540,CMP-2023-ANN,55.26,2023-11-10,Online,False,Completed
GFT-0001329,DNR-00540,CMP-2026-ANN,96.04,2026-02-12,Online,False,Completed
GFT-0001330,DNR-00541,CMP-2025-ANN,1250.09,2025-08-07,Credit Card,False,Completed
GFT-0001331,DNR-00541,CMP-2025-ANN,1905.35,2025-11-05,Credit Card,False,Completed
GFT-0001332,DNR-00541,CMP-2026-ANN,619.27,2026-06-24,Credit Card,False,Completed
GFT-0001333,DNR-00541,CMP-2026-ANN,747.44,2026-01-01,Credit Card,False,Completed
GFT-0001334,DNR-00541,CMP-2026-ANN,908.35,2026-02-26,Credit Card,False,Completed
GFT-0001335,DNR-00542,CMP-2023-ANN,82.22,2023-02-26,Online,False,Completed
GFT-0001336,DNR-00542,CMP-2025-ANN,192.53,2025-02-05,Online,False,Completed
GFT-0001337,DNR-00542,CMP-2026-ANN,106.07,2026-05-26,Online,False,Completed
GFT-0001338,DNR-00543,CMP-2023-ANN,207.25,2023-09-28,Online,False,Completed
GFT-0001339,DNR-00543,CMP-2024-ANN,117.65,2024-06-10,Online,False,Completed
GFT-0001340,DNR-00543,CMP-2025-ANN,177.91,2025-07-07,Online,False,Completed
GFT-0001341,DNR-00544,CMP-2023-ANN,171.22,2023-11-07,Online,False,Completed
GFT-0001342,DNR-00544,CMP-2024-ANN,245.36,2024-01-20,Online,False,Completed
GFT-0001343,DNR-00544,CMP-2025-ANN,98.15,2025-07-29,Online,False,Completed
GFT-0001344,DNR-00544,CMP-2026-ANN,199.32,2026-08-25,Online,False,Completed
GFT-0001345,DNR-00545,CMP-2025-ANN,42.64,2025-09-07,Online,False,Completed
GFT-0001346,DNR-00546,CMP-2025-ANN,240.23,2025-03-17,Online,False,Completed
GFT-0001347,DNR-00547,CMP-2025-ANN,162.77,2025-05-04,Online,False,Completed
GFT-0001348,DNR-00547,CMP-2026-ANN,229.09,2026-09-24,Online,False,Completed
GFT-0001349,DNR-00548,CMP-2023-ANN,102.32,2023-11-24,Online,False,Completed
GFT-0001350,DNR-00548,CMP-2024-ANN,171.93,2024-01-17,Online,False,Completed
GFT-0001351,DNR-00549,CMP-2025-ANN,224.73,2025-09-23,Online,False,Completed
GFT-0001352,DNR-00550,CMP-2025-ANN,126.31,2025-11-19,Online,False,Completed
GFT-0001353,DNR-00550,CMP-2026-ANN,217.2,2026-09-05,Online,False,Completed
GFT-0001354,DNR-00551,CMP-2023-ANN,77.79,2023-11-17,Online,False,Completed
GFT-0001355,DNR-00551,CMP-2024-ANN,192.37,2024-12-21,Online,False,Completed
GFT-0001356,DNR-00551,CMP-2026-ANN,114.34,2026-02-26,Online,False,Completed
GFT-0001357,DNR-00552,CMP-2024-ANN,659.48,2024-02-17,Credit Card,False,Completed
GFT-0001358,DNR-00552,CMP-2025-ANN,1871.08,2025-05-25,Credit Card,False,Completed
GFT-0001359,DNR-00552,CMP-2025-ANN,565.91,2025-04-04,Credit Card,False,Completed
GFT-0001360,DNR-00552,CMP-2026-ANN,1809.96,2026-05-25,Credit Card,False,Completed
GFT-0001361,DNR-00552,CMP-2026-ANN,2990.03,2026-05-11,Credit Card,False,Completed
GFT-0001362,DNR-00553,CMP-2025-ANN,164.07,2025-07-03,Online,False,Completed
GFT-0001363,DNR-00553,CMP-2026-ANN,234.61,2026-06-16,Online,False,Completed
GFT-0001364,DNR-00554,CMP-2024-ANN,76.61,2024-06-18,Online,False,Completed
GFT-0001365,DNR-00554,CMP-2026-ANN,53.44,2026-03-23,Online,False,Completed
GFT-0001366,DNR-00555,CMP-2024-ANN,2596.29,2024-11-10,Credit Card,False,Completed
GFT-0001367,DNR-00555,CMP-2024-ANN,571.43,2024-11-17,Credit Card,False,Completed
GFT-0001368,DNR-00555,CMP-2024-ANN,2158.87,2024-11-06,Credit Card,False,Completed
GFT-0001369,DNR-00555,CMP-2025-ANN,2660.6,2025-01-05,Credit Card,False,Completed
GFT-0001370,DNR-00555,CMP-2025-ANN,1667.98,2025-06-22,Credit Card,False,Completed
GFT-0001371,DNR-00555,CMP-2026-ANN,2837.14,2026-06-22,Credit Card,False,Completed
GFT-0001372,DNR-00555,CMP-2026-ANN,1871.36,2026-06-06,Credit Card,False,Completed
GFT-0001373,DNR-00555,CMP-2026-ANN,837.79,2026-01-22,Credit Card,False,Completed
GFT-0001374,DNR-00556,CMP-2024-ANN,157.94,2024-07-14,Online,False,Completed
GFT-0001375,DNR-00556,CMP-2025-ANN,193.51,2025-08-14,Online,False,Completed
GFT-0001376,DNR-00557,CMP-2025-ANN,168.95,2025-11-07,Online,False,Completed
GFT-0001377,DNR-00557,CMP-2026-ANN,229.51,2026-02-02,Online,False,Completed
GFT-0001378,DNR-00558,CMP-2024-ANN,76.1,2024-08-05,Online,False,Completed
GFT-0001379,DNR-00558,CMP-2025-ANN,94.27,2025-10-01,Online,False,Completed
GFT-0001380,DNR-00558,CMP-2026-ANN,60.04,2026-07-25,Online,False,Completed
GFT-0001381,DNR-00559,CMP-2023-ANN,142.75,2023-11-04,Online,False,Completed
GFT-0001382,DNR-00559,CMP-2025-ANN,89.52,2025-03-06,Online,False,Completed
GFT-0001383,DNR-00559,CMP-2026-ANN,179.75,2026-07-05,Online,False,Completed
GFT-0001384,DNR-00560,CMP-2025-ANN,194.98,2025-11-16,Online,False,Completed
GFT-0001385,DNR-00560,CMP-2026-ANN,197.32,2026-07-19,Online,False,Completed
GFT-0001386,DNR-00561,CMP-2024-ANN,204.27,2024-08-11,Online,False,Completed
GFT-0001387,DNR-00561,CMP-2025-ANN,67.43,2025-08-16,Online,False,Completed
GFT-0001388,DNR-00562,CMP-2024-ANN,81.23,2024-12-04,Online,False,Completed
GFT-0001389,DNR-00563,CMP-2025-ANN,42.82,2025-11-19,Online,False,Completed
GFT-0001390,DNR-00564,CMP-2023-ANN,204.99,2023-01-30,Online,False,Completed
GFT-0001391,DNR-00564,CMP-2026-ANN,170.9,2026-06-23,Online,False,Completed
GFT-0001392,DNR-00565,CMP-2023-ANN,85.48,2023-12-25,Online,False,Completed
GFT-0001393,DNR-00565,CMP-2024-ANN,40.4,2024-05-30,Online,False,Completed
GFT-0001394,DNR-00565,CMP-2025-ANN,49.83,2025-06-01,Online,False,Completed
GFT-0001395,DNR-00565,CMP-2026-ANN,126.87,2026-05-12,Online,False,Completed
GFT-0001396,DNR-00566,CMP-2025-ANN,97.14,2025-12-24,Online,False,Completed
GFT-0001397,DNR-00566,CMP-2026-ANN,243.19,2026-05-13,Online,False,Completed
GFT-0001398,DNR-00567,CMP-2024-ANN,243.77,2024-10-13,Online,False,Completed
GFT-0001399,DNR-00567,CMP-2025-ANN,53.13,2025-05-06,Online,False,Completed
GFT-0001400,DNR-00567,CMP-2026-ANN,26.85,2026-05-01,Online,False,Completed
GFT-0001401,DNR-00568,CMP-2025-ANN,28.31,2025-08-03,Online,False,Completed
GFT-0001402,DNR-00568,CMP-2026-ANN,119.55,2026-02-06,Online,False,Completed
GFT-0001403,DNR-00569,CMP-2024-ANN,2994.91,2024-09-19,Credit Card,False,Completed
GFT-0001404,DNR-00569,CMP-2024-ANN,1659.21,2024-02-08,Credit Card,False,Completed
GFT-0001405,DNR-00569,CMP-2025-ANN,1325.62,2025-03-31,Credit Card,False,Completed
GFT-0001406,DNR-00569,CMP-2026-ANN,640.1,2026-09-17,Credit Card,False,Completed
GFT-0001407,DNR-00570,CMP-2026-ANN,130.78,2026-09-03,Online,False,Completed
GFT-0001408,DNR-00571,CMP-2024-ANN,214.35,2024-10-15,Online,False,Completed
GFT-0001409,DNR-00572,CMP-2024-ANN,197.83,2024-07-04,Online,False,Completed
GFT-0001410,DNR-00572,CMP-2025-ANN,198.53,2025-08-24,Online,False,Completed
GFT-0001411,DNR-00572,CMP-2026-ANN,190.96,2026-01-21,Online,False,Completed
GFT-0001412,DNR-00573,CMP-2023-ANN,128.69,2023-09-20,Online,False,Completed
GFT-0001413,DNR-00573,CMP-2025-ANN,245.98,2025-08-18,Online,False,Completed
GFT-0001414,DNR-00573,CMP-2026-ANN,178.32,2026-05-23,Online,False,Completed
GFT-0001415,DNR-00574,CMP-2024-ANN,97.69,2024-06-23,Online,False,Completed
GFT-0001416,DNR-00574,CMP-2026-ANN,235.92,2026-03-31,Online,False,Completed
GFT-0001417,DNR-00575,CMP-2023-ANN,805.35,2023-12-24,Credit Card,False,Completed
GFT-0001418,DNR-00575,CMP-2023-ANN,1703.07,2023-12-04,Credit Card,False,Completed
GFT-0001419,DNR-00575,CMP-2023-ANN,1247.03,2023-01-22,Credit Card,False,Completed
GFT-0001420,DNR-00575,CMP-2024-ANN,2718.8,2024-12-11,Credit Card,False,Completed
GFT-0001421,DNR-00575,CMP-2024-ANN,2659.14,2024-04-16,Credit Card,False,Completed
GFT-0001422,DNR-00575,CMP-2025-ANN,2933.19,2025-10-19,Credit Card,False,Completed
GFT-0001423,DNR-00575,CMP-2026-ANN,2082.27,2026-04-15,Credit Card,False,Completed
GFT-0001424,DNR-00576,CMP-2025-ANN,537.67,2025-05-24,Credit Card,False,Completed
GFT-0001425,DNR-00576,CMP-2025-ANN,2485.98,2025-09-12,Credit Card,False,Completed
GFT-0001426,DNR-00576,CMP-2026-ANN,799.12,2026-02-27,Credit Card,False,Completed
GFT-0001427,DNR-00576,CMP-2026-ANN,2472.86,2026-01-11,Credit Card,False,Completed
GFT-0001428,DNR-00576,CMP-2026-ANN,522.32,2026-04-13,Credit Card,False,Completed
GFT-0001429,DNR-00577,CMP-2023-ANN,201.28,2023-12-01,Online,False,Completed
GFT-0001430,DNR-00577,CMP-2024-ANN,159.15,2024-02-23,Online,False,Completed
GFT-0001431,DNR-00577,CMP-2025-ANN,45.13,2025-11-06,Online,False,Completed
GFT-0001432,DNR-00577,CMP-2026-ANN,45.57,2026-03-05,Online,False,Completed
GFT-0001433,DNR-00578,CMP-2025-ANN,1346.06,2025-06-14,Credit Card,False,Completed
GFT-0001434,DNR-00578,CMP-2025-ANN,2924.13,2025-03-22,Credit Card,False,Completed
GFT-0001435,DNR-00578,CMP-2025-ANN,2398.9,2025-03-19,Credit Card,False,Completed
GFT-0001436,DNR-00578,CMP-2026-ANN,649.44,2026-09-27,Credit Card,False,Completed
GFT-0001437,DNR-00579,CMP-2026-ANN,77.35,2026-04-14,Online,False,Completed
GFT-0001438,DNR-00581,CMP-2024-ANN,68.42,2024-11-03,Online,False,Completed
GFT-0001439,DNR-00581,CMP-2026-ANN,55.31,2026-09-26,Online,False,Completed
GFT-0001440,DNR-00582,CMP-2024-ANN,12050.18,2024-07-06,Check,True,Completed
GFT-0001441,DNR-00582,CMP-2025-ANN,20016.55,2025-01-14,Check,True,Completed
GFT-0001442,DNR-00582,CMP-2025-ANN,98463.32,2025-01-18,Check,True,Completed
GFT-0001443,DNR-00582,CMP-2026-ANN,18821.32,2026-04-18,Check,True,Completed
GFT-0001444,DNR-00582,CMP-2026-ANN,13718.06,2026-04-27,Check,True,Completed
GFT-0001445,DNR-00582,CMP-2026-ANN,20275.94,2026-09-18,Check,True,Completed
GFT-0001446,DNR-00583,CMP-2025-ANN,91.31,2025-07-11,Online,False,Completed
GFT-0001447,DNR-00584,CMP-2023-ANN,66.99,2023-11-24,Online,False,Completed
GFT-0001448,DNR-00584,CMP-2024-ANN,189.79,2024-07-10,Online,False,Completed
GFT-0001449,DNR-00584,CMP-2025-ANN,212.05,2025-11-16,Online,False,Completed
GFT-0001450,DNR-00585,CMP-2023-ANN,40.5,2023-11-02,Online,False,Completed
GFT-0001451,DNR-00585,CMP-2024-ANN,91.53,2024-04-02,Online,False,Completed
GFT-0001452,DNR-00585,CMP-2025-ANN,107.6,2025-07-16,Online,False,Completed
GFT-0001453,DNR-00585,CMP-2026-ANN,168.56,2026-01-11,Online,False,Completed
GFT-0001454,DNR-00586,CMP-2023-ANN,66.75,2023-06-15,Online,False,Completed
GFT-0001455,DNR-00586,CMP-2024-ANN,217.79,2024-10-18,Online,False,Completed
GFT-0001456,DNR-00586,CMP-2026-ANN,187.23,2026-01-07,Online,False,Completed
GFT-0001457,DNR-00587,CMP-2024-ANN,112.19,2024-08-27,Online,False,Completed
GFT-0001458,DNR-00587,CMP-2025-ANN,136.95,2025-06-20,Online,False,Completed
GFT-0001459,DNR-00587,CMP-2026-ANN,162.93,2026-08-09,Online,False,Completed
GFT-0001460,DNR-00588,CMP-2023-ANN,169.2,2023-10-28,Online,False,Completed
GFT-0001461,DNR-00588,CMP-2024-ANN,142.72,2024-09-17,Online,False,Completed
GFT-0001462,DNR-00588,CMP-2025-ANN,212.92,2025-09-20,Online,False,Completed
GFT-0001463,DNR-00588,CMP-2026-ANN,221.54,2026-06-28,Online,False,Completed
GFT-0001464,DNR-00589,CMP-2023-ANN,134.21,2023-06-14,Online,False,Completed
GFT-0001465,DNR-00589,CMP-2024-ANN,153.48,2024-09-23,Online,False,Completed
GFT-0001466,DNR-00590,CMP-2023-ANN,182.8,2023-10-05,Online,False,Completed
GFT-0001467,DNR-00590,CMP-2024-ANN,107.43,2024-04-08,Online,False,Completed
GFT-0001468,DNR-00590,CMP-2026-ANN,234.3,2026-06-23,Online,False,Completed
GFT-0001469,DNR-00591,CMP-2025-ANN,135.57,2025-09-25,Online,False,Completed
GFT-0001470,DNR-00592,CMP-2024-ANN,205.23,2024-12-14,Online,False,Completed
GFT-0001471,DNR-00592,CMP-2025-ANN,150.55,2025-07-14,Online,False,Completed
GFT-0001472,DNR-00593,CMP-2023-ANN,108.04,2023-06-16,Online,False,Completed
GFT-0001473,DNR-00593,CMP-2026-ANN,34.15,2026-07-25,Online,False,Completed
GFT-0001474,DNR-00594,CMP-2023-ANN,93.38,2023-06-12,Online,False,Completed
GFT-0001475,DNR-00594,CMP-2026-ANN,188.16,2026-01-06,Online,False,Completed
GFT-0001476,DNR-00595,CMP-2025-ANN,1463.33,2025-09-13,Credit Card,False,Completed
GFT-0001477,DNR-00595,CMP-2025-ANN,982.8,2025-11-21,Credit Card,False,Completed
GFT-0001478,DNR-00595,CMP-2025-ANN,2142.19,2025-10-07,Credit Card,False,Completed
GFT-0001479,DNR-00595,CMP-2026-ANN,2063.31,2026-05-06,Credit Card,False,Completed
GFT-0001480,DNR-00595,CMP-2026-ANN,947.24,2026-07-18,Credit Card,False,Completed
GFT-0001481,DNR-00595,CMP-2026-ANN,2372.99,2026-06-22,Credit Card,False,Completed
GFT-0001482,DNR-00596,CMP-2024-ANN,48.74,2024-10-09,Online,False,Completed
GFT-0001483,DNR-00596,CMP-2026-ANN,128.21,2026-09-08,Online,False,Completed
GFT-0001484,DNR-00597,CMP-2025-ANN,65.59,2025-10-05,Online,False,Completed
GFT-0001485,DNR-00597,CMP-2026-ANN,100.94,2026-09-11,Online,False,Completed
GFT-0001486,DNR-00598,CMP-2023-ANN,249.65,2023-12-19,Online,False,Completed
GFT-0001487,DNR-00598,CMP-2024-ANN,104.27,2024-10-28,Online,False,Completed
GFT-0001488,DNR-00598,CMP-2025-ANN,248.08,2025-01-08,Online,False,Completed
GFT-0001489,DNR-00598,CMP-2026-ANN,108.64,2026-06-08,Online,False,Completed
GFT-0001490,DNR-00599,CMP-2024-ANN,188.32,2024-08-11,Online,False,Completed
GFT-0001491,DNR-00599,CMP-2026-ANN,73.13,2026-06-18,Online,False,Completed
GFT-0001492,DNR-00600,CMP-2025-ANN,241.37,2025-10-30,Online,False,Completed
GFT-0001493,DNR-00600,CMP-2026-ANN,114.35,2026-03-01,Online,False,Completed
GFT-0001494,DNR-00602,CMP-2023-ANN,141.46,2023-10-25,Online,False,Completed
GFT-0001495,DNR-00602,CMP-2025-ANN,92.58,2025-06-24,Online,False,Completed
GFT-0001496,DNR-00602,CMP-2026-ANN,217.54,2026-03-18,Online,False,Completed
GFT-0001497,DNR-00603,CMP-2024-ANN,209.94,2024-11-16,Online,False,Completed
GFT-0001498,DNR-00603,CMP-2026-ANN,149.57,2026-04-20,Online,False,Completed
GFT-0001499,DNR-00604,CMP-2025-ANN,233.33,2025-03-05,Online,False,Completed
GFT-0001500,DNR-00604,CMP-2026-ANN,33.49,2026-07-29,Online,False,Completed
GFT-0001501,DNR-00605,CMP-2023-ANN,56.14,2023-08-04,Online,False,Completed
GFT-0001502,DNR-00605,CMP-2024-ANN,155.99,2024-04-14,Online,False,Completed
GFT-0001503,DNR-00605,CMP-2025-ANN,207.49,2025-10-31,Online,False,Completed
GFT-0001504,DNR-00605,CMP-2026-ANN,114.95,2026-02-22,Online,False,Completed
GFT-0001505,DNR-00607,CMP-2024-ANN,210.78,2024-11-13,Online,False,Completed
GFT-0001506,DNR-00607,CMP-2026-ANN,229.22,2026-01-07,Online,False,Completed
GFT-0001507,DNR-00608,CMP-2024-ANN,92.59,2024-08-25,Online,False,Completed
GFT-0001508,DNR-00608,CMP-2026-ANN,42.66,2026-05-29,Online,False,Completed
GFT-0001509,DNR-00609,CMP-2023-ANN,198.45,2023-12-21,Online,False,Completed
GFT-0001510,DNR-00609,CMP-2024-ANN,208.86,2024-06-16,Online,False,Completed
GFT-0001511,DNR-00609,CMP-2025-ANN,220.26,2025-01-12,Online,False,Completed
GFT-0001512,DNR-00610,CMP-2025-ANN,171.88,2025-09-07,Online,False,Completed
GFT-0001513,DNR-00611,CMP-2023-ANN,199.92,2023-05-22,Online,False,Completed
GFT-0001514,DNR-00611,CMP-2024-ANN,93.58,2024-10-05,Online,False,Completed
GFT-0001515,DNR-00611,CMP-2025-ANN,146.48,2025-05-07,Online,False,Completed
GFT-0001516,DNR-00611,CMP-2026-ANN,138.04,2026-03-13,Online,False,Completed
GFT-0001517,DNR-00612,CMP-2023-ANN,36.37,2023-05-06,Online,False,Completed
GFT-0001518,DNR-00612,CMP-2025-ANN,125.26,2025-10-21,Online,False,Completed
GFT-0001519,DNR-00612,CMP-2026-ANN,138.56,2026-07-31,Online,False,Completed
GFT-0001520,DNR-00613,CMP-2023-ANN,90.2,2023-12-04,Online,False,Completed
GFT-0001521,DNR-00613,CMP-2024-ANN,54.74,2024-04-15,Online,False,Completed
GFT-0001522,DNR-00613,CMP-2025-ANN,153.57,2025-09-14,Online,False,Completed
GFT-0001523,DNR-00613,CMP-2026-ANN,114.82,2026-09-15,Online,False,Completed
GFT-0001524,DNR-00614,CMP-2024-ANN,137.91,2024-05-29,Online,False,Completed
GFT-0001525,DNR-00614,CMP-2026-ANN,55.35,2026-02-07,Online,False,Completed
GFT-0001526,DNR-00615,CMP-2025-ANN,995.27,2025-05-24,Credit Card,False,Completed
GFT-0001527,DNR-00615,CMP-2025-ANN,1488.3,2025-08-24,Credit Card,False,Completed
GFT-0001528,DNR-00615,CMP-2025-ANN,1928.33,2025-11-15,Credit Card,False,Completed
GFT-0001529,DNR-00615,CMP-2026-ANN,2039.99,2026-08-12,Credit Card,False,Completed
GFT-0001530,DNR-00615,CMP-2026-ANN,2339.17,2026-06-22,Credit Card,False,Completed
GFT-0001531,DNR-00615,CMP-2026-ANN,1115.61,2026-01-15,Credit Card,False,Completed
GFT-0001532,DNR-00616,CMP-2023-ANN,1165.64,2023-11-01,Credit Card,False,Completed
GFT-0001533,DNR-00616,CMP-2024-ANN,1308.53,2024-05-06,Credit Card,False,Completed
GFT-0001534,DNR-00616,CMP-2024-ANN,2810.35,2024-02-29,Credit Card,False,Completed
GFT-0001535,DNR-00616,CMP-2025-ANN,781.32,2025-06-21,Credit Card,False,Completed
GFT-0001536,DNR-00616,CMP-2026-ANN,1558.85,2026-09-18,Credit Card,False,Completed
GFT-0001537,DNR-00616,CMP-2026-ANN,1370.77,2026-09-25,Credit Card,False,Completed
GFT-0001538,DNR-00617,CMP-2023-ANN,158.62,2023-12-25,Online,False,Completed
GFT-0001539,DNR-00617,CMP-2024-ANN,93.58,2024-09-05,Online,False,Completed
GFT-0001540,DNR-00618,CMP-2024-ANN,57.81,2024-11-09,Online,False,Completed
GFT-0001541,DNR-00618,CMP-2025-ANN,209.09,2025-07-16,Online,False,Completed
GFT-0001542,DNR-00618,CMP-2026-ANN,109.11,2026-09-04,Online,False,Completed
GFT-0001543,DNR-00619,CMP-2023-ANN,2631.91,2023-10-10,Credit Card,False,Completed
GFT-0001544,DNR-00619,CMP-2023-ANN,780.93,2023-09-28,Credit Card,False,Completed
GFT-0001545,DNR-00619,CMP-2023-ANN,636.35,2023-04-04,Credit Card,False,Completed
GFT-0001546,DNR-00619,CMP-2024-ANN,2816.82,2024-12-03,Credit Card,False,Completed
GFT-0001547,DNR-00619,CMP-2024-ANN,2671.88,2024-11-01,Credit Card,False,Completed
GFT-0001548,DNR-00619,CMP-2024-ANN,2550.33,2024-08-18,Credit Card,False,Completed
GFT-0001549,DNR-00619,CMP-2025-ANN,1358.18,2025-08-19,Credit Card,False,Completed
GFT-0001550,DNR-00619,CMP-2026-ANN,1262.8,2026-05-26,Credit Card,False,Completed
GFT-0001551,DNR-00620,CMP-2023-ANN,99.67,2023-12-12,Online,False,Completed
GFT-0001552,DNR-00620,CMP-2025-ANN,147.95,2025-09-15,Online,False,Completed
GFT-0001553,DNR-00621,CMP-2023-ANN,165.18,2023-11-27,Online,False,Completed
GFT-0001554,DNR-00622,CMP-2023-ANN,228.86,2023-11-18,Online,False,Completed
GFT-0001555,DNR-00622,CMP-2024-ANN,82.48,2024-03-01,Online,False,Completed
GFT-0001556,DNR-00622,CMP-2025-ANN,70.16,2025-05-13,Online,False,Completed
GFT-0001557,DNR-00623,CMP-2025-ANN,173.58,2025-01-08,Online,False,Completed
GFT-0001558,DNR-00624,CMP-2024-ANN,49.28,2024-04-20,Online,False,Completed
GFT-0001559,DNR-00624,CMP-2025-ANN,223.77,2025-11-14,Online,False,Completed
GFT-0001560,DNR-00624,CMP-2026-ANN,245.45,2026-01-17,Online,False,Completed
GFT-0001561,DNR-00625,CMP-2023-ANN,184.68,2023-12-23,Online,False,Completed
GFT-0001562,DNR-00625,CMP-2025-ANN,159.35,2025-09-03,Online,False,Completed
GFT-0001563,DNR-00625,CMP-2026-ANN,69.75,2026-07-31,Online,False,Completed
GFT-0001564,DNR-00626,CMP-2026-ANN,185.31,2026-09-08,Online,False,Completed
GFT-0001565,DNR-00627,CMP-2024-ANN,232.51,2024-06-10,Online,False,Completed
GFT-0001566,DNR-00627,CMP-2025-ANN,135.23,2025-02-06,Online,False,Completed
GFT-0001567,DNR-00628,CMP-2023-ANN,178.97,2023-06-10,Online,False,Completed
GFT-0001568,DNR-00628,CMP-2024-ANN,93.02,2024-09-11,Online,False,Completed
GFT-0001569,DNR-00629,CMP-2023-ANN,38.95,2023-10-13,Online,False,Completed
GFT-0001570,DNR-00629,CMP-2024-ANN,112.11,2024-01-01,Online,False,Completed
GFT-0001571,DNR-00630,CMP-2025-ANN,101.9,2025-07-11,Online,False,Completed
GFT-0001572,DNR-00630,CMP-2026-ANN,55.88,2026-01-26,Online,False,Completed
GFT-0001573,DNR-00631,CMP-2024-ANN,177.55,2024-12-22,Online,False,Completed
GFT-0001574,DNR-00632,CMP-2023-ANN,1100.9,2023-10-10,Credit Card,False,Completed
GFT-0001575,DNR-00632,CMP-2023-ANN,881.87,2023-08-23,Credit Card,False,Completed
GFT-0001576,DNR-00632,CMP-2024-ANN,2774.34,2024-05-30,Credit Card,False,Completed
GFT-0001577,DNR-00632,CMP-2024-ANN,1323.21,2024-06-04,Credit Card,False,Completed
GFT-0001578,DNR-00632,CMP-2025-ANN,829.43,2025-03-26,Credit Card,False,Completed
GFT-0001579,DNR-00632,CMP-2025-ANN,2131.18,2025-05-13,Credit Card,False,Completed
GFT-0001580,DNR-00632,CMP-2025-ANN,1952.58,2025-01-31,Credit Card,False,Completed
GFT-0001581,DNR-00632,CMP-2026-ANN,2500.26,2026-02-11,Credit Card,False,Completed
GFT-0001582,DNR-00632,CMP-2026-ANN,2656.47,2026-04-24,Credit Card,False,Completed
GFT-0001583,DNR-00632,CMP-2026-ANN,1272.5,2026-02-24,Credit Card,False,Completed
GFT-0001584,DNR-00633,CMP-2024-ANN,55.43,2024-08-24,Online,False,Completed
GFT-0001585,DNR-00634,CMP-2024-ANN,234.93,2024-10-21,Online,False,Completed
GFT-0001586,DNR-00634,CMP-2026-ANN,150.4,2026-01-04,Online,False,Completed
GFT-0001587,DNR-00635,CMP-2025-ANN,96.46,2025-10-04,Online,False,Completed
GFT-0001588,DNR-00637,CMP-2023-ANN,117.53,2023-12-09,Online,False,Completed
GFT-0001589,DNR-00637,CMP-2024-ANN,235.1,2024-07-12,Online,False,Completed
GFT-0001590,DNR-00638,CMP-2023-ANN,200.3,2023-07-09,Online,False,Completed
GFT-0001591,DNR-00638,CMP-2024-ANN,66.57,2024-06-05,Online,False,Completed
GFT-0001592,DNR-00639,CMP-2024-ANN,152.58,2024-10-23,Online,False,Completed
GFT-0001593,DNR-00639,CMP-2025-ANN,77.24,2025-09-24,Online,False,Completed
GFT-0001594,DNR-00640,CMP-2024-ANN,179.83,2024-10-29,Online,False,Completed
GFT-0001595,DNR-00640,CMP-2025-ANN,138.02,2025-04-15,Online,False,Completed
GFT-0001596,DNR-00641,CMP-2024-ANN,216.73,2024-11-16,Online,False,Completed
GFT-0001597,DNR-00641,CMP-2025-ANN,55.94,2025-05-07,Online,False,Completed
GFT-0001598,DNR-00641,CMP-2026-ANN,32.25,2026-06-15,Online,False,Completed
GFT-0001599,DNR-00642,CMP-2024-ANN,85.72,2024-04-22,Online,False,Completed
GFT-0001600,DNR-00642,CMP-2025-ANN,192.03,2025-07-18,Online,False,Completed
GFT-0001601,DNR-00643,CMP-2025-ANN,233.6,2025-05-02,Online,False,Completed
GFT-0001602,DNR-00644,CMP-2026-ANN,98.1,2026-06-22,Online,False,Completed
GFT-0001603,DNR-00645,CMP-2023-ANN,80.53,2023-09-17,Online,False,Completed
GFT-0001604,DNR-00645,CMP-2024-ANN,34.41,2024-03-08,Online,False,Completed
GFT-0001605,DNR-00645,CMP-2026-ANN,95.4,2026-02-16,Online,False,Completed
GFT-0001606,DNR-00646,CMP-2023-ANN,2847.85,2023-06-15,Credit Card,False,Completed
GFT-0001607,DNR-00646,CMP-2023-ANN,1929.84,2023-12-01,Credit Card,False,Completed
GFT-0001608,DNR-00646,CMP-2023-ANN,1840.4,2023-07-14,Credit Card,False,Completed
GFT-0001609,DNR-00646,CMP-2024-ANN,2689.46,2024-10-29,Credit Card,False,Completed
GFT-0001610,DNR-00646,CMP-2024-ANN,2467.3,2024-08-19,Credit Card,False,Completed
GFT-0001611,DNR-00646,CMP-2024-ANN,1801.62,2024-06-26,Credit Card,False,Completed
GFT-0001612,DNR-00646,CMP-2025-ANN,1642.25,2025-06-24,Credit Card,False,Completed
GFT-0001613,DNR-00646,CMP-2025-ANN,2694.42,2025-09-29,Credit Card,False,Completed
GFT-0001614,DNR-00646,CMP-2026-ANN,1796.76,2026-07-05,Credit Card,False,Completed
GFT-0001615,DNR-00647,CMP-2023-ANN,190.41,2023-07-26,Online,False,Completed
GFT-0001616,DNR-00647,CMP-2024-ANN,141.13,2024-02-02,Online,False,Completed
GFT-0001617,DNR-00647,CMP-2026-ANN,90.52,2026-06-20,Online,False,Completed
GFT-0001618,DNR-00648,CMP-2024-ANN,93.52,2024-11-17,Online,False,Completed
GFT-0001619,DNR-00648,CMP-2026-ANN,120.05,2026-03-03,Online,False,Completed
GFT-0001620,DNR-00649,CMP-2024-ANN,141.32,2024-02-28,Online,False,Completed
GFT-0001621,DNR-00649,CMP-2025-ANN,211.73,2025-08-30,Online,False,Completed
GFT-0001622,DNR-00649,CMP-2026-ANN,187.6,2026-03-09,Online,False,Completed
GFT-0001623,DNR-00650,CMP-2023-ANN,200.21,2023-09-13,Online,False,Completed
GFT-0001624,DNR-00650,CMP-2026-ANN,118.05,2026-08-14,Online,False,Completed
GFT-0001625,DNR-00651,CMP-2025-ANN,65.25,2025-09-09,Online,False,Completed
GFT-0001626,DNR-00651,CMP-2026-ANN,185.34,2026-07-03,Online,False,Completed
GFT-0001627,DNR-00652,CMP-2023-ANN,127.3,2023-01-07,Online,False,Completed
GFT-0001628,DNR-00652,CMP-2024-ANN,180.64,2024-08-10,Online,False,Completed
GFT-0001629,DNR-00653,CMP-2025-ANN,50.69,2025-09-15,Online,False,Completed
GFT-0001630,DNR-00653,CMP-2026-ANN,106.66,2026-09-20,Online,False,Completed
GFT-0001631,DNR-00654,CMP-2025-ANN,111.42,2025-10-10,Online,False,Completed
GFT-0001632,DNR-00655,CMP-2023-ANN,238.69,2023-12-25,Online,False,Completed
GFT-0001633,DNR-00655,CMP-2024-ANN,110.64,2024-10-20,Online,False,Completed
GFT-0001634,DNR-00656,CMP-2025-ANN,173.39,2025-10-25,Online,False,Completed
GFT-0001635,DNR-00656,CMP-2026-ANN,220.48,2026-09-28,Online,False,Completed
GFT-0001636,DNR-00657,CMP-2024-ANN,185.21,2024-03-07,Online,False,Completed
GFT-0001637,DNR-00657,CMP-2025-ANN,94.64,2025-08-09,Online,False,Completed
GFT-0001638,DNR-00658,CMP-2023-ANN,165.95,2023-05-18,Online,False,Completed
GFT-0001639,DNR-00658,CMP-2024-ANN,54.6,2024-08-29,Online,False,Completed
GFT-0001640,DNR-00658,CMP-2025-ANN,165.08,2025-09-24,Online,False,Completed
GFT-0001641,DNR-00658,CMP-2026-ANN,128.19,2026-02-08,Online,False,Completed
GFT-0001642,DNR-00659,CMP-2026-ANN,26.29,2026-01-16,Online,False,Completed
GFT-0001643,DNR-00660,CMP-2025-ANN,157.49,2025-04-21,Online,False,Completed
GFT-0001644,DNR-00660,CMP-2026-ANN,117.28,2026-09-05,Online,False,Completed
GFT-0001645,DNR-00661,CMP-2024-ANN,160.02,2024-03-23,Online,False,Completed
GFT-0001646,DNR-00661,CMP-2025-ANN,148.15,2025-09-17,Online,False,Completed
GFT-0001647,DNR-00662,CMP-2024-ANN,11016.66,2024-07-12,Check,True,Completed
GFT-0001648,DNR-00662,CMP-2024-ANN,39953.54,2024-10-02,Check,True,Completed
GFT-0001649,DNR-00662,CMP-2024-ANN,16278.93,2024-06-25,Check,True,Completed
GFT-0001650,DNR-00662,CMP-2025-ANN,15214.05,2025-12-15,Check,True,Completed
GFT-0001651,DNR-00662,CMP-2026-ANN,18308.81,2026-06-15,Check,True,Completed
GFT-0001652,DNR-00663,CMP-2025-ANN,37.39,2025-10-07,Online,False,Completed
GFT-0001653,DNR-00663,CMP-2026-ANN,57.71,2026-07-06,Online,False,Completed
GFT-0001654,DNR-00664,CMP-2024-ANN,155.07,2024-10-07,Online,False,Completed
GFT-0001655,DNR-00664,CMP-2026-ANN,44.73,2026-03-04,Online,False,Completed
GFT-0001656,DNR-00665,CMP-2023-ANN,248.59,2023-10-18,Online,False,Completed
GFT-0001657,DNR-00665,CMP-2024-ANN,88.99,2024-07-01,Online,False,Completed
GFT-0001658,DNR-00666,CMP-2023-ANN,151.49,2023-04-16,Online,False,Completed
GFT-0001659,DNR-00666,CMP-2026-ANN,33.06,2026-04-18,Online,False,Completed
GFT-0001660,DNR-00667,CMP-2025-ANN,226.94,2025-11-30,Online,False,Completed
GFT-0001661,DNR-00668,CMP-2025-ANN,130.93,2025-12-23,Online,False,Completed
GFT-0001662,DNR-00668,CMP-2026-ANN,218.37,2026-08-11,Online,False,Completed
GFT-0001663,DNR-00669,CMP-2023-ANN,118.1,2023-10-09,Online,False,Completed
GFT-0001664,DNR-00669,CMP-2024-ANN,72.04,2024-11-24,Online,False,Completed
GFT-0001665,DNR-00669,CMP-2025-ANN,153.56,2025-10-07,Online,False,Completed
GFT-0001666,DNR-00670,CMP-2024-ANN,44.73,2024-08-20,Online,False,Completed
GFT-0001667,DNR-00671,CMP-2025-ANN,215.75,2025-07-17,Online,False,Completed
GFT-0001668,DNR-00671,CMP-2026-ANN,154.41,2026-07-27,Online,False,Completed
GFT-0001669,DNR-00672,CMP-2023-ANN,1384.63,2023-10-28,Credit Card,False,Completed
GFT-0001670,DNR-00672,CMP-2023-ANN,824.28,2023-12-09,Credit Card,False,Completed
GFT-0001671,DNR-00672,CMP-2023-ANN,1906.59,2023-12-10,Credit Card,False,Completed
GFT-0001672,DNR-00672,CMP-2024-ANN,2322.96,2024-05-23,Credit Card,False,Completed
GFT-0001673,DNR-00672,CMP-2024-ANN,1744.35,2024-08-27,Credit Card,False,Completed
GFT-0001674,DNR-00672,CMP-2024-ANN,2519.95,2024-10-13,Credit Card,False,Completed
GFT-0001675,DNR-00672,CMP-2025-ANN,1081.8,2025-03-11,Credit Card,False,Completed
GFT-0001676,DNR-00672,CMP-2025-ANN,1226.22,2025-12-17,Credit Card,False,Completed
GFT-0001677,DNR-00672,CMP-2025-ANN,983.89,2025-07-27,Credit Card,False,Completed
GFT-0001678,DNR-00672,CMP-2026-ANN,559.97,2026-01-16,Credit Card,False,Completed
GFT-0001679,DNR-00673,CMP-2026-ANN,215.82,2026-09-14,Online,False,Completed
GFT-0001680,DNR-00674,CMP-2025-ANN,100.1,2025-08-19,Online,False,Completed
GFT-0001681,DNR-00674,CMP-2026-ANN,168.44,2026-02-28,Online,False,Completed
GFT-0001682,DNR-00675,CMP-2024-ANN,70.27,2024-12-18,Online,False,Completed
GFT-0001683,DNR-00675,CMP-2025-ANN,202.79,2025-04-09,Online,False,Completed
GFT-0001684,DNR-00675,CMP-2026-ANN,139.01,2026-06-04,Online,False,Completed
GFT-0001685,DNR-00676,CMP-2024-ANN,19487.84,2024-11-11,Check,True,Completed
GFT-0001686,DNR-00676,CMP-2024-ANN,10569.15,2024-11-04,Check,True,Completed
GFT-0001687,DNR-00676,CMP-2025-ANN,21625.61,2025-07-10,Check,True,Completed
GFT-0001688,DNR-00676,CMP-2026-ANN,12228.09,2026-07-08,Check,True,Completed
GFT-0001689,DNR-00677,CMP-2024-ANN,187.99,2024-12-03,Online,False,Completed
GFT-0001690,DNR-00677,CMP-2026-ANN,64.52,2026-05-16,Online,False,Completed
GFT-0001691,DNR-00678,CMP-2023-ANN,101.04,2023-11-23,Online,False,Completed
GFT-0001692,DNR-00679,CMP-2025-ANN,839.38,2025-12-16,Credit Card,False,Completed
GFT-0001693,DNR-00679,CMP-2025-ANN,888.47,2025-12-23,Credit Card,False,Completed
GFT-0001694,DNR-00679,CMP-2025-ANN,1651.54,2025-09-11,Credit Card,False,Completed
GFT-0001695,DNR-00679,CMP-2026-ANN,2739.82,2026-05-13,Credit Card,False,Completed
GFT-0001696,DNR-00679,CMP-2026-ANN,1656.18,2026-03-22,Credit Card,False,Completed
GFT-0001697,DNR-00679,CMP-2026-ANN,2535.42,2026-07-10,Credit Card,False,Completed
GFT-0001698,DNR-00680,CMP-2023-ANN,640.06,2023-02-03,Credit Card,False,Completed
GFT-0001699,DNR-00680,CMP-2023-ANN,1802.68,2023-06-03,Credit Card,False,Completed
GFT-0001700,DNR-00680,CMP-2023-ANN,1912.36,2023-05-20,Credit Card,False,Completed
GFT-0001701,DNR-00680,CMP-2024-ANN,1288.76,2024-02-04,Credit Card,False,Completed
GFT-0001702,DNR-00680,CMP-2024-ANN,1839.71,2024-07-13,Credit Card,False,Completed
GFT-0001703,DNR-00680,CMP-2024-ANN,1020.66,2024-09-26,Credit Card,False,Completed
GFT-0001704,DNR-00680,CMP-2025-ANN,1329.3,2025-03-29,Credit Card,False,Completed
GFT-0001705,DNR-00680,CMP-2025-ANN,2790.47,2025-08-11,Credit Card,False,Completed
GFT-0001706,DNR-00680,CMP-2025-ANN,2489.46,2025-04-14,Credit Card,False,Completed
GFT-0001707,DNR-00680,CMP-2026-ANN,2924.03,2026-03-23,Credit Card,False,Completed
GFT-0001708,DNR-00681,CMP-2024-ANN,2601.85,2024-12-10,Credit Card,False,Completed
GFT-0001709,DNR-00681,CMP-2024-ANN,1347.88,2024-11-23,Credit Card,False,Completed
GFT-0001710,DNR-00681,CMP-2025-ANN,2066.28,2025-05-22,Credit Card,False,Completed
GFT-0001711,DNR-00681,CMP-2025-ANN,2606.01,2025-03-27,Credit Card,False,Completed
GFT-0001712,DNR-00681,CMP-2026-ANN,2014.22,2026-03-24,Credit Card,False,Completed
GFT-0001713,DNR-00681,CMP-2026-ANN,968.45,2026-05-12,Credit Card,False,Completed
GFT-0001714,DNR-00681,CMP-2026-ANN,792.11,2026-06-14,Credit Card,False,Completed
GFT-0001715,DNR-00682,CMP-2024-ANN,218.01,2024-12-09,Online,False,Completed
GFT-0001716,DNR-00682,CMP-2026-ANN,44.53,2026-02-16,Online,False,Completed
GFT-0001717,DNR-00683,CMP-2025-ANN,211.63,2025-11-03,Online,False,Completed
GFT-0001718,DNR-00683,CMP-2026-ANN,143.15,2026-01-29,Online,False,Completed
GFT-0001719,DNR-00684,CMP-2024-ANN,109.2,2024-11-09,Online,False,Completed
GFT-0001720,DNR-00684,CMP-2025-ANN,70.47,2025-07-22,Online,False,Completed
GFT-0001721,DNR-00684,CMP-2026-ANN,138.85,2026-06-10,Online,False,Completed
GFT-0001722,DNR-00685,CMP-2023-ANN,2762.39,2023-11-16,Credit Card,False,Completed
GFT-0001723,DNR-00685,CMP-2023-ANN,885.19,2023-10-28,Credit Card,False,Completed
GFT-0001724,DNR-00685,CMP-2024-ANN,2809.09,2024-07-09,Credit Card,False,Completed
GFT-0001725,DNR-00685,CMP-2024-ANN,2331.1,2024-02-25,Credit Card,False,Completed
GFT-0001726,DNR-00685,CMP-2025-ANN,1275.9,2025-02-20,Credit Card,False,Completed
GFT-0001727,DNR-00685,CMP-2025-ANN,1318.34,2025-06-22,Credit Card,False,Completed
GFT-0001728,DNR-00685,CMP-2025-ANN,2423.7,2025-03-16,Credit Card,False,Completed
GFT-0001729,DNR-00685,CMP-2026-ANN,2555.35,2026-01-28,Credit Card,False,Completed
GFT-0001730,DNR-00686,CMP-2025-ANN,188.03,2025-11-30,Online,False,Completed
GFT-0001731,DNR-00686,CMP-2026-ANN,185.58,2026-04-02,Online,False,Completed
GFT-0001732,DNR-00687,CMP-2024-ANN,25.92,2024-10-27,Online,False,Completed
GFT-0001733,DNR-00688,CMP-2023-ANN,44.59,2023-08-31,Online,False,Completed
GFT-0001734,DNR-00688,CMP-2024-ANN,35.38,2024-12-10,Online,False,Completed
GFT-0001735,DNR-00688,CMP-2025-ANN,173.27,2025-07-22,Online,False,Completed
GFT-0001736,DNR-00688,CMP-2026-ANN,154.95,2026-05-07,Online,False,Completed
GFT-0001737,DNR-00689,CMP-2023-ANN,225.73,2023-12-25,Online,False,Completed
GFT-0001738,DNR-00689,CMP-2024-ANN,68.32,2024-03-21,Online,False,Completed
GFT-0001739,DNR-00689,CMP-2025-ANN,96.81,2025-01-03,Online,False,Completed
GFT-0001740,DNR-00689,CMP-2026-ANN,51.47,2026-08-05,Online,False,Completed
GFT-0001741,DNR-00690,CMP-2024-ANN,165.16,2024-08-13,Online,False,Completed
GFT-0001742,DNR-00690,CMP-2025-ANN,71.48,2025-12-18,Online,False,Completed
GFT-0001743,DNR-00690,CMP-2026-ANN,96.66,2026-07-21,Online,False,Completed
GFT-0001744,DNR-00691,CMP-2024-ANN,183.48,2024-06-20,Online,False,Completed
GFT-0001745,DNR-00691,CMP-2025-ANN,80.09,2025-12-23,Online,False,Completed
GFT-0001746,DNR-00691,CMP-2026-ANN,162.98,2026-04-26,Online,False,Completed
GFT-0001747,DNR-00692,CMP-2024-ANN,124.82,2024-11-28,Online,False,Completed
GFT-0001748,DNR-00692,CMP-2025-ANN,130.92,2025-11-03,Online,False,Completed
GFT-0001749,DNR-00693,CMP-2025-ANN,37.1,2025-09-09,Online,False,Completed
GFT-0001750,DNR-00693,CMP-2026-ANN,65.27,2026-04-20,Online,False,Completed
GFT-0001751,DNR-00694,CMP-2023-ANN,158.37,2023-11-08,Online,False,Completed
GFT-0001752,DNR-00695,CMP-2023-ANN,208.92,2023-07-06,Online,False,Completed
GFT-0001753,DNR-00695,CMP-2026-ANN,244.08,2026-04-01,Online,False,Completed
GFT-0001754,DNR-00696,CMP-2024-ANN,54.65,2024-10-03,Online,False,Completed
GFT-0001755,DNR-00697,CMP-2023-ANN,127.51,2023-05-29,Online,False,Completed
GFT-0001756,DNR-00697,CMP-2026-ANN,77.13,2026-02-18,Online,False,Completed
GFT-0001757,DNR-00698,CMP-2023-ANN,218.75,2023-07-26,Online,False,Completed
GFT-0001758,DNR-00698,CMP-2026-ANN,182.41,2026-01-20,Online,False,Completed
GFT-0001759,DNR-00700,CMP-2024-ANN,31.81,2024-02-13,Online,False,Completed
GFT-0001760,DNR-00700,CMP-2025-ANN,104.07,2025-05-15,Online,False,Completed
GFT-0001761,DNR-00700,CMP-2026-ANN,63.43,2026-06-28,Online,False,Completed
GFT-0001762,DNR-00701,CMP-2025-ANN,48.16,2025-08-16,Online,False,Completed
GFT-0001763,DNR-00702,CMP-2024-ANN,171.13,2024-04-17,Online,False,Completed
GFT-0001764,DNR-00702,CMP-2026-ANN,115.18,2026-03-12,Online,False,Completed
GFT-0001765,DNR-00703,CMP-2024-ANN,164.7,2024-12-12,Online,False,Completed
GFT-0001766,DNR-00703,CMP-2025-ANN,244.13,2025-09-14,Online,False,Completed
GFT-0001767,DNR-00703,CMP-2026-ANN,101.66,2026-08-15,Online,False,Completed
GFT-0001768,DNR-00704,CMP-2024-ANN,201.47,2024-01-03,Online,False,Completed
GFT-0001769,DNR-00704,CMP-2025-ANN,202.15,2025-01-09,Online,False,Completed
GFT-0001770,DNR-00704,CMP-2026-ANN,78.13,2026-08-08,Online,False,Completed
GFT-0001771,DNR-00705,CMP-2024-ANN,234.44,2024-06-08,Online,False,Completed
GFT-0001772,DNR-00705,CMP-2025-ANN,134.49,2025-09-04,Online,False,Completed
GFT-0001773,DNR-00705,CMP-2026-ANN,129.15,2026-07-12,Online,False,Completed
GFT-0001774,DNR-00706,CMP-2023-ANN,23046.09,2023-12-11,Check,True,Completed
GFT-0001775,DNR-00706,CMP-2023-ANN,30606.94,2023-06-24,Check,True,Completed
GFT-0001776,DNR-00706,CMP-2023-ANN,28877.96,2023-06-01,Check,True,Completed
GFT-0001777,DNR-00706,CMP-2024-ANN,17423.08,2024-07-12,Check,True,Completed
GFT-0001778,DNR-00706,CMP-2025-ANN,16654.47,2025-07-06,Check,True,Completed
GFT-0001779,DNR-00706,CMP-2025-ANN,11202.03,2025-02-11,Check,True,Completed
GFT-0001780,DNR-00706,CMP-2026-ANN,26647.13,2026-05-29,Check,True,Completed
GFT-0001781,DNR-00707,CMP-2023-ANN,116.3,2023-07-16,Online,False,Completed
GFT-0001782,DNR-00707,CMP-2024-ANN,179.24,2024-03-05,Online,False,Completed
GFT-0001783,DNR-00707,CMP-2025-ANN,209.47,2025-06-07,Online,False,Completed
GFT-0001784,DNR-00707,CMP-2026-ANN,170.12,2026-05-15,Online,False,Completed
GFT-0001785,DNR-00708,CMP-2023-ANN,726.33,2023-10-07,Credit Card,False,Completed
GFT-0001786,DNR-00708,CMP-2024-ANN,2718.15,2024-03-12,Credit Card,False,Completed
GFT-0001787,DNR-00708,CMP-2025-ANN,2524.6,2025-08-07,Credit Card,False,Completed
GFT-0001788,DNR-00708,CMP-2025-ANN,2392.69,2025-07-15,Credit Card,False,Completed
GFT-0001789,DNR-00708,CMP-2025-ANN,2152.2,2025-08-19,Credit Card,False,Completed
GFT-0001790,DNR-00708,CMP-2026-ANN,1828.14,2026-08-26,Credit Card,False,Completed
GFT-0001791,DNR-00708,CMP-2026-ANN,1474.96,2026-02-04,Credit Card,False,Completed
GFT-0001792,DNR-00709,CMP-2024-ANN,69.02,2024-06-01,Online,False,Completed
GFT-0001793,DNR-00709,CMP-2026-ANN,153.31,2026-02-04,Online,False,Completed
GFT-0001794,DNR-00710,CMP-2026-ANN,237.25,2026-08-13,Online,False,Completed
GFT-0001795,DNR-00711,CMP-2024-ANN,246.08,2024-12-04,Online,False,Completed
GFT-0001796,DNR-00711,CMP-2025-ANN,45.09,2025-07-15,Online,False,Completed
GFT-0001797,DNR-00711,CMP-2026-ANN,246.94,2026-02-02,Online,False,Completed
GFT-0001798,DNR-00712,CMP-2025-ANN,53.7,2025-11-12,Online,False,Completed
GFT-0001799,DNR-00712,CMP-2026-ANN,108.08,2026-06-30,Online,False,Completed
GFT-0001800,DNR-00713,CMP-2023-ANN,36.95,2023-11-25,Online,False,Completed
GFT-0001801,DNR-00713,CMP-2026-ANN,218.78,2026-08-08,Online,False,Completed
GFT-0001802,DNR-00714,CMP-2026-ANN,183.0,2026-03-26,Online,False,Completed
GFT-0001803,DNR-00715,CMP-2023-ANN,96.58,2023-06-25,Online,False,Completed
GFT-0001804,DNR-00715,CMP-2024-ANN,110.85,2024-09-10,Online,False,Completed
GFT-0001805,DNR-00715,CMP-2025-ANN,174.06,2025-05-08,Online,False,Completed
GFT-0001806,DNR-00715,CMP-2026-ANN,67.35,2026-04-21,Online,False,Completed
GFT-0001807,DNR-00716,CMP-2025-ANN,2608.32,2025-11-06,Credit Card,False,Completed
GFT-0001808,DNR-00716,CMP-2025-ANN,1400.72,2025-04-28,Credit Card,False,Completed
GFT-0001809,DNR-00716,CMP-2026-ANN,885.67,2026-06-25,Credit Card,False,Completed
GFT-0001810,DNR-00716,CMP-2026-ANN,2993.64,2026-06-07,Credit Card,False,Completed
GFT-0001811,DNR-00717,CMP-2025-ANN,813.87,2025-07-15,Credit Card,False,Completed
GFT-0001812,DNR-00717,CMP-2025-ANN,529.01,2025-10-24,Credit Card,False,Completed
GFT-0001813,DNR-00717,CMP-2025-ANN,2120.97,2025-08-18,Credit Card,False,Completed
GFT-0001814,DNR-00717,CMP-2026-ANN,2303.35,2026-07-31,Credit Card,False,Completed
GFT-0001815,DNR-00718,CMP-2025-ANN,2144.82,2025-11-18,Credit Card,False,Completed
GFT-0001816,DNR-00718,CMP-2025-ANN,2937.44,2025-08-25,Credit Card,False,Completed
GFT-0001817,DNR-00718,CMP-2026-ANN,711.66,2026-06-29,Credit Card,False,Completed
GFT-0001818,DNR-00719,CMP-2024-ANN,127.61,2024-11-17,Online,False,Completed
GFT-0001819,DNR-00720,CMP-2023-ANN,65.45,2023-09-02,Online,False,Completed
GFT-0001820,DNR-00720,CMP-2024-ANN,149.21,2024-10-26,Online,False,Completed
GFT-0001821,DNR-00720,CMP-2025-ANN,104.94,2025-07-02,Online,False,Completed
GFT-0001822,DNR-00720,CMP-2026-ANN,161.03,2026-06-27,Online,False,Completed
GFT-0001823,DNR-00721,CMP-2024-ANN,1745.39,2024-12-11,Credit Card,False,Completed
GFT-0001824,DNR-00721,CMP-2024-ANN,2327.28,2024-06-21,Credit Card,False,Completed
GFT-0001825,DNR-00721,CMP-2024-ANN,2280.32,2024-06-04,Credit Card,False,Completed
GFT-0001826,DNR-00721,CMP-2025-ANN,1527.09,2025-07-22,Credit Card,False,Completed
GFT-0001827,DNR-00721,CMP-2025-ANN,1865.42,2025-11-20,Credit Card,False,Completed
GFT-0001828,DNR-00721,CMP-2026-ANN,583.65,2026-01-03,Credit Card,False,Completed
GFT-0001829,DNR-00721,CMP-2026-ANN,594.66,2026-01-27,Credit Card,False,Completed
GFT-0001830,DNR-00722,CMP-2024-ANN,107.93,2024-08-22,Online,False,Completed
GFT-0001831,DNR-00722,CMP-2025-ANN,241.39,2025-01-27,Online,False,Completed
GFT-0001832,DNR-00722,CMP-2026-ANN,189.29,2026-08-30,Online,False,Completed
GFT-0001833,DNR-00723,CMP-2023-ANN,218.35,2023-12-20,Online,False,Completed
GFT-0001834,DNR-00723,CMP-2025-ANN,141.31,2025-09-09,Online,False,Completed
GFT-0001835,DNR-00723,CMP-2026-ANN,162.27,2026-09-06,Online,False,Completed
GFT-0001836,DNR-00724,CMP-2024-ANN,166.9,2024-11-16,Online,False,Completed
GFT-0001837,DNR-00725,CMP-2024-ANN,155.42,2024-06-30,Online,False,Completed
GFT-0001838,DNR-00726,CMP-2024-ANN,2446.32,2024-12-24,Credit Card,False,Completed
GFT-0001839,DNR-00726,CMP-2024-ANN,1672.17,2024-12-27,Credit Card,False,Completed
GFT-0001840,DNR-00726,CMP-2024-ANN,1781.66,2024-12-26,Credit Card,False,Completed
GFT-0001841,DNR-00726,CMP-2025-ANN,1934.91,2025-10-28,Credit Card,False,Completed
GFT-0001842,DNR-00726,CMP-2025-ANN,1328.78,2025-02-04,Credit Card,False,Completed
GFT-0001843,DNR-00726,CMP-2026-ANN,2901.45,2026-05-03,Credit Card,False,Completed
GFT-0001844,DNR-00726,CMP-2026-ANN,2495.56,2026-03-15,Credit Card,False,Completed
GFT-0001845,DNR-00727,CMP-2023-ANN,32.95,2023-11-11,Online,False,Completed
GFT-0001846,DNR-00728,CMP-2023-ANN,38.82,2023-12-19,Online,False,Completed
GFT-0001847,DNR-00728,CMP-2024-ANN,63.04,2024-01-06,Online,False,Completed
GFT-0001848,DNR-00728,CMP-2025-ANN,247.83,2025-07-09,Online,False,Completed
GFT-0001849,DNR-00729,CMP-2024-ANN,43.56,2024-08-25,Online,False,Completed
GFT-0001850,DNR-00729,CMP-2025-ANN,216.58,2025-01-11,Online,False,Completed
GFT-0001851,DNR-00729,CMP-2026-ANN,54.82,2026-08-07,Online,False,Completed
GFT-0001852,DNR-00730,CMP-2025-ANN,218.02,2025-12-08,Online,False,Completed
GFT-0001853,DNR-00730,CMP-2026-ANN,50.1,2026-05-27,Online,False,Completed
GFT-0001854,DNR-00731,CMP-2023-ANN,158.15,2023-10-03,Online,False,Completed
GFT-0001855,DNR-00731,CMP-2024-ANN,125.5,2024-03-01,Online,False,Completed
GFT-0001856,DNR-00731,CMP-2026-ANN,182.67,2026-06-22,Online,False,Completed
GFT-0001857,DNR-00732,CMP-2025-ANN,952.02,2025-11-12,Credit Card,False,Completed
GFT-0001858,DNR-00732,CMP-2025-ANN,1818.47,2025-04-26,Credit Card,False,Completed
GFT-0001859,DNR-00732,CMP-2026-ANN,1357.12,2026-01-27,Credit Card,False,Completed
GFT-0001860,DNR-00733,CMP-2023-ANN,57.64,2023-08-11,Online,False,Completed
GFT-0001861,DNR-00733,CMP-2025-ANN,136.59,2025-05-21,Online,False,Completed
GFT-0001862,DNR-00734,CMP-2024-ANN,124.04,2024-07-20,Online,False,Completed
GFT-0001863,DNR-00734,CMP-2026-ANN,190.23,2026-03-22,Online,False,Completed
GFT-0001864,DNR-00735,CMP-2024-ANN,169.51,2024-05-16,Online,False,Completed
GFT-0001865,DNR-00735,CMP-2026-ANN,62.71,2026-06-03,Online,False,Completed
GFT-0001866,DNR-00736,CMP-2023-ANN,1690.58,2023-06-17,Credit Card,False,Completed
GFT-0001867,DNR-00736,CMP-2023-ANN,1690.67,2023-04-01,Credit Card,False,Completed
GFT-0001868,DNR-00736,CMP-2024-ANN,1084.15,2024-02-15,Credit Card,False,Completed
GFT-0001869,DNR-00736,CMP-2024-ANN,2208.77,2024-05-30,Credit Card,False,Completed
GFT-0001870,DNR-00736,CMP-2024-ANN,1475.18,2024-04-25,Credit Card,False,Completed
GFT-0001871,DNR-00736,CMP-2025-ANN,862.87,2025-06-13,Credit Card,False,Completed
GFT-0001872,DNR-00736,CMP-2025-ANN,2675.69,2025-02-16,Credit Card,False,Completed
GFT-0001873,DNR-00736,CMP-2026-ANN,1221.98,2026-01-04,Credit Card,False,Completed
GFT-0001874,DNR-00737,CMP-2025-ANN,96.03,2025-03-02,Online,False,Completed
GFT-0001875,DNR-00737,CMP-2026-ANN,240.07,2026-05-30,Online,False,Completed
GFT-0001876,DNR-00738,CMP-2023-ANN,2794.28,2023-05-19,Credit Card,False,Completed
GFT-0001877,DNR-00738,CMP-2024-ANN,1384.57,2024-05-31,Credit Card,False,Completed
GFT-0001878,DNR-00738,CMP-2024-ANN,2610.6,2024-12-24,Credit Card,False,Completed
GFT-0001879,DNR-00738,CMP-2024-ANN,2026.21,2024-01-16,Credit Card,False,Completed
GFT-0001880,DNR-00738,CMP-2025-ANN,2645.89,2025-01-05,Credit Card,False,Completed
GFT-0001881,DNR-00738,CMP-2025-ANN,1337.42,2025-01-03,Credit Card,False,Completed
GFT-0001882,DNR-00738,CMP-2025-ANN,1167.72,2025-07-29,Credit Card,False,Completed
GFT-0001883,DNR-00738,CMP-2026-ANN,1138.36,2026-01-07,Credit Card,False,Completed
GFT-0001884,DNR-00739,CMP-2023-ANN,128.75,2023-11-20,Online,False,Completed
GFT-0001885,DNR-00739,CMP-2025-ANN,176.18,2025-11-08,Online,False,Completed
GFT-0001886,DNR-00740,CMP-2023-ANN,177.49,2023-12-17,Online,False,Completed
GFT-0001887,DNR-00740,CMP-2025-ANN,27.38,2025-07-04,Online,False,Completed
GFT-0001888,DNR-00740,CMP-2026-ANN,40.29,2026-01-02,Online,False,Completed
GFT-0001889,DNR-00741,CMP-2024-ANN,143.18,2024-04-27,Online,False,Completed
GFT-0001890,DNR-00741,CMP-2026-ANN,188.18,2026-01-01,Online,False,Completed
GFT-0001891,DNR-00742,CMP-2025-ANN,32.66,2025-12-03,Online,False,Completed
GFT-0001892,DNR-00743,CMP-2023-ANN,158.68,2023-10-21,Online,False,Completed
GFT-0001893,DNR-00743,CMP-2025-ANN,159.86,2025-02-25,Online,False,Completed
GFT-0001894,DNR-00743,CMP-2026-ANN,240.5,2026-09-22,Online,False,Completed
GFT-0001895,DNR-00744,CMP-2023-ANN,161.05,2023-11-27,Online,False,Completed
GFT-0001896,DNR-00744,CMP-2024-ANN,196.87,2024-09-23,Online,False,Completed
GFT-0001897,DNR-00745,CMP-2025-ANN,49.94,2025-11-13,Online,False,Completed
GFT-0001898,DNR-00745,CMP-2026-ANN,91.28,2026-08-02,Online,False,Completed
GFT-0001899,DNR-00746,CMP-2023-ANN,2840.46,2023-12-02,Credit Card,False,Completed
GFT-0001900,DNR-00746,CMP-2023-ANN,2096.95,2023-11-30,Credit Card,False,Completed
GFT-0001901,DNR-00746,CMP-2023-ANN,2806.74,2023-10-18,Credit Card,False,Completed
GFT-0001902,DNR-00746,CMP-2024-ANN,2423.4,2024-09-30,Credit Card,False,Completed
GFT-0001903,DNR-00746,CMP-2024-ANN,2230.55,2024-03-10,Credit Card,False,Completed
GFT-0001904,DNR-00746,CMP-2025-ANN,2424.7,2025-06-14,Credit Card,False,Completed
GFT-0001905,DNR-00746,CMP-2025-ANN,1308.51,2025-01-23,Credit Card,False,Completed
GFT-0001906,DNR-00746,CMP-2025-ANN,904.92,2025-11-06,Credit Card,False,Completed
GFT-0001907,DNR-00746,CMP-2026-ANN,1193.22,2026-01-18,Credit Card,False,Completed
GFT-0001908,DNR-00747,CMP-2024-ANN,112.43,2024-10-15,Online,False,Completed
GFT-0001909,DNR-00747,CMP-2026-ANN,207.88,2026-06-05,Online,False,Completed
GFT-0001910,DNR-00748,CMP-2024-ANN,40.61,2024-10-11,Online,False,Completed
GFT-0001911,DNR-00748,CMP-2026-ANN,113.34,2026-02-15,Online,False,Completed
GFT-0001912,DNR-00749,CMP-2023-ANN,1730.14,2023-11-12,Credit Card,False,Completed
GFT-0001913,DNR-00749,CMP-2023-ANN,859.68,2023-08-02,Credit Card,False,Completed
GFT-0001914,DNR-00749,CMP-2023-ANN,2421.77,2023-05-17,Credit Card,False,Completed
GFT-0001915,DNR-00749,CMP-2024-ANN,2034.92,2024-08-22,Credit Card,False,Completed
GFT-0001916,DNR-00749,CMP-2025-ANN,2781.52,2025-03-02,Credit Card,False,Completed
GFT-0001917,DNR-00749,CMP-2026-ANN,1147.49,2026-04-10,Credit Card,False,Completed
GFT-0001918,DNR-00749,CMP-2026-ANN,587.15,2026-01-19,Credit Card,False,Completed
GFT-0001919,DNR-00749,CMP-2026-ANN,676.03,2026-08-20,Credit Card,False,Completed
GFT-0001920,DNR-00750,CMP-2026-ANN,136.98,2026-07-09,Online,False,Completed
GFT-0001921,DNR-00751,CMP-2024-ANN,33.51,2024-12-19,Online,False,Completed
GFT-0001922,DNR-00751,CMP-2025-ANN,59.11,2025-12-25,Online,False,Completed
GFT-0001923,DNR-00751,CMP-2026-ANN,113.05,2026-01-17,Online,False,Completed
GFT-0001924,DNR-00752,CMP-2023-ANN,1788.46,2023-01-01,Credit Card,False,Completed
GFT-0001925,DNR-00752,CMP-2024-ANN,1695.35,2024-10-08,Credit Card,False,Completed
GFT-0001926,DNR-00752,CMP-2024-ANN,1509.78,2024-11-19,Credit Card,False,Completed
GFT-0001927,DNR-00752,CMP-2025-ANN,2452.34,2025-06-14,Credit Card,False,Completed
GFT-0001928,DNR-00752,CMP-2025-ANN,2463.45,2025-02-18,Credit Card,False,Completed
GFT-0001929,DNR-00752,CMP-2025-ANN,1850.32,2025-08-28,Credit Card,False,Completed
GFT-0001930,DNR-00752,CMP-2026-ANN,1461.06,2026-08-15,Credit Card,False,Completed
GFT-0001931,DNR-00754,CMP-2024-ANN,145.44,2024-11-20,Online,False,Completed
GFT-0001932,DNR-00754,CMP-2026-ANN,93.14,2026-03-25,Online,False,Completed
GFT-0001933,DNR-00755,CMP-2023-ANN,249.33,2023-10-30,Online,False,Completed
GFT-0001934,DNR-00755,CMP-2025-ANN,217.0,2025-02-25,Online,False,Completed
GFT-0001935,DNR-00755,CMP-2026-ANN,214.27,2026-06-01,Online,False,Completed
GFT-0001936,DNR-00756,CMP-2025-ANN,70.7,2025-03-20,Online,False,Completed
GFT-0001937,DNR-00756,CMP-2026-ANN,242.69,2026-05-27,Online,False,Completed
GFT-0001938,DNR-00757,CMP-2024-ANN,112.77,2024-11-04,Online,False,Completed
GFT-0001939,DNR-00757,CMP-2025-ANN,179.99,2025-04-21,Online,False,Completed
GFT-0001940,DNR-00757,CMP-2026-ANN,224.17,2026-02-15,Online,False,Completed
GFT-0001941,DNR-00758,CMP-2023-ANN,67.63,2023-11-15,Online,False,Completed
GFT-0001942,DNR-00758,CMP-2024-ANN,30.71,2024-03-13,Online,False,Completed
GFT-0001943,DNR-00758,CMP-2026-ANN,112.47,2026-06-08,Online,False,Completed
GFT-0001944,DNR-00759,CMP-2024-ANN,2108.52,2024-12-12,Credit Card,False,Completed
GFT-0001945,DNR-00759,CMP-2024-ANN,1749.21,2024-12-01,Credit Card,False,Completed
GFT-0001946,DNR-00759,CMP-2024-ANN,2912.38,2024-10-13,Credit Card,False,Completed
GFT-0001947,DNR-00759,CMP-2025-ANN,2916.44,2025-08-25,Credit Card,False,Completed
GFT-0001948,DNR-00759,CMP-2025-ANN,541.05,2025-08-11,Credit Card,False,Completed
GFT-0001949,DNR-00759,CMP-2026-ANN,640.14,2026-04-06,Credit Card,False,Completed
GFT-0001950,DNR-00759,CMP-2026-ANN,2469.45,2026-01-25,Credit Card,False,Completed
GFT-0001951,DNR-00760,CMP-2024-ANN,51.59,2024-08-10,Online,False,Completed
GFT-0001952,DNR-00761,CMP-2023-ANN,177.57,2023-12-11,Online,False,Completed
GFT-0001953,DNR-00761,CMP-2025-ANN,155.35,2025-09-27,Online,False,Completed
GFT-0001954,DNR-00762,CMP-2024-ANN,56.86,2024-12-09,Online,False,Completed
GFT-0001955,DNR-00762,CMP-2026-ANN,231.55,2026-04-08,Online,False,Completed
GFT-0001956,DNR-00763,CMP-2023-ANN,182.79,2023-11-03,Online,False,Completed
GFT-0001957,DNR-00763,CMP-2024-ANN,63.76,2024-07-01,Online,False,Completed
GFT-0001958,DNR-00763,CMP-2025-ANN,94.15,2025-06-14,Online,False,Completed
GFT-0001959,DNR-00764,CMP-2023-ANN,63.41,2023-12-15,Online,False,Completed
GFT-0001960,DNR-00764,CMP-2024-ANN,209.01,2024-11-18,Online,False,Completed
GFT-0001961,DNR-00764,CMP-2025-ANN,136.86,2025-08-23,Online,False,Completed
GFT-0001962,DNR-00765,CMP-2023-ANN,206.0,2023-04-05,Online,False,Completed
GFT-0001963,DNR-00765,CMP-2024-ANN,207.59,2024-08-25,Online,False,Completed
GFT-0001964,DNR-00766,CMP-2023-ANN,244.57,2023-08-22,Online,False,Completed
GFT-0001965,DNR-00766,CMP-2024-ANN,55.9,2024-10-22,Online,False,Completed
GFT-0001966,DNR-00767,CMP-2024-ANN,100.49,2024-02-05,Online,False,Completed
GFT-0001967,DNR-00767,CMP-2025-ANN,56.78,2025-06-06,Online,False,Completed
GFT-0001968,DNR-00767,CMP-2026-ANN,181.67,2026-06-30,Online,False,Completed
GFT-0001969,DNR-00768,CMP-2023-ANN,912.52,2023-01-10,Credit Card,False,Completed
GFT-0001970,DNR-00768,CMP-2023-ANN,1109.11,2023-04-26,Credit Card,False,Completed
GFT-0001971,DNR-00768,CMP-2023-ANN,1954.96,2023-11-25,Credit Card,False,Completed
GFT-0001972,DNR-00768,CMP-2024-ANN,749.92,2024-06-25,Credit Card,False,Completed
GFT-0001973,DNR-00768,CMP-2025-ANN,2031.1,2025-03-17,Credit Card,False,Completed
GFT-0001974,DNR-00768,CMP-2025-ANN,2444.15,2025-09-10,Credit Card,False,Completed
GFT-0001975,DNR-00768,CMP-2025-ANN,539.08,2025-02-24,Credit Card,False,Completed
GFT-0001976,DNR-00768,CMP-2026-ANN,701.81,2026-04-22,Credit Card,False,Completed
GFT-0001977,DNR-00768,CMP-2026-ANN,518.06,2026-03-15,Credit Card,False,Completed
GFT-0001978,DNR-00769,CMP-2026-ANN,88.84,2026-06-09,Online,False,Completed
GFT-0001979,DNR-00770,CMP-2023-ANN,2518.53,2023-09-21,Credit Card,False,Completed
GFT-0001980,DNR-00770,CMP-2023-ANN,2431.41,2023-03-25,Credit Card,False,Completed
GFT-0001981,DNR-00770,CMP-2023-ANN,2230.9,2023-10-27,Credit Card,False,Completed
GFT-0001982,DNR-00770,CMP-2024-ANN,857.72,2024-09-01,Credit Card,False,Completed
GFT-0001983,DNR-00770,CMP-2025-ANN,1807.72,2025-10-25,Credit Card,False,Completed
GFT-0001984,DNR-00770,CMP-2025-ANN,1530.08,2025-08-09,Credit Card,False,Completed
GFT-0001985,DNR-00770,CMP-2026-ANN,2026.34,2026-01-18,Credit Card,False,Completed
GFT-0001986,DNR-00771,CMP-2023-ANN,65.5,2023-06-18,Online,False,Completed
GFT-0001987,DNR-00771,CMP-2024-ANN,238.82,2024-04-28,Online,False,Completed
GFT-0001988,DNR-00772,CMP-2023-ANN,1546.96,2023-08-26,Credit Card,False,Completed
GFT-0001989,DNR-00772,CMP-2023-ANN,1894.28,2023-08-24,Credit Card,False,Completed
GFT-0001990,DNR-00772,CMP-2024-ANN,793.77,2024-03-08,Credit Card,False,Completed
GFT-0001991,DNR-00772,CMP-2025-ANN,2941.98,2025-08-04,Credit Card,False,Completed
GFT-0001992,DNR-00772,CMP-2025-ANN,2047.3,2025-11-27,Credit Card,False,Completed
GFT-0001993,DNR-00772,CMP-2025-ANN,2656.83,2025-08-11,Credit Card,False,Completed
GFT-0001994,DNR-00772,CMP-2026-ANN,1768.85,2026-07-18,Credit Card,False,Completed
GFT-0001995,DNR-00772,CMP-2026-ANN,1660.54,2026-01-27,Credit Card,False,Completed
GFT-0001996,DNR-00772,CMP-2026-ANN,2066.16,2026-03-31,Credit Card,False,Completed
GFT-0001997,DNR-00773,CMP-2024-ANN,36.94,2024-05-28,Online,False,Completed
GFT-0001998,DNR-00773,CMP-2025-ANN,58.57,2025-07-15,Online,False,Completed
GFT-0001999,DNR-00774,CMP-2026-ANN,60.95,2026-08-09,Online,False,Completed
GFT-0002000,DNR-00775,CMP-2024-ANN,106.94,2024-07-22,Online,False,Completed
GFT-0002001,DNR-00775,CMP-2025-ANN,81.56,2025-08-11,Online,False,Completed
GFT-0002002,DNR-00776,CMP-2024-ANN,48.49,2024-02-13,Online,False,Completed
GFT-0002003,DNR-00776,CMP-2025-ANN,145.91,2025-08-15,Online,False,Completed
GFT-0002004,DNR-00776,CMP-2026-ANN,31.54,2026-05-20,Online,False,Completed
GFT-0002005,DNR-00777,CMP-2023-ANN,40.94,2023-07-04,Online,False,Completed
GFT-0002006,DNR-00777,CMP-2024-ANN,125.08,2024-07-05,Online,False,Completed
GFT-0002007,DNR-00777,CMP-2025-ANN,119.29,2025-07-13,Online,False,Completed
GFT-0002008,DNR-00778,CMP-2024-ANN,49.78,2024-06-24,Online,False,Completed
GFT-0002009,DNR-00778,CMP-2025-ANN,78.35,2025-07-31,Online,False,Completed
GFT-0002010,DNR-00778,CMP-2026-ANN,69.99,2026-01-12,Online,False,Completed
GFT-0002011,DNR-00779,CMP-2024-ANN,156.65,2024-01-16,Online,False,Completed
GFT-0002012,DNR-00779,CMP-2025-ANN,123.07,2025-11-10,Online,False,Completed
GFT-0002013,DNR-00779,CMP-2026-ANN,162.12,2026-04-25,Online,False,Completed
GFT-0002014,DNR-00780,CMP-2023-ANN,109.03,2023-08-21,Online,False,Completed
GFT-0002015,DNR-00780,CMP-2024-ANN,68.68,2024-10-09,Online,False,Completed
GFT-0002016,DNR-00780,CMP-2025-ANN,85.68,2025-12-17,Online,False,Completed
GFT-0002017,DNR-00780,CMP-2026-ANN,32.22,2026-04-05,Online,False,Completed
GFT-0002018,DNR-00781,CMP-2025-ANN,88.14,2025-10-31,Online,False,Completed
GFT-0002019,DNR-00781,CMP-2026-ANN,129.75,2026-01-07,Online,False,Completed
GFT-0002020,DNR-00782,CMP-2023-ANN,196.08,2023-11-21,Online,False,Completed
GFT-0002021,DNR-00782,CMP-2024-ANN,91.41,2024-08-25,Online,False,Completed
GFT-0002022,DNR-00782,CMP-2025-ANN,203.78,2025-12-23,Online,False,Completed
GFT-0002023,DNR-00783,CMP-2024-ANN,149.37,2024-10-26,Online,False,Completed
GFT-0002024,DNR-00783,CMP-2025-ANN,117.63,2025-07-21,Online,False,Completed
GFT-0002025,DNR-00783,CMP-2026-ANN,218.99,2026-06-30,Online,False,Completed
GFT-0002026,DNR-00784,CMP-2023-ANN,131.54,2023-06-07,Online,False,Completed
GFT-0002027,DNR-00784,CMP-2024-ANN,28.26,2024-10-17,Online,False,Completed
GFT-0002028,DNR-00784,CMP-2025-ANN,221.33,2025-01-30,Online,False,Completed
GFT-0002029,DNR-00784,CMP-2026-ANN,122.71,2026-09-03,Online,False,Completed
GFT-0002030,DNR-00785,CMP-2023-ANN,233.68,2023-04-13,Online,False,Completed
GFT-0002031,DNR-00786,CMP-2023-ANN,2950.46,2023-03-17,Credit Card,False,Completed
GFT-0002032,DNR-00786,CMP-2023-ANN,600.15,2023-10-03,Credit Card,False,Completed
GFT-0002033,DNR-00786,CMP-2024-ANN,2333.69,2024-08-28,Credit Card,False,Completed
GFT-0002034,DNR-00786,CMP-2024-ANN,1760.54,2024-04-26,Credit Card,False,Completed
GFT-0002035,DNR-00786,CMP-2025-ANN,1827.8,2025-04-27,Credit Card,False,Completed
GFT-0002036,DNR-00786,CMP-2025-ANN,1698.17,2025-02-23,Credit Card,False,Completed
GFT-0002037,DNR-00786,CMP-2026-ANN,2553.23,2026-09-04,Credit Card,False,Completed
GFT-0002038,DNR-00786,CMP-2026-ANN,1631.1,2026-02-05,Credit Card,False,Completed
GFT-0002039,DNR-00786,CMP-2026-ANN,1101.28,2026-04-04,Credit Card,False,Completed
GFT-0002040,DNR-00787,CMP-2023-ANN,27.8,2023-10-23,Online,False,Completed
GFT-0002041,DNR-00787,CMP-2026-ANN,91.55,2026-07-09,Online,False,Completed
GFT-0002042,DNR-00788,CMP-2024-ANN,132.95,2024-05-15,Online,False,Completed
GFT-0002043,DNR-00788,CMP-2025-ANN,183.24,2025-08-18,Online,False,Completed
GFT-0002044,DNR-00789,CMP-2025-ANN,127.34,2025-06-30,Online,False,Completed
GFT-0002045,DNR-00790,CMP-2023-ANN,1513.4,2023-09-30,Credit Card,False,Completed
GFT-0002046,DNR-00790,CMP-2023-ANN,2474.65,2023-08-15,Credit Card,False,Completed
GFT-0002047,DNR-00790,CMP-2023-ANN,1426.05,2023-07-10,Credit Card,False,Completed
GFT-0002048,DNR-00790,CMP-2024-ANN,2259.76,2024-08-05,Credit Card,False,Completed
GFT-0002049,DNR-00790,CMP-2024-ANN,503.41,2024-01-05,Credit Card,False,Completed
GFT-0002050,DNR-00790,CMP-2025-ANN,676.75,2025-02-07,Credit Card,False,Completed
GFT-0002051,DNR-00790,CMP-2025-ANN,2733.59,2025-09-08,Credit Card,False,Completed
GFT-0002052,DNR-00790,CMP-2025-ANN,1332.27,2025-07-22,Credit Card,False,Completed
GFT-0002053,DNR-00790,CMP-2026-ANN,1241.47,2026-02-04,Credit Card,False,Completed
GFT-0002054,DNR-00792,CMP-2025-ANN,71.61,2025-10-03,Online,False,Completed
GFT-0002055,DNR-00793,CMP-2026-ANN,234.75,2026-08-22,Online,False,Completed
GFT-0002056,DNR-00794,CMP-2023-ANN,229.75,2023-10-03,Online,False,Completed
GFT-0002057,DNR-00794,CMP-2024-ANN,36.6,2024-03-08,Online,False,Completed
GFT-0002058,DNR-00794,CMP-2025-ANN,129.7,2025-08-13,Online,False,Completed
GFT-0002059,DNR-00794,CMP-2026-ANN,107.45,2026-09-24,Online,False,Completed
GFT-0002060,DNR-00795,CMP-2025-ANN,199.05,2025-04-14,Online,False,Completed
GFT-0002061,DNR-00795,CMP-2026-ANN,100.36,2026-05-12,Online,False,Completed
GFT-0002062,DNR-00796,CMP-2023-ANN,783.89,2023-01-14,Credit Card,False,Completed
GFT-0002063,DNR-00796,CMP-2023-ANN,1696.23,2023-02-18,Credit Card,False,Completed
GFT-0002064,DNR-00796,CMP-2023-ANN,2847.87,2023-11-25,Credit Card,False,Completed
GFT-0002065,DNR-00796,CMP-2024-ANN,2677.83,2024-02-12,Credit Card,False,Completed
GFT-0002066,DNR-00796,CMP-2024-ANN,2257.11,2024-09-07,Credit Card,False,Completed
GFT-0002067,DNR-00796,CMP-2024-ANN,2382.93,2024-05-22,Credit Card,False,Completed
GFT-0002068,DNR-00796,CMP-2025-ANN,1301.16,2025-08-23,Credit Card,False,Completed
GFT-0002069,DNR-00796,CMP-2026-ANN,1758.91,2026-09-03,Credit Card,False,Completed
GFT-0002070,DNR-00796,CMP-2026-ANN,1557.32,2026-03-25,Credit Card,False,Completed
GFT-0002071,DNR-00797,CMP-2024-ANN,658.42,2024-12-19,Credit Card,False,Completed
GFT-0002072,DNR-00797,CMP-2025-ANN,1631.03,2025-06-03,Credit Card,False,Completed
GFT-0002073,DNR-00797,CMP-2025-ANN,1753.63,2025-08-13,Credit Card,False,Completed
GFT-0002074,DNR-00797,CMP-2026-ANN,1675.41,2026-04-08,Credit Card,False,Completed
GFT-0002075,DNR-00798,CMP-2023-ANN,210.71,2023-12-14,Online,False,Completed
GFT-0002076,DNR-00798,CMP-2025-ANN,107.83,2025-09-06,Online,False,Completed
GFT-0002077,DNR-00799,CMP-2026-ANN,223.9,2026-09-02,Online,False,Completed
GFT-0002078,DNR-00800,CMP-2024-ANN,700.43,2024-12-18,Credit Card,False,Completed
GFT-0002079,DNR-00800,CMP-2025-ANN,1220.93,2025-07-12,Credit Card,False,Completed
GFT-0002080,DNR-00800,CMP-2026-ANN,773.41,2026-05-12,Credit Card,False,Completed
GFT-0002081,DNR-00801,CMP-2024-ANN,181.84,2024-11-11,Online,False,Completed
GFT-0002082,DNR-00801,CMP-2025-ANN,221.87,2025-03-29,Online,False,Completed
GFT-0002083,DNR-00801,CMP-2026-ANN,166.14,2026-09-02,Online,False,Completed
GFT-0002084,DNR-00802,CMP-2023-ANN,243.15,2023-01-20,Online,False,Completed
GFT-0002085,DNR-00802,CMP-2024-ANN,54.71,2024-09-05,Online,False,Completed
GFT-0002086,DNR-00802,CMP-2025-ANN,124.87,2025-03-18,Online,False,Completed
GFT-0002087,DNR-00803,CMP-2023-ANN,39.16,2023-06-08,Online,False,Completed
GFT-0002088,DNR-00803,CMP-2025-ANN,238.18,2025-08-30,Online,False,Completed
GFT-0002089,DNR-00804,CMP-2025-ANN,102.13,2025-09-16,Online,False,Completed
GFT-0002090,DNR-00805,CMP-2024-ANN,158.51,2024-12-27,Online,False,Completed
GFT-0002091,DNR-00806,CMP-2023-ANN,93.42,2023-07-16,Online,False,Completed
GFT-0002092,DNR-00806,CMP-2024-ANN,202.6,2024-10-10,Online,False,Completed
GFT-0002093,DNR-00806,CMP-2025-ANN,83.5,2025-01-21,Online,False,Completed
GFT-0002094,DNR-00806,CMP-2026-ANN,243.41,2026-07-14,Online,False,Completed
GFT-0002095,DNR-00807,CMP-2023-ANN,870.85,2023-10-27,Credit Card,False,Completed
GFT-0002096,DNR-00807,CMP-2024-ANN,1639.82,2024-03-31,Credit Card,False,Completed
GFT-0002097,DNR-00807,CMP-2024-ANN,915.91,2024-08-20,Credit Card,False,Completed
GFT-0002098,DNR-00807,CMP-2025-ANN,2279.53,2025-04-21,Credit Card,False,Completed
GFT-0002099,DNR-00807,CMP-2026-ANN,955.7,2026-07-29,Credit Card,False,Completed
GFT-0002100,DNR-00807,CMP-2026-ANN,938.4,2026-01-22,Credit Card,False,Completed
GFT-0002101,DNR-00808,CMP-2024-ANN,2232.15,2024-01-20,Credit Card,False,Completed
GFT-0002102,DNR-00808,CMP-2024-ANN,2165.89,2024-04-16,Credit Card,False,Completed
GFT-0002103,DNR-00808,CMP-2024-ANN,883.71,2024-10-10,Credit Card,False,Completed
GFT-0002104,DNR-00808,CMP-2025-ANN,792.29,2025-01-17,Credit Card,False,Completed
GFT-0002105,DNR-00808,CMP-2026-ANN,1936.31,2026-02-11,Credit Card,False,Completed
GFT-0002106,DNR-00808,CMP-2026-ANN,1602.22,2026-02-22,Credit Card,False,Completed
GFT-0002107,DNR-00809,CMP-2023-ANN,71.16,2023-09-04,Online,False,Completed
GFT-0002108,DNR-00810,CMP-2025-ANN,125.9,2025-11-14,Online,False,Completed
GFT-0002109,DNR-00811,CMP-2023-ANN,12573.14,2023-11-28,Check,True,Completed
GFT-0002110,DNR-00811,CMP-2023-ANN,16143.45,2023-11-20,Check,True,Completed
GFT-0002111,DNR-00811,CMP-2023-ANN,12730.37,2023-11-15,Check,True,Completed
GFT-0002112,DNR-00811,CMP-2024-ANN,11117.19,2024-12-22,Check,True,Completed
GFT-0002113,DNR-00811,CMP-2024-ANN,19645.12,2024-10-26,Check,True,Completed
GFT-0002114,DNR-00811,CMP-2025-ANN,10424.88,2025-12-25,Check,True,Completed
GFT-0002115,DNR-00811,CMP-2026-ANN,24919.04,2026-07-30,Check,True,Completed
GFT-0002116,DNR-00812,CMP-2024-ANN,2827.67,2024-11-30,Credit Card,False,Completed
GFT-0002117,DNR-00812,CMP-2024-ANN,2421.3,2024-12-20,Credit Card,False,Completed
GFT-0002118,DNR-00812,CMP-2025-ANN,2819.53,2025-11-03,Credit Card,False,Completed
GFT-0002119,DNR-00812,CMP-2025-ANN,890.13,2025-05-17,Credit Card,False,Completed
GFT-0002120,DNR-00812,CMP-2026-ANN,1865.36,2026-09-18,Credit Card,False,Completed
GFT-0002121,DNR-00812,CMP-2026-ANN,1768.52,2026-04-08,Credit Card,False,Completed
GFT-0002122,DNR-00812,CMP-2026-ANN,2118.11,2026-04-08,Credit Card,False,Completed
GFT-0002123,DNR-00813,CMP-2023-ANN,226.59,2023-02-20,Online,False,Completed
GFT-0002124,DNR-00814,CMP-2023-ANN,867.71,2023-10-20,Credit Card,False,Completed
GFT-0002125,DNR-00814,CMP-2023-ANN,1913.08,2023-10-27,Credit Card,False,Completed
GFT-0002126,DNR-00814,CMP-2023-ANN,2767.2,2023-12-19,Credit Card,False,Completed
GFT-0002127,DNR-00814,CMP-2024-ANN,1346.71,2024-11-13,Credit Card,False,Completed
GFT-0002128,DNR-00814,CMP-2024-ANN,780.79,2024-05-10,Credit Card,False,Completed
GFT-0002129,DNR-00814,CMP-2025-ANN,2750.44,2025-09-19,Credit Card,False,Completed
GFT-0002130,DNR-00814,CMP-2025-ANN,848.56,2025-06-03,Credit Card,False,Completed
GFT-0002131,DNR-00814,CMP-2026-ANN,792.19,2026-04-15,Credit Card,False,Completed
GFT-0002132,DNR-00814,CMP-2026-ANN,561.99,2026-09-26,Credit Card,False,Completed
GFT-0002133,DNR-00814,CMP-2026-ANN,2043.8,2026-05-17,Credit Card,False,Completed
GFT-0002134,DNR-00815,CMP-2024-ANN,1614.93,2024-12-09,Credit Card,False,Completed
GFT-0002135,DNR-00815,CMP-2025-ANN,1315.92,2025-08-26,Credit Card,False,Completed
GFT-0002136,DNR-00815,CMP-2026-ANN,2103.28,2026-03-26,Credit Card,False,Completed
GFT-0002137,DNR-00815,CMP-2026-ANN,1958.58,2026-09-22,Credit Card,False,Completed
GFT-0002138,DNR-00815,CMP-2026-ANN,1055.36,2026-05-09,Credit Card,False,Completed
GFT-0002139,DNR-00816,CMP-2025-ANN,30.07,2025-03-22,Online,False,Completed
GFT-0002140,DNR-00816,CMP-2026-ANN,125.23,2026-01-14,Online,False,Completed
GFT-0002141,DNR-00817,CMP-2026-ANN,140.15,2026-02-17,Online,False,Completed
GFT-0002142,DNR-00818,CMP-2023-ANN,96.5,2023-05-08,Online,False,Completed
GFT-0002143,DNR-00819,CMP-2024-ANN,58.29,2024-07-06,Online,False,Completed
GFT-0002144,DNR-00819,CMP-2026-ANN,108.89,2026-03-14,Online,False,Completed
GFT-0002145,DNR-00820,CMP-2023-ANN,104.05,2023-11-24,Online,False,Completed
GFT-0002146,DNR-00820,CMP-2026-ANN,188.77,2026-03-06,Online,False,Completed
GFT-0002147,DNR-00821,CMP-2025-ANN,2353.82,2025-08-30,Credit Card,False,Completed
GFT-0002148,DNR-00821,CMP-2025-ANN,1539.02,2025-09-13,Credit Card,False,Completed
GFT-0002149,DNR-00821,CMP-2026-ANN,1221.59,2026-02-07,Credit Card,False,Completed
GFT-0002150,DNR-00821,CMP-2026-ANN,2514.18,2026-03-14,Credit Card,False,Completed
GFT-0002151,DNR-00822,CMP-2025-ANN,226.7,2025-08-15,Online,False,Completed
GFT-0002152,DNR-00822,CMP-2026-ANN,157.12,2026-05-19,Online,False,Completed
GFT-0002153,DNR-00823,CMP-2023-ANN,71.75,2023-05-20,Online,False,Completed
GFT-0002154,DNR-00823,CMP-2024-ANN,220.19,2024-01-03,Online,False,Completed
GFT-0002155,DNR-00823,CMP-2026-ANN,241.02,2026-08-11,Online,False,Completed
GFT-0002156,DNR-00824,CMP-2024-ANN,117.13,2024-09-06,Online,False,Completed
GFT-0002157,DNR-00824,CMP-2026-ANN,150.06,2026-03-26,Online,False,Completed
GFT-0002158,DNR-00825,CMP-2026-ANN,66.85,2026-01-10,Online,False,Completed
GFT-0002159,DNR-00826,CMP-2024-ANN,1223.66,2024-12-16,Credit Card,False,Completed
GFT-0002160,DNR-00826,CMP-2024-ANN,1726.46,2024-12-07,Credit Card,False,Completed
GFT-0002161,DNR-00826,CMP-2025-ANN,2586.46,2025-10-04,Credit Card,False,Completed
GFT-0002162,DNR-00826,CMP-2025-ANN,1259.79,2025-06-24,Credit Card,False,Completed
GFT-0002163,DNR-00826,CMP-2026-ANN,2349.64,2026-04-27,Credit Card,False,Completed
GFT-0002164,DNR-00826,CMP-2026-ANN,1061.3,2026-09-05,Credit Card,False,Completed
GFT-0002165,DNR-00826,CMP-2026-ANN,2478.05,2026-06-26,Credit Card,False,Completed
GFT-0002166,DNR-00827,CMP-2024-ANN,92.54,2024-11-19,Online,False,Completed
GFT-0002167,DNR-00828,CMP-2024-ANN,174.83,2024-08-16,Online,False,Completed
GFT-0002168,DNR-00828,CMP-2025-ANN,65.36,2025-08-02,Online,False,Completed
GFT-0002169,DNR-00829,CMP-2026-ANN,197.06,2026-06-26,Online,False,Completed
GFT-0002170,DNR-00830,CMP-2023-ANN,243.39,2023-03-13,Online,False,Completed
GFT-0002171,DNR-00830,CMP-2024-ANN,106.4,2024-08-21,Online,False,Completed
GFT-0002172,DNR-00830,CMP-2025-ANN,123.12,2025-11-05,Online,False,Completed
GFT-0002173,DNR-00830,CMP-2026-ANN,179.33,2026-04-10,Online,False,Completed
GFT-0002174,DNR-00832,CMP-2023-ANN,189.92,2023-08-11,Online,False,Completed
GFT-0002175,DNR-00832,CMP-2024-ANN,83.4,2024-04-27,Online,False,Completed
GFT-0002176,DNR-00832,CMP-2025-ANN,57.88,2025-04-11,Online,False,Completed
GFT-0002177,DNR-00832,CMP-2026-ANN,180.99,2026-02-18,Online,False,Completed
GFT-0002178,DNR-00833,CMP-2023-ANN,36.9,2023-07-09,Online,False,Completed
GFT-0002179,DNR-00833,CMP-2024-ANN,168.16,2024-02-07,Online,False,Completed
GFT-0002180,DNR-00833,CMP-2026-ANN,90.62,2026-02-21,Online,False,Completed
GFT-0002181,DNR-00834,CMP-2024-ANN,68.61,2024-11-16,Online,False,Completed
GFT-0002182,DNR-00835,CMP-2025-ANN,62.61,2025-10-05,Online,False,Completed
GFT-0002183,DNR-00835,CMP-2026-ANN,96.15,2026-03-20,Online,False,Completed
GFT-0002184,DNR-00837,CMP-2023-ANN,2213.61,2023-10-14,Credit Card,False,Completed
GFT-0002185,DNR-00837,CMP-2023-ANN,2220.87,2023-10-13,Credit Card,False,Completed
GFT-0002186,DNR-00837,CMP-2024-ANN,1836.05,2024-11-02,Credit Card,False,Completed
GFT-0002187,DNR-00837,CMP-2025-ANN,2558.29,2025-11-18,Credit Card,False,Completed
GFT-0002188,DNR-00837,CMP-2025-ANN,532.24,2025-09-17,Credit Card,False,Completed
GFT-0002189,DNR-00837,CMP-2026-ANN,1203.54,2026-01-23,Credit Card,False,Completed
GFT-0002190,DNR-00837,CMP-2026-ANN,2447.02,2026-01-02,Credit Card,False,Completed
GFT-0002191,DNR-00837,CMP-2026-ANN,1529.99,2026-01-30,Credit Card,False,Completed
GFT-0002192,DNR-00838,CMP-2025-ANN,74.02,2025-09-08,Online,False,Completed
GFT-0002193,DNR-00838,CMP-2026-ANN,212.1,2026-05-01,Online,False,Completed
GFT-0002194,DNR-00839,CMP-2024-ANN,180.17,2024-10-10,Online,False,Completed
GFT-0002195,DNR-00840,CMP-2026-ANN,231.11,2026-03-22,Online,False,Completed
GFT-0002196,DNR-00841,CMP-2024-ANN,54.53,2024-12-24,Online,False,Completed
GFT-0002197,DNR-00841,CMP-2025-ANN,103.35,2025-05-17,Online,False,Completed
GFT-0002198,DNR-00842,CMP-2024-ANN,124.44,2024-10-27,Online,False,Completed
GFT-0002199,DNR-00842,CMP-2026-ANN,243.28,2026-05-29,Online,False,Completed
GFT-0002200,DNR-00843,CMP-2023-ANN,93.55,2023-12-17,Online,False,Completed
GFT-0002201,DNR-00843,CMP-2025-ANN,53.96,2025-11-09,Online,False,Completed
GFT-0002202,DNR-00844,CMP-2023-ANN,1066.44,2023-07-07,Credit Card,False,Completed
GFT-0002203,DNR-00844,CMP-2023-ANN,813.36,2023-08-06,Credit Card,False,Completed
GFT-0002204,DNR-00844,CMP-2023-ANN,825.55,2023-06-08,Credit Card,False,Completed
GFT-0002205,DNR-00844,CMP-2024-ANN,1562.01,2024-12-26,Credit Card,False,Completed
GFT-0002206,DNR-00844,CMP-2025-ANN,694.34,2025-03-22,Credit Card,False,Completed
GFT-0002207,DNR-00844,CMP-2026-ANN,2393.34,2026-04-24,Credit Card,False,Completed
GFT-0002208,DNR-00844,CMP-2026-ANN,606.29,2026-07-29,Credit Card,False,Completed
GFT-0002209,DNR-00845,CMP-2025-ANN,203.44,2025-07-31,Online,False,Completed
GFT-0002210,DNR-00845,CMP-2026-ANN,38.33,2026-09-29,Online,False,Completed
GFT-0002211,DNR-00846,CMP-2023-ANN,81.93,2023-03-16,Online,False,Completed
GFT-0002212,DNR-00846,CMP-2024-ANN,175.21,2024-08-18,Online,False,Completed
GFT-0002213,DNR-00847,CMP-2024-ANN,227.76,2024-10-07,Online,False,Completed
GFT-0002214,DNR-00847,CMP-2025-ANN,104.1,2025-05-21,Online,False,Completed
GFT-0002215,DNR-00847,CMP-2026-ANN,215.32,2026-09-15,Online,False,Completed
GFT-0002216,DNR-00848,CMP-2025-ANN,13157.98,2025-10-05,Check,True,Completed
GFT-0002217,DNR-00848,CMP-2025-ANN,10001.01,2025-08-08,Check,True,Completed
GFT-0002218,DNR-00848,CMP-2026-ANN,16453.3,2026-05-18,Check,True,Completed
GFT-0002219,DNR-00848,CMP-2026-ANN,10364.24,2026-01-23,Check,True,Completed
GFT-0002220,DNR-00848,CMP-2026-ANN,12630.83,2026-06-21,Check,True,Completed
GFT-0002221,DNR-00849,CMP-2023-ANN,61.13,2023-07-22,Online,False,Completed
GFT-0002222,DNR-00849,CMP-2024-ANN,188.92,2024-11-29,Online,False,Completed
GFT-0002223,DNR-00849,CMP-2025-ANN,153.3,2025-08-29,Online,False,Completed
GFT-0002224,DNR-00849,CMP-2026-ANN,155.08,2026-08-08,Online,False,Completed
GFT-0002225,DNR-00850,CMP-2024-ANN,73.82,2024-10-18,Online,False,Completed
GFT-0002226,DNR-00850,CMP-2025-ANN,88.42,2025-12-16,Online,False,Completed
GFT-0002227,DNR-00851,CMP-2024-ANN,244.06,2024-05-28,Online,False,Completed
GFT-0002228,DNR-00851,CMP-2025-ANN,73.15,2025-09-01,Online,False,Completed
GFT-0002229,DNR-00851,CMP-2026-ANN,184.25,2026-05-27,Online,False,Completed
GFT-0002230,DNR-00852,CMP-2025-ANN,157.61,2025-07-14,Online,False,Completed
GFT-0002231,DNR-00852,CMP-2026-ANN,240.49,2026-08-03,Online,False,Completed
GFT-0002232,DNR-00853,CMP-2024-ANN,104.84,2024-09-14,Online,False,Completed
GFT-0002233,DNR-00853,CMP-2025-ANN,73.21,2025-04-25,Online,False,Completed
GFT-0002234,DNR-00853,CMP-2026-ANN,50.39,2026-07-17,Online,False,Completed
GFT-0002235,DNR-00854,CMP-2024-ANN,809.04,2024-11-26,Credit Card,False,Completed
GFT-0002236,DNR-00854,CMP-2024-ANN,775.79,2024-06-26,Credit Card,False,Completed
GFT-0002237,DNR-00854,CMP-2025-ANN,1739.54,2025-07-23,Credit Card,False,Completed
GFT-0002238,DNR-00854,CMP-2026-ANN,2261.83,2026-01-10,Credit Card,False,Completed
GFT-0002239,DNR-00854,CMP-2026-ANN,1892.83,2026-08-03,Credit Card,False,Completed
GFT-0002240,DNR-00855,CMP-2023-ANN,98.83,2023-11-07,Online,False,Completed
GFT-0002241,DNR-00855,CMP-2024-ANN,88.81,2024-03-11,Online,False,Completed
GFT-0002242,DNR-00855,CMP-2026-ANN,244.64,2026-01-18,Online,False,Completed
GFT-0002243,DNR-00856,CMP-2023-ANN,149.63,2023-12-27,Online,False,Completed
GFT-0002244,DNR-00856,CMP-2024-ANN,217.46,2024-01-08,Online,False,Completed
GFT-0002245,DNR-00856,CMP-2025-ANN,40.66,2025-04-25,Online,False,Completed
GFT-0002246,DNR-00857,CMP-2023-ANN,177.8,2023-11-02,Online,False,Completed
GFT-0002247,DNR-00857,CMP-2024-ANN,249.71,2024-04-18,Online,False,Completed
GFT-0002248,DNR-00857,CMP-2025-ANN,48.66,2025-02-20,Online,False,Completed
GFT-0002249,DNR-00857,CMP-2026-ANN,173.17,2026-06-20,Online,False,Completed
GFT-0002250,DNR-00858,CMP-2023-ANN,57.26,2023-10-16,Online,False,Completed
GFT-0002251,DNR-00858,CMP-2024-ANN,157.88,2024-09-29,Online,False,Completed
GFT-0002252,DNR-00858,CMP-2025-ANN,233.19,2025-04-20,Online,False,Completed
GFT-0002253,DNR-00859,CMP-2024-ANN,244.42,2024-07-06,Online,False,Completed
GFT-0002254,DNR-00859,CMP-2025-ANN,158.87,2025-05-13,Online,False,Completed
GFT-0002255,DNR-00860,CMP-2025-ANN,213.57,2025-11-21,Online,False,Completed
GFT-0002256,DNR-00861,CMP-2024-ANN,185.54,2024-12-22,Online,False,Completed
GFT-0002257,DNR-00861,CMP-2025-ANN,86.42,2025-06-02,Online,False,Completed
GFT-0002258,DNR-00862,CMP-2024-ANN,132.06,2024-04-26,Online,False,Completed
GFT-0002259,DNR-00862,CMP-2026-ANN,134.02,2026-06-03,Online,False,Completed
GFT-0002260,DNR-00863,CMP-2023-ANN,197.8,2023-12-18,Online,False,Completed
GFT-0002261,DNR-00863,CMP-2024-ANN,81.41,2024-08-19,Online,False,Completed
GFT-0002262,DNR-00863,CMP-2025-ANN,166.38,2025-05-31,Online,False,Completed
GFT-0002263,DNR-00863,CMP-2026-ANN,47.41,2026-01-25,Online,False,Completed
GFT-0002264,DNR-00864,CMP-2023-ANN,40.35,2023-06-02,Online,False,Completed
GFT-0002265,DNR-00864,CMP-2026-ANN,177.82,2026-05-22,Online,False,Completed
GFT-0002266,DNR-00865,CMP-2023-ANN,164.94,2023-10-31,Online,False,Completed
GFT-0002267,DNR-00865,CMP-2024-ANN,42.22,2024-03-16,Online,False,Completed
GFT-0002268,DNR-00866,CMP-2024-ANN,173.97,2024-10-09,Online,False,Completed
GFT-0002269,DNR-00866,CMP-2025-ANN,83.87,2025-09-08,Online,False,Completed
GFT-0002270,DNR-00866,CMP-2026-ANN,218.43,2026-03-07,Online,False,Completed
GFT-0002271,DNR-00867,CMP-2023-ANN,239.33,2023-07-29,Online,False,Completed
GFT-0002272,DNR-00867,CMP-2024-ANN,121.84,2024-04-21,Online,False,Completed
GFT-0002273,DNR-00867,CMP-2026-ANN,95.78,2026-02-16,Online,False,Completed
GFT-0002274,DNR-00868,CMP-2024-ANN,128.42,2024-10-13,Online,False,Completed
GFT-0002275,DNR-00868,CMP-2025-ANN,150.25,2025-09-26,Online,False,Completed
GFT-0002276,DNR-00869,CMP-2023-ANN,2711.75,2023-05-01,Credit Card,False,Completed
GFT-0002277,DNR-00869,CMP-2023-ANN,910.36,2023-08-14,Credit Card,False,Completed
GFT-0002278,DNR-00869,CMP-2024-ANN,836.22,2024-03-03,Credit Card,False,Completed
GFT-0002279,DNR-00869,CMP-2024-ANN,2289.31,2024-03-04,Credit Card,False,Completed
GFT-0002280,DNR-00869,CMP-2025-ANN,2410.03,2025-05-14,Credit Card,False,Completed
GFT-0002281,DNR-00869,CMP-2025-ANN,1922.14,2025-07-06,Credit Card,False,Completed
GFT-0002282,DNR-00869,CMP-2026-ANN,2150.2,2026-09-20,Credit Card,False,Completed
GFT-0002283,DNR-00869,CMP-2026-ANN,2213.44,2026-02-19,Credit Card,False,Completed
GFT-0002284,DNR-00870,CMP-2023-ANN,1674.55,2023-07-08,Credit Card,False,Completed
GFT-0002285,DNR-00870,CMP-2023-ANN,1905.64,2023-11-14,Credit Card,False,Completed
GFT-0002286,DNR-00870,CMP-2023-ANN,890.78,2023-04-28,Credit Card,False,Completed
GFT-0002287,DNR-00870,CMP-2024-ANN,1478.46,2024-02-06,Credit Card,False,Completed
GFT-0002288,DNR-00870,CMP-2025-ANN,1977.61,2025-05-19,Credit Card,False,Completed
GFT-0002289,DNR-00870,CMP-2025-ANN,1444.49,2025-03-06,Credit Card,False,Completed
GFT-0002290,DNR-00870,CMP-2026-ANN,1381.91,2026-07-10,Credit Card,False,Completed
GFT-0002291,DNR-00870,CMP-2026-ANN,2944.46,2026-03-15,Credit Card,False,Completed
GFT-0002292,DNR-00870,CMP-2026-ANN,1301.21,2026-02-26,Credit Card,False,Completed
GFT-0002293,DNR-00871,CMP-2025-ANN,35.15,2025-06-22,Online,False,Completed
GFT-0002294,DNR-00872,CMP-2023-ANN,191.96,2023-11-28,Online,False,Completed
GFT-0002295,DNR-00872,CMP-2024-ANN,225.55,2024-08-04,Online,False,Completed
GFT-0002296,DNR-00872,CMP-2025-ANN,46.9,2025-07-05,Online,False,Completed
GFT-0002297,DNR-00872,CMP-2026-ANN,105.41,2026-04-22,Online,False,Completed
GFT-0002298,DNR-00873,CMP-2023-ANN,173.78,2023-02-18,Online,False,Completed
GFT-0002299,DNR-00873,CMP-2024-ANN,170.82,2024-09-10,Online,False,Completed
GFT-0002300,DNR-00873,CMP-2025-ANN,229.84,2025-02-25,Online,False,Completed
GFT-0002301,DNR-00873,CMP-2026-ANN,93.61,2026-01-28,Online,False,Completed
GFT-0002302,DNR-00874,CMP-2024-ANN,29.44,2024-05-01,Online,False,Completed
GFT-0002303,DNR-00874,CMP-2025-ANN,128.7,2025-11-22,Online,False,Completed
GFT-0002304,DNR-00875,CMP-2024-ANN,227.82,2024-07-05,Online,False,Completed
GFT-0002305,DNR-00875,CMP-2025-ANN,181.59,2025-07-09,Online,False,Completed
GFT-0002306,DNR-00875,CMP-2026-ANN,246.8,2026-01-21,Online,False,Completed
GFT-0002307,DNR-00876,CMP-2025-ANN,112.82,2025-12-21,Online,False,Completed
GFT-0002308,DNR-00876,CMP-2026-ANN,206.87,2026-01-01,Online,False,Completed
GFT-0002309,DNR-00877,CMP-2025-ANN,176.9,2025-10-12,Online,False,Completed
GFT-0002310,DNR-00877,CMP-2026-ANN,138.12,2026-05-12,Online,False,Completed
GFT-0002311,DNR-00878,CMP-2026-ANN,163.34,2026-03-05,Online,False,Completed
GFT-0002312,DNR-00879,CMP-2025-ANN,123.1,2025-09-15,Online,False,Completed
GFT-0002313,DNR-00879,CMP-2026-ANN,215.65,2026-02-26,Online,False,Completed
GFT-0002314,DNR-00880,CMP-2025-ANN,89.66,2025-04-12,Online,False,Completed
GFT-0002315,DNR-00880,CMP-2026-ANN,249.15,2026-04-23,Online,False,Completed
GFT-0002316,DNR-00881,CMP-2024-ANN,75.82,2024-04-23,Online,False,Completed
GFT-0002317,DNR-00881,CMP-2026-ANN,214.94,2026-09-29,Online,False,Completed
GFT-0002318,DNR-00882,CMP-2023-ANN,100.79,2023-11-17,Online,False,Completed
GFT-0002319,DNR-00882,CMP-2024-ANN,205.27,2024-05-15,Online,False,Completed
GFT-0002320,DNR-00882,CMP-2025-ANN,72.19,2025-12-13,Online,False,Completed
GFT-0002321,DNR-00883,CMP-2024-ANN,205.93,2024-03-29,Online,False,Completed
GFT-0002322,DNR-00883,CMP-2025-ANN,146.49,2025-05-13,Online,False,Completed
GFT-0002323,DNR-00883,CMP-2026-ANN,115.52,2026-03-17,Online,False,Completed
GFT-0002324,DNR-00884,CMP-2025-ANN,196.77,2025-09-14,Online,False,Completed
GFT-0002325,DNR-00884,CMP-2026-ANN,29.19,2026-06-23,Online,False,Completed
GFT-0002326,DNR-00885,CMP-2025-ANN,72.91,2025-08-02,Online,False,Completed
GFT-0002327,DNR-00886,CMP-2024-ANN,235.86,2024-07-17,Online,False,Completed
GFT-0002328,DNR-00886,CMP-2025-ANN,163.25,2025-12-07,Online,False,Completed
GFT-0002329,DNR-00887,CMP-2023-ANN,152.38,2023-01-14,Online,False,Completed
GFT-0002330,DNR-00887,CMP-2025-ANN,106.96,2025-03-03,Online,False,Completed
GFT-0002331,DNR-00887,CMP-2026-ANN,58.86,2026-02-11,Online,False,Completed
GFT-0002332,DNR-00888,CMP-2025-ANN,122.96,2025-05-10,Online,False,Completed
GFT-0002333,DNR-00888,CMP-2026-ANN,211.8,2026-07-16,Online,False,Completed
GFT-0002334,DNR-00889,CMP-2023-ANN,70.8,2023-02-01,Online,False,Completed
GFT-0002335,DNR-00889,CMP-2024-ANN,210.33,2024-09-02,Online,False,Completed
GFT-0002336,DNR-00889,CMP-2026-ANN,160.28,2026-09-18,Online,False,Completed
GFT-0002337,DNR-00890,CMP-2025-ANN,50.55,2025-07-26,Online,False,Completed
GFT-0002338,DNR-00890,CMP-2026-ANN,80.26,2026-04-06,Online,False,Completed
GFT-0002339,DNR-00891,CMP-2026-ANN,150.96,2026-08-26,Online,False,Completed
GFT-0002340,DNR-00892,CMP-2023-ANN,1555.05,2023-06-21,Credit Card,False,Completed
GFT-0002341,DNR-00892,CMP-2023-ANN,2764.14,2023-08-23,Credit Card,False,Completed
GFT-0002342,DNR-00892,CMP-2024-ANN,898.4,2024-08-30,Credit Card,False,Completed
GFT-0002343,DNR-00892,CMP-2025-ANN,572.85,2025-11-30,Credit Card,False,Completed
GFT-0002344,DNR-00892,CMP-2026-ANN,2146.68,2026-04-10,Credit Card,False,Completed
GFT-0002345,DNR-00892,CMP-2026-ANN,939.96,2026-03-13,Credit Card,False,Completed
GFT-0002346,DNR-00893,CMP-2024-ANN,2909.47,2024-12-02,Credit Card,False,Completed
GFT-0002347,DNR-00893,CMP-2025-ANN,2455.58,2025-08-26,Credit Card,False,Completed
GFT-0002348,DNR-00893,CMP-2025-ANN,638.32,2025-07-13,Credit Card,False,Completed
GFT-0002349,DNR-00893,CMP-2026-ANN,1284.76,2026-02-16,Credit Card,False,Completed
GFT-0002350,DNR-00894,CMP-2023-ANN,39.31,2023-01-19,Online,False,Completed
GFT-0002351,DNR-00895,CMP-2026-ANN,213.96,2026-08-29,Online,False,Completed
GFT-0002352,DNR-00896,CMP-2026-ANN,153.47,2026-02-08,Online,False,Completed
GFT-0002353,DNR-00897,CMP-2024-ANN,52.14,2024-09-19,Online,False,Completed
GFT-0002354,DNR-00897,CMP-2026-ANN,199.4,2026-03-08,Online,False,Completed
GFT-0002355,DNR-00898,CMP-2024-ANN,1129.52,2024-07-20,Credit Card,False,Completed
GFT-0002356,DNR-00898,CMP-2024-ANN,2711.41,2024-08-30,Credit Card,False,Completed
GFT-0002357,DNR-00898,CMP-2024-ANN,1095.19,2024-11-30,Credit Card,False,Completed
GFT-0002358,DNR-00898,CMP-2025-ANN,2432.98,2025-04-03,Credit Card,False,Completed
GFT-0002359,DNR-00898,CMP-2026-ANN,1323.21,2026-08-31,Credit Card,False,Completed
GFT-0002360,DNR-00898,CMP-2026-ANN,1960.82,2026-09-10,Credit Card,False,Completed
GFT-0002361,DNR-00899,CMP-2023-ANN,193.38,2023-12-03,Online,False,Completed
GFT-0002362,DNR-00899,CMP-2024-ANN,120.15,2024-10-17,Online,False,Completed
GFT-0002363,DNR-00899,CMP-2025-ANN,64.41,2025-11-20,Online,False,Completed
GFT-0002364,DNR-00900,CMP-2024-ANN,82.22,2024-06-11,Online,False,Completed
GFT-0002365,DNR-00900,CMP-2025-ANN,135.33,2025-05-27,Online,False,Completed
GFT-0002366,DNR-00900,CMP-2026-ANN,238.46,2026-01-21,Online,False,Completed
GFT-0002367,DNR-00901,CMP-2024-ANN,120.35,2024-12-16,Online,False,Completed
GFT-0002368,DNR-00902,CMP-2025-ANN,186.03,2025-03-23,Online,False,Completed
GFT-0002369,DNR-00903,CMP-2024-ANN,242.53,2024-02-01,Online,False,Completed
GFT-0002370,DNR-00905,CMP-2025-ANN,149.36,2025-04-07,Online,False,Completed
GFT-0002371,DNR-00905,CMP-2026-ANN,240.66,2026-06-28,Online,False,Completed
GFT-0002372,DNR-00906,CMP-2024-ANN,2757.89,2024-12-12,Credit Card,False,Completed
GFT-0002373,DNR-00906,CMP-2024-ANN,2213.12,2024-07-28,Credit Card,False,Completed
GFT-0002374,DNR-00906,CMP-2025-ANN,2667.38,2025-05-12,Credit Card,False,Completed
GFT-0002375,DNR-00906,CMP-2025-ANN,2644.12,2025-08-18,Credit Card,False,Completed
GFT-0002376,DNR-00906,CMP-2025-ANN,1471.18,2025-03-12,Credit Card,False,Completed
GFT-0002377,DNR-00906,CMP-2026-ANN,2818.77,2026-01-15,Credit Card,False,Completed
GFT-0002378,DNR-00906,CMP-2026-ANN,2794.82,2026-05-14,Credit Card,False,Completed
GFT-0002379,DNR-00907,CMP-2023-ANN,725.63,2023-10-07,Credit Card,False,Completed
GFT-0002380,DNR-00907,CMP-2023-ANN,2556.77,2023-06-20,Credit Card,False,Completed
GFT-0002381,DNR-00907,CMP-2024-ANN,1243.56,2024-10-14,Credit Card,False,Completed
GFT-0002382,DNR-00907,CMP-2025-ANN,2789.73,2025-12-20,Credit Card,False,Completed
GFT-0002383,DNR-00907,CMP-2026-ANN,1292.96,2026-06-30,Credit Card,False,Completed
GFT-0002384,DNR-00907,CMP-2026-ANN,2530.62,2026-03-01,Credit Card,False,Completed
GFT-0002385,DNR-00907,CMP-2026-ANN,2111.07,2026-04-10,Credit Card,False,Completed
GFT-0002386,DNR-00908,CMP-2024-ANN,43.02,2024-05-09,Online,False,Completed
GFT-0002387,DNR-00908,CMP-2026-ANN,190.81,2026-03-07,Online,False,Completed
GFT-0002388,DNR-00909,CMP-2026-ANN,120.03,2026-04-11,Online,False,Completed
GFT-0002389,DNR-00910,CMP-2024-ANN,61.08,2024-07-19,Online,False,Completed
GFT-0002390,DNR-00910,CMP-2025-ANN,39.93,2025-07-09,Online,False,Completed
GFT-0002391,DNR-00910,CMP-2026-ANN,189.08,2026-02-11,Online,False,Completed
GFT-0002392,DNR-00911,CMP-2024-ANN,98.52,2024-06-17,Online,False,Completed
GFT-0002393,DNR-00912,CMP-2025-ANN,124.77,2025-03-17,Online,False,Completed
GFT-0002394,DNR-00913,CMP-2025-ANN,70.02,2025-08-14,Online,False,Completed
GFT-0002395,DNR-00913,CMP-2026-ANN,154.56,2026-04-30,Online,False,Completed
GFT-0002396,DNR-00914,CMP-2023-ANN,81.16,2023-07-11,Online,False,Completed
GFT-0002397,DNR-00915,CMP-2023-ANN,158.65,2023-05-21,Online,False,Completed
GFT-0002398,DNR-00915,CMP-2024-ANN,236.37,2024-07-21,Online,False,Completed
GFT-0002399,DNR-00915,CMP-2025-ANN,221.54,2025-01-16,Online,False,Completed
GFT-0002400,DNR-00915,CMP-2026-ANN,64.03,2026-04-04,Online,False,Completed
GFT-0002401,DNR-00916,CMP-2023-ANN,98.71,2023-05-10,Online,False,Completed
GFT-0002402,DNR-00916,CMP-2024-ANN,43.99,2024-09-14,Online,False,Completed
GFT-0002403,DNR-00916,CMP-2025-ANN,113.54,2025-03-17,Online,False,Completed
GFT-0002404,DNR-00916,CMP-2026-ANN,212.8,2026-08-23,Online,False,Completed
GFT-0002405,DNR-00917,CMP-2024-ANN,29.67,2024-08-26,Online,False,Completed
GFT-0002406,DNR-00917,CMP-2025-ANN,150.67,2025-07-09,Online,False,Completed
GFT-0002407,DNR-00918,CMP-2025-ANN,2767.11,2025-07-20,Credit Card,False,Completed
GFT-0002408,DNR-00918,CMP-2026-ANN,995.67,2026-09-22,Credit Card,False,Completed
GFT-0002409,DNR-00918,CMP-2026-ANN,2253.15,2026-09-21,Credit Card,False,Completed
GFT-0002410,DNR-00919,CMP-2025-ANN,115.23,2025-10-24,Online,False,Completed
GFT-0002411,DNR-00919,CMP-2026-ANN,83.54,2026-04-16,Online,False,Completed
GFT-0002412,DNR-00920,CMP-2024-ANN,107.78,2024-10-13,Online,False,Completed
GFT-0002413,DNR-00920,CMP-2026-ANN,186.68,2026-03-20,Online,False,Completed
GFT-0002414,DNR-00921,CMP-2024-ANN,2433.4,2024-06-05,Credit Card,False,Completed
GFT-0002415,DNR-00921,CMP-2024-ANN,2820.71,2024-07-20,Credit Card,False,Completed
GFT-0002416,DNR-00921,CMP-2025-ANN,1735.37,2025-11-25,Credit Card,False,Completed
GFT-0002417,DNR-00921,CMP-2025-ANN,1061.21,2025-01-10,Credit Card,False,Completed
GFT-0002418,DNR-00921,CMP-2025-ANN,1007.86,2025-06-14,Credit Card,False,Completed
GFT-0002419,DNR-00921,CMP-2026-ANN,1219.9,2026-03-27,Credit Card,False,Completed
GFT-0002420,DNR-00921,CMP-2026-ANN,1735.42,2026-04-01,Credit Card,False,Completed
GFT-0002421,DNR-00922,CMP-2023-ANN,217.68,2023-10-01,Online,False,Completed
GFT-0002422,DNR-00922,CMP-2026-ANN,177.37,2026-04-17,Online,False,Completed
GFT-0002423,DNR-00923,CMP-2024-ANN,950.92,2024-11-28,Credit Card,False,Completed
GFT-0002424,DNR-00923,CMP-2024-ANN,2481.16,2024-10-23,Credit Card,False,Completed
GFT-0002425,DNR-00923,CMP-2025-ANN,1225.48,2025-10-04,Credit Card,False,Completed
GFT-0002426,DNR-00923,CMP-2026-ANN,1088.71,2026-06-22,Credit Card,False,Completed
GFT-0002427,DNR-00923,CMP-2026-ANN,1627.44,2026-07-23,Credit Card,False,Completed
GFT-0002428,DNR-00924,CMP-2024-ANN,156.15,2024-10-17,Online,False,Completed
GFT-0002429,DNR-00924,CMP-2026-ANN,130.5,2026-03-29,Online,False,Completed
GFT-0002430,DNR-00925,CMP-2025-ANN,72.75,2025-12-03,Online,False,Completed
GFT-0002431,DNR-00925,CMP-2026-ANN,120.24,2026-08-24,Online,False,Completed
GFT-0002432,DNR-00926,CMP-2023-ANN,41.44,2023-06-29,Online,False,Completed
GFT-0002433,DNR-00926,CMP-2024-ANN,36.73,2024-10-12,Online,False,Completed
GFT-0002434,DNR-00926,CMP-2026-ANN,104.72,2026-07-13,Online,False,Completed
GFT-0002435,DNR-00928,CMP-2025-ANN,138.52,2025-02-18,Online,False,Completed
GFT-0002436,DNR-00928,CMP-2026-ANN,244.94,2026-02-24,Online,False,Completed
GFT-0002437,DNR-00929,CMP-2026-ANN,225.75,2026-03-20,Online,False,Completed
GFT-0002438,DNR-00930,CMP-2023-ANN,65.36,2023-01-16,Online,False,Completed
GFT-0002439,DNR-00930,CMP-2024-ANN,135.89,2024-03-27,Online,False,Completed
GFT-0002440,DNR-00930,CMP-2025-ANN,130.32,2025-01-23,Online,False,Completed
GFT-0002441,DNR-00930,CMP-2026-ANN,184.81,2026-03-07,Online,False,Completed
GFT-0002442,DNR-00931,CMP-2024-ANN,83.59,2024-11-20,Online,False,Completed
GFT-0002443,DNR-00931,CMP-2025-ANN,245.17,2025-02-07,Online,False,Completed
GFT-0002444,DNR-00931,CMP-2026-ANN,244.01,2026-01-11,Online,False,Completed
GFT-0002445,DNR-00932,CMP-2023-ANN,2369.56,2023-06-05,Credit Card,False,Completed
GFT-0002446,DNR-00932,CMP-2023-ANN,2815.59,2023-07-23,Credit Card,False,Completed
GFT-0002447,DNR-00932,CMP-2024-ANN,2756.98,2024-10-30,Credit Card,False,Completed
GFT-0002448,DNR-00932,CMP-2024-ANN,1158.04,2024-02-06,Credit Card,False,Completed
GFT-0002449,DNR-00932,CMP-2025-ANN,1792.43,2025-11-03,Credit Card,False,Completed
GFT-0002450,DNR-00932,CMP-2025-ANN,1589.44,2025-05-18,Credit Card,False,Completed
GFT-0002451,DNR-00932,CMP-2026-ANN,1288.86,2026-03-07,Credit Card,False,Completed
GFT-0002452,DNR-00933,CMP-2025-ANN,22710.22,2025-11-10,Check,True,Completed
GFT-0002453,DNR-00933,CMP-2025-ANN,10493.5,2025-11-30,Check,True,Completed
GFT-0002454,DNR-00933,CMP-2026-ANN,32422.72,2026-08-05,Check,True,Completed
GFT-0002455,DNR-00934,CMP-2023-ANN,232.64,2023-02-02,Online,False,Completed
GFT-0002456,DNR-00934,CMP-2025-ANN,67.51,2025-04-19,Online,False,Completed
GFT-0002457,DNR-00934,CMP-2026-ANN,66.21,2026-07-15,Online,False,Completed
GFT-0002458,DNR-00935,CMP-2024-ANN,61.8,2024-12-15,Online,False,Completed
GFT-0002459,DNR-00935,CMP-2025-ANN,51.11,2025-12-19,Online,False,Completed
GFT-0002460,DNR-00936,CMP-2024-ANN,124.34,2024-03-11,Online,False,Completed
GFT-0002461,DNR-00936,CMP-2026-ANN,128.0,2026-04-19,Online,False,Completed
GFT-0002462,DNR-00937,CMP-2024-ANN,186.95,2024-04-23,Online,False,Completed
GFT-0002463,DNR-00937,CMP-2025-ANN,103.66,2025-02-22,Online,False,Completed
GFT-0002464,DNR-00937,CMP-2026-ANN,88.93,2026-02-12,Online,False,Completed
GFT-0002465,DNR-00938,CMP-2023-ANN,2374.84,2023-08-25,Credit Card,False,Completed
GFT-0002466,DNR-00938,CMP-2024-ANN,1908.12,2024-11-05,Credit Card,False,Completed
GFT-0002467,DNR-00938,CMP-2024-ANN,2157.84,2024-12-17,Credit Card,False,Completed
GFT-0002468,DNR-00938,CMP-2025-ANN,1958.87,2025-02-13,Credit Card,False,Completed
GFT-0002469,DNR-00938,CMP-2026-ANN,1815.04,2026-01-01,Credit Card,False,Completed
GFT-0002470,DNR-00939,CMP-2025-ANN,118.69,2025-11-18,Online,False,Completed
GFT-0002471,DNR-00939,CMP-2026-ANN,197.86,2026-06-22,Online,False,Completed
GFT-0002472,DNR-00941,CMP-2024-ANN,178.3,2024-12-08,Online,False,Completed
GFT-0002473,DNR-00941,CMP-2026-ANN,157.83,2026-03-23,Online,False,Completed
GFT-0002474,DNR-00943,CMP-2024-ANN,43.24,2024-09-26,Online,False,Completed
GFT-0002475,DNR-00944,CMP-2024-ANN,514.51,2024-09-24,Credit Card,False,Completed
GFT-0002476,DNR-00944,CMP-2024-ANN,2924.43,2024-02-26,Credit Card,False,Completed
GFT-0002477,DNR-00944,CMP-2024-ANN,2140.43,2024-04-13,Credit Card,False,Completed
GFT-0002478,DNR-00944,CMP-2025-ANN,1312.29,2025-01-09,Credit Card,False,Completed
GFT-0002479,DNR-00944,CMP-2025-ANN,2328.86,2025-03-25,Credit Card,False,Completed
GFT-0002480,DNR-00944,CMP-2026-ANN,2767.2,2026-02-05,Credit Card,False,Completed
GFT-0002481,DNR-00944,CMP-2026-ANN,2492.58,2026-07-11,Credit Card,False,Completed
GFT-0002482,DNR-00944,CMP-2026-ANN,823.3,2026-01-05,Credit Card,False,Completed
GFT-0002483,DNR-00945,CMP-2026-ANN,204.58,2026-01-27,Online,False,Completed
GFT-0002484,DNR-00946,CMP-2024-ANN,160.52,2024-02-16,Online,False,Completed
GFT-0002485,DNR-00946,CMP-2025-ANN,82.41,2025-07-10,Online,False,Completed
GFT-0002486,DNR-00946,CMP-2026-ANN,198.45,2026-06-14,Online,False,Completed
GFT-0002487,DNR-00947,CMP-2024-ANN,29.62,2024-10-15,Online,False,Completed
GFT-0002488,DNR-00947,CMP-2025-ANN,112.41,2025-08-31,Online,False,Completed
GFT-0002489,DNR-00947,CMP-2026-ANN,170.61,2026-03-14,Online,False,Completed
GFT-0002490,DNR-00948,CMP-2023-ANN,885.34,2023-07-12,Credit Card,False,Completed
GFT-0002491,DNR-00948,CMP-2023-ANN,1246.37,2023-06-04,Credit Card,False,Completed
GFT-0002492,DNR-00948,CMP-2023-ANN,2502.75,2023-09-27,Credit Card,False,Completed
GFT-0002493,DNR-00948,CMP-2024-ANN,2515.88,2024-06-25,Credit Card,False,Completed
GFT-0002494,DNR-00948,CMP-2024-ANN,1275.25,2024-02-04,Credit Card,False,Completed
GFT-0002495,DNR-00948,CMP-2024-ANN,2212.4,2024-12-03,Credit Card,False,Completed
GFT-0002496,DNR-00948,CMP-2025-ANN,1397.61,2025-05-02,Credit Card,False,Completed
GFT-0002497,DNR-00948,CMP-2026-ANN,2580.13,2026-07-26,Credit Card,False,Completed
GFT-0002498,DNR-00949,CMP-2024-ANN,999.68,2024-09-16,Credit Card,False,Completed
GFT-0002499,DNR-00949,CMP-2024-ANN,1613.61,2024-12-21,Credit Card,False,Completed
GFT-0002500,DNR-00949,CMP-2024-ANN,1470.22,2024-05-14,Credit Card,False,Completed
GFT-0002501,DNR-00949,CMP-2025-ANN,1907.64,2025-12-06,Credit Card,False,Completed
GFT-0002502,DNR-00949,CMP-2025-ANN,1557.68,2025-12-27,Credit Card,False,Completed
GFT-0002503,DNR-00949,CMP-2026-ANN,2527.49,2026-02-19,Credit Card,False,Completed
GFT-0002504,DNR-00949,CMP-2026-ANN,2034.67,2026-03-18,Credit Card,False,Completed
GFT-0002505,DNR-00950,CMP-2023-ANN,120.85,2023-10-17,Online,False,Completed
GFT-0002506,DNR-00950,CMP-2024-ANN,101.89,2024-07-07,Online,False,Completed
GFT-0002507,DNR-00950,CMP-2025-ANN,75.45,2025-05-28,Online,False,Completed
GFT-0002508,DNR-00951,CMP-2024-ANN,136.45,2024-11-09,Online,False,Completed
GFT-0002509,DNR-00951,CMP-2026-ANN,90.41,2026-04-13,Online,False,Completed
GFT-0002510,DNR-00952,CMP-2023-ANN,229.12,2023-01-21,Online,False,Completed
GFT-0002511,DNR-00952,CMP-2024-ANN,58.44,2024-10-04,Online,False,Completed
GFT-0002512,DNR-00952,CMP-2025-ANN,228.15,2025-09-30,Online,False,Completed
GFT-0002513,DNR-00953,CMP-2023-ANN,91.48,2023-11-21,Online,False,Completed
GFT-0002514,DNR-00953,CMP-2024-ANN,42.22,2024-08-03,Online,False,Completed
GFT-0002515,DNR-00953,CMP-2025-ANN,49.22,2025-06-14,Online,False,Completed
GFT-0002516,DNR-00953,CMP-2026-ANN,46.26,2026-06-07,Online,False,Completed
GFT-0002517,DNR-00954,CMP-2024-ANN,2300.77,2024-10-08,Credit Card,False,Completed
GFT-0002518,DNR-00954,CMP-2024-ANN,2532.06,2024-10-10,Credit Card,False,Completed
GFT-0002519,DNR-00954,CMP-2024-ANN,1388.64,2024-12-16,Credit Card,False,Completed
GFT-0002520,DNR-00954,CMP-2025-ANN,704.42,2025-01-02,Credit Card,False,Completed
GFT-0002521,DNR-00954,CMP-2025-ANN,1758.61,2025-03-10,Credit Card,False,Completed
GFT-0002522,DNR-00954,CMP-2025-ANN,784.84,2025-08-20,Credit Card,False,Completed
GFT-0002523,DNR-00954,CMP-2026-ANN,1657.2,2026-01-11,Credit Card,False,Completed
GFT-0002524,DNR-00954,CMP-2026-ANN,2465.44,2026-01-15,Credit Card,False,Completed
GFT-0002525,DNR-00954,CMP-2026-ANN,2607.27,2026-03-08,Credit Card,False,Completed
GFT-0002526,DNR-00955,CMP-2023-ANN,118.66,2023-12-18,Online,False,Completed
GFT-0002527,DNR-00955,CMP-2025-ANN,187.92,2025-05-16,Online,False,Completed
GFT-0002528,DNR-00956,CMP-2025-ANN,231.58,2025-02-16,Online,False,Completed
GFT-0002529,DNR-00957,CMP-2025-ANN,42.6,2025-12-12,Online,False,Completed
GFT-0002530,DNR-00958,CMP-2023-ANN,176.52,2023-11-25,Online,False,Completed
GFT-0002531,DNR-00958,CMP-2024-ANN,29.03,2024-09-18,Online,False,Completed
GFT-0002532,DNR-00958,CMP-2025-ANN,27.99,2025-05-01,Online,False,Completed
GFT-0002533,DNR-00959,CMP-2024-ANN,116.15,2024-11-14,Online,False,Completed
GFT-0002534,DNR-00960,CMP-2024-ANN,207.95,2024-09-19,Online,False,Completed
GFT-0002535,DNR-00962,CMP-2023-ANN,55.4,2023-06-02,Online,False,Completed
GFT-0002536,DNR-00962,CMP-2024-ANN,208.59,2024-06-26,Online,False,Completed
GFT-0002537,DNR-00962,CMP-2026-ANN,31.03,2026-09-11,Online,False,Completed
GFT-0002538,DNR-00963,CMP-2023-ANN,57.66,2023-10-09,Online,False,Completed
GFT-0002539,DNR-00963,CMP-2024-ANN,214.47,2024-06-04,Online,False,Completed
GFT-0002540,DNR-00963,CMP-2026-ANN,44.37,2026-06-09,Online,False,Completed
GFT-0002541,DNR-00964,CMP-2024-ANN,119.92,2024-04-15,Online,False,Completed
GFT-0002542,DNR-00964,CMP-2025-ANN,228.04,2025-10-21,Online,False,Completed
GFT-0002543,DNR-00965,CMP-2024-ANN,134.14,2024-09-30,Online,False,Completed
GFT-0002544,DNR-00965,CMP-2025-ANN,126.14,2025-07-26,Online,False,Completed
GFT-0002545,DNR-00965,CMP-2026-ANN,91.34,2026-07-12,Online,False,Completed
GFT-0002546,DNR-00966,CMP-2024-ANN,100.12,2024-11-09,Online,False,Completed
GFT-0002547,DNR-00966,CMP-2025-ANN,215.72,2025-03-12,Online,False,Completed
GFT-0002548,DNR-00966,CMP-2026-ANN,118.53,2026-07-17,Online,False,Completed
GFT-0002549,DNR-00967,CMP-2025-ANN,155.2,2025-05-16,Online,False,Completed
GFT-0002550,DNR-00968,CMP-2025-ANN,114.93,2025-04-19,Online,False,Completed
GFT-0002551,DNR-00968,CMP-2026-ANN,188.04,2026-09-15,Online,False,Completed
GFT-0002552,DNR-00970,CMP-2025-ANN,38.66,2025-02-26,Online,False,Completed
GFT-0002553,DNR-00970,CMP-2026-ANN,154.69,2026-03-17,Online,False,Completed
GFT-0002554,DNR-00971,CMP-2025-ANN,85.27,2025-07-20,Online,False,Completed
GFT-0002555,DNR-00972,CMP-2023-ANN,792.35,2023-09-22,Credit Card,False,Completed
GFT-0002556,DNR-00972,CMP-2023-ANN,2056.74,2023-09-25,Credit Card,False,Completed
GFT-0002557,DNR-00972,CMP-2024-ANN,1366.91,2024-02-28,Credit Card,False,Completed
GFT-0002558,DNR-00972,CMP-2024-ANN,2243.79,2024-07-10,Credit Card,False,Completed
GFT-0002559,DNR-00972,CMP-2024-ANN,552.02,2024-03-21,Credit Card,False,Completed
GFT-0002560,DNR-00972,CMP-2025-ANN,2315.52,2025-07-08,Credit Card,False,Completed
GFT-0002561,DNR-00972,CMP-2025-ANN,1673.1,2025-10-11,Credit Card,False,Completed
GFT-0002562,DNR-00972,CMP-2026-ANN,1080.26,2026-02-23,Credit Card,False,Completed
GFT-0002563,DNR-00972,CMP-2026-ANN,1049.26,2026-09-13,Credit Card,False,Completed
GFT-0002564,DNR-00973,CMP-2024-ANN,160.47,2024-04-27,Online,False,Completed
GFT-0002565,DNR-00974,CMP-2023-ANN,91.01,2023-09-26,Online,False,Completed
GFT-0002566,DNR-00976,CMP-2025-ANN,193.58,2025-03-20,Online,False,Completed
GFT-0002567,DNR-00977,CMP-2024-ANN,69.88,2024-09-10,Online,False,Completed
GFT-0002568,DNR-00977,CMP-2026-ANN,118.6,2026-01-08,Online,False,Completed
GFT-0002569,DNR-00978,CMP-2024-ANN,72.12,2024-02-22,Online,False,Completed
GFT-0002570,DNR-00978,CMP-2025-ANN,29.08,2025-09-04,Online,False,Completed
GFT-0002571,DNR-00979,CMP-2025-ANN,60.69,2025-11-04,Online,False,Completed
GFT-0002572,DNR-00980,CMP-2025-ANN,39.32,2025-11-08,Online,False,Completed
GFT-0002573,DNR-00980,CMP-2026-ANN,163.95,2026-03-21,Online,False,Completed
GFT-0002574,DNR-00981,CMP-2023-ANN,75.42,2023-12-23,Online,False,Completed
GFT-0002575,DNR-00981,CMP-2024-ANN,101.57,2024-11-04,Online,False,Completed
GFT-0002576,DNR-00981,CMP-2025-ANN,35.5,2025-11-13,Online,False,Completed
GFT-0002577,DNR-00982,CMP-2024-ANN,59.02,2024-11-21,Online,False,Completed
GFT-0002578,DNR-00982,CMP-2026-ANN,175.63,2026-09-29,Online,False,Completed
GFT-0002579,DNR-00983,CMP-2026-ANN,127.86,2026-03-23,Online,False,Completed
GFT-0002580,DNR-00984,CMP-2024-ANN,48.83,2024-03-03,Online,False,Completed
GFT-0002581,DNR-00985,CMP-2026-ANN,48.72,2026-04-03,Online,False,Completed
GFT-0002582,DNR-00986,CMP-2026-ANN,90.73,2026-02-13,Online,False,Completed
GFT-0002583,DNR-00987,CMP-2024-ANN,138.83,2024-12-19,Online,False,Completed
GFT-0002584,DNR-00987,CMP-2026-ANN,170.6,2026-02-12,Online,False,Completed
GFT-0002585,DNR-00988,CMP-2023-ANN,56.0,2023-10-20,Online,False,Completed
GFT-0002586,DNR-00988,CMP-2025-ANN,118.54,2025-05-21,Online,False,Completed
GFT-0002587,DNR-00989,CMP-2024-ANN,207.06,2024-11-30,Online,False,Completed
GFT-0002588,DNR-00989,CMP-2025-ANN,138.63,2025-07-08,Online,False,Completed
GFT-0002589,DNR-00989,CMP-2026-ANN,108.8,2026-08-13,Online,False,Completed
GFT-0002590,DNR-00990,CMP-2025-ANN,1401.61,2025-08-19,Credit Card,False,Completed
GFT-0002591,DNR-00990,CMP-2025-ANN,2162.49,2025-08-21,Credit Card,False,Completed
GFT-0002592,DNR-00990,CMP-2026-ANN,2383.02,2026-03-03,Credit Card,False,Completed
GFT-0002593,DNR-00991,CMP-2025-ANN,202.12,2025-12-10,Online,False,Completed
GFT-0002594,DNR-00991,CMP-2026-ANN,121.49,2026-06-25,Online,False,Completed
GFT-0002595,DNR-00993,CMP-2024-ANN,178.49,2024-01-13,Online,False,Completed
GFT-0002596,DNR-00993,CMP-2026-ANN,198.28,2026-04-23,Online,False,Completed
GFT-0002597,DNR-00994,CMP-2026-ANN,40.66,2026-02-12,Online,False,Completed
GFT-0002598,DNR-00995,CMP-2023-ANN,115.37,2023-12-15,Online,False,Completed
GFT-0002599,DNR-00995,CMP-2025-ANN,113.48,2025-09-07,Online,False,Completed
GFT-0002600,DNR-00995,CMP-2026-ANN,232.57,2026-02-23,Online,False,Completed
GFT-0002601,DNR-00996,CMP-2024-ANN,154.28,2024-12-20,Online,False,Completed
GFT-0002602,DNR-00997,CMP-2023-ANN,2689.53,2023-10-12,Credit Card,False,Completed
GFT-0002603,DNR-00997,CMP-2023-ANN,2931.65,2023-10-20,Credit Card,False,Completed
GFT-0002604,DNR-00997,CMP-2023-ANN,1548.26,2023-10-03,Credit Card,False,Completed
GFT-0002605,DNR-00997,CMP-2024-ANN,2251.98,2024-05-03,Credit Card,False,Completed
GFT-0002606,DNR-00997,CMP-2024-ANN,2683.87,2024-10-23,Credit Card,False,Completed
GFT-0002607,DNR-00997,CMP-2024-ANN,2303.88,2024-09-20,Credit Card,False,Completed
GFT-0002608,DNR-00997,CMP-2025-ANN,2773.08,2025-12-02,Credit Card,False,Completed
GFT-0002609,DNR-00997,CMP-2025-ANN,519.76,2025-03-26,Credit Card,False,Completed
GFT-0002610,DNR-00997,CMP-2026-ANN,2750.52,2026-07-14,Credit Card,False,Completed
GFT-0002611,DNR-00997,CMP-2026-ANN,2026.0,2026-05-02,Credit Card,False,Completed
GFT-0002612,DNR-00998,CMP-2024-ANN,115.89,2024-08-27,Online,False,Completed
GFT-0002613,DNR-00999,CMP-2023-ANN,2470.85,2023-12-25,Credit Card,False,Completed
GFT-0002614,DNR-00999,CMP-2023-ANN,2130.09,2023-12-26,Credit Card,False,Completed
GFT-0002615,DNR-00999,CMP-2023-ANN,2243.68,2023-12-23,Credit Card,False,Completed
GFT-0002616,DNR-00999,CMP-2024-ANN,1511.26,2024-11-23,Credit Card,False,Completed
GFT-0002617,DNR-00999,CMP-2024-ANN,993.24,2024-12-01,Credit Card,False,Completed
GFT-0002618,DNR-00999,CMP-2024-ANN,1253.83,2024-01-08,Credit Card,False,Completed
GFT-0002619,DNR-00999,CMP-2025-ANN,1843.58,2025-03-29,Credit Card,False,Completed
GFT-0002620,DNR-00999,CMP-2026-ANN,2312.75,2026-01-09,Credit Card,False,Completed
GFT-0002621,DNR-00999,CMP-2026-ANN,2350.13,2026-06-23,Credit Card,False,Completed
GFT-0002622,DNR-01000,CMP-2024-ANN,248.18,2024-11-15,Online,False,Completed
GFT-0002623,DNR-01000,CMP-2025-ANN,45.88,2025-07-22,Online,False,Completed
GFT-0002624,DNR-01000,CMP-2026-ANN,142.3,2026-04-09,Online,False,Completed
GFT-0002625,DNR-01001,CMP-2024-ANN,31.28,2024-05-05,Online,False,Completed
GFT-0002626,DNR-01001,CMP-2026-ANN,79.3,2026-05-19,Online,False,Completed
GFT-0002627,DNR-01003,CMP-2023-ANN,2329.97,2023-12-24,Credit Card,False,Completed
GFT-0002628,DNR-01003,CMP-2024-ANN,1149.39,2024-05-05,Credit Card,False,Completed
GFT-0002629,DNR-01003,CMP-2024-ANN,1768.75,2024-11-25,Credit Card,False,Completed
GFT-0002630,DNR-01003,CMP-2025-ANN,619.33,2025-02-16,Credit Card,False,Completed
GFT-0002631,DNR-01003,CMP-2026-ANN,2853.36,2026-02-19,Credit Card,False,Completed
GFT-0002632,DNR-01003,CMP-2026-ANN,1621.84,2026-07-09,Credit Card,False,Completed
GFT-0002633,DNR-01003,CMP-2026-ANN,1931.09,2026-02-21,Credit Card,False,Completed
GFT-0002634,DNR-01004,CMP-2024-ANN,101.27,2024-04-27,Online,False,Completed
GFT-0002635,DNR-01004,CMP-2025-ANN,192.8,2025-01-02,Online,False,Completed
GFT-0002636,DNR-01004,CMP-2026-ANN,185.8,2026-04-25,Online,False,Completed
GFT-0002637,DNR-01005,CMP-2025-ANN,2163.8,2025-11-24,Credit Card,False,Completed
GFT-0002638,DNR-01005,CMP-2025-ANN,2611.24,2025-08-16,Credit Card,False,Completed
GFT-0002639,DNR-01005,CMP-2025-ANN,1084.59,2025-08-30,Credit Card,False,Completed
GFT-0002640,DNR-01005,CMP-2026-ANN,1211.34,2026-03-24,Credit Card,False,Completed
GFT-0002641,DNR-01005,CMP-2026-ANN,2461.97,2026-08-13,Credit Card,False,Completed
GFT-0002642,DNR-01007,CMP-2023-ANN,80.72,2023-05-23,Online,False,Completed
GFT-0002643,DNR-01007,CMP-2024-ANN,156.03,2024-06-14,Online,False,Completed
GFT-0002644,DNR-01007,CMP-2026-ANN,47.05,2026-05-07,Online,False,Completed
GFT-0002645,DNR-01008,CMP-2024-ANN,1564.23,2024-12-23,Credit Card,False,Completed
GFT-0002646,DNR-01008,CMP-2024-ANN,1530.13,2024-12-20,Credit Card,False,Completed
GFT-0002647,DNR-01008,CMP-2024-ANN,730.62,2024-12-24,Credit Card,False,Completed
GFT-0002648,DNR-01008,CMP-2025-ANN,2721.27,2025-02-05,Credit Card,False,Completed
GFT-0002649,DNR-01008,CMP-2025-ANN,1690.63,2025-07-17,Credit Card,False,Completed
GFT-0002650,DNR-01008,CMP-2026-ANN,695.18,2026-07-21,Credit Card,False,Completed
GFT-0002651,DNR-01008,CMP-2026-ANN,2192.06,2026-09-17,Credit Card,False,Completed
GFT-0002652,DNR-01009,CMP-2023-ANN,150.77,2023-09-29,Online,False,Completed
GFT-0002653,DNR-01009,CMP-2026-ANN,168.2,2026-04-09,Online,False,Completed
GFT-0002654,DNR-01011,CMP-2025-ANN,61.64,2025-07-20,Online,False,Completed
GFT-0002655,DNR-01011,CMP-2026-ANN,134.07,2026-07-29,Online,False,Completed
GFT-0002656,DNR-01012,CMP-2024-ANN,10028.73,2024-11-06,Check,True,Completed
GFT-0002657,DNR-01012,CMP-2024-ANN,12283.95,2024-11-18,Check,True,Completed
GFT-0002658,DNR-01012,CMP-2025-ANN,24468.7,2025-02-20,Check,True,Completed
GFT-0002659,DNR-01012,CMP-2026-ANN,13140.49,2026-08-18,Check,True,Completed
GFT-0002660,DNR-01012,CMP-2026-ANN,10828.04,2026-08-24,Check,True,Completed
GFT-0002661,DNR-01012,CMP-2026-ANN,13753.43,2026-06-29,Check,True,Completed
GFT-0002662,DNR-01013,CMP-2023-ANN,2658.18,2023-09-27,Credit Card,False,Completed
GFT-0002663,DNR-01013,CMP-2023-ANN,795.15,2023-05-01,Credit Card,False,Completed
GFT-0002664,DNR-01013,CMP-2023-ANN,1031.61,2023-02-16,Credit Card,False,Completed
GFT-0002665,DNR-01013,CMP-2024-ANN,581.52,2024-09-04,Credit Card,False,Completed
GFT-0002666,DNR-01013,CMP-2024-ANN,892.1,2024-10-17,Credit Card,False,Completed
GFT-0002667,DNR-01013,CMP-2025-ANN,1423.33,2025-08-18,Credit Card,False,Completed
GFT-0002668,DNR-01013,CMP-2025-ANN,2879.55,2025-09-13,Credit Card,False,Completed
GFT-0002669,DNR-01013,CMP-2025-ANN,2004.0,2025-11-19,Credit Card,False,Completed
GFT-0002670,DNR-01013,CMP-2026-ANN,775.84,2026-01-29,Credit Card,False,Completed
GFT-0002671,DNR-01013,CMP-2026-ANN,1423.96,2026-01-31,Credit Card,False,Completed
GFT-0002672,DNR-01014,CMP-2024-ANN,142.62,2024-09-08,Online,False,Completed
GFT-0002673,DNR-01014,CMP-2025-ANN,93.61,2025-11-19,Online,False,Completed
GFT-0002674,DNR-01014,CMP-2026-ANN,91.15,2026-08-26,Online,False,Completed
GFT-0002675,DNR-01015,CMP-2024-ANN,57.15,2024-09-11,Online,False,Completed
GFT-0002676,DNR-01015,CMP-2026-ANN,235.78,2026-04-22,Online,False,Completed
GFT-0002677,DNR-01016,CMP-2025-ANN,2722.64,2025-10-11,Credit Card,False,Completed
GFT-0002678,DNR-01016,CMP-2025-ANN,1038.95,2025-12-23,Credit Card,False,Completed
GFT-0002679,DNR-01016,CMP-2026-ANN,1721.98,2026-02-08,Credit Card,False,Completed
GFT-0002680,DNR-01016,CMP-2026-ANN,805.82,2026-06-29,Credit Card,False,Completed
GFT-0002681,DNR-01016,CMP-2026-ANN,1371.62,2026-05-02,Credit Card,False,Completed
GFT-0002682,DNR-01017,CMP-2025-ANN,153.94,2025-11-20,Online,False,Completed
GFT-0002683,DNR-01017,CMP-2026-ANN,227.56,2026-05-19,Online,False,Completed
GFT-0002684,DNR-01018,CMP-2026-ANN,187.01,2026-08-02,Online,False,Completed
GFT-0002685,DNR-01019,CMP-2023-ANN,832.02,2023-12-04,Credit Card,False,Completed
GFT-0002686,DNR-01019,CMP-2023-ANN,846.31,2023-10-26,Credit Card,False,Completed
GFT-0002687,DNR-01019,CMP-2023-ANN,2091.15,2023-12-09,Credit Card,False,Completed
GFT-0002688,DNR-01019,CMP-2024-ANN,2168.05,2024-09-24,Credit Card,False,Completed
GFT-0002689,DNR-01019,CMP-2024-ANN,872.46,2024-07-24,Credit Card,False,Completed
GFT-0002690,DNR-01019,CMP-2025-ANN,1313.04,2025-04-20,Credit Card,False,Completed
GFT-0002691,DNR-01019,CMP-2025-ANN,2499.53,2025-01-13,Credit Card,False,Completed
GFT-0002692,DNR-01019,CMP-2025-ANN,2161.26,2025-03-14,Credit Card,False,Completed
GFT-0002693,DNR-01019,CMP-2026-ANN,1468.09,2026-08-12,Credit Card,False,Completed
GFT-0002694,DNR-01019,CMP-2026-ANN,2750.61,2026-02-16,Credit Card,False,Completed
GFT-0002695,DNR-01020,CMP-2024-ANN,35.31,2024-06-14,Online,False,Completed
GFT-0002696,DNR-01020,CMP-2026-ANN,87.41,2026-07-28,Online,False,Completed
GFT-0002697,DNR-01021,CMP-2023-ANN,62.26,2023-10-02,Online,False,Completed
GFT-0002698,DNR-01021,CMP-2024-ANN,166.77,2024-12-20,Online,False,Completed
GFT-0002699,DNR-01021,CMP-2026-ANN,170.16,2026-02-12,Online,False,Completed
GFT-0002700,DNR-01022,CMP-2024-ANN,239.91,2024-06-04,Online,False,Completed
GFT-0002701,DNR-01022,CMP-2025-ANN,195.46,2025-04-08,Online,False,Completed
GFT-0002702,DNR-01023,CMP-2024-ANN,973.49,2024-11-25,Credit Card,False,Completed
GFT-0002703,DNR-01023,CMP-2024-ANN,1689.59,2024-09-27,Credit Card,False,Completed
GFT-0002704,DNR-01023,CMP-2024-ANN,2742.16,2024-12-25,Credit Card,False,Completed
GFT-0002705,DNR-01023,CMP-2025-ANN,2145.64,2025-08-17,Credit Card,False,Completed
GFT-0002706,DNR-01023,CMP-2026-ANN,949.36,2026-03-22,Credit Card,False,Completed
GFT-0002707,DNR-01023,CMP-2026-ANN,547.43,2026-03-02,Credit Card,False,Completed
GFT-0002708,DNR-01023,CMP-2026-ANN,2466.89,2026-08-25,Credit Card,False,Completed
GFT-0002709,DNR-01024,CMP-2023-ANN,12560.9,2023-09-09,Check,True,Completed
GFT-0002710,DNR-01024,CMP-2024-ANN,32821.9,2024-11-23,Check,True,Completed
GFT-0002711,DNR-01024,CMP-2024-ANN,13101.85,2024-10-31,Check,True,Completed
GFT-0002712,DNR-01024,CMP-2024-ANN,27649.8,2024-12-26,Check,True,Completed
GFT-0002713,DNR-01024,CMP-2025-ANN,40616.55,2025-03-16,Check,True,Completed
GFT-0002714,DNR-01024,CMP-2025-ANN,14934.85,2025-01-26,Check,True,Completed
GFT-0002715,DNR-01024,CMP-2025-ANN,44984.21,2025-02-23,Check,True,Completed
GFT-0002716,DNR-01024,CMP-2026-ANN,14008.95,2026-08-17,Check,True,Completed
GFT-0002717,DNR-01024,CMP-2026-ANN,74143.18,2026-03-14,Check,True,Completed
GFT-0002718,DNR-01025,CMP-2024-ANN,2517.3,2024-11-16,Credit Card,False,Completed
GFT-0002719,DNR-01025,CMP-2025-ANN,1301.08,2025-01-16,Credit Card,False,Completed
GFT-0002720,DNR-01025,CMP-2025-ANN,1972.23,2025-01-24,Credit Card,False,Completed
GFT-0002721,DNR-01025,CMP-2025-ANN,1728.68,2025-09-01,Credit Card,False,Completed
GFT-0002722,DNR-01025,CMP-2026-ANN,1349.89,2026-09-12,Credit Card,False,Completed
GFT-0002723,DNR-01026,CMP-2023-ANN,30.41,2023-07-12,Online,False,Completed
GFT-0002724,DNR-01026,CMP-2024-ANN,110.95,2024-08-23,Online,False,Completed
GFT-0002725,DNR-01026,CMP-2025-ANN,245.45,2025-01-11,Online,False,Completed
GFT-0002726,DNR-01026,CMP-2026-ANN,89.2,2026-09-06,Online,False,Completed
GFT-0002727,DNR-01027,CMP-2023-ANN,1138.89,2023-09-24,Credit Card,False,Completed
GFT-0002728,DNR-01027,CMP-2024-ANN,885.57,2024-03-28,Credit Card,False,Completed
GFT-0002729,DNR-01027,CMP-2025-ANN,2196.52,2025-12-16,Credit Card,False,Completed
GFT-0002730,DNR-01027,CMP-2025-ANN,647.28,2025-01-29,Credit Card,False,Completed
GFT-0002731,DNR-01027,CMP-2026-ANN,953.64,2026-09-26,Credit Card,False,Completed
GFT-0002732,DNR-01027,CMP-2026-ANN,2283.25,2026-02-14,Credit Card,False,Completed
GFT-0002733,DNR-01028,CMP-2024-ANN,1474.85,2024-07-21,Credit Card,False,Completed
GFT-0002734,DNR-01028,CMP-2024-ANN,1300.1,2024-10-23,Credit Card,False,Completed
GFT-0002735,DNR-01028,CMP-2025-ANN,2732.53,2025-10-06,Credit Card,False,Completed
GFT-0002736,DNR-01028,CMP-2025-ANN,1144.84,2025-04-10,Credit Card,False,Completed
GFT-0002737,DNR-01028,CMP-2026-ANN,629.7,2026-05-01,Credit Card,False,Completed
GFT-0002738,DNR-01029,CMP-2023-ANN,159.33,2023-12-25,Online,False,Completed
GFT-0002739,DNR-01029,CMP-2024-ANN,139.44,2024-06-16,Online,False,Completed
GFT-0002740,DNR-01029,CMP-2025-ANN,238.61,2025-06-06,Online,False,Completed
GFT-0002741,DNR-01029,CMP-2026-ANN,96.63,2026-06-26,Online,False,Completed
GFT-0002742,DNR-01030,CMP-2024-ANN,1517.69,2024-09-15,Credit Card,False,Completed
GFT-0002743,DNR-01030,CMP-2024-ANN,1710.43,2024-05-19,Credit Card,False,Completed
GFT-0002744,DNR-01030,CMP-2024-ANN,1518.73,2024-04-10,Credit Card,False,Completed
GFT-0002745,DNR-01030,CMP-2025-ANN,2784.34,2025-05-30,Credit Card,False,Completed
GFT-0002746,DNR-01030,CMP-2026-ANN,1172.9,2026-09-12,Credit Card,False,Completed
GFT-0002747,DNR-01032,CMP-2024-ANN,149.81,2024-06-05,Online,False,Completed
GFT-0002748,DNR-01032,CMP-2026-ANN,116.52,2026-05-07,Online,False,Completed
GFT-0002749,DNR-01033,CMP-2023-ANN,168.05,2023-12-19,Online,False,Completed
GFT-0002750,DNR-01033,CMP-2024-ANN,242.78,2024-01-11,Online,False,Completed
GFT-0002751,DNR-01033,CMP-2025-ANN,246.69,2025-07-09,Online,False,Completed
GFT-0002752,DNR-01034,CMP-2025-ANN,120.34,2025-10-09,Online,False,Completed
GFT-0002753,DNR-01035,CMP-2025-ANN,25.23,2025-12-01,Online,False,Completed
GFT-0002754,DNR-01035,CMP-2026-ANN,211.61,2026-07-19,Online,False,Completed
GFT-0002755,DNR-01036,CMP-2023-ANN,243.72,2023-07-09,Online,False,Completed
GFT-0002756,DNR-01036,CMP-2024-ANN,235.04,2024-04-16,Online,False,Completed
GFT-0002757,DNR-01036,CMP-2025-ANN,159.52,2025-10-30,Online,False,Completed
GFT-0002758,DNR-01037,CMP-2023-ANN,104.07,2023-04-15,Online,False,Completed
GFT-0002759,DNR-01037,CMP-2025-ANN,139.82,2025-10-06,Online,False,Completed
GFT-0002760,DNR-01037,CMP-2026-ANN,191.32,2026-04-12,Online,False,Completed
GFT-0002761,DNR-01038,CMP-2024-ANN,92.64,2024-09-08,Online,False,Completed
GFT-0002762,DNR-01038,CMP-2025-ANN,52.67,2025-04-18,Online,False,Completed
GFT-0002763,DNR-01038,CMP-2026-ANN,150.21,2026-02-05,Online,False,Completed
GFT-0002764,DNR-01039,CMP-2023-ANN,122.19,2023-05-15,Online,False,Completed
GFT-0002765,DNR-01039,CMP-2026-ANN,178.47,2026-05-19,Online,False,Completed
GFT-0002766,DNR-01040,CMP-2024-ANN,83.81,2024-08-22,Online,False,Completed
GFT-0002767,DNR-01040,CMP-2026-ANN,80.33,2026-06-09,Online,False,Completed
GFT-0002768,DNR-01041,CMP-2024-ANN,128.45,2024-01-08,Online,False,Completed
GFT-0002769,DNR-01041,CMP-2025-ANN,28.57,2025-04-11,Online,False,Completed
GFT-0002770,DNR-01042,CMP-2024-ANN,132.22,2024-07-30,Online,False,Completed
GFT-0002771,DNR-01043,CMP-2023-ANN,226.44,2023-11-18,Online,False,Completed
GFT-0002772,DNR-01043,CMP-2026-ANN,202.14,2026-06-28,Online,False,Completed
GFT-0002773,DNR-01044,CMP-2025-ANN,31.96,2025-10-09,Online,False,Completed
GFT-0002774,DNR-01045,CMP-2023-ANN,1612.94,2023-01-23,Credit Card,False,Completed
GFT-0002775,DNR-01045,CMP-2023-ANN,808.54,2023-03-03,Credit Card,False,Completed
GFT-0002776,DNR-01045,CMP-2023-ANN,2930.1,2023-03-11,Credit Card,False,Completed
GFT-0002777,DNR-01045,CMP-2024-ANN,2568.67,2024-01-26,Credit Card,False,Completed
GFT-0002778,DNR-01045,CMP-2024-ANN,1394.91,2024-10-31,Credit Card,False,Completed
GFT-0002779,DNR-01045,CMP-2025-ANN,2597.86,2025-04-16,Credit Card,False,Completed
GFT-0002780,DNR-01045,CMP-2026-ANN,2959.49,2026-06-05,Credit Card,False,Completed
GFT-0002781,DNR-01045,CMP-2026-ANN,811.91,2026-09-29,Credit Card,False,Completed
GFT-0002782,DNR-01045,CMP-2026-ANN,1426.2,2026-03-19,Credit Card,False,Completed
GFT-0002783,DNR-01046,CMP-2023-ANN,27.11,2023-08-05,Online,False,Completed
GFT-0002784,DNR-01047,CMP-2024-ANN,208.66,2024-01-06,Online,False,Completed
GFT-0002785,DNR-01048,CMP-2023-ANN,245.53,2023-12-12,Online,False,Completed
GFT-0002786,DNR-01048,CMP-2025-ANN,135.89,2025-04-15,Online,False,Completed
GFT-0002787,DNR-01049,CMP-2025-ANN,1022.72,2025-12-13,Credit Card,False,Completed
GFT-0002788,DNR-01049,CMP-2025-ANN,990.22,2025-09-03,Credit Card,False,Completed
GFT-0002789,DNR-01049,CMP-2025-ANN,2552.81,2025-09-02,Credit Card,False,Completed
GFT-0002790,DNR-01049,CMP-2026-ANN,777.37,2026-05-05,Credit Card,False,Completed
GFT-0002791,DNR-01049,CMP-2026-ANN,1193.37,2026-07-02,Credit Card,False,Completed
GFT-0002792,DNR-01050,CMP-2023-ANN,63.36,2023-04-10,Online,False,Completed
GFT-0002793,DNR-01050,CMP-2024-ANN,191.23,2024-12-16,Online,False,Completed
GFT-0002794,DNR-01051,CMP-2025-ANN,663.4,2025-05-27,Credit Card,False,Completed
GFT-0002795,DNR-01051,CMP-2026-ANN,2364.93,2026-08-06,Credit Card,False,Completed
GFT-0002796,DNR-01052,CMP-2023-ANN,235.05,2023-11-23,Online,False,Completed
GFT-0002797,DNR-01053,CMP-2023-ANN,979.63,2023-01-04,Credit Card,False,Completed
GFT-0002798,DNR-01053,CMP-2023-ANN,2194.95,2023-02-01,Credit Card,False,Completed
GFT-0002799,DNR-01053,CMP-2024-ANN,2194.34,2024-09-20,Credit Card,False,Completed
GFT-0002800,DNR-01053,CMP-2024-ANN,2036.14,2024-07-04,Credit Card,False,Completed
GFT-0002801,DNR-01053,CMP-2024-ANN,2201.7,2024-07-17,Credit Card,False,Completed
GFT-0002802,DNR-01053,CMP-2025-ANN,504.89,2025-01-15,Credit Card,False,Completed
GFT-0002803,DNR-01053,CMP-2025-ANN,1567.79,2025-05-30,Credit Card,False,Completed
GFT-0002804,DNR-01053,CMP-2026-ANN,2857.69,2026-07-29,Credit Card,False,Completed
GFT-0002805,DNR-01053,CMP-2026-ANN,629.66,2026-05-02,Credit Card,False,Completed
GFT-0002806,DNR-01053,CMP-2026-ANN,2846.9,2026-08-09,Credit Card,False,Completed
GFT-0002807,DNR-01054,CMP-2024-ANN,248.9,2024-12-23,Online,False,Completed
GFT-0002808,DNR-01054,CMP-2025-ANN,178.04,2025-04-07,Online,False,Completed
GFT-0002809,DNR-01054,CMP-2026-ANN,106.33,2026-03-14,Online,False,Completed
GFT-0002810,DNR-01055,CMP-2023-ANN,10718.14,2023-08-04,Check,True,Completed
GFT-0002811,DNR-01055,CMP-2024-ANN,21812.2,2024-12-05,Check,True,Completed
GFT-0002812,DNR-01055,CMP-2024-ANN,16083.18,2024-04-30,Check,True,Completed
GFT-0002813,DNR-01055,CMP-2024-ANN,14168.63,2024-01-08,Check,True,Completed
GFT-0002814,DNR-01055,CMP-2025-ANN,19750.72,2025-05-07,Check,True,Completed
GFT-0002815,DNR-01055,CMP-2026-ANN,22563.9,2026-03-14,Check,True,Completed
GFT-0002816,DNR-01056,CMP-2024-ANN,119.51,2024-11-25,Online,False,Completed
GFT-0002817,DNR-01056,CMP-2025-ANN,26.16,2025-06-15,Online,False,Completed
GFT-0002818,DNR-01056,CMP-2026-ANN,43.41,2026-01-15,Online,False,Completed
GFT-0002819,DNR-01057,CMP-2024-ANN,30.71,2024-08-31,Online,False,Completed
GFT-0002820,DNR-01058,CMP-2024-ANN,41.75,2024-08-25,Online,False,Completed
GFT-0002821,DNR-01058,CMP-2025-ANN,62.01,2025-03-25,Online,False,Completed
GFT-0002822,DNR-01058,CMP-2026-ANN,165.85,2026-04-16,Online,False,Completed
GFT-0002823,DNR-01059,CMP-2023-ANN,132.99,2023-06-15,Online,False,Completed
GFT-0002824,DNR-01059,CMP-2025-ANN,165.92,2025-05-01,Online,False,Completed
GFT-0002825,DNR-01059,CMP-2026-ANN,81.34,2026-02-01,Online,False,Completed
GFT-0002826,DNR-01060,CMP-2025-ANN,78.63,2025-12-17,Online,False,Completed
GFT-0002827,DNR-01060,CMP-2026-ANN,37.25,2026-04-29,Online,False,Completed
GFT-0002828,DNR-01061,CMP-2024-ANN,1799.19,2024-11-26,Credit Card,False,Completed
GFT-0002829,DNR-01061,CMP-2024-ANN,1091.86,2024-08-24,Credit Card,False,Completed
GFT-0002830,DNR-01061,CMP-2025-ANN,2439.37,2025-02-04,Credit Card,False,Completed
GFT-0002831,DNR-01061,CMP-2026-ANN,1596.32,2026-02-26,Credit Card,False,Completed
GFT-0002832,DNR-01061,CMP-2026-ANN,739.18,2026-04-11,Credit Card,False,Completed
GFT-0002833,DNR-01061,CMP-2026-ANN,1616.14,2026-02-22,Credit Card,False,Completed
GFT-0002834,DNR-01062,CMP-2023-ANN,10032.83,2023-02-10,Check,True,Completed
GFT-0002835,DNR-01062,CMP-2024-ANN,11434.5,2024-05-22,Check,True,Completed
GFT-0002836,DNR-01062,CMP-2025-ANN,23001.75,2025-08-22,Check,True,Completed
GFT-0002837,DNR-01062,CMP-2026-ANN,20969.81,2026-04-25,Check,True,Completed
GFT-0002838,DNR-01063,CMP-2023-ANN,225.27,2023-04-28,Online,False,Completed
GFT-0002839,DNR-01063,CMP-2026-ANN,205.54,2026-06-21,Online,False,Completed
GFT-0002840,DNR-01064,CMP-2023-ANN,162.42,2023-12-20,Online,False,Completed
GFT-0002841,DNR-01064,CMP-2024-ANN,47.91,2024-11-12,Online,False,Completed
GFT-0002842,DNR-01064,CMP-2025-ANN,36.75,2025-03-09,Online,False,Completed
GFT-0002843,DNR-01065,CMP-2024-ANN,163.89,2024-09-12,Online,False,Completed
GFT-0002844,DNR-01065,CMP-2025-ANN,219.53,2025-03-19,Online,False,Completed
GFT-0002845,DNR-01066,CMP-2024-ANN,129.45,2024-11-03,Online,False,Completed
GFT-0002846,DNR-01066,CMP-2025-ANN,164.55,2025-01-14,Online,False,Completed
GFT-0002847,DNR-01066,CMP-2026-ANN,171.46,2026-02-24,Online,False,Completed
GFT-0002848,DNR-01067,CMP-2026-ANN,141.37,2026-09-01,Online,False,Completed
GFT-0002849,DNR-01068,CMP-2023-ANN,49.3,2023-03-09,Online,False,Completed
GFT-0002850,DNR-01068,CMP-2024-ANN,185.49,2024-01-03,Online,False,Completed
GFT-0002851,DNR-01068,CMP-2025-ANN,214.18,2025-02-22,Online,False,Completed
GFT-0002852,DNR-01069,CMP-2023-ANN,139.5,2023-09-22,Online,False,Completed
GFT-0002853,DNR-01069,CMP-2024-ANN,133.31,2024-07-16,Online,False,Completed
GFT-0002854,DNR-01069,CMP-2026-ANN,55.98,2026-09-26,Online,False,Completed
GFT-0002855,DNR-01070,CMP-2024-ANN,53.73,2024-07-30,Online,False,Completed
GFT-0002856,DNR-01070,CMP-2025-ANN,140.45,2025-09-19,Online,False,Completed
GFT-0002857,DNR-01071,CMP-2025-ANN,156.32,2025-03-10,Online,False,Completed
GFT-0002858,DNR-01071,CMP-2026-ANN,57.77,2026-09-09,Online,False,Completed
GFT-0002859,DNR-01072,CMP-2023-ANN,160.75,2023-07-18,Online,False,Completed
GFT-0002860,DNR-01072,CMP-2024-ANN,243.31,2024-06-07,Online,False,Completed
GFT-0002861,DNR-01072,CMP-2025-ANN,172.98,2025-10-13,Online,False,Completed
GFT-0002862,DNR-01072,CMP-2026-ANN,78.41,2026-07-21,Online,False,Completed
GFT-0002863,DNR-01073,CMP-2025-ANN,37.29,2025-06-04,Online,False,Completed
GFT-0002864,DNR-01073,CMP-2026-ANN,244.71,2026-06-11,Online,False,Completed
GFT-0002865,DNR-01074,CMP-2025-ANN,40.39,2025-04-25,Online,False,Completed
GFT-0002866,DNR-01074,CMP-2026-ANN,132.04,2026-09-15,Online,False,Completed
GFT-0002867,DNR-01075,CMP-2023-ANN,76405.81,2023-10-21,Check,True,Completed
GFT-0002868,DNR-01075,CMP-2023-ANN,25685.04,2023-05-28,Check,True,Completed
GFT-0002869,DNR-01075,CMP-2023-ANN,62606.47,2023-02-05,Check,True,Completed
GFT-0002870,DNR-01075,CMP-2024-ANN,22502.83,2024-01-06,Check,True,Completed
GFT-0002871,DNR-01075,CMP-2024-ANN,12903.54,2024-12-02,Check,True,Completed
GFT-0002872,DNR-01075,CMP-2025-ANN,10858.73,2025-09-23,Check,True,Completed
GFT-0002873,DNR-01075,CMP-2025-ANN,27113.5,2025-08-10,Check,True,Completed
GFT-0002874,DNR-01075,CMP-2025-ANN,20145.33,2025-03-27,Check,True,Completed
GFT-0002875,DNR-01075,CMP-2026-ANN,10375.0,2026-01-21,Check,True,Completed
GFT-0002876,DNR-01075,CMP-2026-ANN,13750.74,2026-08-26,Check,True,Completed
GFT-0002877,DNR-01075,CMP-2026-ANN,67168.63,2026-09-25,Check,True,Completed
GFT-0002878,DNR-01076,CMP-2024-ANN,155.14,2024-12-11,Online,False,Completed
GFT-0002879,DNR-01077,CMP-2025-ANN,61.51,2025-09-21,Online,False,Completed
GFT-0002880,DNR-01077,CMP-2026-ANN,202.57,2026-03-15,Online,False,Completed
GFT-0002881,DNR-01078,CMP-2023-ANN,74.37,2023-08-23,Online,False,Completed
GFT-0002882,DNR-01078,CMP-2024-ANN,75.18,2024-10-20,Online,False,Completed
GFT-0002883,DNR-01078,CMP-2025-ANN,165.38,2025-08-09,Online,False,Completed
GFT-0002884,DNR-01078,CMP-2026-ANN,190.28,2026-05-18,Online,False,Completed
GFT-0002885,DNR-01079,CMP-2024-ANN,191.52,2024-02-29,Online,False,Completed
GFT-0002886,DNR-01079,CMP-2025-ANN,66.46,2025-09-17,Online,False,Completed
GFT-0002887,DNR-01080,CMP-2023-ANN,524.73,2023-12-21,Credit Card,False,Completed
GFT-0002888,DNR-01080,CMP-2023-ANN,1394.72,2023-12-27,Credit Card,False,Completed
GFT-0002889,DNR-01080,CMP-2024-ANN,787.97,2024-02-10,Credit Card,False,Completed
GFT-0002890,DNR-01080,CMP-2024-ANN,1226.44,2024-10-13,Credit Card,False,Completed
GFT-0002891,DNR-01080,CMP-2024-ANN,986.01,2024-02-19,Credit Card,False,Completed
GFT-0002892,DNR-01080,CMP-2025-ANN,2781.77,2025-09-10,Credit Card,False,Completed
GFT-0002893,DNR-01080,CMP-2025-ANN,1399.77,2025-10-14,Credit Card,False,Completed
GFT-0002894,DNR-01080,CMP-2025-ANN,2938.27,2025-03-08,Credit Card,False,Completed
GFT-0002895,DNR-01080,CMP-2026-ANN,994.56,2026-05-22,Credit Card,False,Completed
GFT-0002896,DNR-01081,CMP-2023-ANN,224.21,2023-11-06,Online,False,Completed
GFT-0002897,DNR-01081,CMP-2025-ANN,149.76,2025-04-21,Online,False,Completed
GFT-0002898,DNR-01081,CMP-2026-ANN,29.84,2026-01-21,Online,False,Completed
GFT-0002899,DNR-01082,CMP-2025-ANN,177.43,2025-09-14,Online,False,Completed
GFT-0002900,DNR-01082,CMP-2026-ANN,202.17,2026-08-23,Online,False,Completed
GFT-0002901,DNR-01083,CMP-2024-ANN,235.63,2024-09-01,Online,False,Completed
GFT-0002902,DNR-01083,CMP-2025-ANN,79.03,2025-02-24,Online,False,Completed
GFT-0002903,DNR-01084,CMP-2024-ANN,928.4,2024-09-24,Credit Card,False,Completed
GFT-0002904,DNR-01084,CMP-2024-ANN,1817.32,2024-11-04,Credit Card,False,Completed
GFT-0002905,DNR-01084,CMP-2024-ANN,2497.56,2024-09-16,Credit Card,False,Completed
GFT-0002906,DNR-01084,CMP-2025-ANN,2704.16,2025-04-30,Credit Card,False,Completed
GFT-0002907,DNR-01084,CMP-2025-ANN,2695.97,2025-01-16,Credit Card,False,Completed
GFT-0002908,DNR-01084,CMP-2025-ANN,663.44,2025-05-27,Credit Card,False,Completed
GFT-0002909,DNR-01084,CMP-2026-ANN,2706.81,2026-03-12,Credit Card,False,Completed
GFT-0002910,DNR-01085,CMP-2023-ANN,2487.25,2023-03-04,Credit Card,False,Completed
GFT-0002911,DNR-01085,CMP-2024-ANN,1831.39,2024-03-28,Credit Card,False,Completed
GFT-0002912,DNR-01085,CMP-2025-ANN,1435.64,2025-12-05,Credit Card,False,Completed
GFT-0002913,DNR-01085,CMP-2025-ANN,1998.87,2025-06-06,Credit Card,False,Completed
GFT-0002914,DNR-01085,CMP-2025-ANN,2942.45,2025-08-03,Credit Card,False,Completed
GFT-0002915,DNR-01085,CMP-2026-ANN,2802.53,2026-04-18,Credit Card,False,Completed
GFT-0002916,DNR-01086,CMP-2024-ANN,217.25,2024-06-07,Online,False,Completed
GFT-0002917,DNR-01086,CMP-2025-ANN,58.43,2025-04-11,Online,False,Completed
GFT-0002918,DNR-01086,CMP-2026-ANN,166.63,2026-01-18,Online,False,Completed
GFT-0002919,DNR-01087,CMP-2023-ANN,53.45,2023-01-30,Online,False,Completed
GFT-0002920,DNR-01087,CMP-2024-ANN,156.42,2024-05-01,Online,False,Completed
GFT-0002921,DNR-01087,CMP-2025-ANN,188.64,2025-12-10,Online,False,Completed
GFT-0002922,DNR-01089,CMP-2023-ANN,16221.72,2023-03-03,Check,True,Completed
GFT-0002923,DNR-01089,CMP-2024-ANN,14915.72,2024-08-19,Check,True,Completed
GFT-0002924,DNR-01089,CMP-2024-ANN,15369.07,2024-02-19,Check,True,Completed
GFT-0002925,DNR-01089,CMP-2024-ANN,11864.4,2024-11-13,Check,True,Completed
GFT-0002926,DNR-01089,CMP-2025-ANN,13878.86,2025-02-23,Check,True,Completed
GFT-0002927,DNR-01089,CMP-2025-ANN,13895.42,2025-04-08,Check,True,Completed
GFT-0002928,DNR-01089,CMP-2026-ANN,10408.79,2026-01-06,Check,True,Completed
GFT-0002929,DNR-01089,CMP-2026-ANN,26113.08,2026-04-26,Check,True,Completed
GFT-0002930,DNR-01089,CMP-2026-ANN,14636.88,2026-05-09,Check,True,Completed
GFT-0002931,DNR-01090,CMP-2024-ANN,141.75,2024-08-11,Online,False,Completed
GFT-0002932,DNR-01090,CMP-2025-ANN,185.31,2025-03-26,Online,False,Completed
GFT-0002933,DNR-01090,CMP-2026-ANN,133.74,2026-04-15,Online,False,Completed
GFT-0002934,DNR-01091,CMP-2025-ANN,1684.4,2025-09-24,Credit Card,False,Completed
GFT-0002935,DNR-01091,CMP-2025-ANN,1952.97,2025-07-17,Credit Card,False,Completed
GFT-0002936,DNR-01091,CMP-2026-ANN,2802.96,2026-05-15,Credit Card,False,Completed
GFT-0002937,DNR-01091,CMP-2026-ANN,1959.96,2026-05-19,Credit Card,False,Completed
GFT-0002938,DNR-01091,CMP-2026-ANN,591.51,2026-08-31,Credit Card,False,Completed
GFT-0002939,DNR-01092,CMP-2023-ANN,70.68,2023-10-07,Online,False,Completed
GFT-0002940,DNR-01092,CMP-2025-ANN,93.85,2025-01-20,Online,False,Completed
GFT-0002941,DNR-01093,CMP-2024-ANN,235.49,2024-11-20,Online,False,Completed
GFT-0002942,DNR-01093,CMP-2025-ANN,148.87,2025-03-22,Online,False,Completed
GFT-0002943,DNR-01093,CMP-2026-ANN,43.91,2026-04-08,Online,False,Completed
GFT-0002944,DNR-01094,CMP-2023-ANN,104.1,2023-09-16,Online,False,Completed
GFT-0002945,DNR-01094,CMP-2024-ANN,129.68,2024-11-07,Online,False,Completed
GFT-0002946,DNR-01094,CMP-2026-ANN,130.2,2026-03-01,Online,False,Completed
GFT-0002947,DNR-01095,CMP-2025-ANN,206.01,2025-10-09,Online,False,Completed
GFT-0002948,DNR-01095,CMP-2026-ANN,111.03,2026-01-27,Online,False,Completed
GFT-0002949,DNR-01096,CMP-2023-ANN,77.6,2023-07-23,Online,False,Completed
GFT-0002950,DNR-01096,CMP-2025-ANN,43.54,2025-07-28,Online,False,Completed
GFT-0002951,DNR-01097,CMP-2024-ANN,169.82,2024-11-11,Online,False,Completed
GFT-0002952,DNR-01098,CMP-2023-ANN,41.05,2023-04-29,Online,False,Completed
GFT-0002953,DNR-01098,CMP-2024-ANN,70.07,2024-03-31,Online,False,Completed
GFT-0002954,DNR-01098,CMP-2025-ANN,99.08,2025-06-06,Online,False,Completed
GFT-0002955,DNR-01098,CMP-2026-ANN,208.5,2026-01-23,Online,False,Completed
GFT-0002956,DNR-01099,CMP-2025-ANN,183.77,2025-09-14,Online,False,Completed
GFT-0002957,DNR-01101,CMP-2026-ANN,92.38,2026-06-24,Online,False,Completed
GFT-0002958,DNR-01102,CMP-2025-ANN,2457.82,2025-01-29,Credit Card,False,Completed
GFT-0002959,DNR-01102,CMP-2025-ANN,1509.53,2025-06-23,Credit Card,False,Completed
GFT-0002960,DNR-01102,CMP-2026-ANN,2554.65,2026-09-23,Credit Card,False,Completed
GFT-0002961,DNR-01102,CMP-2026-ANN,2394.52,2026-02-11,Credit Card,False,Completed
GFT-0002962,DNR-01103,CMP-2023-ANN,1680.01,2023-10-26,Credit Card,False,Completed
GFT-0002963,DNR-01103,CMP-2024-ANN,2973.19,2024-04-27,Credit Card,False,Completed
GFT-0002964,DNR-01103,CMP-2024-ANN,2878.72,2024-02-12,Credit Card,False,Completed
GFT-0002965,DNR-01103,CMP-2024-ANN,2663.67,2024-02-20,Credit Card,False,Completed
GFT-0002966,DNR-01103,CMP-2025-ANN,1067.32,2025-08-21,Credit Card,False,Completed
GFT-0002967,DNR-01103,CMP-2026-ANN,1024.69,2026-08-26,Credit Card,False,Completed
GFT-0002968,DNR-01103,CMP-2026-ANN,1084.31,2026-01-16,Credit Card,False,Completed
GFT-0002969,DNR-01103,CMP-2026-ANN,1967.51,2026-07-05,Credit Card,False,Completed
GFT-0002970,DNR-01104,CMP-2023-ANN,2394.05,2023-11-27,Credit Card,False,Completed
GFT-0002971,DNR-01104,CMP-2023-ANN,2306.28,2023-06-01,Credit Card,False,Completed
GFT-0002972,DNR-01104,CMP-2023-ANN,1653.5,2023-07-31,Credit Card,False,Completed
GFT-0002973,DNR-01104,CMP-2024-ANN,1282.69,2024-10-07,Credit Card,False,Completed
GFT-0002974,DNR-01104,CMP-2025-ANN,1571.98,2025-12-19,Credit Card,False,Completed
GFT-0002975,DNR-01104,CMP-2026-ANN,1544.22,2026-08-20,Credit Card,False,Completed
GFT-0002976,DNR-01104,CMP-2026-ANN,1596.7,2026-01-06,Credit Card,False,Completed
GFT-0002977,DNR-01104,CMP-2026-ANN,2632.36,2026-03-15,Credit Card,False,Completed
GFT-0002978,DNR-01105,CMP-2025-ANN,30571.39,2025-11-02,Check,True,Completed
GFT-0002979,DNR-01105,CMP-2026-ANN,33774.84,2026-06-19,Check,True,Completed
GFT-0002980,DNR-01105,CMP-2026-ANN,11897.66,2026-07-21,Check,True,Completed
GFT-0002981,DNR-01106,CMP-2024-ANN,221.59,2024-03-25,Online,False,Completed
GFT-0002982,DNR-01106,CMP-2025-ANN,191.01,2025-08-25,Online,False,Completed
GFT-0002983,DNR-01106,CMP-2026-ANN,173.24,2026-09-15,Online,False,Completed
GFT-0002984,DNR-01107,CMP-2023-ANN,75.74,2023-06-22,Online,False,Completed
GFT-0002985,DNR-01107,CMP-2024-ANN,194.34,2024-11-21,Online,False,Completed
GFT-0002986,DNR-01108,CMP-2023-ANN,157.06,2023-03-20,Online,False,Completed
GFT-0002987,DNR-01108,CMP-2024-ANN,32.25,2024-05-29,Online,False,Completed
GFT-0002988,DNR-01108,CMP-2025-ANN,244.88,2025-10-07,Online,False,Completed
GFT-0002989,DNR-01109,CMP-2023-ANN,204.81,2023-10-02,Online,False,Completed
GFT-0002990,DNR-01109,CMP-2025-ANN,112.95,2025-11-17,Online,False,Completed
GFT-0002991,DNR-01109,CMP-2026-ANN,238.46,2026-02-26,Online,False,Completed
GFT-0002992,DNR-01110,CMP-2023-ANN,111.95,2023-10-22,Online,False,Completed
GFT-0002993,DNR-01110,CMP-2024-ANN,98.99,2024-08-03,Online,False,Completed
GFT-0002994,DNR-01111,CMP-2023-ANN,733.1,2023-12-17,Credit Card,False,Completed
GFT-0002995,DNR-01111,CMP-2023-ANN,760.78,2023-01-16,Credit Card,False,Completed
GFT-0002996,DNR-01111,CMP-2024-ANN,944.09,2024-05-21,Credit Card,False,Completed
GFT-0002997,DNR-01111,CMP-2024-ANN,2566.19,2024-05-26,Credit Card,False,Completed
GFT-0002998,DNR-01111,CMP-2024-ANN,2008.41,2024-12-27,Credit Card,False,Completed
GFT-0002999,DNR-01111,CMP-2025-ANN,966.73,2025-06-04,Credit Card,False,Completed
GFT-0003000,DNR-01111,CMP-2026-ANN,2778.36,2026-08-04,Credit Card,False,Completed
GFT-0003001,DNR-01112,CMP-2024-ANN,71.33,2024-10-15,Online,False,Completed
GFT-0003002,DNR-01112,CMP-2025-ANN,142.99,2025-01-08,Online,False,Completed
GFT-0003003,DNR-01112,CMP-2026-ANN,107.95,2026-06-25,Online,False,Completed
GFT-0003004,DNR-01113,CMP-2023-ANN,98.52,2023-08-23,Online,False,Completed
GFT-0003005,DNR-01113,CMP-2025-ANN,247.66,2025-05-03,Online,False,Completed
GFT-0003006,DNR-01113,CMP-2026-ANN,119.14,2026-09-08,Online,False,Completed
GFT-0003007,DNR-01114,CMP-2025-ANN,228.31,2025-09-03,Online,False,Completed
GFT-0003008,DNR-01114,CMP-2026-ANN,220.85,2026-01-15,Online,False,Completed
GFT-0003009,DNR-01115,CMP-2024-ANN,209.03,2024-11-15,Online,False,Completed
GFT-0003010,DNR-01115,CMP-2026-ANN,154.4,2026-04-24,Online,False,Completed
GFT-0003011,DNR-01116,CMP-2023-ANN,70.67,2023-12-28,Online,False,Completed
GFT-0003012,DNR-01116,CMP-2025-ANN,70.38,2025-05-11,Online,False,Completed
GFT-0003013,DNR-01117,CMP-2023-ANN,210.53,2023-10-13,Online,False,Completed
GFT-0003014,DNR-01117,CMP-2025-ANN,99.0,2025-08-02,Online,False,Completed
GFT-0003015,DNR-01117,CMP-2026-ANN,135.47,2026-05-18,Online,False,Completed
GFT-0003016,DNR-01118,CMP-2023-ANN,1940.33,2023-01-13,Credit Card,False,Completed
GFT-0003017,DNR-01118,CMP-2023-ANN,2343.23,2023-12-22,Credit Card,False,Completed
GFT-0003018,DNR-01118,CMP-2024-ANN,2115.75,2024-12-14,Credit Card,False,Completed
GFT-0003019,DNR-01118,CMP-2024-ANN,2797.24,2024-11-18,Credit Card,False,Completed
GFT-0003020,DNR-01118,CMP-2025-ANN,2250.79,2025-12-02,Credit Card,False,Completed
GFT-0003021,DNR-01118,CMP-2025-ANN,2279.12,2025-04-23,Credit Card,False,Completed
GFT-0003022,DNR-01118,CMP-2026-ANN,1477.73,2026-01-22,Credit Card,False,Completed
GFT-0003023,DNR-01118,CMP-2026-ANN,2558.57,2026-06-06,Credit Card,False,Completed
GFT-0003024,DNR-01119,CMP-2024-ANN,65.41,2024-04-14,Online,False,Completed
GFT-0003025,DNR-01119,CMP-2026-ANN,111.55,2026-01-19,Online,False,Completed
GFT-0003026,DNR-01120,CMP-2026-ANN,182.2,2026-02-04,Online,False,Completed
GFT-0003027,DNR-01121,CMP-2024-ANN,1099.24,2024-07-04,Credit Card,False,Completed
GFT-0003028,DNR-01121,CMP-2025-ANN,1184.44,2025-01-24,Credit Card,False,Completed
GFT-0003029,DNR-01121,CMP-2026-ANN,1844.34,2026-01-14,Credit Card,False,Completed
GFT-0003030,DNR-01121,CMP-2026-ANN,2166.64,2026-01-04,Credit Card,False,Completed
GFT-0003031,DNR-01121,CMP-2026-ANN,666.86,2026-02-18,Credit Card,False,Completed
GFT-0003032,DNR-01122,CMP-2023-ANN,2306.02,2023-09-28,Credit Card,False,Completed
GFT-0003033,DNR-01122,CMP-2023-ANN,1043.14,2023-12-16,Credit Card,False,Completed
GFT-0003034,DNR-01122,CMP-2023-ANN,1733.72,2023-09-22,Credit Card,False,Completed
GFT-0003035,DNR-01122,CMP-2024-ANN,803.08,2024-01-16,Credit Card,False,Completed
GFT-0003036,DNR-01122,CMP-2024-ANN,1421.83,2024-05-24,Credit Card,False,Completed
GFT-0003037,DNR-01122,CMP-2024-ANN,2388.49,2024-07-29,Credit Card,False,Completed
GFT-0003038,DNR-01122,CMP-2025-ANN,2416.35,2025-10-03,Credit Card,False,Completed
GFT-0003039,DNR-01122,CMP-2025-ANN,1315.03,2025-07-02,Credit Card,False,Completed
GFT-0003040,DNR-01122,CMP-2025-ANN,1627.34,2025-09-25,Credit Card,False,Completed
GFT-0003041,DNR-01122,CMP-2026-ANN,1018.43,2026-09-02,Credit Card,False,Completed
GFT-0003042,DNR-01122,CMP-2026-ANN,611.59,2026-06-16,Credit Card,False,Completed
GFT-0003043,DNR-01123,CMP-2023-ANN,682.99,2023-08-13,Credit Card,False,Completed
GFT-0003044,DNR-01123,CMP-2024-ANN,2189.06,2024-05-29,Credit Card,False,Completed
GFT-0003045,DNR-01123,CMP-2024-ANN,1654.76,2024-07-07,Credit Card,False,Completed
GFT-0003046,DNR-01123,CMP-2024-ANN,1359.14,2024-08-08,Credit Card,False,Completed
GFT-0003047,DNR-01123,CMP-2025-ANN,2639.43,2025-03-27,Credit Card,False,Completed
GFT-0003048,DNR-01123,CMP-2025-ANN,1491.69,2025-10-30,Credit Card,False,Completed
GFT-0003049,DNR-01123,CMP-2026-ANN,1126.51,2026-01-26,Credit Card,False,Completed
GFT-0003050,DNR-01124,CMP-2023-ANN,2792.84,2023-09-01,Credit Card,False,Completed
GFT-0003051,DNR-01124,CMP-2023-ANN,1317.78,2023-09-27,Credit Card,False,Completed
GFT-0003052,DNR-01124,CMP-2023-ANN,2371.69,2023-12-18,Credit Card,False,Completed
GFT-0003053,DNR-01124,CMP-2024-ANN,1653.39,2024-02-03,Credit Card,False,Completed
GFT-0003054,DNR-01124,CMP-2024-ANN,706.37,2024-02-13,Credit Card,False,Completed
GFT-0003055,DNR-01124,CMP-2025-ANN,1105.73,2025-06-22,Credit Card,False,Completed
GFT-0003056,DNR-01124,CMP-2025-ANN,2875.05,2025-06-08,Credit Card,False,Completed
GFT-0003057,DNR-01124,CMP-2025-ANN,850.64,2025-05-15,Credit Card,False,Completed
GFT-0003058,DNR-01124,CMP-2026-ANN,2603.91,2026-09-21,Credit Card,False,Completed
GFT-0003059,DNR-01124,CMP-2026-ANN,926.47,2026-09-29,Credit Card,False,Completed
GFT-0003060,DNR-01125,CMP-2023-ANN,47.62,2023-10-13,Online,False,Completed
GFT-0003061,DNR-01125,CMP-2024-ANN,145.3,2024-04-11,Online,False,Completed
GFT-0003062,DNR-01125,CMP-2025-ANN,42.46,2025-10-26,Online,False,Completed
GFT-0003063,DNR-01126,CMP-2024-ANN,105.57,2024-05-02,Online,False,Completed
GFT-0003064,DNR-01126,CMP-2025-ANN,32.75,2025-11-11,Online,False,Completed
GFT-0003065,DNR-01127,CMP-2023-ANN,181.77,2023-11-07,Online,False,Completed
GFT-0003066,DNR-01129,CMP-2023-ANN,94.37,2023-02-07,Online,False,Completed
GFT-0003067,DNR-01129,CMP-2024-ANN,26.05,2024-10-23,Online,False,Completed
GFT-0003068,DNR-01130,CMP-2025-ANN,78.67,2025-05-08,Online,False,Completed
GFT-0003069,DNR-01130,CMP-2026-ANN,119.88,2026-09-13,Online,False,Completed
GFT-0003070,DNR-01131,CMP-2024-ANN,68.23,2024-11-07,Online,False,Completed
GFT-0003071,DNR-01131,CMP-2026-ANN,223.51,2026-08-31,Online,False,Completed
GFT-0003072,DNR-01132,CMP-2025-ANN,62.59,2025-08-13,Online,False,Completed
GFT-0003073,DNR-01132,CMP-2026-ANN,49.23,2026-01-15,Online,False,Completed
GFT-0003074,DNR-01133,CMP-2023-ANN,151.46,2023-07-14,Online,False,Completed
GFT-0003075,DNR-01133,CMP-2024-ANN,71.6,2024-10-25,Online,False,Completed
GFT-0003076,DNR-01133,CMP-2025-ANN,236.26,2025-05-23,Online,False,Completed
GFT-0003077,DNR-01133,CMP-2026-ANN,73.1,2026-09-04,Online,False,Completed
GFT-0003078,DNR-01134,CMP-2025-ANN,64.06,2025-12-14,Online,False,Completed
GFT-0003079,DNR-01134,CMP-2026-ANN,96.15,2026-01-17,Online,False,Completed
GFT-0003080,DNR-01135,CMP-2023-ANN,128.22,2023-10-13,Online,False,Completed
GFT-0003081,DNR-01135,CMP-2024-ANN,208.39,2024-04-15,Online,False,Completed
GFT-0003082,DNR-01135,CMP-2026-ANN,40.15,2026-04-27,Online,False,Completed
GFT-0003083,DNR-01136,CMP-2023-ANN,92.85,2023-11-20,Online,False,Completed
GFT-0003084,DNR-01136,CMP-2024-ANN,246.2,2024-11-15,Online,False,Completed
GFT-0003085,DNR-01136,CMP-2025-ANN,145.64,2025-06-20,Online,False,Completed
GFT-0003086,DNR-01137,CMP-2024-ANN,928.65,2024-08-03,Credit Card,False,Completed
GFT-0003087,DNR-01137,CMP-2024-ANN,2897.59,2024-06-26,Credit Card,False,Completed
GFT-0003088,DNR-01137,CMP-2024-ANN,1999.67,2024-11-10,Credit Card,False,Completed
GFT-0003089,DNR-01137,CMP-2025-ANN,2240.79,2025-12-07,Credit Card,False,Completed
GFT-0003090,DNR-01137,CMP-2025-ANN,2194.75,2025-11-17,Credit Card,False,Completed
GFT-0003091,DNR-01137,CMP-2025-ANN,2930.92,2025-03-31,Credit Card,False,Completed
GFT-0003092,DNR-01137,CMP-2026-ANN,832.33,2026-06-29,Credit Card,False,Completed
GFT-0003093,DNR-01137,CMP-2026-ANN,938.33,2026-09-24,Credit Card,False,Completed
GFT-0003094,DNR-01137,CMP-2026-ANN,2404.29,2026-05-15,Credit Card,False,Completed
GFT-0003095,DNR-01138,CMP-2026-ANN,28.97,2026-02-24,Online,False,Completed
GFT-0003096,DNR-01139,CMP-2025-ANN,139.98,2025-12-04,Online,False,Completed
GFT-0003097,DNR-01140,CMP-2024-ANN,183.54,2024-11-16,Online,False,Completed
GFT-0003098,DNR-01140,CMP-2025-ANN,29.77,2025-07-07,Online,False,Completed
GFT-0003099,DNR-01141,CMP-2024-ANN,1272.12,2024-04-04,Credit Card,False,Completed
GFT-0003100,DNR-01141,CMP-2025-ANN,1571.24,2025-06-15,Credit Card,False,Completed
GFT-0003101,DNR-01141,CMP-2025-ANN,1108.86,2025-01-17,Credit Card,False,Completed
GFT-0003102,DNR-01141,CMP-2025-ANN,698.47,2025-10-26,Credit Card,False,Completed
GFT-0003103,DNR-01141,CMP-2026-ANN,1436.31,2026-01-08,Credit Card,False,Completed
GFT-0003104,DNR-01142,CMP-2023-ANN,59.13,2023-06-27,Online,False,Completed
GFT-0003105,DNR-01142,CMP-2024-ANN,33.53,2024-02-02,Online,False,Completed
GFT-0003106,DNR-01142,CMP-2026-ANN,237.82,2026-01-01,Online,False,Completed
GFT-0003107,DNR-01143,CMP-2026-ANN,87.58,2026-01-01,Online,False,Completed
GFT-0003108,DNR-01145,CMP-2025-ANN,244.95,2025-09-02,Online,False,Completed
GFT-0003109,DNR-01146,CMP-2025-ANN,2376.38,2025-11-10,Credit Card,False,Completed
GFT-0003110,DNR-01146,CMP-2025-ANN,1072.53,2025-05-02,Credit Card,False,Completed
GFT-0003111,DNR-01146,CMP-2026-ANN,1328.18,2026-02-11,Credit Card,False,Completed
GFT-0003112,DNR-01146,CMP-2026-ANN,1105.62,2026-03-07,Credit Card,False,Completed
GFT-0003113,DNR-01146,CMP-2026-ANN,1848.28,2026-09-04,Credit Card,False,Completed
GFT-0003114,DNR-01147,CMP-2026-ANN,179.65,2026-08-10,Online,False,Completed
GFT-0003115,DNR-01149,CMP-2024-ANN,1803.68,2024-12-19,Credit Card,False,Completed
GFT-0003116,DNR-01149,CMP-2024-ANN,958.86,2024-12-21,Credit Card,False,Completed
GFT-0003117,DNR-01149,CMP-2025-ANN,515.11,2025-08-10,Credit Card,False,Completed
GFT-0003118,DNR-01149,CMP-2025-ANN,2674.67,2025-07-28,Credit Card,False,Completed
GFT-0003119,DNR-01149,CMP-2025-ANN,674.96,2025-05-06,Credit Card,False,Completed
GFT-0003120,DNR-01149,CMP-2026-ANN,630.27,2026-07-11,Credit Card,False,Completed
GFT-0003121,DNR-01150,CMP-2023-ANN,2845.69,2023-07-13,Credit Card,False,Completed
GFT-0003122,DNR-01150,CMP-2024-ANN,729.4,2024-10-15,Credit Card,False,Completed
GFT-0003123,DNR-01150,CMP-2025-ANN,1872.12,2025-02-11,Credit Card,False,Completed
GFT-0003124,DNR-01150,CMP-2025-ANN,2488.08,2025-05-25,Credit Card,False,Completed
GFT-0003125,DNR-01150,CMP-2025-ANN,1010.93,2025-01-31,Credit Card,False,Completed
GFT-0003126,DNR-01150,CMP-2026-ANN,695.41,2026-01-06,Credit Card,False,Completed
GFT-0003127,DNR-01150,CMP-2026-ANN,2312.47,2026-08-28,Credit Card,False,Completed
GFT-0003128,DNR-01150,CMP-2026-ANN,1278.66,2026-03-12,Credit Card,False,Completed
GFT-0003129,DNR-01151,CMP-2026-ANN,64.7,2026-03-14,Online,False,Completed
GFT-0003130,DNR-01152,CMP-2023-ANN,1257.75,2023-08-05,Credit Card,False,Completed
GFT-0003131,DNR-01152,CMP-2024-ANN,1620.68,2024-04-11,Credit Card,False,Completed
GFT-0003132,DNR-01152,CMP-2024-ANN,2089.01,2024-10-10,Credit Card,False,Completed
GFT-0003133,DNR-01152,CMP-2024-ANN,1179.65,2024-04-14,Credit Card,False,Completed
GFT-0003134,DNR-01152,CMP-2025-ANN,700.04,2025-08-31,Credit Card,False,Completed
GFT-0003135,DNR-01152,CMP-2025-ANN,2931.39,2025-11-18,Credit Card,False,Completed
GFT-0003136,DNR-01152,CMP-2026-ANN,1444.29,2026-04-19,Credit Card,False,Completed
GFT-0003137,DNR-01152,CMP-2026-ANN,1676.78,2026-01-21,Credit Card,False,Completed
GFT-0003138,DNR-01153,CMP-2025-ANN,162.11,2025-12-15,Online,False,Completed
GFT-0003139,DNR-01153,CMP-2026-ANN,60.07,2026-02-08,Online,False,Completed
GFT-0003140,DNR-01154,CMP-2024-ANN,196.43,2024-09-06,Online,False,Completed
GFT-0003141,DNR-01154,CMP-2025-ANN,43.73,2025-12-22,Online,False,Completed
GFT-0003142,DNR-01155,CMP-2024-ANN,145.87,2024-09-26,Online,False,Completed
GFT-0003143,DNR-01155,CMP-2025-ANN,64.53,2025-11-15,Online,False,Completed
GFT-0003144,DNR-01155,CMP-2026-ANN,93.82,2026-02-05,Online,False,Completed
GFT-0003145,DNR-01156,CMP-2024-ANN,151.48,2024-08-15,Online,False,Completed
GFT-0003146,DNR-01156,CMP-2025-ANN,99.98,2025-05-03,Online,False,Completed
GFT-0003147,DNR-01157,CMP-2023-ANN,231.13,2023-10-09,Online,False,Completed
GFT-0003148,DNR-01157,CMP-2024-ANN,218.87,2024-10-13,Online,False,Completed
GFT-0003149,DNR-01157,CMP-2026-ANN,116.02,2026-09-15,Online,False,Completed
GFT-0003150,DNR-01158,CMP-2023-ANN,2850.71,2023-03-03,Credit Card,False,Completed
GFT-0003151,DNR-01158,CMP-2023-ANN,2926.23,2023-05-18,Credit Card,False,Completed
GFT-0003152,DNR-01158,CMP-2024-ANN,1460.09,2024-09-26,Credit Card,False,Completed
GFT-0003153,DNR-01158,CMP-2024-ANN,1269.53,2024-03-06,Credit Card,False,Completed
GFT-0003154,DNR-01158,CMP-2025-ANN,678.09,2025-08-23,Credit Card,False,Completed
GFT-0003155,DNR-01158,CMP-2025-ANN,2712.5,2025-11-04,Credit Card,False,Completed
GFT-0003156,DNR-01158,CMP-2025-ANN,2981.18,2025-05-29,Credit Card,False,Completed
GFT-0003157,DNR-01158,CMP-2026-ANN,1462.07,2026-07-16,Credit Card,False,Completed
GFT-0003158,DNR-01159,CMP-2023-ANN,905.91,2023-10-02,Credit Card,False,Completed
GFT-0003159,DNR-01159,CMP-2023-ANN,2407.38,2023-12-07,Credit Card,False,Completed
GFT-0003160,DNR-01159,CMP-2023-ANN,2892.74,2023-10-28,Credit Card,False,Completed
GFT-0003161,DNR-01159,CMP-2024-ANN,1371.45,2024-07-31,Credit Card,False,Completed
GFT-0003162,DNR-01159,CMP-2024-ANN,2272.82,2024-05-18,Credit Card,False,Completed
GFT-0003163,DNR-01159,CMP-2024-ANN,2087.45,2024-07-02,Credit Card,False,Completed
GFT-0003164,DNR-01159,CMP-2025-ANN,2241.14,2025-05-25,Credit Card,False,Completed
GFT-0003165,DNR-01159,CMP-2025-ANN,2127.27,2025-04-01,Credit Card,False,Completed
GFT-0003166,DNR-01159,CMP-2026-ANN,2339.16,2026-09-23,Credit Card,False,Completed
GFT-0003167,DNR-01159,CMP-2026-ANN,1105.88,2026-06-06,Credit Card,False,Completed
GFT-0003168,DNR-01160,CMP-2024-ANN,207.95,2024-05-16,Online,False,Completed
GFT-0003169,DNR-01161,CMP-2023-ANN,2164.19,2023-03-11,Credit Card,False,Completed
GFT-0003170,DNR-01161,CMP-2023-ANN,869.71,2023-07-31,Credit Card,False,Completed
GFT-0003171,DNR-01161,CMP-2023-ANN,2013.59,2023-12-20,Credit Card,False,Completed
GFT-0003172,DNR-01161,CMP-2024-ANN,868.42,2024-05-07,Credit Card,False,Completed
GFT-0003173,DNR-01161,CMP-2024-ANN,1118.54,2024-11-13,Credit Card,False,Completed
GFT-0003174,DNR-01161,CMP-2024-ANN,1945.85,2024-12-14,Credit Card,False,Completed
GFT-0003175,DNR-01161,CMP-2025-ANN,2603.79,2025-07-12,Credit Card,False,Completed
GFT-0003176,DNR-01161,CMP-2025-ANN,530.84,2025-03-05,Credit Card,False,Completed
GFT-0003177,DNR-01161,CMP-2025-ANN,2427.43,2025-07-15,Credit Card,False,Completed
GFT-0003178,DNR-01161,CMP-2026-ANN,2279.02,2026-06-01,Credit Card,False,Completed
GFT-0003179,DNR-01161,CMP-2026-ANN,1460.87,2026-04-22,Credit Card,False,Completed
GFT-0003180,DNR-01161,CMP-2026-ANN,2265.17,2026-08-02,Credit Card,False,Completed
GFT-0003181,DNR-01162,CMP-2026-ANN,229.74,2026-03-24,Online,False,Completed
GFT-0003182,DNR-01163,CMP-2024-ANN,121.05,2024-04-02,Online,False,Completed
GFT-0003183,DNR-01163,CMP-2026-ANN,144.97,2026-07-19,Online,False,Completed
GFT-0003184,DNR-01164,CMP-2026-ANN,190.14,2026-08-19,Online,False,Completed
GFT-0003185,DNR-01166,CMP-2023-ANN,773.19,2023-08-30,Credit Card,False,Completed
GFT-0003186,DNR-01166,CMP-2024-ANN,2441.73,2024-10-05,Credit Card,False,Completed
GFT-0003187,DNR-01166,CMP-2024-ANN,1360.98,2024-11-23,Credit Card,False,Completed
GFT-0003188,DNR-01166,CMP-2024-ANN,856.78,2024-05-16,Credit Card,False,Completed
GFT-0003189,DNR-01166,CMP-2025-ANN,1023.81,2025-08-21,Credit Card,False,Completed
GFT-0003190,DNR-01166,CMP-2025-ANN,2370.73,2025-01-14,Credit Card,False,Completed
GFT-0003191,DNR-01166,CMP-2025-ANN,2247.52,2025-12-16,Credit Card,False,Completed
GFT-0003192,DNR-01166,CMP-2026-ANN,2967.56,2026-01-17,Credit Card,False,Completed
GFT-0003193,DNR-01167,CMP-2024-ANN,503.95,2024-12-17,Credit Card,False,Completed
GFT-0003194,DNR-01167,CMP-2024-ANN,674.6,2024-12-18,Credit Card,False,Completed
GFT-0003195,DNR-01167,CMP-2025-ANN,1544.6,2025-10-08,Credit Card,False,Completed
GFT-0003196,DNR-01167,CMP-2025-ANN,1542.11,2025-06-18,Credit Card,False,Completed
GFT-0003197,DNR-01167,CMP-2025-ANN,1220.85,2025-04-21,Credit Card,False,Completed
GFT-0003198,DNR-01167,CMP-2026-ANN,926.59,2026-04-17,Credit Card,False,Completed
GFT-0003199,DNR-01167,CMP-2026-ANN,1436.63,2026-02-28,Credit Card,False,Completed
GFT-0003200,DNR-01168,CMP-2024-ANN,65.95,2024-07-10,Online,False,Completed
GFT-0003201,DNR-01168,CMP-2026-ANN,208.23,2026-03-01,Online,False,Completed
GFT-0003202,DNR-01169,CMP-2023-ANN,38.27,2023-11-22,Online,False,Completed
GFT-0003203,DNR-01169,CMP-2024-ANN,195.81,2024-09-14,Online,False,Completed
GFT-0003204,DNR-01169,CMP-2025-ANN,228.01,2025-01-06,Online,False,Completed
GFT-0003205,DNR-01169,CMP-2026-ANN,166.04,2026-02-13,Online,False,Completed
GFT-0003206,DNR-01170,CMP-2026-ANN,90.95,2026-09-11,Online,False,Completed
GFT-0003207,DNR-01171,CMP-2023-ANN,87.27,2023-03-01,Online,False,Completed
GFT-0003208,DNR-01171,CMP-2024-ANN,156.77,2024-06-25,Online,False,Completed
GFT-0003209,DNR-01171,CMP-2025-ANN,176.38,2025-12-05,Online,False,Completed
GFT-0003210,DNR-01171,CMP-2026-ANN,38.74,2026-04-03,Online,False,Completed
GFT-0003211,DNR-01172,CMP-2023-ANN,20625.25,2023-11-26,Check,True,Completed
GFT-0003212,DNR-01172,CMP-2024-ANN,15648.58,2024-04-16,Check,True,Completed
GFT-0003213,DNR-01172,CMP-2024-ANN,38329.58,2024-09-19,Check,True,Completed
GFT-0003214,DNR-01172,CMP-2024-ANN,11937.97,2024-08-26,Check,True,Completed
GFT-0003215,DNR-01172,CMP-2025-ANN,21426.36,2025-04-25,Check,True,Completed
GFT-0003216,DNR-01172,CMP-2025-ANN,18950.3,2025-10-13,Check,True,Completed
GFT-0003217,DNR-01172,CMP-2025-ANN,12868.56,2025-11-20,Check,True,Completed
GFT-0003218,DNR-01172,CMP-2026-ANN,11143.05,2026-02-13,Check,True,Completed
GFT-0003219,DNR-01173,CMP-2023-ANN,142.53,2023-10-23,Online,False,Completed
GFT-0003220,DNR-01173,CMP-2024-ANN,160.67,2024-06-03,Online,False,Completed
GFT-0003221,DNR-01174,CMP-2024-ANN,100.83,2024-05-25,Online,False,Completed
GFT-0003222,DNR-01174,CMP-2025-ANN,108.43,2025-01-02,Online,False,Completed
GFT-0003223,DNR-01176,CMP-2023-ANN,37.88,2023-07-08,Online,False,Completed
GFT-0003224,DNR-01176,CMP-2024-ANN,99.31,2024-08-08,Online,False,Completed
GFT-0003225,DNR-01176,CMP-2025-ANN,127.81,2025-01-16,Online,False,Completed
GFT-0003226,DNR-01177,CMP-2026-ANN,160.43,2026-01-06,Online,False,Completed
GFT-0003227,DNR-01178,CMP-2024-ANN,182.33,2024-12-08,Online,False,Completed
GFT-0003228,DNR-01178,CMP-2026-ANN,164.13,2026-04-27,Online,False,Completed
GFT-0003229,DNR-01179,CMP-2024-ANN,117.95,2024-04-24,Online,False,Completed
GFT-0003230,DNR-01179,CMP-2025-ANN,246.89,2025-11-16,Online,False,Completed
GFT-0003231,DNR-01180,CMP-2024-ANN,106.05,2024-06-10,Online,False,Completed
GFT-0003232,DNR-01180,CMP-2025-ANN,206.7,2025-09-02,Online,False,Completed
GFT-0003233,DNR-01180,CMP-2026-ANN,124.97,2026-07-11,Online,False,Completed
GFT-0003234,DNR-01181,CMP-2025-ANN,1711.34,2025-07-12,Credit Card,False,Completed
GFT-0003235,DNR-01181,CMP-2025-ANN,2348.01,2025-08-28,Credit Card,False,Completed
GFT-0003236,DNR-01181,CMP-2025-ANN,2484.9,2025-09-07,Credit Card,False,Completed
GFT-0003237,DNR-01181,CMP-2026-ANN,1569.79,2026-05-31,Credit Card,False,Completed
GFT-0003238,DNR-01181,CMP-2026-ANN,2828.71,2026-07-25,Credit Card,False,Completed
GFT-0003239,DNR-01183,CMP-2025-ANN,68.89,2025-03-20,Online,False,Completed
GFT-0003240,DNR-01183,CMP-2026-ANN,142.01,2026-08-11,Online,False,Completed
GFT-0003241,DNR-01184,CMP-2023-ANN,2462.15,2023-04-01,Credit Card,False,Completed
GFT-0003242,DNR-01184,CMP-2023-ANN,2291.66,2023-08-19,Credit Card,False,Completed
GFT-0003243,DNR-01184,CMP-2023-ANN,579.36,2023-01-15,Credit Card,False,Completed
GFT-0003244,DNR-01184,CMP-2024-ANN,2492.05,2024-08-26,Credit Card,False,Completed
GFT-0003245,DNR-01184,CMP-2024-ANN,1253.37,2024-09-18,Credit Card,False,Completed
GFT-0003246,DNR-01184,CMP-2025-ANN,2990.76,2025-08-14,Credit Card,False,Completed
GFT-0003247,DNR-01184,CMP-2025-ANN,2968.05,2025-01-07,Credit Card,False,Completed
GFT-0003248,DNR-01184,CMP-2025-ANN,1667.01,2025-03-25,Credit Card,False,Completed
GFT-0003249,DNR-01184,CMP-2026-ANN,2887.63,2026-06-06,Credit Card,False,Completed
GFT-0003250,DNR-01184,CMP-2026-ANN,1705.42,2026-04-19,Credit Card,False,Completed
GFT-0003251,DNR-01185,CMP-2023-ANN,79.76,2023-07-10,Online,False,Completed
GFT-0003252,DNR-01185,CMP-2024-ANN,237.45,2024-11-23,Online,False,Completed
GFT-0003253,DNR-01185,CMP-2026-ANN,248.51,2026-07-23,Online,False,Completed
GFT-0003254,DNR-01186,CMP-2024-ANN,900.59,2024-12-23,Credit Card,False,Completed
GFT-0003255,DNR-01186,CMP-2025-ANN,2756.62,2025-12-09,Credit Card,False,Completed
GFT-0003256,DNR-01186,CMP-2025-ANN,2415.77,2025-05-21,Credit Card,False,Completed
GFT-0003257,DNR-01186,CMP-2026-ANN,2297.94,2026-07-25,Credit Card,False,Completed
GFT-0003258,DNR-01189,CMP-2024-ANN,204.0,2024-08-22,Online,False,Completed
GFT-0003259,DNR-01189,CMP-2025-ANN,75.36,2025-12-27,Online,False,Completed
GFT-0003260,DNR-01189,CMP-2026-ANN,232.87,2026-03-22,Online,False,Completed
GFT-0003261,DNR-01190,CMP-2023-ANN,102.23,2023-08-14,Online,False,Completed
GFT-0003262,DNR-01191,CMP-2026-ANN,77.51,2026-09-29,Online,False,Completed
GFT-0003263,DNR-01192,CMP-2025-ANN,90.47,2025-09-15,Online,False,Completed
GFT-0003264,DNR-01192,CMP-2026-ANN,101.55,2026-07-13,Online,False,Completed
GFT-0003265,DNR-01193,CMP-2024-ANN,67.34,2024-12-24,Online,False,Completed
GFT-0003266,DNR-01193,CMP-2026-ANN,53.67,2026-09-26,Online,False,Completed
GFT-0003267,DNR-01194,CMP-2025-ANN,110.54,2025-05-08,Online,False,Completed
GFT-0003268,DNR-01195,CMP-2023-ANN,157.76,2023-07-20,Online,False,Completed
GFT-0003269,DNR-01195,CMP-2024-ANN,112.33,2024-11-18,Online,False,Completed
GFT-0003270,DNR-01195,CMP-2025-ANN,198.54,2025-11-09,Online,False,Completed
GFT-0003271,DNR-01196,CMP-2023-ANN,1799.38,2023-08-18,Credit Card,False,Completed
GFT-0003272,DNR-01196,CMP-2024-ANN,1976.94,2024-12-04,Credit Card,False,Completed
GFT-0003273,DNR-01196,CMP-2024-ANN,766.46,2024-01-09,Credit Card,False,Completed
GFT-0003274,DNR-01196,CMP-2024-ANN,522.97,2024-01-07,Credit Card,False,Completed
GFT-0003275,DNR-01196,CMP-2025-ANN,1289.82,2025-11-19,Credit Card,False,Completed
GFT-0003276,DNR-01196,CMP-2025-ANN,2540.37,2025-10-16,Credit Card,False,Completed
GFT-0003277,DNR-01196,CMP-2026-ANN,2593.04,2026-01-29,Credit Card,False,Completed
GFT-0003278,DNR-01196,CMP-2026-ANN,1749.58,2026-01-12,Credit Card,False,Completed
GFT-0003279,DNR-01197,CMP-2025-ANN,20414.23,2025-10-15,Check,True,Completed
GFT-0003280,DNR-01197,CMP-2025-ANN,24338.4,2025-11-08,Check,True,Completed
GFT-0003281,DNR-01197,CMP-2026-ANN,13131.97,2026-05-15,Check,True,Completed
GFT-0003282,DNR-01198,CMP-2025-ANN,1208.48,2025-09-12,Credit Card,False,Completed
GFT-0003283,DNR-01198,CMP-2025-ANN,2367.65,2025-06-30,Credit Card,False,Completed
GFT-0003284,DNR-01198,CMP-2025-ANN,2622.82,2025-08-31,Credit Card,False,Completed
GFT-0003285,DNR-01198,CMP-2026-ANN,585.86,2026-05-21,Credit Card,False,Completed
GFT-0003286,DNR-01198,CMP-2026-ANN,1300.35,2026-07-28,Credit Card,False,Completed
GFT-0003287,DNR-01198,CMP-2026-ANN,1755.94,2026-08-07,Credit Card,False,Completed
GFT-0003288,DNR-01199,CMP-2024-ANN,215.73,2024-11-26,Online,False,Completed
GFT-0003289,DNR-01199,CMP-2025-ANN,166.99,2025-03-28,Online,False,Completed
GFT-0003290,DNR-01199,CMP-2026-ANN,90.59,2026-09-28,Online,False,Completed
GFT-0003291,DNR-01200,CMP-2024-ANN,207.3,2024-10-19,Online,False,Completed
GFT-0003292,DNR-01200,CMP-2025-ANN,186.27,2025-01-26,Online,False,Completed
GFT-0003293,DNR-01201,CMP-2024-ANN,190.54,2024-08-07,Online,False,Completed
GFT-0003294,DNR-01203,CMP-2025-ANN,208.38,2025-09-14,Online,False,Completed
GFT-0003295,DNR-01204,CMP-2023-ANN,29.85,2023-12-25,Online,False,Completed
GFT-0003296,DNR-01204,CMP-2024-ANN,120.05,2024-09-26,Online,False,Completed
GFT-0003297,DNR-01204,CMP-2025-ANN,103.37,2025-05-06,Online,False,Completed
GFT-0003298,DNR-01204,CMP-2026-ANN,41.16,2026-07-24,Online,False,Completed
GFT-0003299,DNR-01205,CMP-2025-ANN,232.69,2025-07-03,Online,False,Completed
GFT-0003300,DNR-01206,CMP-2023-ANN,46.9,2023-11-23,Online,False,Completed
GFT-0003301,DNR-01206,CMP-2024-ANN,203.04,2024-06-28,Online,False,Completed
GFT-0003302,DNR-01206,CMP-2026-ANN,235.28,2026-05-22,Online,False,Completed
GFT-0003303,DNR-01207,CMP-2023-ANN,172.29,2023-04-20,Online,False,Completed
GFT-0003304,DNR-01207,CMP-2024-ANN,124.42,2024-06-26,Online,False,Completed
GFT-0003305,DNR-01207,CMP-2025-ANN,226.87,2025-11-24,Online,False,Completed
GFT-0003306,DNR-01207,CMP-2026-ANN,205.98,2026-03-25,Online,False,Completed
GFT-0003307,DNR-01208,CMP-2023-ANN,171.53,2023-11-17,Online,False,Completed
GFT-0003308,DNR-01208,CMP-2024-ANN,217.63,2024-01-09,Online,False,Completed
GFT-0003309,DNR-01208,CMP-2025-ANN,201.74,2025-10-17,Online,False,Completed
GFT-0003310,DNR-01209,CMP-2025-ANN,246.11,2025-04-27,Online,False,Completed
GFT-0003311,DNR-01210,CMP-2024-ANN,20169.51,2024-08-24,Check,True,Completed
GFT-0003312,DNR-01210,CMP-2025-ANN,14286.82,2025-02-17,Check,True,Completed
GFT-0003313,DNR-01210,CMP-2026-ANN,23009.6,2026-08-12,Check,True,Completed
GFT-0003314,DNR-01211,CMP-2025-ANN,140.97,2025-08-03,Online,False,Completed
GFT-0003315,DNR-01211,CMP-2026-ANN,122.61,2026-08-13,Online,False,Completed
GFT-0003316,DNR-01212,CMP-2025-ANN,187.57,2025-02-11,Online,False,Completed
GFT-0003317,DNR-01212,CMP-2026-ANN,51.73,2026-07-13,Online,False,Completed
GFT-0003318,DNR-01213,CMP-2025-ANN,93.11,2025-08-03,Online,False,Completed
GFT-0003319,DNR-01213,CMP-2026-ANN,63.81,2026-05-19,Online,False,Completed
GFT-0003320,DNR-01215,CMP-2025-ANN,129.33,2025-06-11,Online,False,Completed
GFT-0003321,DNR-01216,CMP-2023-ANN,167.28,2023-11-10,Online,False,Completed
GFT-0003322,DNR-01216,CMP-2024-ANN,27.61,2024-04-30,Online,False,Completed
GFT-0003323,DNR-01216,CMP-2025-ANN,52.46,2025-01-13,Online,False,Completed
GFT-0003324,DNR-01217,CMP-2025-ANN,157.04,2025-04-26,Online,False,Completed
GFT-0003325,DNR-01218,CMP-2024-ANN,181.09,2024-12-19,Online,False,Completed
GFT-0003326,DNR-01218,CMP-2025-ANN,158.4,2025-04-26,Online,False,Completed
GFT-0003327,DNR-01218,CMP-2026-ANN,249.99,2026-08-05,Online,False,Completed
GFT-0003328,DNR-01219,CMP-2024-ANN,53.18,2024-11-03,Online,False,Completed
GFT-0003329,DNR-01219,CMP-2025-ANN,185.6,2025-08-17,Online,False,Completed
GFT-0003330,DNR-01220,CMP-2024-ANN,116.2,2024-11-04,Online,False,Completed
GFT-0003331,DNR-01220,CMP-2026-ANN,208.93,2026-07-13,Online,False,Completed
GFT-0003332,DNR-01221,CMP-2025-ANN,1721.41,2025-09-16,Credit Card,False,Completed
GFT-0003333,DNR-01221,CMP-2025-ANN,1797.25,2025-07-02,Credit Card,False,Completed
GFT-0003334,DNR-01221,CMP-2025-ANN,1961.8,2025-07-19,Credit Card,False,Completed
GFT-0003335,DNR-01221,CMP-2026-ANN,2547.07,2026-03-01,Credit Card,False,Completed
GFT-0003336,DNR-01221,CMP-2026-ANN,2129.25,2026-04-16,Credit Card,False,Completed
GFT-0003337,DNR-01221,CMP-2026-ANN,2383.77,2026-03-15,Credit Card,False,Completed
GFT-0003338,DNR-01222,CMP-2023-ANN,173.18,2023-12-17,Online,False,Completed
GFT-0003339,DNR-01222,CMP-2024-ANN,218.95,2024-06-19,Online,False,Completed
GFT-0003340,DNR-01222,CMP-2026-ANN,125.63,2026-01-23,Online,False,Completed
GFT-0003341,DNR-01223,CMP-2024-ANN,33.81,2024-07-07,Online,False,Completed
GFT-0003342,DNR-01223,CMP-2025-ANN,171.84,2025-10-26,Online,False,Completed
GFT-0003343,DNR-01223,CMP-2026-ANN,82.77,2026-08-15,Online,False,Completed
GFT-0003344,DNR-01224,CMP-2023-ANN,711.53,2023-09-23,Credit Card,False,Completed
GFT-0003345,DNR-01224,CMP-2024-ANN,1765.37,2024-02-24,Credit Card,False,Completed
GFT-0003346,DNR-01224,CMP-2025-ANN,2915.69,2025-04-25,Credit Card,False,Completed
GFT-0003347,DNR-01224,CMP-2025-ANN,929.01,2025-05-31,Credit Card,False,Completed
GFT-0003348,DNR-01224,CMP-2026-ANN,500.21,2026-01-18,Credit Card,False,Completed
GFT-0003349,DNR-01224,CMP-2026-ANN,1251.5,2026-03-16,Credit Card,False,Completed
GFT-0003350,DNR-01224,CMP-2026-ANN,2865.54,2026-08-28,Credit Card,False,Completed
GFT-0003351,DNR-01225,CMP-2023-ANN,201.13,2023-10-14,Online,False,Completed
GFT-0003352,DNR-01225,CMP-2025-ANN,154.84,2025-09-07,Online,False,Completed
GFT-0003353,DNR-01226,CMP-2024-ANN,246.85,2024-12-26,Online,False,Completed
GFT-0003354,DNR-01226,CMP-2025-ANN,146.1,2025-04-06,Online,False,Completed
GFT-0003355,DNR-01226,CMP-2026-ANN,47.28,2026-03-07,Online,False,Completed
GFT-0003356,DNR-01227,CMP-2024-ANN,67.32,2024-04-19,Online,False,Completed
GFT-0003357,DNR-01227,CMP-2025-ANN,212.34,2025-05-04,Online,False,Completed
GFT-0003358,DNR-01228,CMP-2025-ANN,105.79,2025-06-10,Online,False,Completed
GFT-0003359,DNR-01228,CMP-2026-ANN,165.02,2026-02-14,Online,False,Completed
GFT-0003360,DNR-01229,CMP-2024-ANN,11762.29,2024-10-19,Check,True,Completed
GFT-0003361,DNR-01229,CMP-2025-ANN,40270.97,2025-05-11,Check,True,Completed
GFT-0003362,DNR-01229,CMP-2025-ANN,12769.34,2025-06-28,Check,True,Completed
GFT-0003363,DNR-01229,CMP-2025-ANN,13865.1,2025-03-15,Check,True,Completed
GFT-0003364,DNR-01229,CMP-2026-ANN,10455.64,2026-07-27,Check,True,Completed
GFT-0003365,DNR-01229,CMP-2026-ANN,10913.49,2026-01-19,Check,True,Completed
GFT-0003366,DNR-01230,CMP-2025-ANN,171.2,2025-12-15,Online,False,Completed
GFT-0003367,DNR-01230,CMP-2026-ANN,127.62,2026-04-17,Online,False,Completed
GFT-0003368,DNR-01231,CMP-2023-ANN,2191.31,2023-10-20,Credit Card,False,Completed
GFT-0003369,DNR-01231,CMP-2023-ANN,2850.5,2023-12-03,Credit Card,False,Completed
GFT-0003370,DNR-01231,CMP-2024-ANN,1839.76,2024-10-04,Credit Card,False,Completed
GFT-0003371,DNR-01231,CMP-2025-ANN,2073.92,2025-08-03,Credit Card,False,Completed
GFT-0003372,DNR-01231,CMP-2026-ANN,2988.4,2026-03-25,Credit Card,False,Completed
GFT-0003373,DNR-01231,CMP-2026-ANN,2242.01,2026-09-02,Credit Card,False,Completed
GFT-0003374,DNR-01232,CMP-2024-ANN,108.73,2024-07-28,Online,False,Completed
GFT-0003375,DNR-01233,CMP-2024-ANN,59.54,2024-10-25,Online,False,Completed
GFT-0003376,DNR-01233,CMP-2026-ANN,30.83,2026-06-09,Online,False,Completed
GFT-0003377,DNR-01234,CMP-2024-ANN,53.04,2024-04-28,Online,False,Completed
GFT-0003378,DNR-01234,CMP-2025-ANN,148.38,2025-09-02,Online,False,Completed
GFT-0003379,DNR-01234,CMP-2026-ANN,169.04,2026-08-03,Online,False,Completed
GFT-0003380,DNR-01235,CMP-2024-ANN,100.04,2024-12-08,Online,False,Completed
GFT-0003381,DNR-01235,CMP-2025-ANN,220.49,2025-09-02,Online,False,Completed
GFT-0003382,DNR-01235,CMP-2026-ANN,27.22,2026-09-10,Online,False,Completed
GFT-0003383,DNR-01236,CMP-2025-ANN,242.97,2025-11-06,Online,False,Completed
GFT-0003384,DNR-01236,CMP-2026-ANN,48.63,2026-04-27,Online,False,Completed
GFT-0003385,DNR-01237,CMP-2023-ANN,939.33,2023-02-15,Credit Card,False,Completed
GFT-0003386,DNR-01237,CMP-2024-ANN,2688.78,2024-07-07,Credit Card,False,Completed
GFT-0003387,DNR-01237,CMP-2024-ANN,1972.07,2024-08-14,Credit Card,False,Completed
GFT-0003388,DNR-01237,CMP-2024-ANN,2517.0,2024-12-15,Credit Card,False,Completed
GFT-0003389,DNR-01237,CMP-2025-ANN,1822.4,2025-06-21,Credit Card,False,Completed
GFT-0003390,DNR-01237,CMP-2026-ANN,1930.4,2026-05-11,Credit Card,False,Completed
GFT-0003391,DNR-01237,CMP-2026-ANN,1204.99,2026-03-31,Credit Card,False,Completed
GFT-0003392,DNR-01237,CMP-2026-ANN,1177.63,2026-01-01,Credit Card,False,Completed
GFT-0003393,DNR-01238,CMP-2025-ANN,35.79,2025-04-28,Online,False,Completed
GFT-0003394,DNR-01238,CMP-2026-ANN,194.17,2026-09-13,Online,False,Completed
GFT-0003395,DNR-01239,CMP-2023-ANN,1362.93,2023-09-22,Credit Card,False,Completed
GFT-0003396,DNR-01239,CMP-2024-ANN,2194.53,2024-02-13,Credit Card,False,Completed
GFT-0003397,DNR-01239,CMP-2024-ANN,2471.87,2024-05-04,Credit Card,False,Completed
GFT-0003398,DNR-01239,CMP-2024-ANN,1879.18,2024-11-16,Credit Card,False,Completed
GFT-0003399,DNR-01239,CMP-2025-ANN,1692.15,2025-06-13,Credit Card,False,Completed
GFT-0003400,DNR-01239,CMP-2025-ANN,818.93,2025-08-26,Credit Card,False,Completed
GFT-0003401,DNR-01239,CMP-2026-ANN,2216.65,2026-01-02,Credit Card,False,Completed
GFT-0003402,DNR-01240,CMP-2025-ANN,152.7,2025-02-16,Online,False,Completed
GFT-0003403,DNR-01240,CMP-2026-ANN,231.65,2026-06-26,Online,False,Completed
GFT-0003404,DNR-01241,CMP-2023-ANN,2936.25,2023-05-13,Credit Card,False,Completed
GFT-0003405,DNR-01241,CMP-2023-ANN,2268.76,2023-11-08,Credit Card,False,Completed
GFT-0003406,DNR-01241,CMP-2023-ANN,1122.78,2023-11-02,Credit Card,False,Completed
GFT-0003407,DNR-01241,CMP-2024-ANN,1545.61,2024-08-21,Credit Card,False,Completed
GFT-0003408,DNR-01241,CMP-2024-ANN,1644.47,2024-06-05,Credit Card,False,Completed
GFT-0003409,DNR-01241,CMP-2024-ANN,1597.4,2024-05-03,Credit Card,False,Completed
GFT-0003410,DNR-01241,CMP-2025-ANN,2496.17,2025-07-25,Credit Card,False,Completed
GFT-0003411,DNR-01241,CMP-2025-ANN,1755.57,2025-11-26,Credit Card,False,Completed
GFT-0003412,DNR-01241,CMP-2026-ANN,2881.54,2026-04-13,Credit Card,False,Completed
GFT-0003413,DNR-01241,CMP-2026-ANN,1801.49,2026-04-09,Credit Card,False,Completed
GFT-0003414,DNR-01243,CMP-2025-ANN,168.02,2025-06-05,Online,False,Completed
GFT-0003415,DNR-01243,CMP-2026-ANN,93.77,2026-04-11,Online,False,Completed
GFT-0003416,DNR-01244,CMP-2023-ANN,2613.11,2023-04-01,Credit Card,False,Completed
GFT-0003417,DNR-01244,CMP-2023-ANN,2086.69,2023-09-01,Credit Card,False,Completed
GFT-0003418,DNR-01244,CMP-2024-ANN,2324.88,2024-04-03,Credit Card,False,Completed
GFT-0003419,DNR-01244,CMP-2025-ANN,912.78,2025-03-26,Credit Card,False,Completed
GFT-0003420,DNR-01244,CMP-2026-ANN,711.46,2026-03-24,Credit Card,False,Completed
GFT-0003421,DNR-01245,CMP-2024-ANN,234.16,2024-12-06,Online,False,Completed
GFT-0003422,DNR-01245,CMP-2026-ANN,238.39,2026-05-19,Online,False,Completed
GFT-0003423,DNR-01246,CMP-2025-ANN,137.01,2025-12-23,Online,False,Completed
GFT-0003424,DNR-01247,CMP-2024-ANN,53.06,2024-07-26,Online,False,Completed
GFT-0003425,DNR-01247,CMP-2025-ANN,67.79,2025-08-07,Online,False,Completed
GFT-0003426,DNR-01248,CMP-2023-ANN,120.62,2023-08-11,Online,False,Completed
GFT-0003427,DNR-01248,CMP-2024-ANN,102.64,2024-05-09,Online,False,Completed
GFT-0003428,DNR-01249,CMP-2024-ANN,2210.2,2024-05-04,Credit Card,False,Completed
GFT-0003429,DNR-01249,CMP-2024-ANN,605.89,2024-09-12,Credit Card,False,Completed
GFT-0003430,DNR-01249,CMP-2024-ANN,1621.63,2024-09-03,Credit Card,False,Completed
GFT-0003431,DNR-01249,CMP-2025-ANN,2186.31,2025-03-03,Credit Card,False,Completed
GFT-0003432,DNR-01249,CMP-2026-ANN,2759.5,2026-07-06,Credit Card,False,Completed
GFT-0003433,DNR-01249,CMP-2026-ANN,937.04,2026-08-21,Credit Card,False,Completed
GFT-0003434,DNR-01249,CMP-2026-ANN,1417.63,2026-03-13,Credit Card,False,Completed
GFT-0003435,DNR-01250,CMP-2023-ANN,104.49,2023-01-13,Online,False,Completed
GFT-0003436,DNR-01250,CMP-2024-ANN,136.49,2024-04-03,Online,False,Completed
GFT-0003437,DNR-01250,CMP-2025-ANN,243.19,2025-04-04,Online,False,Completed
GFT-0003438,DNR-01250,CMP-2026-ANN,177.79,2026-08-24,Online,False,Completed
GFT-0003439,DNR-01252,CMP-2023-ANN,133.7,2023-11-16,Online,False,Completed
GFT-0003440,DNR-01252,CMP-2024-ANN,25.5,2024-11-13,Online,False,Completed
GFT-0003441,DNR-01252,CMP-2026-ANN,232.69,2026-07-09,Online,False,Completed
GFT-0003442,DNR-01254,CMP-2023-ANN,226.02,2023-12-15,Online,False,Completed
GFT-0003443,DNR-01255,CMP-2023-ANN,26.33,2023-12-20,Online,False,Completed
GFT-0003444,DNR-01255,CMP-2024-ANN,92.13,2024-09-13,Online,False,Completed
GFT-0003445,DNR-01255,CMP-2025-ANN,103.69,2025-12-16,Online,False,Completed
GFT-0003446,DNR-01256,CMP-2024-ANN,26.99,2024-03-11,Online,False,Completed
GFT-0003447,DNR-01256,CMP-2025-ANN,69.45,2025-07-22,Online,False,Completed
GFT-0003448,DNR-01256,CMP-2026-ANN,227.16,2026-06-28,Online,False,Completed
GFT-0003449,DNR-01257,CMP-2025-ANN,230.45,2025-10-03,Online,False,Completed
GFT-0003450,DNR-01257,CMP-2026-ANN,198.13,2026-07-08,Online,False,Completed
GFT-0003451,DNR-01258,CMP-2024-ANN,130.91,2024-08-10,Online,False,Completed
GFT-0003452,DNR-01258,CMP-2025-ANN,107.01,2025-10-29,Online,False,Completed
GFT-0003453,DNR-01259,CMP-2024-ANN,85.63,2024-10-25,Online,False,Completed
GFT-0003454,DNR-01260,CMP-2024-ANN,56.47,2024-11-30,Online,False,Completed
GFT-0003455,DNR-01260,CMP-2026-ANN,223.8,2026-05-20,Online,False,Completed
GFT-0003456,DNR-01261,CMP-2024-ANN,89.1,2024-04-29,Online,False,Completed
GFT-0003457,DNR-01261,CMP-2025-ANN,119.74,2025-09-18,Online,False,Completed
GFT-0003458,DNR-01261,CMP-2026-ANN,32.11,2026-08-24,Online,False,Completed
GFT-0003459,DNR-01263,CMP-2024-ANN,135.04,2024-09-01,Online,False,Completed
GFT-0003460,DNR-01263,CMP-2025-ANN,178.39,2025-01-23,Online,False,Completed
GFT-0003461,DNR-01263,CMP-2026-ANN,194.0,2026-08-27,Online,False,Completed
GFT-0003462,DNR-01264,CMP-2024-ANN,188.35,2024-10-05,Online,False,Completed
GFT-0003463,DNR-01265,CMP-2024-ANN,240.48,2024-07-29,Online,False,Completed
GFT-0003464,DNR-01265,CMP-2026-ANN,102.43,2026-03-15,Online,False,Completed
GFT-0003465,DNR-01266,CMP-2023-ANN,179.0,2023-12-26,Online,False,Completed
GFT-0003466,DNR-01266,CMP-2024-ANN,211.71,2024-10-08,Online,False,Completed
GFT-0003467,DNR-01266,CMP-2025-ANN,159.34,2025-03-23,Online,False,Completed
GFT-0003468,DNR-01266,CMP-2026-ANN,133.04,2026-02-05,Online,False,Completed
GFT-0003469,DNR-01267,CMP-2025-ANN,43.59,2025-08-25,Online,False,Completed
GFT-0003470,DNR-01267,CMP-2026-ANN,163.96,2026-07-07,Online,False,Completed
GFT-0003471,DNR-01268,CMP-2026-ANN,88.26,2026-05-07,Online,False,Completed
GFT-0003472,DNR-01269,CMP-2024-ANN,84.29,2024-10-03,Online,False,Completed
GFT-0003473,DNR-01270,CMP-2023-ANN,131.63,2023-11-04,Online,False,Completed
GFT-0003474,DNR-01270,CMP-2025-ANN,189.35,2025-04-23,Online,False,Completed
GFT-0003475,DNR-01271,CMP-2023-ANN,217.35,2023-12-08,Online,False,Completed
GFT-0003476,DNR-01271,CMP-2025-ANN,52.1,2025-03-05,Online,False,Completed
GFT-0003477,DNR-01271,CMP-2026-ANN,86.62,2026-03-18,Online,False,Completed
GFT-0003478,DNR-01272,CMP-2023-ANN,2822.75,2023-04-11,Credit Card,False,Completed
GFT-0003479,DNR-01272,CMP-2024-ANN,544.15,2024-11-20,Credit Card,False,Completed
GFT-0003480,DNR-01272,CMP-2024-ANN,999.11,2024-10-05,Credit Card,False,Completed
GFT-0003481,DNR-01272,CMP-2025-ANN,1450.88,2025-10-24,Credit Card,False,Completed
GFT-0003482,DNR-01272,CMP-2026-ANN,1266.11,2026-05-26,Credit Card,False,Completed
GFT-0003483,DNR-01272,CMP-2026-ANN,2083.27,2026-01-03,Credit Card,False,Completed
GFT-0003484,DNR-01272,CMP-2026-ANN,1078.57,2026-07-10,Credit Card,False,Completed
GFT-0003485,DNR-01273,CMP-2024-ANN,132.82,2024-10-12,Online,False,Completed
GFT-0003486,DNR-01273,CMP-2025-ANN,169.87,2025-05-20,Online,False,Completed
GFT-0003487,DNR-01273,CMP-2026-ANN,85.58,2026-07-16,Online,False,Completed
GFT-0003488,DNR-01274,CMP-2023-ANN,103.98,2023-08-15,Online,False,Completed
GFT-0003489,DNR-01274,CMP-2024-ANN,96.96,2024-09-14,Online,False,Completed
GFT-0003490,DNR-01274,CMP-2025-ANN,34.2,2025-07-21,Online,False,Completed
GFT-0003491,DNR-01274,CMP-2026-ANN,192.57,2026-06-19,Online,False,Completed
GFT-0003492,DNR-01275,CMP-2023-ANN,131.21,2023-11-11,Online,False,Completed
GFT-0003493,DNR-01275,CMP-2025-ANN,66.59,2025-06-12,Online,False,Completed
GFT-0003494,DNR-01276,CMP-2023-ANN,93.48,2023-06-22,Online,False,Completed
GFT-0003495,DNR-01276,CMP-2024-ANN,28.07,2024-11-20,Online,False,Completed
GFT-0003496,DNR-01276,CMP-2025-ANN,218.94,2025-04-03,Online,False,Completed
GFT-0003497,DNR-01276,CMP-2026-ANN,191.79,2026-06-28,Online,False,Completed
GFT-0003498,DNR-01277,CMP-2024-ANN,200.23,2024-11-19,Online,False,Completed
GFT-0003499,DNR-01277,CMP-2025-ANN,108.61,2025-04-21,Online,False,Completed
GFT-0003500,DNR-01278,CMP-2024-ANN,16557.91,2024-11-25,Check,True,Completed
GFT-0003501,DNR-01278,CMP-2025-ANN,12527.3,2025-02-07,Check,True,Completed
GFT-0003502,DNR-01278,CMP-2025-ANN,31981.3,2025-05-07,Check,True,Completed
GFT-0003503,DNR-01278,CMP-2025-ANN,10111.43,2025-07-18,Check,True,Completed
GFT-0003504,DNR-01278,CMP-2026-ANN,14036.12,2026-02-22,Check,True,Completed
GFT-0003505,DNR-01278,CMP-2026-ANN,13426.71,2026-08-01,Check,True,Completed
GFT-0003506,DNR-01279,CMP-2025-ANN,48.93,2025-10-07,Online,False,Completed
GFT-0003507,DNR-01280,CMP-2024-ANN,242.87,2024-05-03,Online,False,Completed
GFT-0003508,DNR-01281,CMP-2023-ANN,125.3,2023-10-01,Online,False,Completed
GFT-0003509,DNR-01281,CMP-2024-ANN,236.91,2024-10-30,Online,False,Completed
GFT-0003510,DNR-01281,CMP-2026-ANN,131.69,2026-04-20,Online,False,Completed
GFT-0003511,DNR-01282,CMP-2025-ANN,59.58,2025-01-24,Online,False,Completed
GFT-0003512,DNR-01282,CMP-2026-ANN,119.1,2026-05-13,Online,False,Completed
GFT-0003513,DNR-01284,CMP-2025-ANN,103.15,2025-05-17,Online,False,Completed
GFT-0003514,DNR-01284,CMP-2026-ANN,166.72,2026-05-09,Online,False,Completed
GFT-0003515,DNR-01285,CMP-2023-ANN,123.13,2023-01-31,Online,False,Completed
GFT-0003516,DNR-01285,CMP-2024-ANN,142.85,2024-09-25,Online,False,Completed
GFT-0003517,DNR-01286,CMP-2023-ANN,86.68,2023-11-28,Online,False,Completed
GFT-0003518,DNR-01286,CMP-2025-ANN,240.06,2025-03-13,Online,False,Completed
GFT-0003519,DNR-01286,CMP-2026-ANN,243.81,2026-03-21,Online,False,Completed
GFT-0003520,DNR-01287,CMP-2024-ANN,208.27,2024-10-01,Online,False,Completed
GFT-0003521,DNR-01287,CMP-2025-ANN,144.81,2025-12-21,Online,False,Completed
GFT-0003522,DNR-01287,CMP-2026-ANN,41.87,2026-09-04,Online,False,Completed
GFT-0003523,DNR-01288,CMP-2025-ANN,139.59,2025-10-31,Online,False,Completed
GFT-0003524,DNR-01288,CMP-2026-ANN,112.81,2026-08-18,Online,False,Completed
GFT-0003525,DNR-01289,CMP-2024-ANN,25.81,2024-05-24,Online,False,Completed
GFT-0003526,DNR-01289,CMP-2025-ANN,158.23,2025-05-30,Online,False,Completed
GFT-0003527,DNR-01289,CMP-2026-ANN,233.94,2026-07-30,Online,False,Completed
GFT-0003528,DNR-01290,CMP-2025-ANN,138.36,2025-09-12,Online,False,Completed
GFT-0003529,DNR-01291,CMP-2024-ANN,216.81,2024-10-05,Online,False,Completed
GFT-0003530,DNR-01291,CMP-2025-ANN,85.42,2025-09-27,Online,False,Completed
GFT-0003531,DNR-01291,CMP-2026-ANN,75.38,2026-06-29,Online,False,Completed
GFT-0003532,DNR-01292,CMP-2023-ANN,90.66,2023-08-11,Online,False,Completed
GFT-0003533,DNR-01292,CMP-2026-ANN,54.92,2026-05-29,Online,False,Completed
GFT-0003534,DNR-01293,CMP-2025-ANN,245.51,2025-09-18,Online,False,Completed
GFT-0003535,DNR-01294,CMP-2023-ANN,51.14,2023-08-21,Online,False,Completed
GFT-0003536,DNR-01295,CMP-2023-ANN,708.12,2023-06-05,Credit Card,False,Completed
GFT-0003537,DNR-01295,CMP-2023-ANN,2263.65,2023-11-14,Credit Card,False,Completed
GFT-0003538,DNR-01295,CMP-2024-ANN,1160.1,2024-05-22,Credit Card,False,Completed
GFT-0003539,DNR-01295,CMP-2024-ANN,834.03,2024-12-04,Credit Card,False,Completed
GFT-0003540,DNR-01295,CMP-2024-ANN,2745.84,2024-01-28,Credit Card,False,Completed
GFT-0003541,DNR-01295,CMP-2025-ANN,1311.59,2025-02-20,Credit Card,False,Completed
GFT-0003542,DNR-01295,CMP-2025-ANN,643.16,2025-04-23,Credit Card,False,Completed
GFT-0003543,DNR-01295,CMP-2026-ANN,2559.83,2026-06-04,Credit Card,False,Completed
GFT-0003544,DNR-01296,CMP-2023-ANN,242.18,2023-08-16,Online,False,Completed
GFT-0003545,DNR-01296,CMP-2024-ANN,243.61,2024-03-06,Online,False,Completed
GFT-0003546,DNR-01296,CMP-2025-ANN,245.22,2025-04-04,Online,False,Completed
GFT-0003547,DNR-01297,CMP-2024-ANN,192.8,2024-05-26,Online,False,Completed
GFT-0003548,DNR-01297,CMP-2025-ANN,172.11,2025-12-19,Online,False,Completed
GFT-0003549,DNR-01298,CMP-2026-ANN,208.79,2026-09-10,Online,False,Completed
GFT-0003550,DNR-01299,CMP-2023-ANN,85.48,2023-06-03,Online,False,Completed
GFT-0003551,DNR-01299,CMP-2024-ANN,206.74,2024-01-16,Online,False,Completed
GFT-0003552,DNR-01299,CMP-2026-ANN,77.14,2026-07-06,Online,False,Completed
GFT-0003553,DNR-01300,CMP-2024-ANN,227.99,2024-02-07,Online,False,Completed
GFT-0003554,DNR-01300,CMP-2025-ANN,65.84,2025-10-31,Online,False,Completed
GFT-0003555,DNR-01300,CMP-2026-ANN,219.03,2026-01-26,Online,False,Completed
GFT-0003556,DNR-01301,CMP-2023-ANN,135.37,2023-04-17,Online,False,Completed
GFT-0003557,DNR-01301,CMP-2026-ANN,61.66,2026-07-01,Online,False,Completed
GFT-0003558,DNR-01302,CMP-2024-ANN,2543.75,2024-09-19,Credit Card,False,Completed
GFT-0003559,DNR-01302,CMP-2025-ANN,2019.56,2025-08-09,Credit Card,False,Completed
GFT-0003560,DNR-01302,CMP-2025-ANN,673.64,2025-05-01,Credit Card,False,Completed
GFT-0003561,DNR-01302,CMP-2025-ANN,680.12,2025-07-13,Credit Card,False,Completed
GFT-0003562,DNR-01302,CMP-2026-ANN,1637.56,2026-07-08,Credit Card,False,Completed
GFT-0003563,DNR-01303,CMP-2024-ANN,187.97,2024-03-10,Online,False,Completed
GFT-0003564,DNR-01303,CMP-2025-ANN,193.85,2025-04-24,Online,False,Completed
GFT-0003565,DNR-01303,CMP-2026-ANN,47.44,2026-02-11,Online,False,Completed
GFT-0003566,DNR-01304,CMP-2025-ANN,49.76,2025-09-07,Online,False,Completed
GFT-0003567,DNR-01304,CMP-2026-ANN,211.87,2026-09-24,Online,False,Completed
GFT-0003568,DNR-01305,CMP-2025-ANN,198.28,2025-01-10,Online,False,Completed
GFT-0003569,DNR-01305,CMP-2026-ANN,236.18,2026-06-18,Online,False,Completed
GFT-0003570,DNR-01306,CMP-2025-ANN,533.74,2025-10-21,Credit Card,False,Completed
GFT-0003571,DNR-01306,CMP-2025-ANN,2915.9,2025-09-29,Credit Card,False,Completed
GFT-0003572,DNR-01306,CMP-2025-ANN,2894.04,2025-12-06,Credit Card,False,Completed
GFT-0003573,DNR-01306,CMP-2026-ANN,1855.93,2026-03-07,Credit Card,False,Completed
GFT-0003574,DNR-01307,CMP-2026-ANN,56.33,2026-04-03,Online,False,Completed
GFT-0003575,DNR-01308,CMP-2024-ANN,2730.98,2024-04-07,Credit Card,False,Completed
GFT-0003576,DNR-01308,CMP-2024-ANN,2538.66,2024-05-25,Credit Card,False,Completed
GFT-0003577,DNR-01308,CMP-2024-ANN,1268.46,2024-11-07,Credit Card,False,Completed
GFT-0003578,DNR-01308,CMP-2025-ANN,886.28,2025-10-23,Credit Card,False,Completed
GFT-0003579,DNR-01308,CMP-2025-ANN,639.69,2025-02-04,Credit Card,False,Completed
GFT-0003580,DNR-01308,CMP-2026-ANN,1168.64,2026-01-18,Credit Card,False,Completed
GFT-0003581,DNR-01308,CMP-2026-ANN,1859.03,2026-08-27,Credit Card,False,Completed
GFT-0003582,DNR-01308,CMP-2026-ANN,553.02,2026-05-21,Credit Card,False,Completed
GFT-0003583,DNR-01309,CMP-2023-ANN,147.54,2023-04-16,Online,False,Completed
GFT-0003584,DNR-01309,CMP-2024-ANN,224.45,2024-03-06,Online,False,Completed
GFT-0003585,DNR-01309,CMP-2025-ANN,25.27,2025-01-24,Online,False,Completed
GFT-0003586,DNR-01309,CMP-2026-ANN,76.0,2026-01-31,Online,False,Completed
GFT-0003587,DNR-01310,CMP-2023-ANN,868.44,2023-07-24,Credit Card,False,Completed
GFT-0003588,DNR-01310,CMP-2023-ANN,2138.41,2023-01-31,Credit Card,False,Completed
GFT-0003589,DNR-01310,CMP-2024-ANN,2804.23,2024-02-03,Credit Card,False,Completed
GFT-0003590,DNR-01310,CMP-2025-ANN,1461.86,2025-08-06,Credit Card,False,Completed
GFT-0003591,DNR-01310,CMP-2025-ANN,2710.56,2025-01-01,Credit Card,False,Completed
GFT-0003592,DNR-01310,CMP-2025-ANN,2556.96,2025-10-25,Credit Card,False,Completed
GFT-0003593,DNR-01310,CMP-2026-ANN,1729.55,2026-04-29,Credit Card,False,Completed
GFT-0003594,DNR-01311,CMP-2024-ANN,240.2,2024-06-19,Online,False,Completed
GFT-0003595,DNR-01311,CMP-2025-ANN,42.17,2025-06-04,Online,False,Completed
GFT-0003596,DNR-01311,CMP-2026-ANN,106.11,2026-07-01,Online,False,Completed
GFT-0003597,DNR-01312,CMP-2024-ANN,2738.97,2024-03-12,Credit Card,False,Completed
GFT-0003598,DNR-01312,CMP-2025-ANN,877.76,2025-11-11,Credit Card,False,Completed
GFT-0003599,DNR-01312,CMP-2025-ANN,1571.57,2025-03-17,Credit Card,False,Completed
GFT-0003600,DNR-01312,CMP-2025-ANN,1337.11,2025-10-14,Credit Card,False,Completed
GFT-0003601,DNR-01312,CMP-2026-ANN,2198.58,2026-04-17,Credit Card,False,Completed
GFT-0003602,DNR-01313,CMP-2023-ANN,175.14,2023-11-08,Online,False,Completed
GFT-0003603,DNR-01313,CMP-2024-ANN,208.95,2024-04-23,Online,False,Completed
GFT-0003604,DNR-01313,CMP-2025-ANN,48.38,2025-07-19,Online,False,Completed
GFT-0003605,DNR-01314,CMP-2024-ANN,1422.78,2024-11-18,Credit Card,False,Completed
GFT-0003606,DNR-01314,CMP-2024-ANN,1163.5,2024-12-22,Credit Card,False,Completed
GFT-0003607,DNR-01314,CMP-2024-ANN,2767.46,2024-11-16,Credit Card,False,Completed
GFT-0003608,DNR-01314,CMP-2025-ANN,2472.14,2025-04-27,Credit Card,False,Completed
GFT-0003609,DNR-01314,CMP-2026-ANN,2444.46,2026-01-03,Credit Card,False,Completed
GFT-0003610,DNR-01315,CMP-2025-ANN,58.25,2025-09-17,Online,False,Completed
GFT-0003611,DNR-01315,CMP-2026-ANN,204.29,2026-04-09,Online,False,Completed
GFT-0003612,DNR-01316,CMP-2025-ANN,121.18,2025-03-29,Online,False,Completed
GFT-0003613,DNR-01317,CMP-2025-ANN,97.69,2025-11-29,Online,False,Completed
GFT-0003614,DNR-01317,CMP-2026-ANN,197.7,2026-07-23,Online,False,Completed
GFT-0003615,DNR-01318,CMP-2023-ANN,136.2,2023-12-20,Online,False,Completed
GFT-0003616,DNR-01318,CMP-2024-ANN,243.89,2024-10-22,Online,False,Completed
GFT-0003617,DNR-01319,CMP-2025-ANN,148.6,2025-02-01,Online,False,Completed
GFT-0003618,DNR-01319,CMP-2026-ANN,135.84,2026-01-28,Online,False,Completed
GFT-0003619,DNR-01320,CMP-2024-ANN,76.78,2024-05-14,Online,False,Completed
GFT-0003620,DNR-01320,CMP-2025-ANN,185.86,2025-04-19,Online,False,Completed
GFT-0003621,DNR-01320,CMP-2026-ANN,199.73,2026-04-20,Online,False,Completed
GFT-0003622,DNR-01321,CMP-2024-ANN,44.63,2024-04-28,Online,False,Completed
GFT-0003623,DNR-01321,CMP-2025-ANN,70.74,2025-11-05,Online,False,Completed
GFT-0003624,DNR-01322,CMP-2025-ANN,131.63,2025-06-28,Online,False,Completed
GFT-0003625,DNR-01322,CMP-2026-ANN,49.79,2026-06-07,Online,False,Completed
GFT-0003626,DNR-01323,CMP-2024-ANN,1402.15,2024-11-07,Credit Card,False,Completed
GFT-0003627,DNR-01323,CMP-2024-ANN,2623.32,2024-09-20,Credit Card,False,Completed
GFT-0003628,DNR-01323,CMP-2025-ANN,1236.74,2025-07-26,Credit Card,False,Completed
GFT-0003629,DNR-01323,CMP-2026-ANN,2588.13,2026-08-20,Credit Card,False,Completed
GFT-0003630,DNR-01324,CMP-2023-ANN,234.55,2023-12-24,Online,False,Completed
GFT-0003631,DNR-01324,CMP-2024-ANN,72.42,2024-01-16,Online,False,Completed
GFT-0003632,DNR-01324,CMP-2025-ANN,193.07,2025-02-04,Online,False,Completed
GFT-0003633,DNR-01324,CMP-2026-ANN,181.55,2026-08-07,Online,False,Completed
GFT-0003634,DNR-01325,CMP-2023-ANN,10147.09,2023-01-01,Check,True,Completed
GFT-0003635,DNR-01325,CMP-2024-ANN,11029.89,2024-06-04,Check,True,Completed
GFT-0003636,DNR-01325,CMP-2024-ANN,14588.9,2024-08-26,Check,True,Completed
GFT-0003637,DNR-01325,CMP-2025-ANN,16063.44,2025-02-15,Check,True,Completed
GFT-0003638,DNR-01325,CMP-2025-ANN,14434.52,2025-07-19,Check,True,Completed
GFT-0003639,DNR-01325,CMP-2025-ANN,16901.61,2025-03-09,Check,True,Completed
GFT-0003640,DNR-01325,CMP-2026-ANN,18574.06,2026-01-19,Check,True,Completed
GFT-0003641,DNR-01326,CMP-2024-ANN,37.17,2024-04-06,Online,False,Completed
GFT-0003642,DNR-01326,CMP-2025-ANN,155.86,2025-11-30,Online,False,Completed
GFT-0003643,DNR-01326,CMP-2026-ANN,158.63,2026-03-31,Online,False,Completed
GFT-0003644,DNR-01327,CMP-2023-ANN,58.05,2023-05-14,Online,False,Completed
GFT-0003645,DNR-01327,CMP-2024-ANN,80.14,2024-10-18,Online,False,Completed
GFT-0003646,DNR-01327,CMP-2025-ANN,211.99,2025-11-08,Online,False,Completed
GFT-0003647,DNR-01327,CMP-2026-ANN,197.22,2026-08-02,Online,False,Completed
GFT-0003648,DNR-01328,CMP-2023-ANN,56.53,2023-11-29,Online,False,Completed
GFT-0003649,DNR-01328,CMP-2024-ANN,238.47,2024-08-11,Online,False,Completed
GFT-0003650,DNR-01328,CMP-2025-ANN,187.58,2025-07-06,Online,False,Completed
GFT-0003651,DNR-01328,CMP-2026-ANN,170.09,2026-08-07,Online,False,Completed
GFT-0003652,DNR-01329,CMP-2024-ANN,50.03,2024-12-21,Online,False,Completed
GFT-0003653,DNR-01329,CMP-2025-ANN,169.55,2025-06-07,Online,False,Completed
GFT-0003654,DNR-01330,CMP-2025-ANN,61.08,2025-07-08,Online,False,Completed
GFT-0003655,DNR-01330,CMP-2026-ANN,120.31,2026-04-25,Online,False,Completed
GFT-0003656,DNR-01331,CMP-2026-ANN,185.07,2026-08-20,Online,False,Completed
GFT-0003657,DNR-01332,CMP-2023-ANN,153.71,2023-04-19,Online,False,Completed
GFT-0003658,DNR-01332,CMP-2024-ANN,76.15,2024-08-30,Online,False,Completed
GFT-0003659,DNR-01332,CMP-2026-ANN,45.69,2026-07-15,Online,False,Completed
GFT-0003660,DNR-01333,CMP-2023-ANN,238.99,2023-12-24,Online,False,Completed
GFT-0003661,DNR-01333,CMP-2025-ANN,37.6,2025-07-03,Online,False,Completed
GFT-0003662,DNR-01333,CMP-2026-ANN,210.06,2026-02-01,Online,False,Completed
GFT-0003663,DNR-01334,CMP-2024-ANN,10074.99,2024-11-11,Check,True,Completed
GFT-0003664,DNR-01334,CMP-2024-ANN,15490.26,2024-12-18,Check,True,Completed
GFT-0003665,DNR-01334,CMP-2024-ANN,73512.77,2024-09-07,Check,True,Completed
GFT-0003666,DNR-01334,CMP-2025-ANN,16628.84,2025-02-17,Check,True,Completed
GFT-0003667,DNR-01334,CMP-2025-ANN,21415.26,2025-05-29,Check,True,Completed
GFT-0003668,DNR-01334,CMP-2025-ANN,13082.32,2025-06-11,Check,True,Completed
GFT-0003669,DNR-01334,CMP-2026-ANN,26552.14,2026-02-22,Check,True,Completed
GFT-0003670,DNR-01335,CMP-2023-ANN,26477.72,2023-02-20,Check,True,Completed
GFT-0003671,DNR-01335,CMP-2023-ANN,16679.92,2023-01-10,Check,True,Completed
GFT-0003672,DNR-01335,CMP-2023-ANN,91852.48,2023-10-24,Check,True,Completed
GFT-0003673,DNR-01335,CMP-2024-ANN,11040.72,2024-10-10,Check,True,Completed
GFT-0003674,DNR-01335,CMP-2024-ANN,10128.75,2024-04-09,Check,True,Completed
GFT-0003675,DNR-01335,CMP-2025-ANN,26287.93,2025-11-10,Check,True,Completed
GFT-0003676,DNR-01335,CMP-2025-ANN,29157.63,2025-07-29,Check,True,Completed
GFT-0003677,DNR-01335,CMP-2026-ANN,10991.94,2026-02-09,Check,True,Completed
GFT-0003678,DNR-01335,CMP-2026-ANN,12503.3,2026-06-15,Check,True,Completed
GFT-0003679,DNR-01336,CMP-2024-ANN,110.61,2024-02-20,Online,False,Completed
GFT-0003680,DNR-01336,CMP-2025-ANN,108.58,2025-01-28,Online,False,Completed
GFT-0003681,DNR-01336,CMP-2026-ANN,85.73,2026-06-17,Online,False,Completed
GFT-0003682,DNR-01337,CMP-2023-ANN,106.61,2023-09-05,Online,False,Completed
GFT-0003683,DNR-01337,CMP-2025-ANN,78.89,2025-06-11,Online,False,Completed
GFT-0003684,DNR-01337,CMP-2026-ANN,48.95,2026-09-18,Online,False,Completed
GFT-0003685,DNR-01338,CMP-2025-ANN,27.47,2025-09-19,Online,False,Completed
GFT-0003686,DNR-01339,CMP-2025-ANN,70.39,2025-11-27,Online,False,Completed
GFT-0003687,DNR-01340,CMP-2024-ANN,44.13,2024-11-11,Online,False,Completed
GFT-0003688,DNR-01340,CMP-2025-ANN,35.1,2025-06-05,Online,False,Completed
GFT-0003689,DNR-01341,CMP-2024-ANN,35.81,2024-09-07,Online,False,Completed
GFT-0003690,DNR-01341,CMP-2025-ANN,94.44,2025-07-15,Online,False,Completed
GFT-0003691,DNR-01342,CMP-2026-ANN,95.76,2026-02-16,Online,False,Completed
GFT-0003692,DNR-01343,CMP-2024-ANN,2314.22,2024-09-04,Credit Card,False,Completed
GFT-0003693,DNR-01343,CMP-2024-ANN,2934.63,2024-10-18,Credit Card,False,Completed
GFT-0003694,DNR-01343,CMP-2025-ANN,2186.72,2025-07-01,Credit Card,False,Completed
GFT-0003695,DNR-01343,CMP-2025-ANN,1328.3,2025-02-18,Credit Card,False,Completed
GFT-0003696,DNR-01343,CMP-2025-ANN,2741.28,2025-02-12,Credit Card,False,Completed
GFT-0003697,DNR-01343,CMP-2026-ANN,752.51,2026-02-07,Credit Card,False,Completed
GFT-0003698,DNR-01343,CMP-2026-ANN,2518.74,2026-01-06,Credit Card,False,Completed
GFT-0003699,DNR-01343,CMP-2026-ANN,875.47,2026-05-20,Credit Card,False,Completed
GFT-0003700,DNR-01344,CMP-2024-ANN,110.98,2024-10-17,Online,False,Completed
GFT-0003701,DNR-01344,CMP-2025-ANN,216.71,2025-08-11,Online,False,Completed
GFT-0003702,DNR-01344,CMP-2026-ANN,59.1,2026-02-22,Online,False,Completed
GFT-0003703,DNR-01345,CMP-2023-ANN,224.17,2023-11-21,Online,False,Completed
GFT-0003704,DNR-01345,CMP-2024-ANN,186.65,2024-12-17,Online,False,Completed
GFT-0003705,DNR-01347,CMP-2025-ANN,241.83,2025-11-18,Online,False,Completed
GFT-0003706,DNR-01347,CMP-2026-ANN,188.96,2026-09-07,Online,False,Completed
GFT-0003707,DNR-01349,CMP-2024-ANN,10133.4,2024-09-02,Check,True,Completed
GFT-0003708,DNR-01349,CMP-2024-ANN,12843.35,2024-12-13,Check,True,Completed
GFT-0003709,DNR-01349,CMP-2025-ANN,26493.0,2025-10-09,Check,True,Completed
GFT-0003710,DNR-01349,CMP-2025-ANN,16604.79,2025-12-10,Check,True,Completed
GFT-0003711,DNR-01349,CMP-2026-ANN,13578.01,2026-07-04,Check,True,Completed
GFT-0003712,DNR-01350,CMP-2023-ANN,106.07,2023-05-13,Online,False,Completed
GFT-0003713,DNR-01350,CMP-2025-ANN,225.4,2025-05-07,Online,False,Completed
GFT-0003714,DNR-01351,CMP-2024-ANN,1097.78,2024-09-06,Credit Card,False,Completed
GFT-0003715,DNR-01351,CMP-2024-ANN,2992.52,2024-12-25,Credit Card,False,Completed
GFT-0003716,DNR-01351,CMP-2025-ANN,687.5,2025-01-29,Credit Card,False,Completed
GFT-0003717,DNR-01351,CMP-2025-ANN,881.0,2025-07-21,Credit Card,False,Completed
GFT-0003718,DNR-01351,CMP-2025-ANN,2069.47,2025-09-29,Credit Card,False,Completed
GFT-0003719,DNR-01351,CMP-2026-ANN,743.52,2026-07-16,Credit Card,False,Completed
GFT-0003720,DNR-01351,CMP-2026-ANN,537.35,2026-09-23,Credit Card,False,Completed
GFT-0003721,DNR-01352,CMP-2026-ANN,220.2,2026-05-20,Online,False,Completed
GFT-0003722,DNR-01353,CMP-2025-ANN,127.33,2025-12-09,Online,False,Completed
GFT-0003723,DNR-01353,CMP-2026-ANN,91.51,2026-01-11,Online,False,Completed
GFT-0003724,DNR-01354,CMP-2023-ANN,154.72,2023-12-20,Online,False,Completed
GFT-0003725,DNR-01354,CMP-2024-ANN,41.01,2024-11-05,Online,False,Completed
GFT-0003726,DNR-01354,CMP-2026-ANN,246.88,2026-01-02,Online,False,Completed
GFT-0003727,DNR-01355,CMP-2025-ANN,232.94,2025-12-18,Online,False,Completed
GFT-0003728,DNR-01356,CMP-2023-ANN,1720.65,2023-09-04,Credit Card,False,Completed
GFT-0003729,DNR-01356,CMP-2023-ANN,1408.68,2023-09-09,Credit Card,False,Completed
GFT-0003730,DNR-01356,CMP-2023-ANN,1216.56,2023-11-11,Credit Card,False,Completed
GFT-0003731,DNR-01356,CMP-2024-ANN,2642.5,2024-07-07,Credit Card,False,Completed
GFT-0003732,DNR-01356,CMP-2024-ANN,2792.85,2024-01-29,Credit Card,False,Completed
GFT-0003733,DNR-01356,CMP-2025-ANN,1602.07,2025-09-10,Credit Card,False,Completed
GFT-0003734,DNR-01356,CMP-2026-ANN,2612.09,2026-02-24,Credit Card,False,Completed
GFT-0003735,DNR-01356,CMP-2026-ANN,2880.11,2026-08-12,Credit Card,False,Completed
GFT-0003736,DNR-01356,CMP-2026-ANN,1434.21,2026-09-03,Credit Card,False,Completed
GFT-0003737,DNR-01357,CMP-2024-ANN,1532.99,2024-05-29,Credit Card,False,Completed
GFT-0003738,DNR-01357,CMP-2024-ANN,1625.23,2024-06-06,Credit Card,False,Completed
GFT-0003739,DNR-01357,CMP-2024-ANN,2693.52,2024-04-03,Credit Card,False,Completed
GFT-0003740,DNR-01357,CMP-2025-ANN,606.69,2025-05-10,Credit Card,False,Completed
GFT-0003741,DNR-01357,CMP-2025-ANN,2943.58,2025-04-05,Credit Card,False,Completed
GFT-0003742,DNR-01357,CMP-2025-ANN,642.65,2025-03-09,Credit Card,False,Completed
GFT-0003743,DNR-01357,CMP-2026-ANN,2249.36,2026-07-20,Credit Card,False,Completed
GFT-0003744,DNR-01358,CMP-2023-ANN,59.78,2023-02-08,Online,False,Completed
GFT-0003745,DNR-01358,CMP-2024-ANN,109.56,2024-11-25,Online,False,Completed
GFT-0003746,DNR-01358,CMP-2025-ANN,217.11,2025-05-05,Online,False,Completed
GFT-0003747,DNR-01358,CMP-2026-ANN,221.69,2026-06-06,Online,False,Completed
GFT-0003748,DNR-01359,CMP-2024-ANN,130.41,2024-08-12,Online,False,Completed
GFT-0003749,DNR-01359,CMP-2025-ANN,209.12,2025-09-24,Online,False,Completed
GFT-0003750,DNR-01359,CMP-2026-ANN,65.56,2026-06-25,Online,False,Completed
GFT-0003751,DNR-01360,CMP-2023-ANN,240.9,2023-05-04,Online,False,Completed
GFT-0003752,DNR-01360,CMP-2024-ANN,122.45,2024-01-30,Online,False,Completed
GFT-0003753,DNR-01360,CMP-2025-ANN,39.51,2025-09-04,Online,False,Completed
GFT-0003754,DNR-01360,CMP-2026-ANN,160.98,2026-06-11,Online,False,Completed
GFT-0003755,DNR-01361,CMP-2023-ANN,2255.73,2023-12-16,Credit Card,False,Completed
GFT-0003756,DNR-01361,CMP-2024-ANN,785.82,2024-08-03,Credit Card,False,Completed
GFT-0003757,DNR-01361,CMP-2024-ANN,1636.45,2024-10-31,Credit Card,False,Completed
GFT-0003758,DNR-01361,CMP-2025-ANN,889.35,2025-12-25,Credit Card,False,Completed
GFT-0003759,DNR-01361,CMP-2025-ANN,1674.92,2025-08-13,Credit Card,False,Completed
GFT-0003760,DNR-01361,CMP-2025-ANN,2100.54,2025-08-26,Credit Card,False,Completed
GFT-0003761,DNR-01361,CMP-2026-ANN,1920.52,2026-06-13,Credit Card,False,Completed
GFT-0003762,DNR-01361,CMP-2026-ANN,2969.53,2026-01-19,Credit Card,False,Completed
GFT-0003763,DNR-01362,CMP-2024-ANN,206.92,2024-05-17,Online,False,Completed
GFT-0003764,DNR-01363,CMP-2024-ANN,72.59,2024-07-14,Online,False,Completed
GFT-0003765,DNR-01363,CMP-2025-ANN,195.69,2025-08-21,Online,False,Completed
GFT-0003766,DNR-01363,CMP-2026-ANN,81.72,2026-03-28,Online,False,Completed
GFT-0003767,DNR-01364,CMP-2023-ANN,56.89,2023-11-14,Online,False,Completed
GFT-0003768,DNR-01364,CMP-2024-ANN,43.38,2024-02-16,Online,False,Completed
GFT-0003769,DNR-01364,CMP-2026-ANN,119.44,2026-09-05,Online,False,Completed
GFT-0003770,DNR-01365,CMP-2024-ANN,225.94,2024-12-15,Online,False,Completed
GFT-0003771,DNR-01365,CMP-2025-ANN,37.09,2025-12-20,Online,False,Completed
GFT-0003772,DNR-01366,CMP-2024-ANN,241.76,2024-09-06,Online,False,Completed
GFT-0003773,DNR-01366,CMP-2025-ANN,69.69,2025-08-18,Online,False,Completed
GFT-0003774,DNR-01367,CMP-2023-ANN,145.49,2023-10-29,Online,False,Completed
GFT-0003775,DNR-01367,CMP-2026-ANN,230.33,2026-01-07,Online,False,Completed
GFT-0003776,DNR-01368,CMP-2023-ANN,1472.84,2023-07-25,Credit Card,False,Completed
GFT-0003777,DNR-01368,CMP-2023-ANN,524.83,2023-01-10,Credit Card,False,Completed
GFT-0003778,DNR-01368,CMP-2023-ANN,2457.68,2023-11-14,Credit Card,False,Completed
GFT-0003779,DNR-01368,CMP-2024-ANN,996.4,2024-01-27,Credit Card,False,Completed
GFT-0003780,DNR-01368,CMP-2024-ANN,2306.81,2024-10-25,Credit Card,False,Completed
GFT-0003781,DNR-01368,CMP-2024-ANN,1946.22,2024-01-05,Credit Card,False,Completed
GFT-0003782,DNR-01368,CMP-2025-ANN,1309.33,2025-10-01,Credit Card,False,Completed
GFT-0003783,DNR-01368,CMP-2026-ANN,2357.09,2026-04-03,Credit Card,False,Completed
GFT-0003784,DNR-01368,CMP-2026-ANN,2341.8,2026-09-25,Credit Card,False,Completed
GFT-0003785,DNR-01368,CMP-2026-ANN,1291.29,2026-06-29,Credit Card,False,Completed
GFT-0003786,DNR-01369,CMP-2024-ANN,128.2,2024-12-25,Online,False,Completed
GFT-0003787,DNR-01369,CMP-2025-ANN,219.47,2025-05-31,Online,False,Completed
GFT-0003788,DNR-01369,CMP-2026-ANN,243.24,2026-06-19,Online,False,Completed
GFT-0003789,DNR-01370,CMP-2023-ANN,142.16,2023-06-09,Online,False,Completed
GFT-0003790,DNR-01370,CMP-2024-ANN,126.38,2024-08-08,Online,False,Completed
GFT-0003791,DNR-01370,CMP-2026-ANN,126.1,2026-04-09,Online,False,Completed
GFT-0003792,DNR-01371,CMP-2023-ANN,13924.36,2023-11-01,Check,True,Completed
GFT-0003793,DNR-01371,CMP-2023-ANN,10010.16,2023-03-12,Check,True,Completed
GFT-0003794,DNR-01371,CMP-2023-ANN,12925.88,2023-04-07,Check,True,Completed
GFT-0003795,DNR-01371,CMP-2024-ANN,20227.33,2024-08-08,Check,True,Completed
GFT-0003796,DNR-01371,CMP-2025-ANN,88375.87,2025-03-16,Check,True,Completed
GFT-0003797,DNR-01371,CMP-2026-ANN,33355.87,2026-01-16,Check,True,Completed
GFT-0003798,DNR-01372,CMP-2024-ANN,181.7,2024-11-03,Online,False,Completed
GFT-0003799,DNR-01373,CMP-2024-ANN,1370.21,2024-10-09,Credit Card,False,Completed
GFT-0003800,DNR-01373,CMP-2025-ANN,2929.36,2025-12-08,Credit Card,False,Completed
GFT-0003801,DNR-01373,CMP-2026-ANN,2887.76,2026-04-12,Credit Card,False,Completed
GFT-0003802,DNR-01373,CMP-2026-ANN,1425.64,2026-04-02,Credit Card,False,Completed
GFT-0003803,DNR-01373,CMP-2026-ANN,1409.49,2026-08-07,Credit Card,False,Completed
GFT-0003804,DNR-01374,CMP-2023-ANN,94.07,2023-12-25,Online,False,Completed
GFT-0003805,DNR-01374,CMP-2025-ANN,137.3,2025-10-13,Online,False,Completed
GFT-0003806,DNR-01375,CMP-2023-ANN,104.14,2023-05-10,Online,False,Completed
GFT-0003807,DNR-01375,CMP-2025-ANN,244.17,2025-03-06,Online,False,Completed
GFT-0003808,DNR-01375,CMP-2026-ANN,233.43,2026-07-29,Online,False,Completed
GFT-0003809,DNR-01376,CMP-2023-ANN,1570.96,2023-12-15,Credit Card,False,Completed
GFT-0003810,DNR-01376,CMP-2023-ANN,942.24,2023-09-26,Credit Card,False,Completed
GFT-0003811,DNR-01376,CMP-2024-ANN,906.64,2024-12-01,Credit Card,False,Completed
GFT-0003812,DNR-01376,CMP-2024-ANN,1589.69,2024-09-02,Credit Card,False,Completed
GFT-0003813,DNR-01376,CMP-2024-ANN,1212.57,2024-12-27,Credit Card,False,Completed
GFT-0003814,DNR-01376,CMP-2025-ANN,2221.38,2025-07-17,Credit Card,False,Completed
GFT-0003815,DNR-01376,CMP-2025-ANN,1593.73,2025-11-06,Credit Card,False,Completed
GFT-0003816,DNR-01376,CMP-2025-ANN,1208.12,2025-08-22,Credit Card,False,Completed
GFT-0003817,DNR-01376,CMP-2026-ANN,2844.75,2026-07-07,Credit Card,False,Completed
GFT-0003818,DNR-01376,CMP-2026-ANN,2764.71,2026-09-21,Credit Card,False,Completed
GFT-0003819,DNR-01376,CMP-2026-ANN,748.06,2026-01-05,Credit Card,False,Completed
GFT-0003820,DNR-01377,CMP-2023-ANN,213.38,2023-10-16,Online,False,Completed
GFT-0003821,DNR-01377,CMP-2024-ANN,28.7,2024-12-25,Online,False,Completed
GFT-0003822,DNR-01377,CMP-2026-ANN,193.74,2026-05-15,Online,False,Completed
GFT-0003823,DNR-01378,CMP-2026-ANN,167.54,2026-03-14,Online,False,Completed
GFT-0003824,DNR-01379,CMP-2024-ANN,206.32,2024-05-21,Online,False,Completed
GFT-0003825,DNR-01380,CMP-2023-ANN,199.8,2023-11-20,Online,False,Completed
GFT-0003826,DNR-01380,CMP-2024-ANN,50.76,2024-04-29,Online,False,Completed
GFT-0003827,DNR-01381,CMP-2023-ANN,203.59,2023-05-17,Online,False,Completed
GFT-0003828,DNR-01381,CMP-2024-ANN,229.3,2024-12-24,Online,False,Completed
GFT-0003829,DNR-01382,CMP-2024-ANN,236.41,2024-12-23,Online,False,Completed
GFT-0003830,DNR-01382,CMP-2026-ANN,85.21,2026-06-05,Online,False,Completed
GFT-0003831,DNR-01383,CMP-2023-ANN,1161.25,2023-05-12,Credit Card,False,Completed
GFT-0003832,DNR-01383,CMP-2023-ANN,2596.21,2023-10-06,Credit Card,False,Completed
GFT-0003833,DNR-01383,CMP-2023-ANN,2487.85,2023-03-21,Credit Card,False,Completed
GFT-0003834,DNR-01383,CMP-2024-ANN,2183.25,2024-04-30,Credit Card,False,Completed
GFT-0003835,DNR-01383,CMP-2024-ANN,510.39,2024-10-03,Credit Card,False,Completed
GFT-0003836,DNR-01383,CMP-2025-ANN,581.69,2025-11-19,Credit Card,False,Completed
GFT-0003837,DNR-01383,CMP-2025-ANN,565.62,2025-10-01,Credit Card,False,Completed
GFT-0003838,DNR-01383,CMP-2026-ANN,2601.92,2026-07-02,Credit Card,False,Completed
GFT-0003839,DNR-01383,CMP-2026-ANN,1797.41,2026-08-01,Credit Card,False,Completed
GFT-0003840,DNR-01384,CMP-2025-ANN,63.34,2025-02-06,Online,False,Completed
GFT-0003841,DNR-01384,CMP-2026-ANN,121.75,2026-09-05,Online,False,Completed
GFT-0003842,DNR-01385,CMP-2023-ANN,113.06,2023-07-24,Online,False,Completed
GFT-0003843,DNR-01385,CMP-2025-ANN,36.61,2025-05-14,Online,False,Completed
GFT-0003844,DNR-01386,CMP-2023-ANN,236.36,2023-10-07,Online,False,Completed
GFT-0003845,DNR-01386,CMP-2024-ANN,188.83,2024-08-14,Online,False,Completed
GFT-0003846,DNR-01386,CMP-2025-ANN,96.58,2025-03-26,Online,False,Completed
GFT-0003847,DNR-01386,CMP-2026-ANN,76.97,2026-06-25,Online,False,Completed
GFT-0003848,DNR-01387,CMP-2026-ANN,51.63,2026-06-07,Online,False,Completed
GFT-0003849,DNR-01388,CMP-2024-ANN,113.2,2024-12-21,Online,False,Completed
GFT-0003850,DNR-01389,CMP-2024-ANN,897.63,2024-11-15,Credit Card,False,Completed
GFT-0003851,DNR-01389,CMP-2024-ANN,1306.01,2024-08-12,Credit Card,False,Completed
GFT-0003852,DNR-01389,CMP-2024-ANN,733.14,2024-08-21,Credit Card,False,Completed
GFT-0003853,DNR-01389,CMP-2025-ANN,1593.55,2025-01-10,Credit Card,False,Completed
GFT-0003854,DNR-01389,CMP-2026-ANN,2425.08,2026-08-24,Credit Card,False,Completed
GFT-0003855,DNR-01389,CMP-2026-ANN,882.62,2026-09-25,Credit Card,False,Completed
GFT-0003856,DNR-01389,CMP-2026-ANN,2045.25,2026-02-12,Credit Card,False,Completed
GFT-0003857,DNR-01390,CMP-2025-ANN,243.79,2025-12-23,Online,False,Completed
GFT-0003858,DNR-01390,CMP-2026-ANN,30.69,2026-09-06,Online,False,Completed
GFT-0003859,DNR-01392,CMP-2025-ANN,171.82,2025-05-23,Online,False,Completed
GFT-0003860,DNR-01392,CMP-2026-ANN,68.61,2026-05-18,Online,False,Completed
GFT-0003861,DNR-01393,CMP-2026-ANN,83.61,2026-09-23,Online,False,Completed
GFT-0003862,DNR-01394,CMP-2025-ANN,43.67,2025-08-28,Online,False,Completed
GFT-0003863,DNR-01394,CMP-2026-ANN,30.21,2026-07-14,Online,False,Completed
GFT-0003864,DNR-01395,CMP-2026-ANN,233.62,2026-03-13,Online,False,Completed
GFT-0003865,DNR-01396,CMP-2023-ANN,767.69,2023-12-26,Credit Card,False,Completed
GFT-0003866,DNR-01396,CMP-2024-ANN,1154.99,2024-08-07,Credit Card,False,Completed
GFT-0003867,DNR-01396,CMP-2024-ANN,951.57,2024-02-22,Credit Card,False,Completed
GFT-0003868,DNR-01396,CMP-2025-ANN,1735.61,2025-01-06,Credit Card,False,Completed
GFT-0003869,DNR-01396,CMP-2026-ANN,2781.8,2026-09-29,Credit Card,False,Completed
GFT-0003870,DNR-01396,CMP-2026-ANN,1019.93,2026-05-21,Credit Card,False,Completed
GFT-0003871,DNR-01397,CMP-2023-ANN,203.97,2023-09-11,Online,False,Completed
GFT-0003872,DNR-01397,CMP-2024-ANN,134.47,2024-07-31,Online,False,Completed
GFT-0003873,DNR-01397,CMP-2026-ANN,119.48,2026-02-08,Online,False,Completed
GFT-0003874,DNR-01398,CMP-2026-ANN,61.25,2026-07-30,Online,False,Completed
GFT-0003875,DNR-01399,CMP-2023-ANN,228.32,2023-10-12,Online,False,Completed
GFT-0003876,DNR-01400,CMP-2025-ANN,102.13,2025-11-17,Online,False,Completed
GFT-0003877,DNR-01400,CMP-2026-ANN,248.86,2026-03-30,Online,False,Completed
GFT-0003878,DNR-01401,CMP-2025-ANN,26.13,2025-11-08,Online,False,Completed
GFT-0003879,DNR-01401,CMP-2026-ANN,82.26,2026-02-24,Online,False,Completed
GFT-0003880,DNR-01402,CMP-2023-ANN,161.37,2023-10-23,Online,False,Completed
GFT-0003881,DNR-01402,CMP-2024-ANN,141.55,2024-12-13,Online,False,Completed
GFT-0003882,DNR-01402,CMP-2026-ANN,107.1,2026-01-13,Online,False,Completed
GFT-0003883,DNR-01403,CMP-2024-ANN,56.18,2024-06-22,Online,False,Completed
GFT-0003884,DNR-01403,CMP-2025-ANN,180.61,2025-03-19,Online,False,Completed
GFT-0003885,DNR-01403,CMP-2026-ANN,86.57,2026-05-09,Online,False,Completed
GFT-0003886,DNR-01404,CMP-2023-ANN,45.69,2023-11-16,Online,False,Completed
GFT-0003887,DNR-01404,CMP-2026-ANN,207.03,2026-02-11,Online,False,Completed
GFT-0003888,DNR-01405,CMP-2023-ANN,237.93,2023-07-04,Online,False,Completed
GFT-0003889,DNR-01405,CMP-2025-ANN,69.52,2025-07-19,Online,False,Completed
GFT-0003890,DNR-01406,CMP-2025-ANN,203.46,2025-07-20,Online,False,Completed
GFT-0003891,DNR-01406,CMP-2026-ANN,62.27,2026-06-04,Online,False,Completed
GFT-0003892,DNR-01407,CMP-2024-ANN,2884.41,2024-12-11,Credit Card,False,Completed
GFT-0003893,DNR-01407,CMP-2025-ANN,1583.68,2025-07-07,Credit Card,False,Completed
GFT-0003894,DNR-01407,CMP-2025-ANN,1615.39,2025-03-16,Credit Card,False,Completed
GFT-0003895,DNR-01407,CMP-2026-ANN,2367.7,2026-01-17,Credit Card,False,Completed
GFT-0003896,DNR-01407,CMP-2026-ANN,2539.73,2026-03-10,Credit Card,False,Completed
GFT-0003897,DNR-01407,CMP-2026-ANN,2057.28,2026-05-05,Credit Card,False,Completed
GFT-0003898,DNR-01408,CMP-2024-ANN,1457.61,2024-12-05,Credit Card,False,Completed
GFT-0003899,DNR-01408,CMP-2024-ANN,999.3,2024-12-17,Credit Card,False,Completed
GFT-0003900,DNR-01408,CMP-2024-ANN,1382.29,2024-11-20,Credit Card,False,Completed
GFT-0003901,DNR-01408,CMP-2025-ANN,2548.35,2025-01-09,Credit Card,False,Completed
GFT-0003902,DNR-01408,CMP-2025-ANN,1623.51,2025-08-02,Credit Card,False,Completed
GFT-0003903,DNR-01408,CMP-2025-ANN,2723.62,2025-09-07,Credit Card,False,Completed
GFT-0003904,DNR-01408,CMP-2026-ANN,1132.66,2026-02-01,Credit Card,False,Completed
GFT-0003905,DNR-01408,CMP-2026-ANN,1524.52,2026-03-16,Credit Card,False,Completed
GFT-0003906,DNR-01408,CMP-2026-ANN,2009.71,2026-03-28,Credit Card,False,Completed
GFT-0003907,DNR-01409,CMP-2025-ANN,114.62,2025-09-26,Online,False,Completed
GFT-0003908,DNR-01409,CMP-2026-ANN,207.03,2026-05-31,Online,False,Completed
GFT-0003909,DNR-01410,CMP-2023-ANN,2477.24,2023-09-29,Credit Card,False,Completed
GFT-0003910,DNR-01410,CMP-2023-ANN,1394.36,2023-12-09,Credit Card,False,Completed
GFT-0003911,DNR-01410,CMP-2024-ANN,1037.96,2024-05-19,Credit Card,False,Completed
GFT-0003912,DNR-01410,CMP-2025-ANN,1429.91,2025-06-28,Credit Card,False,Completed
GFT-0003913,DNR-01410,CMP-2025-ANN,2448.79,2025-01-13,Credit Card,False,Completed
GFT-0003914,DNR-01410,CMP-2026-ANN,524.08,2026-01-11,Credit Card,False,Completed
GFT-0003915,DNR-01411,CMP-2025-ANN,152.68,2025-04-10,Online,False,Completed
GFT-0003916,DNR-01411,CMP-2026-ANN,77.35,2026-08-11,Online,False,Completed
GFT-0003917,DNR-01412,CMP-2023-ANN,88.81,2023-10-14,Online,False,Completed
GFT-0003918,DNR-01412,CMP-2024-ANN,73.93,2024-08-25,Online,False,Completed
GFT-0003919,DNR-01412,CMP-2025-ANN,186.16,2025-09-19,Online,False,Completed
GFT-0003920,DNR-01413,CMP-2025-ANN,170.41,2025-10-06,Online,False,Completed
GFT-0003921,DNR-01414,CMP-2023-ANN,208.01,2023-10-15,Online,False,Completed
GFT-0003922,DNR-01414,CMP-2024-ANN,36.17,2024-09-03,Online,False,Completed
GFT-0003923,DNR-01414,CMP-2025-ANN,35.53,2025-08-29,Online,False,Completed
GFT-0003924,DNR-01414,CMP-2026-ANN,51.83,2026-05-18,Online,False,Completed
GFT-0003925,DNR-01415,CMP-2023-ANN,160.32,2023-04-27,Online,False,Completed
GFT-0003926,DNR-01415,CMP-2024-ANN,78.19,2024-11-12,Online,False,Completed
GFT-0003927,DNR-01415,CMP-2025-ANN,29.01,2025-07-30,Online,False,Completed
GFT-0003928,DNR-01416,CMP-2023-ANN,2969.89,2023-09-02,Credit Card,False,Completed
GFT-0003929,DNR-01416,CMP-2023-ANN,2779.11,2023-03-01,Credit Card,False,Completed
GFT-0003930,DNR-01416,CMP-2023-ANN,1210.91,2023-04-28,Credit Card,False,Completed
GFT-0003931,DNR-01416,CMP-2024-ANN,592.52,2024-03-31,Credit Card,False,Completed
GFT-0003932,DNR-01416,CMP-2024-ANN,1833.67,2024-07-26,Credit Card,False,Completed
GFT-0003933,DNR-01416,CMP-2025-ANN,597.8,2025-02-22,Credit Card,False,Completed
GFT-0003934,DNR-01416,CMP-2025-ANN,2111.94,2025-10-31,Credit Card,False,Completed
GFT-0003935,DNR-01416,CMP-2025-ANN,673.64,2025-06-05,Credit Card,False,Completed
GFT-0003936,DNR-01416,CMP-2026-ANN,2574.63,2026-03-15,Credit Card,False,Completed
GFT-0003937,DNR-01417,CMP-2023-ANN,92.72,2023-02-06,Online,False,Completed
GFT-0003938,DNR-01417,CMP-2024-ANN,102.81,2024-02-26,Online,False,Completed
GFT-0003939,DNR-01417,CMP-2025-ANN,199.29,2025-12-13,Online,False,Completed
GFT-0003940,DNR-01417,CMP-2026-ANN,35.59,2026-07-27,Online,False,Completed
GFT-0003941,DNR-01418,CMP-2025-ANN,246.39,2025-10-18,Online,False,Completed
GFT-0003942,DNR-01418,CMP-2026-ANN,169.25,2026-09-23,Online,False,Completed
GFT-0003943,DNR-01420,CMP-2023-ANN,573.22,2023-07-15,Credit Card,False,Completed
GFT-0003944,DNR-01420,CMP-2024-ANN,2563.64,2024-01-23,Credit Card,False,Completed
GFT-0003945,DNR-01420,CMP-2025-ANN,762.84,2025-11-26,Credit Card,False,Completed
GFT-0003946,DNR-01420,CMP-2026-ANN,2653.47,2026-01-16,Credit Card,False,Completed
GFT-0003947,DNR-01420,CMP-2026-ANN,2310.63,2026-02-21,Credit Card,False,Completed
GFT-0003948,DNR-01421,CMP-2023-ANN,44.8,2023-02-16,Online,False,Completed
GFT-0003949,DNR-01422,CMP-2023-ANN,26.11,2023-10-14,Online,False,Completed
GFT-0003950,DNR-01422,CMP-2025-ANN,223.75,2025-08-01,Online,False,Completed
GFT-0003951,DNR-01422,CMP-2026-ANN,35.8,2026-01-30,Online,False,Completed
GFT-0003952,DNR-01423,CMP-2023-ANN,84.34,2023-10-23,Online,False,Completed
GFT-0003953,DNR-01423,CMP-2026-ANN,182.2,2026-01-30,Online,False,Completed
GFT-0003954,DNR-01424,CMP-2024-ANN,51.98,2024-02-04,Online,False,Completed
GFT-0003955,DNR-01424,CMP-2025-ANN,58.3,2025-11-04,Online,False,Completed
GFT-0003956,DNR-01424,CMP-2026-ANN,216.28,2026-05-21,Online,False,Completed
GFT-0003957,DNR-01425,CMP-2023-ANN,10180.16,2023-03-26,Check,True,Completed
GFT-0003958,DNR-01425,CMP-2023-ANN,42096.42,2023-04-01,Check,True,Completed
GFT-0003959,DNR-01425,CMP-2024-ANN,27215.14,2024-09-11,Check,True,Completed
GFT-0003960,DNR-01425,CMP-2024-ANN,27007.48,2024-08-04,Check,True,Completed
GFT-0003961,DNR-01425,CMP-2024-ANN,15374.64,2024-09-28,Check,True,Completed
GFT-0003962,DNR-01425,CMP-2025-ANN,14332.81,2025-12-02,Check,True,Completed
GFT-0003963,DNR-01425,CMP-2025-ANN,12965.89,2025-02-18,Check,True,Completed
GFT-0003964,DNR-01425,CMP-2026-ANN,10518.4,2026-07-04,Check,True,Completed
GFT-0003965,DNR-01425,CMP-2026-ANN,12074.53,2026-08-10,Check,True,Completed
GFT-0003966,DNR-01425,CMP-2026-ANN,12281.42,2026-02-05,Check,True,Completed
GFT-0003967,DNR-01426,CMP-2023-ANN,1804.41,2023-12-16,Credit Card,False,Completed
GFT-0003968,DNR-01426,CMP-2024-ANN,1944.71,2024-10-12,Credit Card,False,Completed
GFT-0003969,DNR-01426,CMP-2025-ANN,1725.26,2025-12-26,Credit Card,False,Completed
GFT-0003970,DNR-01426,CMP-2025-ANN,1201.35,2025-07-23,Credit Card,False,Completed
GFT-0003971,DNR-01426,CMP-2025-ANN,2431.61,2025-07-06,Credit Card,False,Completed
GFT-0003972,DNR-01426,CMP-2026-ANN,1064.58,2026-09-07,Credit Card,False,Completed
GFT-0003973,DNR-01426,CMP-2026-ANN,1159.53,2026-08-18,Credit Card,False,Completed
GFT-0003974,DNR-01427,CMP-2023-ANN,43.63,2023-01-22,Online,False,Completed
GFT-0003975,DNR-01427,CMP-2024-ANN,221.4,2024-01-28,Online,False,Completed
GFT-0003976,DNR-01428,CMP-2023-ANN,2237.41,2023-03-01,Credit Card,False,Completed
GFT-0003977,DNR-01428,CMP-2024-ANN,2929.41,2024-03-15,Credit Card,False,Completed
GFT-0003978,DNR-01428,CMP-2025-ANN,1031.19,2025-12-19,Credit Card,False,Completed
GFT-0003979,DNR-01428,CMP-2026-ANN,1040.34,2026-01-07,Credit Card,False,Completed
GFT-0003980,DNR-01428,CMP-2026-ANN,2546.28,2026-04-25,Credit Card,False,Completed
GFT-0003981,DNR-01428,CMP-2026-ANN,969.79,2026-06-07,Credit Card,False,Completed
GFT-0003982,DNR-01429,CMP-2023-ANN,71.95,2023-10-01,Online,False,Completed
GFT-0003983,DNR-01429,CMP-2024-ANN,143.72,2024-12-21,Online,False,Completed
GFT-0003984,DNR-01430,CMP-2024-ANN,2271.28,2024-10-24,Credit Card,False,Completed
GFT-0003985,DNR-01430,CMP-2024-ANN,2138.22,2024-09-14,Credit Card,False,Completed
GFT-0003986,DNR-01430,CMP-2025-ANN,764.15,2025-06-17,Credit Card,False,Completed
GFT-0003987,DNR-01430,CMP-2025-ANN,825.15,2025-03-30,Credit Card,False,Completed
GFT-0003988,DNR-01430,CMP-2025-ANN,2791.74,2025-03-21,Credit Card,False,Completed
GFT-0003989,DNR-01430,CMP-2026-ANN,2937.66,2026-07-17,Credit Card,False,Completed
GFT-0003990,DNR-01430,CMP-2026-ANN,2669.65,2026-08-06,Credit Card,False,Completed
GFT-0003991,DNR-01431,CMP-2024-ANN,200.5,2024-12-24,Online,False,Completed
GFT-0003992,DNR-01431,CMP-2025-ANN,87.51,2025-05-21,Online,False,Completed
GFT-0003993,DNR-01431,CMP-2026-ANN,94.11,2026-03-25,Online,False,Completed
GFT-0003994,DNR-01433,CMP-2023-ANN,222.14,2023-04-16,Online,False,Completed
GFT-0003995,DNR-01433,CMP-2025-ANN,226.17,2025-04-21,Online,False,Completed
GFT-0003996,DNR-01433,CMP-2026-ANN,31.43,2026-04-17,Online,False,Completed
GFT-0003997,DNR-01434,CMP-2026-ANN,84.76,2026-02-16,Online,False,Completed
GFT-0003998,DNR-01435,CMP-2025-ANN,122.08,2025-10-17,Online,False,Completed
GFT-0003999,DNR-01435,CMP-2026-ANN,137.99,2026-01-07,Online,False,Completed
GFT-0004000,DNR-01436,CMP-2023-ANN,36.96,2023-06-25,Online,False,Completed
GFT-0004001,DNR-01436,CMP-2024-ANN,47.01,2024-08-27,Online,False,Completed
GFT-0004002,DNR-01437,CMP-2023-ANN,91.15,2023-08-21,Online,False,Completed
GFT-0004003,DNR-01437,CMP-2024-ANN,158.66,2024-04-23,Online,False,Completed
GFT-0004004,DNR-01437,CMP-2025-ANN,136.06,2025-03-14,Online,False,Completed
GFT-0004005,DNR-01437,CMP-2026-ANN,178.26,2026-07-03,Online,False,Completed
GFT-0004006,DNR-01438,CMP-2026-ANN,36.96,2026-08-22,Online,False,Completed
GFT-0004007,DNR-01439,CMP-2023-ANN,84.89,2023-07-26,Online,False,Completed
GFT-0004008,DNR-01439,CMP-2024-ANN,47.73,2024-08-19,Online,False,Completed
GFT-0004009,DNR-01439,CMP-2025-ANN,164.55,2025-05-04,Online,False,Completed
GFT-0004010,DNR-01440,CMP-2023-ANN,47.79,2023-09-22,Online,False,Completed
GFT-0004011,DNR-01440,CMP-2026-ANN,71.28,2026-01-03,Online,False,Completed
GFT-0004012,DNR-01441,CMP-2023-ANN,1369.08,2023-12-19,Credit Card,False,Completed
GFT-0004013,DNR-01441,CMP-2024-ANN,2264.63,2024-11-29,Credit Card,False,Completed
GFT-0004014,DNR-01441,CMP-2024-ANN,1219.95,2024-12-17,Credit Card,False,Completed
GFT-0004015,DNR-01441,CMP-2025-ANN,735.61,2025-02-28,Credit Card,False,Completed
GFT-0004016,DNR-01441,CMP-2026-ANN,2769.46,2026-06-24,Credit Card,False,Completed
GFT-0004017,DNR-01441,CMP-2026-ANN,2055.3,2026-04-29,Credit Card,False,Completed
GFT-0004018,DNR-01441,CMP-2026-ANN,2347.73,2026-03-04,Credit Card,False,Completed
GFT-0004019,DNR-01442,CMP-2025-ANN,178.32,2025-02-25,Online,False,Completed
GFT-0004020,DNR-01442,CMP-2026-ANN,99.73,2026-09-17,Online,False,Completed
GFT-0004021,DNR-01443,CMP-2025-ANN,241.5,2025-10-28,Online,False,Completed
GFT-0004022,DNR-01444,CMP-2023-ANN,29.69,2023-06-16,Online,False,Completed
GFT-0004023,DNR-01444,CMP-2026-ANN,196.06,2026-07-10,Online,False,Completed
GFT-0004024,DNR-01445,CMP-2024-ANN,1985.01,2024-09-20,Credit Card,False,Completed
GFT-0004025,DNR-01445,CMP-2025-ANN,1957.9,2025-06-18,Credit Card,False,Completed
GFT-0004026,DNR-01445,CMP-2025-ANN,1720.77,2025-12-11,Credit Card,False,Completed
GFT-0004027,DNR-01445,CMP-2026-ANN,1681.42,2026-02-03,Credit Card,False,Completed
GFT-0004028,DNR-01446,CMP-2023-ANN,28.91,2023-01-19,Online,False,Completed
GFT-0004029,DNR-01446,CMP-2025-ANN,76.36,2025-12-05,Online,False,Completed
GFT-0004030,DNR-01446,CMP-2026-ANN,194.87,2026-06-08,Online,False,Completed
GFT-0004031,DNR-01447,CMP-2024-ANN,205.88,2024-11-27,Online,False,Completed
GFT-0004032,DNR-01447,CMP-2025-ANN,135.4,2025-11-26,Online,False,Completed
GFT-0004033,DNR-01447,CMP-2026-ANN,147.79,2026-07-21,Online,False,Completed
GFT-0004034,DNR-01448,CMP-2024-ANN,1716.23,2024-11-23,Credit Card,False,Completed
GFT-0004035,DNR-01448,CMP-2024-ANN,1410.72,2024-07-27,Credit Card,False,Completed
GFT-0004036,DNR-01448,CMP-2024-ANN,533.9,2024-09-28,Credit Card,False,Completed
GFT-0004037,DNR-01448,CMP-2025-ANN,1252.84,2025-09-28,Credit Card,False,Completed
GFT-0004038,DNR-01448,CMP-2025-ANN,1334.35,2025-01-31,Credit Card,False,Completed
GFT-0004039,DNR-01448,CMP-2026-ANN,2436.32,2026-04-03,Credit Card,False,Completed
GFT-0004040,DNR-01448,CMP-2026-ANN,2642.39,2026-01-25,Credit Card,False,Completed
GFT-0004041,DNR-01448,CMP-2026-ANN,2755.42,2026-03-26,Credit Card,False,Completed
GFT-0004042,DNR-01449,CMP-2023-ANN,1710.89,2023-06-01,Credit Card,False,Completed
GFT-0004043,DNR-01449,CMP-2023-ANN,1174.84,2023-12-19,Credit Card,False,Completed
GFT-0004044,DNR-01449,CMP-2023-ANN,1798.27,2023-06-04,Credit Card,False,Completed
GFT-0004045,DNR-01449,CMP-2024-ANN,551.82,2024-08-13,Credit Card,False,Completed
GFT-0004046,DNR-01449,CMP-2024-ANN,2946.59,2024-04-02,Credit Card,False,Completed
GFT-0004047,DNR-01449,CMP-2024-ANN,2640.66,2024-08-14,Credit Card,False,Completed
GFT-0004048,DNR-01449,CMP-2025-ANN,2985.22,2025-02-20,Credit Card,False,Completed
GFT-0004049,DNR-01449,CMP-2025-ANN,1392.99,2025-02-04,Credit Card,False,Completed
GFT-0004050,DNR-01449,CMP-2025-ANN,577.26,2025-03-13,Credit Card,False,Completed
GFT-0004051,DNR-01449,CMP-2026-ANN,2352.53,2026-05-31,Credit Card,False,Completed
GFT-0004052,DNR-01449,CMP-2026-ANN,2933.23,2026-02-08,Credit Card,False,Completed
GFT-0004053,DNR-01449,CMP-2026-ANN,1398.55,2026-07-31,Credit Card,False,Completed
GFT-0004054,DNR-01450,CMP-2024-ANN,239.83,2024-06-22,Online,False,Completed
GFT-0004055,DNR-01451,CMP-2026-ANN,240.62,2026-06-24,Online,False,Completed
GFT-0004056,DNR-01452,CMP-2025-ANN,84.69,2025-08-14,Online,False,Completed
GFT-0004057,DNR-01453,CMP-2023-ANN,1477.57,2023-07-13,Credit Card,False,Completed
GFT-0004058,DNR-01453,CMP-2023-ANN,1543.24,2023-08-28,Credit Card,False,Completed
GFT-0004059,DNR-01453,CMP-2024-ANN,1273.31,2024-01-09,Credit Card,False,Completed
GFT-0004060,DNR-01453,CMP-2024-ANN,602.75,2024-02-26,Credit Card,False,Completed
GFT-0004061,DNR-01453,CMP-2025-ANN,2254.59,2025-01-28,Credit Card,False,Completed
GFT-0004062,DNR-01453,CMP-2025-ANN,2585.43,2025-12-02,Credit Card,False,Completed
GFT-0004063,DNR-01453,CMP-2025-ANN,807.4,2025-12-24,Credit Card,False,Completed
GFT-0004064,DNR-01453,CMP-2026-ANN,1916.66,2026-04-15,Credit Card,False,Completed
GFT-0004065,DNR-01453,CMP-2026-ANN,2481.31,2026-07-30,Credit Card,False,Completed
GFT-0004066,DNR-01454,CMP-2023-ANN,49.79,2023-08-25,Online,False,Completed
GFT-0004067,DNR-01454,CMP-2024-ANN,233.63,2024-03-29,Online,False,Completed
GFT-0004068,DNR-01454,CMP-2025-ANN,178.21,2025-04-05,Online,False,Completed
GFT-0004069,DNR-01454,CMP-2026-ANN,90.2,2026-01-09,Online,False,Completed
GFT-0004070,DNR-01455,CMP-2024-ANN,61.59,2024-11-14,Online,False,Completed
GFT-0004071,DNR-01455,CMP-2025-ANN,39.54,2025-10-31,Online,False,Completed
GFT-0004072,DNR-01455,CMP-2026-ANN,127.12,2026-05-21,Online,False,Completed
GFT-0004073,DNR-01456,CMP-2023-ANN,1207.54,2023-07-06,Credit Card,False,Completed
GFT-0004074,DNR-01456,CMP-2024-ANN,808.59,2024-12-23,Credit Card,False,Completed
GFT-0004075,DNR-01456,CMP-2024-ANN,1720.92,2024-02-08,Credit Card,False,Completed
GFT-0004076,DNR-01456,CMP-2024-ANN,512.73,2024-05-11,Credit Card,False,Completed
GFT-0004077,DNR-01456,CMP-2025-ANN,2150.63,2025-10-03,Credit Card,False,Completed
GFT-0004078,DNR-01456,CMP-2025-ANN,501.6,2025-05-18,Credit Card,False,Completed
GFT-0004079,DNR-01456,CMP-2026-ANN,844.3,2026-07-16,Credit Card,False,Completed
GFT-0004080,DNR-01456,CMP-2026-ANN,2696.81,2026-03-03,Credit Card,False,Completed
GFT-0004081,DNR-01457,CMP-2026-ANN,240.67,2026-03-01,Online,False,Completed
GFT-0004082,DNR-01458,CMP-2023-ANN,239.58,2023-11-24,Online,False,Completed
GFT-0004083,DNR-01458,CMP-2025-ANN,189.94,2025-04-12,Online,False,Completed
GFT-0004084,DNR-01458,CMP-2026-ANN,231.61,2026-01-18,Online,False,Completed
GFT-0004085,DNR-01459,CMP-2024-ANN,32.23,2024-09-03,Online,False,Completed
GFT-0004086,DNR-01459,CMP-2026-ANN,177.66,2026-02-01,Online,False,Completed
GFT-0004087,DNR-01460,CMP-2025-ANN,114.8,2025-09-14,Online,False,Completed
GFT-0004088,DNR-01461,CMP-2026-ANN,63.99,2026-03-18,Online,False,Completed
GFT-0004089,DNR-01462,CMP-2025-ANN,222.08,2025-06-03,Online,False,Completed
GFT-0004090,DNR-01463,CMP-2024-ANN,197.72,2024-07-11,Online,False,Completed
GFT-0004091,DNR-01463,CMP-2025-ANN,118.67,2025-01-31,Online,False,Completed
GFT-0004092,DNR-01463,CMP-2026-ANN,93.62,2026-03-09,Online,False,Completed
GFT-0004093,DNR-01464,CMP-2023-ANN,233.6,2023-11-07,Online,False,Completed
GFT-0004094,DNR-01464,CMP-2024-ANN,66.26,2024-06-30,Online,False,Completed
GFT-0004095,DNR-01465,CMP-2023-ANN,15883.29,2023-11-12,Check,True,Completed
GFT-0004096,DNR-01465,CMP-2024-ANN,24847.83,2024-01-11,Check,True,Completed
GFT-0004097,DNR-01465,CMP-2025-ANN,15678.54,2025-11-03,Check,True,Completed
GFT-0004098,DNR-01465,CMP-2025-ANN,10453.61,2025-05-02,Check,True,Completed
GFT-0004099,DNR-01465,CMP-2025-ANN,68010.04,2025-11-24,Check,True,Completed
GFT-0004100,DNR-01465,CMP-2026-ANN,57676.7,2026-02-07,Check,True,Completed
GFT-0004101,DNR-01465,CMP-2026-ANN,27364.1,2026-02-06,Check,True,Completed
GFT-0004102,DNR-01466,CMP-2026-ANN,179.16,2026-05-11,Online,False,Completed
GFT-0004103,DNR-01467,CMP-2023-ANN,150000.0,2023-11-10,Check,True,Completed
GFT-0004104,DNR-01467,CMP-2023-ANN,17224.84,2023-12-22,Check,True,Completed
GFT-0004105,DNR-01467,CMP-2024-ANN,72738.31,2024-02-15,Check,True,Completed
GFT-0004106,DNR-01467,CMP-2024-ANN,10601.36,2024-01-20,Check,True,Completed
GFT-0004107,DNR-01467,CMP-2025-ANN,13833.77,2025-04-21,Check,True,Completed
GFT-0004108,DNR-01467,CMP-2025-ANN,12043.05,2025-06-18,Check,True,Completed
GFT-0004109,DNR-01467,CMP-2026-ANN,11727.0,2026-06-19,Check,True,Completed
GFT-0004110,DNR-01467,CMP-2026-ANN,11182.47,2026-06-26,Check,True,Completed
GFT-0004111,DNR-01468,CMP-2023-ANN,241.33,2023-09-12,Online,False,Completed
GFT-0004112,DNR-01468,CMP-2024-ANN,230.33,2024-09-23,Online,False,Completed
GFT-0004113,DNR-01468,CMP-2025-ANN,197.52,2025-07-07,Online,False,Completed
GFT-0004114,DNR-01468,CMP-2026-ANN,56.63,2026-05-03,Online,False,Completed
GFT-0004115,DNR-01469,CMP-2023-ANN,2466.58,2023-06-21,Credit Card,False,Completed
GFT-0004116,DNR-01469,CMP-2023-ANN,1950.81,2023-08-11,Credit Card,False,Completed
GFT-0004117,DNR-01469,CMP-2024-ANN,818.19,2024-08-02,Credit Card,False,Completed
GFT-0004118,DNR-01469,CMP-2024-ANN,1858.17,2024-08-22,Credit Card,False,Completed
GFT-0004119,DNR-01469,CMP-2025-ANN,2694.51,2025-04-21,Credit Card,False,Completed
GFT-0004120,DNR-01469,CMP-2025-ANN,633.84,2025-01-23,Credit Card,False,Completed
GFT-0004121,DNR-01469,CMP-2025-ANN,2612.77,2025-05-06,Credit Card,False,Completed
GFT-0004122,DNR-01469,CMP-2026-ANN,1507.36,2026-08-21,Credit Card,False,Completed
GFT-0004123,DNR-01470,CMP-2024-ANN,206.68,2024-10-23,Online,False,Completed
GFT-0004124,DNR-01470,CMP-2026-ANN,37.23,2026-08-02,Online,False,Completed
GFT-0004125,DNR-01471,CMP-2023-ANN,211.73,2023-10-21,Online,False,Completed
GFT-0004126,DNR-01471,CMP-2025-ANN,46.91,2025-05-18,Online,False,Completed
GFT-0004127,DNR-01471,CMP-2026-ANN,133.33,2026-02-15,Online,False,Completed
GFT-0004128,DNR-01472,CMP-2024-ANN,38.69,2024-08-29,Online,False,Completed
GFT-0004129,DNR-01473,CMP-2025-ANN,2292.38,2025-09-22,Credit Card,False,Completed
GFT-0004130,DNR-01473,CMP-2025-ANN,2253.93,2025-08-23,Credit Card,False,Completed
GFT-0004131,DNR-01473,CMP-2025-ANN,1790.66,2025-09-23,Credit Card,False,Completed
GFT-0004132,DNR-01473,CMP-2026-ANN,2351.06,2026-01-08,Credit Card,False,Completed
GFT-0004133,DNR-01473,CMP-2026-ANN,1738.26,2026-01-11,Credit Card,False,Completed
GFT-0004134,DNR-01473,CMP-2026-ANN,1058.86,2026-01-31,Credit Card,False,Completed
GFT-0004135,DNR-01474,CMP-2025-ANN,94.95,2025-02-08,Online,False,Completed
GFT-0004136,DNR-01475,CMP-2023-ANN,134.11,2023-12-09,Online,False,Completed
GFT-0004137,DNR-01475,CMP-2025-ANN,25.01,2025-06-30,Online,False,Completed
GFT-0004138,DNR-01476,CMP-2023-ANN,46.79,2023-01-18,Online,False,Completed
GFT-0004139,DNR-01476,CMP-2024-ANN,131.59,2024-12-09,Online,False,Completed
GFT-0004140,DNR-01476,CMP-2026-ANN,37.52,2026-04-07,Online,False,Completed
GFT-0004141,DNR-01477,CMP-2023-ANN,1249.81,2023-03-08,Credit Card,False,Completed
GFT-0004142,DNR-01477,CMP-2024-ANN,2956.74,2024-01-17,Credit Card,False,Completed
GFT-0004143,DNR-01477,CMP-2024-ANN,2550.68,2024-01-24,Credit Card,False,Completed
GFT-0004144,DNR-01477,CMP-2025-ANN,1150.68,2025-11-16,Credit Card,False,Completed
GFT-0004145,DNR-01477,CMP-2025-ANN,2031.9,2025-10-12,Credit Card,False,Completed
GFT-0004146,DNR-01477,CMP-2025-ANN,1597.82,2025-06-24,Credit Card,False,Completed
GFT-0004147,DNR-01477,CMP-2026-ANN,2042.9,2026-08-09,Credit Card,False,Completed
GFT-0004148,DNR-01477,CMP-2026-ANN,1580.88,2026-01-03,Credit Card,False,Completed
GFT-0004149,DNR-01477,CMP-2026-ANN,2090.49,2026-03-18,Credit Card,False,Completed
GFT-0004150,DNR-01478,CMP-2024-ANN,209.17,2024-06-16,Online,False,Completed
GFT-0004151,DNR-01478,CMP-2026-ANN,191.87,2026-07-10,Online,False,Completed
GFT-0004152,DNR-01479,CMP-2024-ANN,132.14,2024-12-12,Online,False,Completed
GFT-0004153,DNR-01479,CMP-2025-ANN,175.2,2025-09-19,Online,False,Completed
GFT-0004154,DNR-01480,CMP-2024-ANN,175.23,2024-09-02,Online,False,Completed
GFT-0004155,DNR-01480,CMP-2025-ANN,181.97,2025-09-17,Online,False,Completed
GFT-0004156,DNR-01480,CMP-2026-ANN,118.8,2026-02-07,Online,False,Completed
GFT-0004157,DNR-01481,CMP-2025-ANN,870.42,2025-10-08,Credit Card,False,Completed
GFT-0004158,DNR-01481,CMP-2025-ANN,1208.56,2025-02-21,Credit Card,False,Completed
GFT-0004159,DNR-01481,CMP-2026-ANN,1910.52,2026-03-24,Credit Card,False,Completed
GFT-0004160,DNR-01482,CMP-2025-ANN,93.12,2025-04-12,Online,False,Completed
GFT-0004161,DNR-01483,CMP-2025-ANN,229.09,2025-05-27,Online,False,Completed
GFT-0004162,DNR-01484,CMP-2023-ANN,187.69,2023-12-27,Online,False,Completed
GFT-0004163,DNR-01484,CMP-2024-ANN,245.89,2024-01-27,Online,False,Completed
GFT-0004164,DNR-01484,CMP-2025-ANN,217.56,2025-12-22,Online,False,Completed
GFT-0004165,DNR-01484,CMP-2026-ANN,103.49,2026-07-20,Online,False,Completed
GFT-0004166,DNR-01485,CMP-2025-ANN,39.12,2025-08-13,Online,False,Completed
GFT-0004167,DNR-01486,CMP-2023-ANN,186.82,2023-09-03,Online,False,Completed
GFT-0004168,DNR-01486,CMP-2024-ANN,185.92,2024-04-21,Online,False,Completed
GFT-0004169,DNR-01486,CMP-2026-ANN,196.59,2026-03-25,Online,False,Completed
GFT-0004170,DNR-01487,CMP-2023-ANN,113.63,2023-11-13,Online,False,Completed
GFT-0004171,DNR-01487,CMP-2026-ANN,131.14,2026-06-08,Online,False,Completed
GFT-0004172,DNR-01488,CMP-2025-ANN,233.67,2025-01-15,Online,False,Completed
GFT-0004173,DNR-01489,CMP-2024-ANN,54.12,2024-07-05,Online,False,Completed
GFT-0004174,DNR-01489,CMP-2025-ANN,239.92,2025-08-06,Online,False,Completed
GFT-0004175,DNR-01489,CMP-2026-ANN,163.93,2026-05-24,Online,False,Completed
GFT-0004176,DNR-01490,CMP-2025-ANN,35.11,2025-10-29,Online,False,Completed
GFT-0004177,DNR-01491,CMP-2023-ANN,46.72,2023-08-27,Online,False,Completed
GFT-0004178,DNR-01491,CMP-2024-ANN,235.2,2024-01-25,Online,False,Completed
GFT-0004179,DNR-01491,CMP-2025-ANN,195.98,2025-02-09,Online,False,Completed
GFT-0004180,DNR-01492,CMP-2025-ANN,227.45,2025-05-14,Online,False,Completed
GFT-0004181,DNR-01492,CMP-2026-ANN,225.81,2026-05-29,Online,False,Completed
GFT-0004182,DNR-01493,CMP-2026-ANN,39.48,2026-05-04,Online,False,Completed
GFT-0004183,DNR-01494,CMP-2025-ANN,215.53,2025-03-28,Online,False,Completed
GFT-0004184,DNR-01494,CMP-2026-ANN,196.75,2026-01-17,Online,False,Completed
GFT-0004185,DNR-01495,CMP-2026-ANN,182.21,2026-02-23,Online,False,Completed
GFT-0004186,DNR-01496,CMP-2024-ANN,247.5,2024-07-29,Online,False,Completed
GFT-0004187,DNR-01496,CMP-2025-ANN,69.94,2025-08-22,Online,False,Completed
GFT-0004188,DNR-01496,CMP-2026-ANN,123.44,2026-09-12,Online,False,Completed
GFT-0004189,DNR-01497,CMP-2024-ANN,70.27,2024-09-19,Online,False,Completed
GFT-0004190,DNR-01497,CMP-2025-ANN,208.11,2025-01-04,Online,False,Completed
GFT-0004191,DNR-01498,CMP-2023-ANN,155.97,2023-08-14,Online,False,Completed
GFT-0004192,DNR-01498,CMP-2026-ANN,207.25,2026-02-05,Online,False,Completed
GFT-0004193,DNR-01499,CMP-2024-ANN,116.81,2024-05-25,Online,False,Completed
GFT-0004194,DNR-01499,CMP-2025-ANN,41.19,2025-03-06,Online,False,Completed
GFT-0004195,DNR-01499,CMP-2026-ANN,189.24,2026-08-17,Online,False,Completed
GFT-0004196,DNR-01500,CMP-2023-ANN,2105.58,2023-09-01,Credit Card,False,Completed
GFT-0004197,DNR-01500,CMP-2023-ANN,1740.44,2023-10-01,Credit Card,False,Completed
GFT-0004198,DNR-01500,CMP-2023-ANN,2581.01,2023-11-08,Credit Card,False,Completed
GFT-0004199,DNR-01500,CMP-2024-ANN,2568.94,2024-04-13,Credit Card,False,Completed
GFT-0004200,DNR-01500,CMP-2024-ANN,1752.13,2024-05-16,Credit Card,False,Completed
GFT-0004201,DNR-01500,CMP-2024-ANN,1391.21,2024-07-29,Credit Card,False,Completed
GFT-0004202,DNR-01500,CMP-2025-ANN,2633.55,2025-03-16,Credit Card,False,Completed
GFT-0004203,DNR-01500,CMP-2025-ANN,2503.99,2025-01-25,Credit Card,False,Completed
GFT-0004204,DNR-01500,CMP-2025-ANN,1597.2,2025-04-12,Credit Card,False,Completed
GFT-0004205,DNR-01500,CMP-2026-ANN,1440.3,2026-06-25,Credit Card,False,Completed
GFT-0004206,DNR-01500,CMP-2026-ANN,677.17,2026-05-16,Credit Card,False,Completed
GFT-0004207,DNR-01500,CMP-2026-ANN,695.36,2026-08-24,Credit Card,False,Completed
GFT-0004208,DNR-01501,CMP-2024-ANN,51.53,2024-07-06,Online,False,Completed
GFT-0004209,DNR-01501,CMP-2025-ANN,160.34,2025-01-09,Online,False,Completed
GFT-0004210,DNR-01501,CMP-2026-ANN,75.4,2026-06-25,Online,False,Completed
GFT-0004211,DNR-01502,CMP-2025-ANN,183.24,2025-06-15,Online,False,Completed
GFT-0004212,DNR-01502,CMP-2026-ANN,221.08,2026-01-18,Online,False,Completed
GFT-0004213,DNR-01503,CMP-2024-ANN,154.46,2024-11-17,Online,False,Completed
GFT-0004214,DNR-01504,CMP-2024-ANN,114.82,2024-11-03,Online,False,Completed
GFT-0004215,DNR-01504,CMP-2025-ANN,181.94,2025-06-29,Online,False,Completed
GFT-0004216,DNR-01504,CMP-2026-ANN,130.97,2026-03-12,Online,False,Completed
GFT-0004217,DNR-01505,CMP-2025-ANN,31.75,2025-04-21,Online,False,Completed
GFT-0004218,DNR-01505,CMP-2026-ANN,83.7,2026-01-14,Online,False,Completed
GFT-0004219,DNR-01506,CMP-2024-ANN,197.07,2024-09-01,Online,False,Completed
GFT-0004220,DNR-01506,CMP-2025-ANN,148.09,2025-06-25,Online,False,Completed
GFT-0004221,DNR-01507,CMP-2026-ANN,41.41,2026-03-12,Online,False,Completed
GFT-0004222,DNR-01509,CMP-2024-ANN,245.74,2024-07-03,Online,False,Completed
GFT-0004223,DNR-01509,CMP-2026-ANN,162.8,2026-03-11,Online,False,Completed
GFT-0004224,DNR-01510,CMP-2023-ANN,149.07,2023-04-10,Online,False,Completed
GFT-0004225,DNR-01510,CMP-2025-ANN,34.39,2025-12-05,Online,False,Completed
GFT-0004226,DNR-01510,CMP-2026-ANN,139.21,2026-05-01,Online,False,Completed
GFT-0004227,DNR-01511,CMP-2024-ANN,1375.64,2024-11-05,Credit Card,False,Completed
GFT-0004228,DNR-01511,CMP-2024-ANN,1693.98,2024-07-02,Credit Card,False,Completed
GFT-0004229,DNR-01511,CMP-2024-ANN,2453.85,2024-07-08,Credit Card,False,Completed
GFT-0004230,DNR-01511,CMP-2025-ANN,553.61,2025-01-19,Credit Card,False,Completed
GFT-0004231,DNR-01511,CMP-2026-ANN,565.88,2026-03-26,Credit Card,False,Completed
GFT-0004232,DNR-01512,CMP-2025-ANN,161.83,2025-09-30,Online,False,Completed
GFT-0004233,DNR-01512,CMP-2026-ANN,178.81,2026-08-02,Online,False,Completed
GFT-0004234,DNR-01513,CMP-2024-ANN,1881.24,2024-11-22,Credit Card,False,Completed
GFT-0004235,DNR-01513,CMP-2025-ANN,1467.81,2025-02-12,Credit Card,False,Completed
GFT-0004236,DNR-01513,CMP-2026-ANN,2238.6,2026-05-27,Credit Card,False,Completed
GFT-0004237,DNR-01513,CMP-2026-ANN,1574.3,2026-01-21,Credit Card,False,Completed
GFT-0004238,DNR-01514,CMP-2023-ANN,56.0,2023-01-25,Online,False,Completed
GFT-0004239,DNR-01514,CMP-2024-ANN,226.86,2024-03-02,Online,False,Completed
GFT-0004240,DNR-01514,CMP-2026-ANN,68.57,2026-05-14,Online,False,Completed
GFT-0004241,DNR-01515,CMP-2024-ANN,38.03,2024-07-27,Online,False,Completed
GFT-0004242,DNR-01515,CMP-2025-ANN,157.44,2025-03-21,Online,False,Completed
GFT-0004243,DNR-01515,CMP-2026-ANN,193.18,2026-08-13,Online,False,Completed
GFT-0004244,DNR-01516,CMP-2025-ANN,247.96,2025-06-17,Online,False,Completed
GFT-0004245,DNR-01516,CMP-2026-ANN,186.96,2026-06-09,Online,False,Completed
GFT-0004246,DNR-01517,CMP-2024-ANN,53.51,2024-06-07,Online,False,Completed
GFT-0004247,DNR-01517,CMP-2025-ANN,34.84,2025-07-06,Online,False,Completed
GFT-0004248,DNR-01517,CMP-2026-ANN,172.42,2026-03-21,Online,False,Completed
GFT-0004249,DNR-01518,CMP-2025-ANN,2995.22,2025-10-01,Credit Card,False,Completed
GFT-0004250,DNR-01518,CMP-2026-ANN,2015.31,2026-05-06,Credit Card,False,Completed
GFT-0004251,DNR-01519,CMP-2023-ANN,52.53,2023-03-26,Online,False,Completed
GFT-0004252,DNR-01519,CMP-2024-ANN,81.29,2024-12-23,Online,False,Completed
GFT-0004253,DNR-01519,CMP-2025-ANN,136.36,2025-08-20,Online,False,Completed
GFT-0004254,DNR-01520,CMP-2025-ANN,2744.1,2025-11-16,Credit Card,False,Completed
GFT-0004255,DNR-01520,CMP-2025-ANN,2646.9,2025-11-16,Credit Card,False,Completed
GFT-0004256,DNR-01520,CMP-2026-ANN,2282.83,2026-08-14,Credit Card,False,Completed
GFT-0004257,DNR-01520,CMP-2026-ANN,2853.57,2026-09-03,Credit Card,False,Completed
GFT-0004258,DNR-01521,CMP-2025-ANN,172.07,2025-02-07,Online,False,Completed
GFT-0004259,DNR-01521,CMP-2026-ANN,85.2,2026-04-23,Online,False,Completed
GFT-0004260,DNR-01522,CMP-2024-ANN,1853.55,2024-08-26,Credit Card,False,Completed
GFT-0004261,DNR-01522,CMP-2024-ANN,760.95,2024-08-18,Credit Card,False,Completed
GFT-0004262,DNR-01522,CMP-2024-ANN,1366.59,2024-11-24,Credit Card,False,Completed
GFT-0004263,DNR-01522,CMP-2025-ANN,2263.75,2025-10-13,Credit Card,False,Completed
GFT-0004264,DNR-01522,CMP-2025-ANN,2054.68,2025-04-11,Credit Card,False,Completed
GFT-0004265,DNR-01522,CMP-2026-ANN,696.12,2026-07-28,Credit Card,False,Completed
GFT-0004266,DNR-01522,CMP-2026-ANN,2780.12,2026-06-22,Credit Card,False,Completed
GFT-0004267,DNR-01523,CMP-2024-ANN,93.61,2024-05-04,Online,False,Completed
GFT-0004268,DNR-01523,CMP-2025-ANN,52.62,2025-06-08,Online,False,Completed
GFT-0004269,DNR-01524,CMP-2024-ANN,77.9,2024-06-14,Online,False,Completed
GFT-0004270,DNR-01524,CMP-2025-ANN,196.94,2025-10-19,Online,False,Completed
GFT-0004271,DNR-01525,CMP-2025-ANN,213.17,2025-09-23,Online,False,Completed
GFT-0004272,DNR-01525,CMP-2026-ANN,157.35,2026-06-13,Online,False,Completed
GFT-0004273,DNR-01526,CMP-2025-ANN,242.15,2025-10-11,Online,False,Completed
GFT-0004274,DNR-01526,CMP-2026-ANN,217.28,2026-05-10,Online,False,Completed
GFT-0004275,DNR-01527,CMP-2023-ANN,29.24,2023-06-09,Online,False,Completed
GFT-0004276,DNR-01527,CMP-2024-ANN,124.9,2024-01-21,Online,False,Completed
GFT-0004277,DNR-01527,CMP-2025-ANN,110.35,2025-04-22,Online,False,Completed
GFT-0004278,DNR-01528,CMP-2024-ANN,173.59,2024-09-26,Online,False,Completed
GFT-0004279,DNR-01528,CMP-2025-ANN,196.67,2025-05-02,Online,False,Completed
GFT-0004280,DNR-01529,CMP-2023-ANN,2386.2,2023-03-17,Credit Card,False,Completed
GFT-0004281,DNR-01529,CMP-2023-ANN,1340.55,2023-12-24,Credit Card,False,Completed
GFT-0004282,DNR-01529,CMP-2023-ANN,2570.39,2023-01-26,Credit Card,False,Completed
GFT-0004283,DNR-01529,CMP-2024-ANN,2525.61,2024-03-11,Credit Card,False,Completed
GFT-0004284,DNR-01529,CMP-2024-ANN,1977.4,2024-10-07,Credit Card,False,Completed
GFT-0004285,DNR-01529,CMP-2025-ANN,1352.36,2025-04-05,Credit Card,False,Completed
GFT-0004286,DNR-01529,CMP-2026-ANN,1585.19,2026-02-11,Credit Card,False,Completed
GFT-0004287,DNR-01529,CMP-2026-ANN,1568.87,2026-02-16,Credit Card,False,Completed
GFT-0004288,DNR-01529,CMP-2026-ANN,2323.07,2026-04-06,Credit Card,False,Completed
GFT-0004289,DNR-01530,CMP-2025-ANN,49.57,2025-03-05,Online,False,Completed
GFT-0004290,DNR-01530,CMP-2026-ANN,187.29,2026-06-23,Online,False,Completed
GFT-0004291,DNR-01532,CMP-2025-ANN,153.84,2025-09-22,Online,False,Completed
GFT-0004292,DNR-01532,CMP-2026-ANN,141.76,2026-05-31,Online,False,Completed
GFT-0004293,DNR-01533,CMP-2024-ANN,110.79,2024-08-07,Online,False,Completed
GFT-0004294,DNR-01534,CMP-2025-ANN,28.42,2025-09-28,Online,False,Completed
GFT-0004295,DNR-01535,CMP-2024-ANN,81.23,2024-04-03,Online,False,Completed
GFT-0004296,DNR-01535,CMP-2025-ANN,100.94,2025-05-13,Online,False,Completed
GFT-0004297,DNR-01535,CMP-2026-ANN,163.5,2026-04-04,Online,False,Completed
GFT-0004298,DNR-01536,CMP-2024-ANN,173.33,2024-11-19,Online,False,Completed
GFT-0004299,DNR-01537,CMP-2024-ANN,152.9,2024-08-14,Online,False,Completed
GFT-0004300,DNR-01537,CMP-2025-ANN,84.52,2025-04-28,Online,False,Completed
GFT-0004301,DNR-01537,CMP-2026-ANN,129.11,2026-08-16,Online,False,Completed
GFT-0004302,DNR-01538,CMP-2025-ANN,129.95,2025-10-21,Online,False,Completed
GFT-0004303,DNR-01539,CMP-2023-ANN,214.97,2023-09-10,Online,False,Completed
GFT-0004304,DNR-01539,CMP-2024-ANN,38.18,2024-07-11,Online,False,Completed
GFT-0004305,DNR-01539,CMP-2026-ANN,162.32,2026-04-28,Online,False,Completed
GFT-0004306,DNR-01540,CMP-2023-ANN,39.41,2023-10-20,Online,False,Completed
GFT-0004307,DNR-01540,CMP-2024-ANN,197.34,2024-08-23,Online,False,Completed
GFT-0004308,DNR-01540,CMP-2025-ANN,220.54,2025-04-22,Online,False,Completed
GFT-0004309,DNR-01540,CMP-2026-ANN,166.83,2026-02-12,Online,False,Completed
GFT-0004310,DNR-01541,CMP-2023-ANN,164.04,2023-12-24,Online,False,Completed
GFT-0004311,DNR-01541,CMP-2024-ANN,50.75,2024-04-07,Online,False,Completed
GFT-0004312,DNR-01541,CMP-2025-ANN,179.0,2025-06-08,Online,False,Completed
GFT-0004313,DNR-01542,CMP-2023-ANN,34.44,2023-02-25,Online,False,Completed
GFT-0004314,DNR-01542,CMP-2025-ANN,185.77,2025-09-26,Online,False,Completed
GFT-0004315,DNR-01542,CMP-2026-ANN,82.93,2026-08-01,Online,False,Completed
GFT-0004316,DNR-01543,CMP-2025-ANN,186.62,2025-01-09,Online,False,Completed
GFT-0004317,DNR-01544,CMP-2024-ANN,42.43,2024-10-11,Online,False,Completed
GFT-0004318,DNR-01544,CMP-2025-ANN,139.98,2025-04-10,Online,False,Completed
GFT-0004319,DNR-01544,CMP-2026-ANN,98.3,2026-01-01,Online,False,Completed
GFT-0004320,DNR-01545,CMP-2023-ANN,2572.84,2023-04-16,Credit Card,False,Completed
GFT-0004321,DNR-01545,CMP-2023-ANN,2202.54,2023-07-26,Credit Card,False,Completed
GFT-0004322,DNR-01545,CMP-2024-ANN,2104.72,2024-01-16,Credit Card,False,Completed
GFT-0004323,DNR-01545,CMP-2025-ANN,857.7,2025-02-28,Credit Card,False,Completed
GFT-0004324,DNR-01545,CMP-2025-ANN,1316.35,2025-05-03,Credit Card,False,Completed
GFT-0004325,DNR-01545,CMP-2026-ANN,1337.46,2026-07-14,Credit Card,False,Completed
GFT-0004326,DNR-01545,CMP-2026-ANN,1520.34,2026-09-17,Credit Card,False,Completed
GFT-0004327,DNR-01546,CMP-2024-ANN,244.04,2024-11-13,Online,False,Completed
GFT-0004328,DNR-01546,CMP-2026-ANN,35.04,2026-01-30,Online,False,Completed
GFT-0004329,DNR-01547,CMP-2024-ANN,2779.68,2024-06-06,Credit Card,False,Completed
GFT-0004330,DNR-01547,CMP-2025-ANN,765.58,2025-06-16,Credit Card,False,Completed
GFT-0004331,DNR-01547,CMP-2026-ANN,2520.09,2026-01-13,Credit Card,False,Completed
GFT-0004332,DNR-01548,CMP-2024-ANN,200.7,2024-08-26,Online,False,Completed
GFT-0004333,DNR-01548,CMP-2025-ANN,155.83,2025-12-10,Online,False,Completed
GFT-0004334,DNR-01548,CMP-2026-ANN,73.35,2026-04-30,Online,False,Completed
GFT-0004335,DNR-01549,CMP-2026-ANN,188.41,2026-04-12,Online,False,Completed
GFT-0004336,DNR-01550,CMP-2025-ANN,249.51,2025-01-28,Online,False,Completed
GFT-0004337,DNR-01550,CMP-2026-ANN,42.4,2026-03-06,Online,False,Completed
GFT-0004338,DNR-01551,CMP-2024-ANN,1913.51,2024-04-30,Credit Card,False,Completed
GFT-0004339,DNR-01551,CMP-2025-ANN,2075.81,2025-02-12,Credit Card,False,Completed
GFT-0004340,DNR-01551,CMP-2025-ANN,2334.88,2025-07-26,Credit Card,False,Completed
GFT-0004341,DNR-01551,CMP-2025-ANN,1847.42,2025-05-21,Credit Card,False,Completed
GFT-0004342,DNR-01551,CMP-2026-ANN,2618.99,2026-08-17,Credit Card,False,Completed
GFT-0004343,DNR-01552,CMP-2025-ANN,36.57,2025-11-15,Online,False,Completed
GFT-0004344,DNR-01552,CMP-2026-ANN,143.0,2026-08-03,Online,False,Completed
GFT-0004345,DNR-01553,CMP-2023-ANN,1292.35,2023-12-08,Credit Card,False,Completed
GFT-0004346,DNR-01553,CMP-2023-ANN,987.56,2023-12-22,Credit Card,False,Completed
GFT-0004347,DNR-01553,CMP-2024-ANN,1232.66,2024-06-01,Credit Card,False,Completed
GFT-0004348,DNR-01553,CMP-2024-ANN,1110.07,2024-05-05,Credit Card,False,Completed
GFT-0004349,DNR-01553,CMP-2024-ANN,1107.68,2024-05-23,Credit Card,False,Completed
GFT-0004350,DNR-01553,CMP-2025-ANN,1077.23,2025-07-25,Credit Card,False,Completed
GFT-0004351,DNR-01553,CMP-2025-ANN,1287.04,2025-11-25,Credit Card,False,Completed
GFT-0004352,DNR-01553,CMP-2026-ANN,2232.68,2026-01-31,Credit Card,False,Completed
GFT-0004353,DNR-01554,CMP-2023-ANN,2332.0,2023-09-29,Credit Card,False,Completed
GFT-0004354,DNR-01554,CMP-2023-ANN,2700.57,2023-12-21,Credit Card,False,Completed
GFT-0004355,DNR-01554,CMP-2024-ANN,699.23,2024-11-27,Credit Card,False,Completed
GFT-0004356,DNR-01554,CMP-2024-ANN,1901.14,2024-07-07,Credit Card,False,Completed
GFT-0004357,DNR-01554,CMP-2025-ANN,2786.59,2025-04-09,Credit Card,False,Completed
GFT-0004358,DNR-01554,CMP-2026-ANN,1710.39,2026-04-06,Credit Card,False,Completed
GFT-0004359,DNR-01554,CMP-2026-ANN,1075.87,2026-03-01,Credit Card,False,Completed
GFT-0004360,DNR-01554,CMP-2026-ANN,2465.76,2026-03-10,Credit Card,False,Completed
GFT-0004361,DNR-01556,CMP-2024-ANN,229.58,2024-12-13,Online,False,Completed
GFT-0004362,DNR-01557,CMP-2025-ANN,51.54,2025-01-27,Online,False,Completed
GFT-0004363,DNR-01557,CMP-2026-ANN,138.63,2026-09-04,Online,False,Completed
GFT-0004364,DNR-01558,CMP-2024-ANN,136.2,2024-05-20,Online,False,Completed
GFT-0004365,DNR-01558,CMP-2026-ANN,65.48,2026-01-10,Online,False,Completed
GFT-0004366,DNR-01559,CMP-2023-ANN,538.78,2023-12-16,Credit Card,False,Completed
GFT-0004367,DNR-01559,CMP-2023-ANN,801.97,2023-10-04,Credit Card,False,Completed
GFT-0004368,DNR-01559,CMP-2024-ANN,2413.77,2024-07-13,Credit Card,False,Completed
GFT-0004369,DNR-01559,CMP-2024-ANN,2278.45,2024-05-15,Credit Card,False,Completed
GFT-0004370,DNR-01559,CMP-2025-ANN,2357.13,2025-05-26,Credit Card,False,Completed
GFT-0004371,DNR-01559,CMP-2025-ANN,815.99,2025-01-13,Credit Card,False,Completed
GFT-0004372,DNR-01559,CMP-2026-ANN,2584.65,2026-01-16,Credit Card,False,Completed
GFT-0004373,DNR-01560,CMP-2024-ANN,2225.12,2024-11-03,Credit Card,False,Completed
GFT-0004374,DNR-01560,CMP-2025-ANN,830.94,2025-02-21,Credit Card,False,Completed
GFT-0004375,DNR-01560,CMP-2026-ANN,2796.56,2026-09-15,Credit Card,False,Completed
GFT-0004376,DNR-01560,CMP-2026-ANN,2760.65,2026-01-27,Credit Card,False,Completed
GFT-0004377,DNR-01560,CMP-2026-ANN,1385.92,2026-04-09,Credit Card,False,Completed
GFT-0004378,DNR-01561,CMP-2023-ANN,150.31,2023-09-09,Online,False,Completed
GFT-0004379,DNR-01561,CMP-2025-ANN,226.92,2025-10-27,Online,False,Completed
GFT-0004380,DNR-01562,CMP-2023-ANN,163.74,2023-04-24,Online,False,Completed
GFT-0004381,DNR-01562,CMP-2025-ANN,191.22,2025-08-06,Online,False,Completed
GFT-0004382,DNR-01562,CMP-2026-ANN,126.0,2026-05-09,Online,False,Completed
GFT-0004383,DNR-01563,CMP-2023-ANN,126.19,2023-11-25,Online,False,Completed
GFT-0004384,DNR-01563,CMP-2025-ANN,132.35,2025-11-18,Online,False,Completed
GFT-0004385,DNR-01563,CMP-2026-ANN,66.28,2026-04-21,Online,False,Completed
GFT-0004386,DNR-01565,CMP-2024-ANN,880.64,2024-06-21,Credit Card,False,Completed
GFT-0004387,DNR-01565,CMP-2025-ANN,1983.88,2025-06-05,Credit Card,False,Completed
GFT-0004388,DNR-01565,CMP-2026-ANN,2184.77,2026-03-05,Credit Card,False,Completed
GFT-0004389,DNR-01565,CMP-2026-ANN,1633.82,2026-09-16,Credit Card,False,Completed
GFT-0004390,DNR-01566,CMP-2023-ANN,64.76,2023-10-01,Online,False,Completed
GFT-0004391,DNR-01566,CMP-2025-ANN,198.93,2025-03-18,Online,False,Completed
GFT-0004392,DNR-01566,CMP-2026-ANN,135.99,2026-09-02,Online,False,Completed
GFT-0004393,DNR-01567,CMP-2024-ANN,141.48,2024-07-30,Online,False,Completed
GFT-0004394,DNR-01567,CMP-2025-ANN,139.35,2025-06-28,Online,False,Completed
GFT-0004395,DNR-01568,CMP-2023-ANN,111.42,2023-04-26,Online,False,Completed
GFT-0004396,DNR-01568,CMP-2026-ANN,237.64,2026-03-20,Online,False,Completed
GFT-0004397,DNR-01569,CMP-2025-ANN,87.61,2025-01-29,Online,False,Completed
GFT-0004398,DNR-01570,CMP-2023-ANN,103.15,2023-11-13,Online,False,Completed
GFT-0004399,DNR-01570,CMP-2024-ANN,89.76,2024-12-03,Online,False,Completed
GFT-0004400,DNR-01570,CMP-2025-ANN,75.32,2025-06-15,Online,False,Completed
GFT-0004401,DNR-01570,CMP-2026-ANN,236.32,2026-02-15,Online,False,Completed
GFT-0004402,DNR-01571,CMP-2024-ANN,161.39,2024-12-16,Online,False,Completed
GFT-0004403,DNR-01571,CMP-2025-ANN,77.13,2025-04-02,Online,False,Completed
GFT-0004404,DNR-01571,CMP-2026-ANN,46.59,2026-09-11,Online,False,Completed
GFT-0004405,DNR-01572,CMP-2023-ANN,139.46,2023-08-04,Online,False,Completed
GFT-0004406,DNR-01572,CMP-2024-ANN,159.64,2024-04-30,Online,False,Completed
GFT-0004407,DNR-01572,CMP-2025-ANN,225.39,2025-07-02,Online,False,Completed
GFT-0004408,DNR-01572,CMP-2026-ANN,68.9,2026-02-22,Online,False,Completed
GFT-0004409,DNR-01573,CMP-2024-ANN,210.04,2024-06-22,Online,False,Completed
GFT-0004410,DNR-01573,CMP-2025-ANN,88.41,2025-12-03,Online,False,Completed
GFT-0004411,DNR-01574,CMP-2023-ANN,2330.22,2023-09-13,Credit Card,False,Completed
GFT-0004412,DNR-01574,CMP-2023-ANN,1802.23,2023-11-23,Credit Card,False,Completed
GFT-0004413,DNR-01574,CMP-2024-ANN,1237.35,2024-01-12,Credit Card,False,Completed
GFT-0004414,DNR-01574,CMP-2024-ANN,774.04,2024-06-24,Credit Card,False,Completed
GFT-0004415,DNR-01574,CMP-2025-ANN,2797.96,2025-05-22,Credit Card,False,Completed
GFT-0004416,DNR-01574,CMP-2025-ANN,799.85,2025-11-17,Credit Card,False,Completed
GFT-0004417,DNR-01574,CMP-2025-ANN,2722.2,2025-08-20,Credit Card,False,Completed
GFT-0004418,DNR-01574,CMP-2026-ANN,1157.64,2026-07-01,Credit Card,False,Completed
GFT-0004419,DNR-01574,CMP-2026-ANN,2661.26,2026-05-25,Credit Card,False,Completed
GFT-0004420,DNR-01576,CMP-2024-ANN,104.59,2024-12-21,Online,False,Completed
GFT-0004421,DNR-01576,CMP-2025-ANN,203.5,2025-11-23,Online,False,Completed
GFT-0004422,DNR-01577,CMP-2023-ANN,139.09,2023-10-27,Online,False,Completed
GFT-0004423,DNR-01577,CMP-2024-ANN,166.89,2024-07-05,Online,False,Completed
GFT-0004424,DNR-01577,CMP-2025-ANN,199.84,2025-02-12,Online,False,Completed
GFT-0004425,DNR-01578,CMP-2024-ANN,233.06,2024-02-28,Online,False,Completed
GFT-0004426,DNR-01578,CMP-2025-ANN,234.78,2025-03-16,Online,False,Completed
GFT-0004427,DNR-01579,CMP-2023-ANN,214.32,2023-09-28,Online,False,Completed
GFT-0004428,DNR-01579,CMP-2026-ANN,167.76,2026-02-16,Online,False,Completed
GFT-0004429,DNR-01580,CMP-2024-ANN,55.8,2024-12-08,Online,False,Completed
GFT-0004430,DNR-01580,CMP-2025-ANN,237.21,2025-02-24,Online,False,Completed
GFT-0004431,DNR-01581,CMP-2023-ANN,59.07,2023-03-17,Online,False,Completed
GFT-0004432,DNR-01581,CMP-2026-ANN,69.68,2026-03-02,Online,False,Completed
GFT-0004433,DNR-01583,CMP-2023-ANN,40.13,2023-12-07,Online,False,Completed
GFT-0004434,DNR-01583,CMP-2024-ANN,71.92,2024-02-29,Online,False,Completed
GFT-0004435,DNR-01583,CMP-2025-ANN,119.09,2025-03-17,Online,False,Completed
GFT-0004436,DNR-01583,CMP-2026-ANN,110.57,2026-05-15,Online,False,Completed
GFT-0004437,DNR-01584,CMP-2025-ANN,168.49,2025-08-21,Online,False,Completed
GFT-0004438,DNR-01584,CMP-2026-ANN,172.81,2026-03-19,Online,False,Completed
GFT-0004439,DNR-01585,CMP-2024-ANN,19410.86,2024-11-21,Check,True,Completed
GFT-0004440,DNR-01585,CMP-2025-ANN,27076.62,2025-01-11,Check,True,Completed
GFT-0004441,DNR-01585,CMP-2025-ANN,18098.76,2025-08-24,Check,True,Completed
GFT-0004442,DNR-01585,CMP-2026-ANN,11240.79,2026-06-21,Check,True,Completed
GFT-0004443,DNR-01586,CMP-2026-ANN,166.76,2026-03-13,Online,False,Completed
GFT-0004444,DNR-01587,CMP-2023-ANN,147.27,2023-07-18,Online,False,Completed
GFT-0004445,DNR-01587,CMP-2024-ANN,74.26,2024-08-08,Online,False,Completed
GFT-0004446,DNR-01588,CMP-2025-ANN,125.61,2025-07-18,Online,False,Completed
GFT-0004447,DNR-01588,CMP-2026-ANN,120.59,2026-04-22,Online,False,Completed
GFT-0004448,DNR-01589,CMP-2024-ANN,240.17,2024-12-20,Online,False,Completed
GFT-0004449,DNR-01589,CMP-2026-ANN,114.57,2026-01-30,Online,False,Completed
GFT-0004450,DNR-01590,CMP-2025-ANN,223.49,2025-12-04,Online,False,Completed
GFT-0004451,DNR-01592,CMP-2024-ANN,29514.58,2024-04-02,Check,True,Completed
GFT-0004452,DNR-01592,CMP-2024-ANN,19860.71,2024-03-12,Check,True,Completed
GFT-0004453,DNR-01592,CMP-2024-ANN,14176.72,2024-09-29,Check,True,Completed
GFT-0004454,DNR-01592,CMP-2025-ANN,21276.61,2025-05-13,Check,True,Completed
GFT-0004455,DNR-01592,CMP-2026-ANN,12436.03,2026-06-21,Check,True,Completed
GFT-0004456,DNR-01593,CMP-2025-ANN,139.18,2025-07-31,Online,False,Completed
GFT-0004457,DNR-01594,CMP-2026-ANN,198.65,2026-06-09,Online,False,Completed
GFT-0004458,DNR-01595,CMP-2023-ANN,96.46,2023-06-04,Online,False,Completed
GFT-0004459,DNR-01595,CMP-2024-ANN,124.44,2024-07-31,Online,False,Completed
GFT-0004460,DNR-01595,CMP-2025-ANN,230.28,2025-06-19,Online,False,Completed
GFT-0004461,DNR-01595,CMP-2026-ANN,188.84,2026-02-05,Online,False,Completed
GFT-0004462,DNR-01596,CMP-2023-ANN,209.17,2023-12-12,Online,False,Completed
GFT-0004463,DNR-01596,CMP-2024-ANN,117.21,2024-04-17,Online,False,Completed
GFT-0004464,DNR-01596,CMP-2025-ANN,62.47,2025-05-18,Online,False,Completed
GFT-0004465,DNR-01596,CMP-2026-ANN,165.69,2026-07-21,Online,False,Completed
GFT-0004466,DNR-01597,CMP-2025-ANN,161.12,2025-08-10,Online,False,Completed
GFT-0004467,DNR-01597,CMP-2026-ANN,187.5,2026-07-22,Online,False,Completed
GFT-0004468,DNR-01598,CMP-2024-ANN,183.56,2024-01-13,Online,False,Completed
GFT-0004469,DNR-01599,CMP-2023-ANN,172.36,2023-09-17,Online,False,Completed
GFT-0004470,DNR-01599,CMP-2024-ANN,106.47,2024-05-17,Online,False,Completed
GFT-0004471,DNR-01599,CMP-2025-ANN,60.32,2025-01-19,Online,False,Completed
GFT-0004472,DNR-01599,CMP-2026-ANN,218.44,2026-09-20,Online,False,Completed
GFT-0004473,DNR-01600,CMP-2023-ANN,1225.47,2023-11-06,Credit Card,False,Completed
GFT-0004474,DNR-01600,CMP-2024-ANN,2776.63,2024-08-27,Credit Card,False,Completed
GFT-0004475,DNR-01600,CMP-2025-ANN,1533.49,2025-08-23,Credit Card,False,Completed
GFT-0004476,DNR-01600,CMP-2025-ANN,1882.38,2025-12-23,Credit Card,False,Completed
GFT-0004477,DNR-01600,CMP-2026-ANN,2850.03,2026-03-13,Credit Card,False,Completed
GFT-0004478,DNR-01601,CMP-2023-ANN,29.51,2023-01-30,Online,False,Completed
GFT-0004479,DNR-01601,CMP-2025-ANN,114.54,2025-09-28,Online,False,Completed
GFT-0004480,DNR-01601,CMP-2026-ANN,60.31,2026-07-26,Online,False,Completed
GFT-0004481,DNR-01602,CMP-2024-ANN,76.75,2024-06-10,Online,False,Completed
GFT-0004482,DNR-01602,CMP-2026-ANN,86.3,2026-05-14,Online,False,Completed
GFT-0004483,DNR-01603,CMP-2023-ANN,201.41,2023-12-25,Online,False,Completed
GFT-0004484,DNR-01603,CMP-2025-ANN,191.62,2025-03-02,Online,False,Completed
GFT-0004485,DNR-01603,CMP-2026-ANN,44.11,2026-06-29,Online,False,Completed
GFT-0004486,DNR-01604,CMP-2025-ANN,187.48,2025-07-22,Online,False,Completed
GFT-0004487,DNR-01605,CMP-2023-ANN,28.32,2023-11-24,Online,False,Completed
GFT-0004488,DNR-01605,CMP-2026-ANN,190.57,2026-03-31,Online,False,Completed
GFT-0004489,DNR-01606,CMP-2024-ANN,161.28,2024-03-15,Online,False,Completed
GFT-0004490,DNR-01606,CMP-2025-ANN,97.84,2025-05-30,Online,False,Completed
GFT-0004491,DNR-01606,CMP-2026-ANN,30.27,2026-08-13,Online,False,Completed
GFT-0004492,DNR-01607,CMP-2023-ANN,70.6,2023-03-02,Online,False,Completed
GFT-0004493,DNR-01607,CMP-2024-ANN,172.61,2024-12-09,Online,False,Completed
GFT-0004494,DNR-01607,CMP-2025-ANN,90.53,2025-10-23,Online,False,Completed
GFT-0004495,DNR-01607,CMP-2026-ANN,242.55,2026-09-24,Online,False,Completed
GFT-0004496,DNR-01608,CMP-2023-ANN,1196.39,2023-04-09,Credit Card,False,Completed
GFT-0004497,DNR-01608,CMP-2023-ANN,1211.06,2023-08-29,Credit Card,False,Completed
GFT-0004498,DNR-01608,CMP-2023-ANN,2257.2,2023-10-06,Credit Card,False,Completed
GFT-0004499,DNR-01608,CMP-2024-ANN,1111.54,2024-12-21,Credit Card,False,Completed
GFT-0004500,DNR-01608,CMP-2024-ANN,543.03,2024-10-19,Credit Card,False,Completed
GFT-0004501,DNR-01608,CMP-2024-ANN,1742.59,2024-01-04,Credit Card,False,Completed
GFT-0004502,DNR-01608,CMP-2025-ANN,2878.64,2025-07-13,Credit Card,False,Completed
GFT-0004503,DNR-01608,CMP-2025-ANN,2406.75,2025-11-20,Credit Card,False,Completed
GFT-0004504,DNR-01608,CMP-2026-ANN,770.76,2026-04-08,Credit Card,False,Completed
GFT-0004505,DNR-01608,CMP-2026-ANN,1060.15,2026-01-24,Credit Card,False,Completed
GFT-0004506,DNR-01608,CMP-2026-ANN,2937.98,2026-06-09,Credit Card,False,Completed
GFT-0004507,DNR-01609,CMP-2023-ANN,77.23,2023-06-20,Online,False,Completed
GFT-0004508,DNR-01609,CMP-2024-ANN,151.71,2024-05-26,Online,False,Completed
GFT-0004509,DNR-01609,CMP-2026-ANN,207.18,2026-07-24,Online,False,Completed
GFT-0004510,DNR-01610,CMP-2024-ANN,63.08,2024-09-22,Online,False,Completed
GFT-0004511,DNR-01610,CMP-2026-ANN,81.24,2026-02-17,Online,False,Completed
GFT-0004512,DNR-01611,CMP-2023-ANN,1507.99,2023-04-10,Credit Card,False,Completed
GFT-0004513,DNR-01611,CMP-2024-ANN,1808.51,2024-05-26,Credit Card,False,Completed
GFT-0004514,DNR-01611,CMP-2024-ANN,2599.13,2024-08-07,Credit Card,False,Completed
GFT-0004515,DNR-01611,CMP-2025-ANN,647.33,2025-10-02,Credit Card,False,Completed
GFT-0004516,DNR-01611,CMP-2026-ANN,1130.06,2026-01-21,Credit Card,False,Completed
GFT-0004517,DNR-01611,CMP-2026-ANN,1278.64,2026-05-14,Credit Card,False,Completed
GFT-0004518,DNR-01612,CMP-2024-ANN,58.89,2024-06-21,Online,False,Completed
GFT-0004519,DNR-01612,CMP-2025-ANN,152.2,2025-03-06,Online,False,Completed
GFT-0004520,DNR-01612,CMP-2026-ANN,26.25,2026-06-13,Online,False,Completed
GFT-0004521,DNR-01614,CMP-2026-ANN,95.43,2026-02-16,Online,False,Completed
GFT-0004522,DNR-01615,CMP-2026-ANN,184.5,2026-05-04,Online,False,Completed
GFT-0004523,DNR-01616,CMP-2023-ANN,218.2,2023-10-15,Online,False,Completed
GFT-0004524,DNR-01616,CMP-2025-ANN,48.63,2025-07-30,Online,False,Completed
GFT-0004525,DNR-01617,CMP-2024-ANN,13536.78,2024-11-21,Check,True,Completed
GFT-0004526,DNR-01617,CMP-2024-ANN,47218.82,2024-11-14,Check,True,Completed
GFT-0004527,DNR-01617,CMP-2025-ANN,12808.05,2025-02-20,Check,True,Completed
GFT-0004528,DNR-01617,CMP-2026-ANN,15603.86,2026-02-09,Check,True,Completed
GFT-0004529,DNR-01618,CMP-2024-ANN,193.33,2024-11-17,Online,False,Completed
GFT-0004530,DNR-01618,CMP-2025-ANN,123.46,2025-08-08,Online,False,Completed
GFT-0004531,DNR-01619,CMP-2024-ANN,120.44,2024-12-25,Online,False,Completed
GFT-0004532,DNR-01619,CMP-2025-ANN,205.71,2025-03-31,Online,False,Completed
GFT-0004533,DNR-01619,CMP-2026-ANN,193.52,2026-03-11,Online,False,Completed
GFT-0004534,DNR-01620,CMP-2023-ANN,114.87,2023-11-23,Online,False,Completed
GFT-0004535,DNR-01620,CMP-2024-ANN,122.98,2024-04-29,Online,False,Completed
GFT-0004536,DNR-01620,CMP-2025-ANN,232.44,2025-11-07,Online,False,Completed
GFT-0004537,DNR-01621,CMP-2023-ANN,163.4,2023-12-15,Online,False,Completed
GFT-0004538,DNR-01621,CMP-2024-ANN,171.3,2024-05-21,Online,False,Completed
GFT-0004539,DNR-01621,CMP-2025-ANN,142.73,2025-06-26,Online,False,Completed
GFT-0004540,DNR-01621,CMP-2026-ANN,163.15,2026-04-12,Online,False,Completed
GFT-0004541,DNR-01622,CMP-2024-ANN,81.53,2024-06-24,Online,False,Completed
GFT-0004542,DNR-01622,CMP-2025-ANN,235.65,2025-02-27,Online,False,Completed
GFT-0004543,DNR-01623,CMP-2026-ANN,142.99,2026-03-12,Online,False,Completed
GFT-0004544,DNR-01624,CMP-2023-ANN,524.55,2023-12-15,Credit Card,False,Completed
GFT-0004545,DNR-01624,CMP-2023-ANN,1540.76,2023-09-28,Credit Card,False,Completed
GFT-0004546,DNR-01624,CMP-2024-ANN,1676.23,2024-07-07,Credit Card,False,Completed
GFT-0004547,DNR-01624,CMP-2025-ANN,1279.6,2025-10-23,Credit Card,False,Completed
GFT-0004548,DNR-01624,CMP-2026-ANN,998.17,2026-09-23,Credit Card,False,Completed
GFT-0004549,DNR-01625,CMP-2023-ANN,128.18,2023-11-13,Online,False,Completed
GFT-0004550,DNR-01625,CMP-2024-ANN,165.62,2024-06-06,Online,False,Completed
GFT-0004551,DNR-01625,CMP-2025-ANN,40.02,2025-01-06,Online,False,Completed
GFT-0004552,DNR-01626,CMP-2024-ANN,28.18,2024-07-30,Online,False,Completed
GFT-0004553,DNR-01626,CMP-2025-ANN,88.94,2025-03-20,Online,False,Completed
GFT-0004554,DNR-01627,CMP-2025-ANN,189.1,2025-12-26,Online,False,Completed
GFT-0004555,DNR-01627,CMP-2026-ANN,197.57,2026-03-18,Online,False,Completed
GFT-0004556,DNR-01628,CMP-2024-ANN,169.36,2024-07-04,Online,False,Completed
GFT-0004557,DNR-01628,CMP-2025-ANN,158.34,2025-09-22,Online,False,Completed
GFT-0004558,DNR-01628,CMP-2026-ANN,73.7,2026-08-07,Online,False,Completed
GFT-0004559,DNR-01629,CMP-2025-ANN,151.82,2025-08-17,Online,False,Completed
GFT-0004560,DNR-01629,CMP-2026-ANN,142.52,2026-03-01,Online,False,Completed
GFT-0004561,DNR-01630,CMP-2026-ANN,154.52,2026-08-20,Online,False,Completed
GFT-0004562,DNR-01633,CMP-2023-ANN,25.6,2023-07-17,Online,False,Completed
GFT-0004563,DNR-01633,CMP-2024-ANN,73.7,2024-10-28,Online,False,Completed
GFT-0004564,DNR-01634,CMP-2024-ANN,131.98,2024-08-20,Online,False,Completed
GFT-0004565,DNR-01634,CMP-2025-ANN,42.5,2025-11-04,Online,False,Completed
GFT-0004566,DNR-01635,CMP-2024-ANN,1779.26,2024-11-12,Credit Card,False,Completed
GFT-0004567,DNR-01635,CMP-2025-ANN,1563.51,2025-05-27,Credit Card,False,Completed
GFT-0004568,DNR-01635,CMP-2025-ANN,1679.22,2025-08-21,Credit Card,False,Completed
GFT-0004569,DNR-01635,CMP-2026-ANN,1750.94,2026-01-07,Credit Card,False,Completed
GFT-0004570,DNR-01635,CMP-2026-ANN,793.24,2026-09-14,Credit Card,False,Completed
GFT-0004571,DNR-01636,CMP-2023-ANN,109.89,2023-11-01,Online,False,Completed
GFT-0004572,DNR-01636,CMP-2024-ANN,131.76,2024-05-13,Online,False,Completed
GFT-0004573,DNR-01636,CMP-2025-ANN,142.45,2025-05-02,Online,False,Completed
GFT-0004574,DNR-01636,CMP-2026-ANN,223.74,2026-01-14,Online,False,Completed
GFT-0004575,DNR-01639,CMP-2025-ANN,40255.74,2025-05-25,Check,True,Completed
GFT-0004576,DNR-01639,CMP-2025-ANN,22745.51,2025-11-15,Check,True,Completed
GFT-0004577,DNR-01639,CMP-2026-ANN,10489.48,2026-05-12,Check,True,Completed
GFT-0004578,DNR-01639,CMP-2026-ANN,11244.03,2026-04-10,Check,True,Completed
GFT-0004579,DNR-01639,CMP-2026-ANN,10059.16,2026-06-17,Check,True,Completed
GFT-0004580,DNR-01640,CMP-2025-ANN,1725.23,2025-09-15,Credit Card,False,Completed
GFT-0004581,DNR-01640,CMP-2025-ANN,2472.41,2025-09-04,Credit Card,False,Completed
GFT-0004582,DNR-01640,CMP-2026-ANN,800.6,2026-01-05,Credit Card,False,Completed
GFT-0004583,DNR-01640,CMP-2026-ANN,2749.41,2026-05-08,Credit Card,False,Completed
GFT-0004584,DNR-01640,CMP-2026-ANN,2130.23,2026-01-02,Credit Card,False,Completed
GFT-0004585,DNR-01641,CMP-2023-ANN,219.88,2023-02-26,Online,False,Completed
GFT-0004586,DNR-01641,CMP-2026-ANN,120.42,2026-01-10,Online,False,Completed
GFT-0004587,DNR-01642,CMP-2023-ANN,1899.49,2023-11-20,Credit Card,False,Completed
GFT-0004588,DNR-01642,CMP-2023-ANN,2994.75,2023-06-13,Credit Card,False,Completed
GFT-0004589,DNR-01642,CMP-2023-ANN,2848.52,2023-02-01,Credit Card,False,Completed
GFT-0004590,DNR-01642,CMP-2024-ANN,1435.51,2024-02-21,Credit Card,False,Completed
GFT-0004591,DNR-01642,CMP-2024-ANN,2832.98,2024-02-10,Credit Card,False,Completed
GFT-0004592,DNR-01642,CMP-2025-ANN,989.59,2025-10-18,Credit Card,False,Completed
GFT-0004593,DNR-01642,CMP-2026-ANN,1815.01,2026-03-20,Credit Card,False,Completed
GFT-0004594,DNR-01642,CMP-2026-ANN,514.04,2026-08-13,Credit Card,False,Completed
GFT-0004595,DNR-01643,CMP-2023-ANN,46.17,2023-06-30,Online,False,Completed
GFT-0004596,DNR-01643,CMP-2024-ANN,82.1,2024-07-24,Online,False,Completed
GFT-0004597,DNR-01644,CMP-2023-ANN,86.86,2023-07-28,Online,False,Completed
GFT-0004598,DNR-01644,CMP-2024-ANN,34.88,2024-08-16,Online,False,Completed
GFT-0004599,DNR-01644,CMP-2026-ANN,165.69,2026-07-06,Online,False,Completed
GFT-0004600,DNR-01646,CMP-2025-ANN,131.53,2025-12-24,Online,False,Completed
GFT-0004601,DNR-01647,CMP-2025-ANN,31.49,2025-09-11,Online,False,Completed
GFT-0004602,DNR-01648,CMP-2025-ANN,2264.1,2025-11-20,Credit Card,False,Completed
GFT-0004603,DNR-01648,CMP-2026-ANN,2677.28,2026-08-26,Credit Card,False,Completed
GFT-0004604,DNR-01649,CMP-2025-ANN,119.4,2025-10-14,Online,False,Completed
GFT-0004605,DNR-01650,CMP-2025-ANN,168.43,2025-08-20,Online,False,Completed
GFT-0004606,DNR-01650,CMP-2026-ANN,46.93,2026-08-12,Online,False,Completed
GFT-0004607,DNR-01651,CMP-2023-ANN,246.27,2023-11-29,Online,False,Completed
GFT-0004608,DNR-01651,CMP-2024-ANN,163.15,2024-02-15,Online,False,Completed
GFT-0004609,DNR-01651,CMP-2025-ANN,213.39,2025-03-30,Online,False,Completed
GFT-0004610,DNR-01652,CMP-2024-ANN,184.59,2024-11-05,Online,False,Completed
GFT-0004611,DNR-01652,CMP-2026-ANN,237.47,2026-03-09,Online,False,Completed
GFT-0004612,DNR-01653,CMP-2023-ANN,236.62,2023-11-18,Online,False,Completed
GFT-0004613,DNR-01653,CMP-2024-ANN,213.49,2024-07-26,Online,False,Completed
GFT-0004614,DNR-01653,CMP-2026-ANN,210.64,2026-09-20,Online,False,Completed
GFT-0004615,DNR-01654,CMP-2023-ANN,189.02,2023-03-19,Online,False,Completed
GFT-0004616,DNR-01654,CMP-2024-ANN,124.76,2024-09-29,Online,False,Completed
GFT-0004617,DNR-01654,CMP-2025-ANN,69.7,2025-01-11,Online,False,Completed
GFT-0004618,DNR-01654,CMP-2026-ANN,63.92,2026-05-09,Online,False,Completed
GFT-0004619,DNR-01655,CMP-2026-ANN,86.6,2026-08-06,Online,False,Completed
GFT-0004620,DNR-01656,CMP-2023-ANN,794.29,2023-12-25,Credit Card,False,Completed
GFT-0004621,DNR-01656,CMP-2023-ANN,1665.63,2023-12-26,Credit Card,False,Completed
GFT-0004622,DNR-01656,CMP-2024-ANN,715.24,2024-08-11,Credit Card,False,Completed
GFT-0004623,DNR-01656,CMP-2024-ANN,2825.68,2024-05-05,Credit Card,False,Completed
GFT-0004624,DNR-01656,CMP-2024-ANN,720.4,2024-06-30,Credit Card,False,Completed
GFT-0004625,DNR-01656,CMP-2025-ANN,956.25,2025-08-16,Credit Card,False,Completed
GFT-0004626,DNR-01656,CMP-2026-ANN,964.15,2026-07-01,Credit Card,False,Completed
GFT-0004627,DNR-01657,CMP-2023-ANN,242.3,2023-11-29,Online,False,Completed
GFT-0004628,DNR-01657,CMP-2026-ANN,109.27,2026-06-30,Online,False,Completed
GFT-0004629,DNR-01658,CMP-2024-ANN,187.96,2024-05-19,Online,False,Completed
GFT-0004630,DNR-01658,CMP-2025-ANN,213.39,2025-10-16,Online,False,Completed
GFT-0004631,DNR-01659,CMP-2025-ANN,195.06,2025-10-23,Online,False,Completed
GFT-0004632,DNR-01659,CMP-2026-ANN,37.0,2026-01-09,Online,False,Completed
GFT-0004633,DNR-01660,CMP-2024-ANN,56.6,2024-07-12,Online,False,Completed
GFT-0004634,DNR-01660,CMP-2025-ANN,75.84,2025-09-19,Online,False,Completed
GFT-0004635,DNR-01660,CMP-2026-ANN,223.8,2026-03-13,Online,False,Completed
GFT-0004636,DNR-01661,CMP-2025-ANN,91.36,2025-08-19,Online,False,Completed
GFT-0004637,DNR-01662,CMP-2023-ANN,135.22,2023-03-25,Online,False,Completed
GFT-0004638,DNR-01662,CMP-2024-ANN,103.49,2024-09-18,Online,False,Completed
GFT-0004639,DNR-01662,CMP-2026-ANN,166.98,2026-04-30,Online,False,Completed
GFT-0004640,DNR-01663,CMP-2023-ANN,591.83,2023-12-27,Credit Card,False,Completed
GFT-0004641,DNR-01663,CMP-2024-ANN,1464.2,2024-10-08,Credit Card,False,Completed
GFT-0004642,DNR-01663,CMP-2024-ANN,1844.87,2024-04-29,Credit Card,False,Completed
GFT-0004643,DNR-01663,CMP-2024-ANN,1026.66,2024-02-15,Credit Card,False,Completed
GFT-0004644,DNR-01663,CMP-2025-ANN,1584.63,2025-06-24,Credit Card,False,Completed
GFT-0004645,DNR-01663,CMP-2025-ANN,2115.02,2025-08-06,Credit Card,False,Completed
GFT-0004646,DNR-01663,CMP-2025-ANN,2205.04,2025-02-19,Credit Card,False,Completed
GFT-0004647,DNR-01663,CMP-2026-ANN,1018.62,2026-05-13,Credit Card,False,Completed
GFT-0004648,DNR-01663,CMP-2026-ANN,2249.13,2026-08-05,Credit Card,False,Completed
GFT-0004649,DNR-01664,CMP-2023-ANN,211.72,2023-09-16,Online,False,Completed
GFT-0004650,DNR-01664,CMP-2025-ANN,199.02,2025-09-14,Online,False,Completed
GFT-0004651,DNR-01664,CMP-2026-ANN,130.23,2026-05-12,Online,False,Completed
GFT-0004652,DNR-01665,CMP-2024-ANN,19690.62,2024-09-06,Check,True,Completed
GFT-0004653,DNR-01665,CMP-2025-ANN,15183.35,2025-02-23,Check,True,Completed
GFT-0004654,DNR-01665,CMP-2026-ANN,11121.34,2026-08-06,Check,True,Completed
GFT-0004655,DNR-01665,CMP-2026-ANN,68135.17,2026-09-29,Check,True,Completed
GFT-0004656,DNR-01665,CMP-2026-ANN,16871.83,2026-03-06,Check,True,Completed
GFT-0004657,DNR-01666,CMP-2025-ANN,2077.78,2025-05-01,Credit Card,False,Completed
GFT-0004658,DNR-01666,CMP-2025-ANN,1688.02,2025-10-10,Credit Card,False,Completed
GFT-0004659,DNR-01666,CMP-2025-ANN,1668.12,2025-05-27,Credit Card,False,Completed
GFT-0004660,DNR-01666,CMP-2026-ANN,1430.71,2026-08-24,Credit Card,False,Completed
GFT-0004661,DNR-01666,CMP-2026-ANN,1444.78,2026-02-21,Credit Card,False,Completed
GFT-0004662,DNR-01667,CMP-2023-ANN,32.62,2023-12-15,Online,False,Completed
GFT-0004663,DNR-01668,CMP-2024-ANN,896.88,2024-11-28,Credit Card,False,Completed
GFT-0004664,DNR-01668,CMP-2025-ANN,1336.78,2025-11-24,Credit Card,False,Completed
GFT-0004665,DNR-01668,CMP-2025-ANN,2119.7,2025-04-02,Credit Card,False,Completed
GFT-0004666,DNR-01668,CMP-2026-ANN,967.78,2026-01-27,Credit Card,False,Completed
GFT-0004667,DNR-01669,CMP-2023-ANN,61.62,2023-10-16,Online,False,Completed
GFT-0004668,DNR-01669,CMP-2024-ANN,194.21,2024-05-22,Online,False,Completed
GFT-0004669,DNR-01669,CMP-2025-ANN,163.74,2025-10-22,Online,False,Completed
GFT-0004670,DNR-01669,CMP-2026-ANN,181.26,2026-09-26,Online,False,Completed
GFT-0004671,DNR-01670,CMP-2023-ANN,1498.33,2023-10-10,Credit Card,False,Completed
GFT-0004672,DNR-01670,CMP-2023-ANN,2585.24,2023-06-02,Credit Card,False,Completed
GFT-0004673,DNR-01670,CMP-2023-ANN,1131.44,2023-07-17,Credit Card,False,Completed
GFT-0004674,DNR-01670,CMP-2024-ANN,2002.35,2024-03-03,Credit Card,False,Completed
GFT-0004675,DNR-01670,CMP-2024-ANN,1706.39,2024-12-13,Credit Card,False,Completed
GFT-0004676,DNR-01670,CMP-2025-ANN,1250.43,2025-10-28,Credit Card,False,Completed
GFT-0004677,DNR-01670,CMP-2025-ANN,2926.91,2025-10-10,Credit Card,False,Completed
GFT-0004678,DNR-01670,CMP-2026-ANN,2407.93,2026-08-28,Credit Card,False,Completed
GFT-0004679,DNR-01671,CMP-2024-ANN,119.72,2024-03-22,Online,False,Completed
GFT-0004680,DNR-01672,CMP-2024-ANN,1982.69,2024-09-02,Credit Card,False,Completed
GFT-0004681,DNR-01672,CMP-2024-ANN,910.06,2024-07-22,Credit Card,False,Completed
GFT-0004682,DNR-01672,CMP-2025-ANN,2805.88,2025-09-18,Credit Card,False,Completed
GFT-0004683,DNR-01672,CMP-2026-ANN,2913.09,2026-09-16,Credit Card,False,Completed
GFT-0004684,DNR-01672,CMP-2026-ANN,2857.12,2026-09-16,Credit Card,False,Completed
GFT-0004685,DNR-01672,CMP-2026-ANN,996.16,2026-08-14,Credit Card,False,Completed
GFT-0004686,DNR-01673,CMP-2023-ANN,2379.63,2023-04-27,Credit Card,False,Completed
GFT-0004687,DNR-01673,CMP-2023-ANN,824.73,2023-02-23,Credit Card,False,Completed
GFT-0004688,DNR-01673,CMP-2023-ANN,1332.87,2023-07-27,Credit Card,False,Completed
GFT-0004689,DNR-01673,CMP-2024-ANN,2925.81,2024-05-23,Credit Card,False,Completed
GFT-0004690,DNR-01673,CMP-2025-ANN,2482.16,2025-04-21,Credit Card,False,Completed
GFT-0004691,DNR-01673,CMP-2025-ANN,853.65,2025-12-13,Credit Card,False,Completed
GFT-0004692,DNR-01673,CMP-2026-ANN,1646.78,2026-01-18,Credit Card,False,Completed
GFT-0004693,DNR-01673,CMP-2026-ANN,913.36,2026-07-05,Credit Card,False,Completed
GFT-0004694,DNR-01674,CMP-2023-ANN,2146.52,2023-11-24,Credit Card,False,Completed
GFT-0004695,DNR-01674,CMP-2024-ANN,2707.39,2024-03-17,Credit Card,False,Completed
GFT-0004696,DNR-01674,CMP-2025-ANN,1268.82,2025-11-20,Credit Card,False,Completed
GFT-0004697,DNR-01674,CMP-2025-ANN,961.48,2025-08-26,Credit Card,False,Completed
GFT-0004698,DNR-01674,CMP-2026-ANN,1591.37,2026-05-04,Credit Card,False,Completed
GFT-0004699,DNR-01675,CMP-2026-ANN,149.95,2026-02-22,Online,False,Completed
GFT-0004700,DNR-01676,CMP-2026-ANN,60.85,2026-06-05,Online,False,Completed
GFT-0004701,DNR-01677,CMP-2025-ANN,148.71,2025-09-21,Online,False,Completed
GFT-0004702,DNR-01677,CMP-2026-ANN,72.81,2026-01-24,Online,False,Completed
GFT-0004703,DNR-01678,CMP-2023-ANN,109.67,2023-08-11,Online,False,Completed
GFT-0004704,DNR-01678,CMP-2024-ANN,79.62,2024-05-24,Online,False,Completed
GFT-0004705,DNR-01678,CMP-2026-ANN,96.63,2026-09-09,Online,False,Completed
GFT-0004706,DNR-01679,CMP-2025-ANN,98.6,2025-11-07,Online,False,Completed
GFT-0004707,DNR-01679,CMP-2026-ANN,176.82,2026-07-30,Online,False,Completed
GFT-0004708,DNR-01680,CMP-2024-ANN,145.18,2024-12-05,Online,False,Completed
GFT-0004709,DNR-01680,CMP-2025-ANN,175.72,2025-06-06,Online,False,Completed
GFT-0004710,DNR-01681,CMP-2023-ANN,224.26,2023-09-08,Online,False,Completed
GFT-0004711,DNR-01681,CMP-2024-ANN,77.91,2024-11-06,Online,False,Completed
GFT-0004712,DNR-01681,CMP-2025-ANN,137.83,2025-05-03,Online,False,Completed
GFT-0004713,DNR-01681,CMP-2026-ANN,159.81,2026-09-04,Online,False,Completed
GFT-0004714,DNR-01682,CMP-2024-ANN,12227.65,2024-06-27,Check,True,Completed
GFT-0004715,DNR-01682,CMP-2024-ANN,16226.02,2024-08-28,Check,True,Completed
GFT-0004716,DNR-01682,CMP-2025-ANN,21500.79,2025-11-15,Check,True,Completed
GFT-0004717,DNR-01682,CMP-2026-ANN,10606.71,2026-08-25,Check,True,Completed
GFT-0004718,DNR-01682,CMP-2026-ANN,12613.01,2026-06-26,Check,True,Completed
GFT-0004719,DNR-01682,CMP-2026-ANN,29140.81,2026-04-09,Check,True,Completed
GFT-0004720,DNR-01683,CMP-2025-ANN,137.49,2025-10-28,Online,False,Completed
GFT-0004721,DNR-01683,CMP-2026-ANN,92.94,2026-09-13,Online,False,Completed
GFT-0004722,DNR-01684,CMP-2025-ANN,1348.97,2025-08-10,Credit Card,False,Completed
GFT-0004723,DNR-01684,CMP-2026-ANN,949.69,2026-09-14,Credit Card,False,Completed
GFT-0004724,DNR-01684,CMP-2026-ANN,876.87,2026-06-12,Credit Card,False,Completed
GFT-0004725,DNR-01684,CMP-2026-ANN,1277.73,2026-09-29,Credit Card,False,Completed
GFT-0004726,DNR-01685,CMP-2024-ANN,83.73,2024-05-29,Online,False,Completed
GFT-0004727,DNR-01685,CMP-2026-ANN,114.6,2026-05-01,Online,False,Completed
GFT-0004728,DNR-01686,CMP-2025-ANN,2585.58,2025-01-28,Credit Card,False,Completed
GFT-0004729,DNR-01686,CMP-2025-ANN,1662.31,2025-03-13,Credit Card,False,Completed
GFT-0004730,DNR-01686,CMP-2025-ANN,706.6,2025-03-18,Credit Card,False,Completed
GFT-0004731,DNR-01686,CMP-2026-ANN,2331.68,2026-03-16,Credit Card,False,Completed
GFT-0004732,DNR-01686,CMP-2026-ANN,2139.67,2026-03-25,Credit Card,False,Completed
GFT-0004733,DNR-01686,CMP-2026-ANN,1511.18,2026-07-12,Credit Card,False,Completed
GFT-0004734,DNR-01687,CMP-2023-ANN,902.21,2023-10-14,Credit Card,False,Completed
GFT-0004735,DNR-01687,CMP-2024-ANN,1936.71,2024-05-05,Credit Card,False,Completed
GFT-0004736,DNR-01687,CMP-2025-ANN,2215.75,2025-02-07,Credit Card,False,Completed
GFT-0004737,DNR-01687,CMP-2025-ANN,528.97,2025-04-15,Credit Card,False,Completed
GFT-0004738,DNR-01687,CMP-2026-ANN,2899.8,2026-05-03,Credit Card,False,Completed
GFT-0004739,DNR-01687,CMP-2026-ANN,1504.26,2026-01-02,Credit Card,False,Completed
GFT-0004740,DNR-01687,CMP-2026-ANN,2428.4,2026-03-15,Credit Card,False,Completed
GFT-0004741,DNR-01688,CMP-2024-ANN,83.2,2024-12-14,Online,False,Completed
GFT-0004742,DNR-01689,CMP-2024-ANN,108.89,2024-04-01,Online,False,Completed
GFT-0004743,DNR-01689,CMP-2025-ANN,100.39,2025-02-25,Online,False,Completed
GFT-0004744,DNR-01689,CMP-2026-ANN,107.09,2026-06-15,Online,False,Completed
GFT-0004745,DNR-01690,CMP-2025-ANN,111.28,2025-11-04,Online,False,Completed
GFT-0004746,DNR-01691,CMP-2023-ANN,100.85,2023-02-26,Online,False,Completed
GFT-0004747,DNR-01691,CMP-2025-ANN,69.46,2025-03-13,Online,False,Completed
GFT-0004748,DNR-01692,CMP-2026-ANN,35.92,2026-05-16,Online,False,Completed
GFT-0004749,DNR-01693,CMP-2025-ANN,52.35,2025-11-07,Online,False,Completed
GFT-0004750,DNR-01693,CMP-2026-ANN,107.6,2026-03-15,Online,False,Completed
GFT-0004751,DNR-01694,CMP-2026-ANN,100.93,2026-09-02,Online,False,Completed
GFT-0004752,DNR-01695,CMP-2024-ANN,209.31,2024-09-23,Online,False,Completed
GFT-0004753,DNR-01695,CMP-2025-ANN,65.21,2025-02-22,Online,False,Completed
GFT-0004754,DNR-01695,CMP-2026-ANN,28.94,2026-08-22,Online,False,Completed
GFT-0004755,DNR-01696,CMP-2023-ANN,168.1,2023-09-03,Online,False,Completed
GFT-0004756,DNR-01696,CMP-2024-ANN,105.38,2024-02-17,Online,False,Completed
GFT-0004757,DNR-01696,CMP-2025-ANN,191.2,2025-08-22,Online,False,Completed
GFT-0004758,DNR-01696,CMP-2026-ANN,43.91,2026-08-09,Online,False,Completed
GFT-0004759,DNR-01697,CMP-2023-ANN,188.53,2023-10-14,Online,False,Completed
GFT-0004760,DNR-01697,CMP-2025-ANN,86.81,2025-10-31,Online,False,Completed
GFT-0004761,DNR-01698,CMP-2024-ANN,210.75,2024-03-10,Online,False,Completed
GFT-0004762,DNR-01699,CMP-2024-ANN,1922.67,2024-10-07,Credit Card,False,Completed
GFT-0004763,DNR-01699,CMP-2024-ANN,601.6,2024-11-02,Credit Card,False,Completed
GFT-0004764,DNR-01699,CMP-2024-ANN,1316.47,2024-12-06,Credit Card,False,Completed
GFT-0004765,DNR-01699,CMP-2025-ANN,866.88,2025-09-04,Credit Card,False,Completed
GFT-0004766,DNR-01699,CMP-2026-ANN,2094.54,2026-01-08,Credit Card,False,Completed
GFT-0004767,DNR-01699,CMP-2026-ANN,2705.09,2026-03-05,Credit Card,False,Completed
GFT-0004768,DNR-01699,CMP-2026-ANN,1454.78,2026-05-01,Credit Card,False,Completed
GFT-0004769,DNR-01700,CMP-2025-ANN,233.67,2025-02-07,Online,False,Completed
GFT-0004770,DNR-01701,CMP-2023-ANN,1501.85,2023-04-28,Credit Card,False,Completed
GFT-0004771,DNR-01701,CMP-2023-ANN,959.83,2023-01-12,Credit Card,False,Completed
GFT-0004772,DNR-01701,CMP-2024-ANN,1142.15,2024-03-04,Credit Card,False,Completed
GFT-0004773,DNR-01701,CMP-2024-ANN,2132.24,2024-12-01,Credit Card,False,Completed
GFT-0004774,DNR-01701,CMP-2024-ANN,2707.31,2024-07-14,Credit Card,False,Completed
GFT-0004775,DNR-01701,CMP-2025-ANN,2912.9,2025-09-21,Credit Card,False,Completed
GFT-0004776,DNR-01701,CMP-2025-ANN,2484.11,2025-04-29,Credit Card,False,Completed
GFT-0004777,DNR-01701,CMP-2026-ANN,1152.44,2026-05-18,Credit Card,False,Completed
GFT-0004778,DNR-01701,CMP-2026-ANN,1258.0,2026-02-25,Credit Card,False,Completed
GFT-0004779,DNR-01701,CMP-2026-ANN,1785.1,2026-02-15,Credit Card,False,Completed
GFT-0004780,DNR-01702,CMP-2026-ANN,204.76,2026-01-28,Online,False,Completed
GFT-0004781,DNR-01703,CMP-2024-ANN,131.41,2024-11-08,Online,False,Completed
GFT-0004782,DNR-01703,CMP-2026-ANN,193.05,2026-02-26,Online,False,Completed
GFT-0004783,DNR-01704,CMP-2025-ANN,176.07,2025-12-12,Online,False,Completed
GFT-0004784,DNR-01705,CMP-2025-ANN,116.62,2025-02-01,Online,False,Completed
GFT-0004785,DNR-01705,CMP-2026-ANN,118.22,2026-03-01,Online,False,Completed
GFT-0004786,DNR-01706,CMP-2023-ANN,85.09,2023-08-23,Online,False,Completed
GFT-0004787,DNR-01706,CMP-2024-ANN,244.58,2024-09-21,Online,False,Completed
GFT-0004788,DNR-01706,CMP-2025-ANN,74.8,2025-12-22,Online,False,Completed
GFT-0004789,DNR-01706,CMP-2026-ANN,98.04,2026-07-12,Online,False,Completed
GFT-0004790,DNR-01707,CMP-2025-ANN,89.76,2025-12-27,Online,False,Completed
GFT-0004791,DNR-01708,CMP-2024-ANN,167.82,2024-01-24,Online,False,Completed
GFT-0004792,DNR-01708,CMP-2025-ANN,112.53,2025-06-08,Online,False,Completed
GFT-0004793,DNR-01709,CMP-2024-ANN,101.63,2024-06-03,Online,False,Completed
GFT-0004794,DNR-01709,CMP-2025-ANN,124.99,2025-09-01,Online,False,Completed
GFT-0004795,DNR-01709,CMP-2026-ANN,192.08,2026-06-22,Online,False,Completed
GFT-0004796,DNR-01710,CMP-2023-ANN,181.99,2023-12-04,Online,False,Completed
GFT-0004797,DNR-01710,CMP-2025-ANN,32.26,2025-12-27,Online,False,Completed
GFT-0004798,DNR-01712,CMP-2024-ANN,102.69,2024-09-04,Online,False,Completed
GFT-0004799,DNR-01712,CMP-2025-ANN,246.6,2025-10-19,Online,False,Completed
GFT-0004800,DNR-01712,CMP-2026-ANN,90.66,2026-07-26,Online,False,Completed
GFT-0004801,DNR-01713,CMP-2024-ANN,176.76,2024-11-15,Online,False,Completed
GFT-0004802,DNR-01713,CMP-2025-ANN,165.59,2025-08-15,Online,False,Completed
GFT-0004803,DNR-01713,CMP-2026-ANN,104.12,2026-07-10,Online,False,Completed
GFT-0004804,DNR-01714,CMP-2023-ANN,249.06,2023-11-11,Online,False,Completed
GFT-0004805,DNR-01714,CMP-2024-ANN,244.01,2024-11-09,Online,False,Completed
GFT-0004806,DNR-01714,CMP-2025-ANN,135.42,2025-03-18,Online,False,Completed
GFT-0004807,DNR-01714,CMP-2026-ANN,232.26,2026-09-12,Online,False,Completed
GFT-0004808,DNR-01715,CMP-2023-ANN,161.6,2023-10-27,Online,False,Completed
GFT-0004809,DNR-01715,CMP-2025-ANN,74.12,2025-12-08,Online,False,Completed
GFT-0004810,DNR-01716,CMP-2023-ANN,15406.08,2023-03-22,Check,True,Completed
GFT-0004811,DNR-01716,CMP-2023-ANN,17276.12,2023-05-07,Check,True,Completed
GFT-0004812,DNR-01716,CMP-2023-ANN,14917.25,2023-07-07,Check,True,Completed
GFT-0004813,DNR-01716,CMP-2024-ANN,10340.5,2024-05-28,Check,True,Completed
GFT-0004814,DNR-01716,CMP-2024-ANN,11422.64,2024-07-25,Check,True,Completed
GFT-0004815,DNR-01716,CMP-2025-ANN,15144.51,2025-02-20,Check,True,Completed
GFT-0004816,DNR-01716,CMP-2026-ANN,11867.63,2026-07-03,Check,True,Completed
GFT-0004817,DNR-01717,CMP-2026-ANN,104.21,2026-01-09,Online,False,Completed
GFT-0004818,DNR-01718,CMP-2025-ANN,198.36,2025-11-30,Online,False,Completed
GFT-0004819,DNR-01719,CMP-2023-ANN,10389.51,2023-07-31,Check,True,Completed
GFT-0004820,DNR-01719,CMP-2023-ANN,32935.15,2023-12-18,Check,True,Completed
GFT-0004821,DNR-01719,CMP-2023-ANN,104377.01,2023-10-18,Check,True,Completed
GFT-0004822,DNR-01719,CMP-2024-ANN,27980.41,2024-09-19,Check,True,Completed
GFT-0004823,DNR-01719,CMP-2024-ANN,34227.91,2024-05-03,Check,True,Completed
GFT-0004824,DNR-01719,CMP-2024-ANN,12228.6,2024-07-18,Check,True,Completed
GFT-0004825,DNR-01719,CMP-2025-ANN,70594.79,2025-01-16,Check,True,Completed
GFT-0004826,DNR-01719,CMP-2025-ANN,11738.38,2025-12-02,Check,True,Completed
GFT-0004827,DNR-01719,CMP-2025-ANN,63062.26,2025-12-03,Check,True,Completed
GFT-0004828,DNR-01719,CMP-2026-ANN,150000.0,2026-04-05,Check,True,Completed
GFT-0004829,DNR-01719,CMP-2026-ANN,22937.41,2026-02-02,Check,True,Completed
GFT-0004830,DNR-01719,CMP-2026-ANN,104235.4,2026-06-01,Check,True,Completed
GFT-0004831,DNR-01720,CMP-2023-ANN,145.52,2023-09-25,Online,False,Completed
GFT-0004832,DNR-01720,CMP-2024-ANN,218.29,2024-09-05,Online,False,Completed
GFT-0004833,DNR-01720,CMP-2025-ANN,129.38,2025-02-06,Online,False,Completed
GFT-0004834,DNR-01721,CMP-2024-ANN,232.88,2024-09-01,Online,False,Completed
GFT-0004835,DNR-01721,CMP-2025-ANN,89.89,2025-08-21,Online,False,Completed
GFT-0004836,DNR-01721,CMP-2026-ANN,100.16,2026-09-22,Online,False,Completed
GFT-0004837,DNR-01722,CMP-2023-ANN,63.76,2023-06-04,Online,False,Completed
GFT-0004838,DNR-01722,CMP-2025-ANN,171.95,2025-03-05,Online,False,Completed
GFT-0004839,DNR-01723,CMP-2023-ANN,168.19,2023-12-06,Online,False,Completed
GFT-0004840,DNR-01723,CMP-2025-ANN,164.48,2025-08-04,Online,False,Completed
GFT-0004841,DNR-01724,CMP-2025-ANN,189.73,2025-03-31,Online,False,Completed
GFT-0004842,DNR-01725,CMP-2023-ANN,81.24,2023-11-29,Online,False,Completed
GFT-0004843,DNR-01725,CMP-2024-ANN,131.18,2024-04-26,Online,False,Completed
GFT-0004844,DNR-01725,CMP-2025-ANN,108.32,2025-09-21,Online,False,Completed
GFT-0004845,DNR-01726,CMP-2026-ANN,219.27,2026-04-03,Online,False,Completed
GFT-0004846,DNR-01727,CMP-2025-ANN,108.04,2025-03-14,Online,False,Completed
GFT-0004847,DNR-01728,CMP-2023-ANN,17862.55,2023-11-29,Check,True,Completed
GFT-0004848,DNR-01728,CMP-2024-ANN,12431.75,2024-12-15,Check,True,Completed
GFT-0004849,DNR-01728,CMP-2024-ANN,14991.04,2024-02-10,Check,True,Completed
GFT-0004850,DNR-01728,CMP-2025-ANN,18528.46,2025-03-22,Check,True,Completed
GFT-0004851,DNR-01728,CMP-2025-ANN,10580.11,2025-06-18,Check,True,Completed
GFT-0004852,DNR-01728,CMP-2025-ANN,19408.59,2025-04-15,Check,True,Completed
GFT-0004853,DNR-01728,CMP-2026-ANN,104334.32,2026-04-16,Check,True,Completed
GFT-0004854,DNR-01729,CMP-2023-ANN,831.63,2023-06-05,Credit Card,False,Completed
GFT-0004855,DNR-01729,CMP-2023-ANN,662.03,2023-06-04,Credit Card,False,Completed
GFT-0004856,DNR-01729,CMP-2024-ANN,1017.52,2024-01-04,Credit Card,False,Completed
GFT-0004857,DNR-01729,CMP-2025-ANN,1647.98,2025-04-09,Credit Card,False,Completed
GFT-0004858,DNR-01729,CMP-2025-ANN,2209.18,2025-03-23,Credit Card,False,Completed
GFT-0004859,DNR-01729,CMP-2026-ANN,2974.28,2026-07-05,Credit Card,False,Completed
GFT-0004860,DNR-01729,CMP-2026-ANN,2491.88,2026-05-12,Credit Card,False,Completed
GFT-0004861,DNR-01730,CMP-2024-ANN,50.01,2024-08-29,Online,False,Completed
GFT-0004862,DNR-01730,CMP-2026-ANN,232.04,2026-07-08,Online,False,Completed
GFT-0004863,DNR-01731,CMP-2023-ANN,129.0,2023-12-20,Online,False,Completed
GFT-0004864,DNR-01731,CMP-2025-ANN,32.27,2025-06-19,Online,False,Completed
GFT-0004865,DNR-01732,CMP-2026-ANN,118.85,2026-02-04,Online,False,Completed
GFT-0004866,DNR-01733,CMP-2023-ANN,186.09,2023-10-24,Online,False,Completed
GFT-0004867,DNR-01733,CMP-2024-ANN,199.73,2024-06-24,Online,False,Completed
GFT-0004868,DNR-01733,CMP-2026-ANN,30.34,2026-04-24,Online,False,Completed
GFT-0004869,DNR-01734,CMP-2024-ANN,188.36,2024-11-16,Online,False,Completed
GFT-0004870,DNR-01734,CMP-2025-ANN,114.64,2025-11-05,Online,False,Completed
GFT-0004871,DNR-01735,CMP-2025-ANN,186.24,2025-12-14,Online,False,Completed
GFT-0004872,DNR-01735,CMP-2026-ANN,171.17,2026-08-07,Online,False,Completed
GFT-0004873,DNR-01736,CMP-2023-ANN,2468.56,2023-03-04,Credit Card,False,Completed
GFT-0004874,DNR-01736,CMP-2023-ANN,759.06,2023-06-13,Credit Card,False,Completed
GFT-0004875,DNR-01736,CMP-2024-ANN,2394.85,2024-07-10,Credit Card,False,Completed
GFT-0004876,DNR-01736,CMP-2024-ANN,1949.53,2024-10-04,Credit Card,False,Completed
GFT-0004877,DNR-01736,CMP-2025-ANN,2304.99,2025-04-20,Credit Card,False,Completed
GFT-0004878,DNR-01736,CMP-2026-ANN,1532.23,2026-01-01,Credit Card,False,Completed
GFT-0004879,DNR-01736,CMP-2026-ANN,1349.59,2026-07-06,Credit Card,False,Completed
GFT-0004880,DNR-01738,CMP-2023-ANN,46.85,2023-08-31,Online,False,Completed
GFT-0004881,DNR-01738,CMP-2025-ANN,227.32,2025-06-12,Online,False,Completed
GFT-0004882,DNR-01738,CMP-2026-ANN,80.06,2026-09-26,Online,False,Completed
GFT-0004883,DNR-01739,CMP-2023-ANN,91.44,2023-06-03,Online,False,Completed
GFT-0004884,DNR-01739,CMP-2024-ANN,202.16,2024-12-22,Online,False,Completed
GFT-0004885,DNR-01739,CMP-2026-ANN,158.75,2026-08-21,Online,False,Completed
GFT-0004886,DNR-01740,CMP-2026-ANN,89.9,2026-03-16,Online,False,Completed
GFT-0004887,DNR-01741,CMP-2023-ANN,2700.43,2023-10-16,Credit Card,False,Completed
GFT-0004888,DNR-01741,CMP-2024-ANN,1406.81,2024-03-02,Credit Card,False,Completed
GFT-0004889,DNR-01741,CMP-2024-ANN,1228.05,2024-03-11,Credit Card,False,Completed
GFT-0004890,DNR-01741,CMP-2024-ANN,2861.98,2024-08-10,Credit Card,False,Completed
GFT-0004891,DNR-01741,CMP-2025-ANN,1919.1,2025-12-19,Credit Card,False,Completed
GFT-0004892,DNR-01741,CMP-2026-ANN,1688.21,2026-06-25,Credit Card,False,Completed
GFT-0004893,DNR-01741,CMP-2026-ANN,1599.66,2026-08-30,Credit Card,False,Completed
GFT-0004894,DNR-01742,CMP-2025-ANN,192.34,2025-10-07,Online,False,Completed
GFT-0004895,DNR-01743,CMP-2024-ANN,90.77,2024-11-17,Online,False,Completed
GFT-0004896,DNR-01743,CMP-2025-ANN,168.27,2025-06-13,Online,False,Completed
GFT-0004897,DNR-01743,CMP-2026-ANN,72.62,2026-07-22,Online,False,Completed
GFT-0004898,DNR-01744,CMP-2025-ANN,156.45,2025-12-05,Online,False,Completed
GFT-0004899,DNR-01744,CMP-2026-ANN,187.26,2026-04-15,Online,False,Completed
GFT-0004900,DNR-01745,CMP-2025-ANN,164.15,2025-04-04,Online,False,Completed
GFT-0004901,DNR-01745,CMP-2026-ANN,102.45,2026-09-20,Online,False,Completed
GFT-0004902,DNR-01746,CMP-2025-ANN,216.84,2025-09-19,Online,False,Completed
GFT-0004903,DNR-01746,CMP-2026-ANN,109.23,2026-07-31,Online,False,Completed
GFT-0004904,DNR-01747,CMP-2024-ANN,63.05,2024-02-12,Online,False,Completed
GFT-0004905,DNR-01747,CMP-2025-ANN,64.46,2025-10-24,Online,False,Completed
GFT-0004906,DNR-01748,CMP-2023-ANN,238.06,2023-10-13,Online,False,Completed
GFT-0004907,DNR-01748,CMP-2024-ANN,94.59,2024-05-04,Online,False,Completed
GFT-0004908,DNR-01748,CMP-2025-ANN,87.62,2025-11-13,Online,False,Completed
GFT-0004909,DNR-01749,CMP-2025-ANN,128.35,2025-06-13,Online,False,Completed
GFT-0004910,DNR-01751,CMP-2025-ANN,76.38,2025-05-01,Online,False,Completed
GFT-0004911,DNR-01751,CMP-2026-ANN,174.45,2026-08-06,Online,False,Completed
GFT-0004912,DNR-01752,CMP-2025-ANN,47.24,2025-06-27,Online,False,Completed
GFT-0004913,DNR-01752,CMP-2026-ANN,40.12,2026-08-16,Online,False,Completed
GFT-0004914,DNR-01753,CMP-2023-ANN,145.32,2023-06-06,Online,False,Completed
GFT-0004915,DNR-01754,CMP-2023-ANN,152.51,2023-04-17,Online,False,Completed
GFT-0004916,DNR-01754,CMP-2024-ANN,82.62,2024-03-25,Online,False,Completed
GFT-0004917,DNR-01755,CMP-2024-ANN,11667.77,2024-12-19,Check,True,Completed
GFT-0004918,DNR-01755,CMP-2024-ANN,27936.83,2024-12-22,Check,True,Completed
GFT-0004919,DNR-01755,CMP-2024-ANN,44426.36,2024-11-16,Check,True,Completed
GFT-0004920,DNR-01755,CMP-2025-ANN,58218.36,2025-03-23,Check,True,Completed
GFT-0004921,DNR-01755,CMP-2026-ANN,70127.45,2026-08-26,Check,True,Completed
GFT-0004922,DNR-01756,CMP-2023-ANN,2293.45,2023-10-16,Credit Card,False,Completed
GFT-0004923,DNR-01756,CMP-2023-ANN,943.58,2023-11-06,Credit Card,False,Completed
GFT-0004924,DNR-01756,CMP-2023-ANN,2948.44,2023-11-02,Credit Card,False,Completed
GFT-0004925,DNR-01756,CMP-2024-ANN,1879.94,2024-05-05,Credit Card,False,Completed
GFT-0004926,DNR-01756,CMP-2024-ANN,728.4,2024-05-31,Credit Card,False,Completed
GFT-0004927,DNR-01756,CMP-2025-ANN,2333.34,2025-08-01,Credit Card,False,Completed
GFT-0004928,DNR-01756,CMP-2026-ANN,2765.35,2026-01-16,Credit Card,False,Completed
GFT-0004929,DNR-01757,CMP-2024-ANN,1806.39,2024-10-19,Credit Card,False,Completed
GFT-0004930,DNR-01757,CMP-2025-ANN,1019.33,2025-04-04,Credit Card,False,Completed
GFT-0004931,DNR-01757,CMP-2026-ANN,1964.19,2026-04-07,Credit Card,False,Completed
GFT-0004932,DNR-01758,CMP-2023-ANN,129.46,2023-10-24,Online,False,Completed
GFT-0004933,DNR-01758,CMP-2024-ANN,200.82,2024-01-23,Online,False,Completed
GFT-0004934,DNR-01758,CMP-2025-ANN,167.63,2025-05-08,Online,False,Completed
GFT-0004935,DNR-01758,CMP-2026-ANN,51.19,2026-02-23,Online,False,Completed
GFT-0004936,DNR-01759,CMP-2023-ANN,69.41,2023-09-09,Online,False,Completed
GFT-0004937,DNR-01759,CMP-2024-ANN,73.37,2024-01-21,Online,False,Completed
GFT-0004938,DNR-01759,CMP-2025-ANN,153.1,2025-07-03,Online,False,Completed
GFT-0004939,DNR-01759,CMP-2026-ANN,218.76,2026-06-25,Online,False,Completed
GFT-0004940,DNR-01760,CMP-2023-ANN,224.47,2023-11-09,Online,False,Completed
GFT-0004941,DNR-01760,CMP-2025-ANN,206.3,2025-09-30,Online,False,Completed
GFT-0004942,DNR-01761,CMP-2023-ANN,25.11,2023-03-09,Online,False,Completed
GFT-0004943,DNR-01761,CMP-2026-ANN,64.72,2026-02-01,Online,False,Completed
GFT-0004944,DNR-01762,CMP-2024-ANN,1708.2,2024-07-05,Credit Card,False,Completed
GFT-0004945,DNR-01762,CMP-2024-ANN,1209.39,2024-10-04,Credit Card,False,Completed
GFT-0004946,DNR-01762,CMP-2024-ANN,2113.2,2024-12-26,Credit Card,False,Completed
GFT-0004947,DNR-01762,CMP-2025-ANN,2668.15,2025-06-25,Credit Card,False,Completed
GFT-0004948,DNR-01762,CMP-2025-ANN,1122.56,2025-03-20,Credit Card,False,Completed
GFT-0004949,DNR-01762,CMP-2026-ANN,2194.61,2026-08-12,Credit Card,False,Completed
GFT-0004950,DNR-01762,CMP-2026-ANN,1757.66,2026-03-25,Credit Card,False,Completed
GFT-0004951,DNR-01763,CMP-2026-ANN,195.24,2026-09-11,Online,False,Completed
GFT-0004952,DNR-01764,CMP-2025-ANN,26.47,2025-08-15,Online,False,Completed
GFT-0004953,DNR-01765,CMP-2025-ANN,136.55,2025-09-18,Online,False,Completed
GFT-0004954,DNR-01765,CMP-2026-ANN,196.1,2026-04-10,Online,False,Completed
GFT-0004955,DNR-01766,CMP-2024-ANN,218.96,2024-07-28,Online,False,Completed
GFT-0004956,DNR-01766,CMP-2025-ANN,179.57,2025-11-11,Online,False,Completed
GFT-0004957,DNR-01767,CMP-2024-ANN,49.46,2024-07-17,Online,False,Completed
GFT-0004958,DNR-01767,CMP-2025-ANN,94.12,2025-10-07,Online,False,Completed
GFT-0004959,DNR-01767,CMP-2026-ANN,197.44,2026-04-22,Online,False,Completed
GFT-0004960,DNR-01768,CMP-2023-ANN,179.07,2023-07-04,Online,False,Completed
GFT-0004961,DNR-01768,CMP-2025-ANN,176.17,2025-07-04,Online,False,Completed
GFT-0004962,DNR-01768,CMP-2026-ANN,68.18,2026-04-17,Online,False,Completed
GFT-0004963,DNR-01769,CMP-2024-ANN,63.65,2024-12-04,Online,False,Completed
GFT-0004964,DNR-01769,CMP-2025-ANN,174.08,2025-07-27,Online,False,Completed
GFT-0004965,DNR-01769,CMP-2026-ANN,141.2,2026-02-08,Online,False,Completed
GFT-0004966,DNR-01770,CMP-2025-ANN,158.93,2025-10-17,Online,False,Completed
GFT-0004967,DNR-01770,CMP-2026-ANN,188.46,2026-07-09,Online,False,Completed
GFT-0004968,DNR-01771,CMP-2024-ANN,84.14,2024-05-22,Online,False,Completed
GFT-0004969,DNR-01772,CMP-2024-ANN,93.9,2024-12-01,Online,False,Completed
GFT-0004970,DNR-01773,CMP-2023-ANN,1624.27,2023-05-27,Credit Card,False,Completed
GFT-0004971,DNR-01773,CMP-2023-ANN,1563.24,2023-06-01,Credit Card,False,Completed
GFT-0004972,DNR-01773,CMP-2024-ANN,2406.74,2024-03-04,Credit Card,False,Completed
GFT-0004973,DNR-01773,CMP-2024-ANN,514.18,2024-06-29,Credit Card,False,Completed
GFT-0004974,DNR-01773,CMP-2025-ANN,638.27,2025-01-28,Credit Card,False,Completed
GFT-0004975,DNR-01773,CMP-2025-ANN,1521.97,2025-10-21,Credit Card,False,Completed
GFT-0004976,DNR-01773,CMP-2026-ANN,2513.43,2026-09-20,Credit Card,False,Completed
GFT-0004977,DNR-01773,CMP-2026-ANN,2937.46,2026-04-29,Credit Card,False,Completed
GFT-0004978,DNR-01773,CMP-2026-ANN,2417.62,2026-08-23,Credit Card,False,Completed
GFT-0004979,DNR-01774,CMP-2023-ANN,2546.33,2023-12-19,Credit Card,False,Completed
GFT-0004980,DNR-01774,CMP-2024-ANN,1021.52,2024-05-03,Credit Card,False,Completed
GFT-0004981,DNR-01774,CMP-2025-ANN,1139.82,2025-10-01,Credit Card,False,Completed
GFT-0004982,DNR-01774,CMP-2025-ANN,2581.38,2025-05-06,Credit Card,False,Completed
GFT-0004983,DNR-01774,CMP-2025-ANN,559.2,2025-03-12,Credit Card,False,Completed
GFT-0004984,DNR-01774,CMP-2026-ANN,2477.3,2026-03-15,Credit Card,False,Completed
GFT-0004985,DNR-01774,CMP-2026-ANN,1314.21,2026-04-11,Credit Card,False,Completed
GFT-0004986,DNR-01775,CMP-2024-ANN,69.88,2024-09-27,Online,False,Completed
GFT-0004987,DNR-01775,CMP-2025-ANN,138.16,2025-08-29,Online,False,Completed
GFT-0004988,DNR-01776,CMP-2023-ANN,79.71,2023-08-28,Online,False,Completed
GFT-0004989,DNR-01776,CMP-2024-ANN,132.93,2024-05-01,Online,False,Completed
GFT-0004990,DNR-01776,CMP-2026-ANN,243.5,2026-07-31,Online,False,Completed
GFT-0004991,DNR-01777,CMP-2023-ANN,173.37,2023-02-25,Online,False,Completed
GFT-0004992,DNR-01777,CMP-2026-ANN,88.03,2026-03-13,Online,False,Completed
GFT-0004993,DNR-01778,CMP-2025-ANN,47.82,2025-05-30,Online,False,Completed
GFT-0004994,DNR-01779,CMP-2024-ANN,108.13,2024-10-15,Online,False,Completed
GFT-0004995,DNR-01779,CMP-2026-ANN,55.21,2026-01-17,Online,False,Completed
GFT-0004996,DNR-01780,CMP-2025-ANN,684.97,2025-09-10,Credit Card,False,Completed
GFT-0004997,DNR-01780,CMP-2025-ANN,2942.95,2025-08-12,Credit Card,False,Completed
GFT-0004998,DNR-01780,CMP-2025-ANN,2331.12,2025-05-25,Credit Card,False,Completed
GFT-0004999,DNR-01780,CMP-2026-ANN,2684.88,2026-04-01,Credit Card,False,Completed
GFT-0005000,DNR-01781,CMP-2023-ANN,154.17,2023-12-22,Online,False,Completed
GFT-0005001,DNR-01781,CMP-2024-ANN,123.61,2024-04-10,Online,False,Completed
GFT-0005002,DNR-01781,CMP-2025-ANN,147.98,2025-06-11,Online,False,Completed
GFT-0005003,DNR-01782,CMP-2023-ANN,1827.57,2023-06-23,Credit Card,False,Completed
GFT-0005004,DNR-01782,CMP-2023-ANN,1228.55,2023-11-18,Credit Card,False,Completed
GFT-0005005,DNR-01782,CMP-2023-ANN,554.63,2023-09-28,Credit Card,False,Completed
GFT-0005006,DNR-01782,CMP-2024-ANN,2676.81,2024-11-26,Credit Card,False,Completed
GFT-0005007,DNR-01782,CMP-2025-ANN,2278.51,2025-01-31,Credit Card,False,Completed
GFT-0005008,DNR-01782,CMP-2025-ANN,1284.9,2025-11-20,Credit Card,False,Completed
GFT-0005009,DNR-01782,CMP-2025-ANN,2633.58,2025-09-12,Credit Card,False,Completed
GFT-0005010,DNR-01782,CMP-2026-ANN,2368.18,2026-03-13,Credit Card,False,Completed
GFT-0005011,DNR-01782,CMP-2026-ANN,1037.03,2026-09-05,Credit Card,False,Completed
GFT-0005012,DNR-01783,CMP-2025-ANN,76.23,2025-07-28,Online,False,Completed
GFT-0005013,DNR-01783,CMP-2026-ANN,69.77,2026-03-26,Online,False,Completed
GFT-0005014,DNR-01784,CMP-2024-ANN,160.81,2024-11-12,Online,False,Completed
GFT-0005015,DNR-01784,CMP-2026-ANN,169.5,2026-08-26,Online,False,Completed
GFT-0005016,DNR-01785,CMP-2023-ANN,206.36,2023-08-01,Online,False,Completed
GFT-0005017,DNR-01785,CMP-2026-ANN,247.67,2026-05-06,Online,False,Completed
GFT-0005018,DNR-01786,CMP-2025-ANN,540.5,2025-10-09,Credit Card,False,Completed
GFT-0005019,DNR-01786,CMP-2025-ANN,1593.02,2025-09-28,Credit Card,False,Completed
GFT-0005020,DNR-01786,CMP-2026-ANN,2899.47,2026-02-08,Credit Card,False,Completed
GFT-0005021,DNR-01787,CMP-2024-ANN,146.23,2024-12-11,Online,False,Completed
GFT-0005022,DNR-01787,CMP-2025-ANN,100.09,2025-05-11,Online,False,Completed
GFT-0005023,DNR-01787,CMP-2026-ANN,42.0,2026-03-13,Online,False,Completed
GFT-0005024,DNR-01788,CMP-2025-ANN,150.62,2025-05-07,Online,False,Completed
GFT-0005025,DNR-01788,CMP-2026-ANN,60.6,2026-09-15,Online,False,Completed
GFT-0005026,DNR-01789,CMP-2024-ANN,216.58,2024-06-20,Online,False,Completed
GFT-0005027,DNR-01789,CMP-2025-ANN,130.4,2025-09-26,Online,False,Completed
GFT-0005028,DNR-01790,CMP-2024-ANN,41.44,2024-11-15,Online,False,Completed
GFT-0005029,DNR-01791,CMP-2024-ANN,225.11,2024-11-07,Online,False,Completed
GFT-0005030,DNR-01791,CMP-2026-ANN,99.35,2026-05-07,Online,False,Completed
GFT-0005031,DNR-01792,CMP-2023-ANN,154.43,2023-12-19,Online,False,Completed
GFT-0005032,DNR-01792,CMP-2024-ANN,200.75,2024-01-08,Online,False,Completed
GFT-0005033,DNR-01793,CMP-2024-ANN,91.11,2024-05-13,Online,False,Completed
GFT-0005034,DNR-01793,CMP-2026-ANN,26.92,2026-09-08,Online,False,Completed
GFT-0005035,DNR-01794,CMP-2024-ANN,58.86,2024-06-06,Online,False,Completed
GFT-0005036,DNR-01794,CMP-2026-ANN,197.75,2026-09-12,Online,False,Completed
GFT-0005037,DNR-01795,CMP-2023-ANN,172.06,2023-11-06,Online,False,Completed
GFT-0005038,DNR-01795,CMP-2024-ANN,209.84,2024-03-24,Online,False,Completed
GFT-0005039,DNR-01796,CMP-2024-ANN,67.49,2024-12-15,Online,False,Completed
GFT-0005040,DNR-01796,CMP-2025-ANN,94.41,2025-10-12,Online,False,Completed
GFT-0005041,DNR-01796,CMP-2026-ANN,145.02,2026-06-29,Online,False,Completed
GFT-0005042,DNR-01797,CMP-2026-ANN,53.65,2026-05-01,Online,False,Completed
GFT-0005043,DNR-01798,CMP-2023-ANN,40.59,2023-11-09,Online,False,Completed
GFT-0005044,DNR-01799,CMP-2023-ANN,61.74,2023-06-26,Online,False,Completed
GFT-0005045,DNR-01799,CMP-2025-ANN,231.97,2025-01-28,Online,False,Completed
GFT-0005046,DNR-01800,CMP-2024-ANN,222.47,2024-12-13,Online,False,Completed
GFT-0005047,DNR-01800,CMP-2026-ANN,238.3,2026-06-08,Online,False,Completed
GFT-0005048,DNR-01801,CMP-2024-ANN,1609.88,2024-10-12,Credit Card,False,Completed
GFT-0005049,DNR-01801,CMP-2025-ANN,2635.47,2025-08-25,Credit Card,False,Completed
GFT-0005050,DNR-01801,CMP-2025-ANN,1021.46,2025-10-04,Credit Card,False,Completed
GFT-0005051,DNR-01801,CMP-2025-ANN,623.04,2025-12-15,Credit Card,False,Completed
GFT-0005052,DNR-01801,CMP-2026-ANN,1497.95,2026-01-27,Credit Card,False,Completed
GFT-0005053,DNR-01801,CMP-2026-ANN,1014.08,2026-08-20,Credit Card,False,Completed
GFT-0005054,DNR-01802,CMP-2023-ANN,208.26,2023-04-26,Online,False,Completed
GFT-0005055,DNR-01802,CMP-2024-ANN,64.4,2024-03-02,Online,False,Completed
GFT-0005056,DNR-01803,CMP-2023-ANN,195.24,2023-12-19,Online,False,Completed
GFT-0005057,DNR-01803,CMP-2024-ANN,135.05,2024-03-23,Online,False,Completed
GFT-0005058,DNR-01804,CMP-2023-ANN,67.97,2023-12-10,Online,False,Completed
GFT-0005059,DNR-01804,CMP-2026-ANN,82.44,2026-04-22,Online,False,Completed
GFT-0005060,DNR-01805,CMP-2023-ANN,127.81,2023-07-17,Online,False,Completed
GFT-0005061,DNR-01805,CMP-2024-ANN,205.77,2024-01-16,Online,False,Completed
GFT-0005062,DNR-01805,CMP-2025-ANN,217.94,2025-02-12,Online,False,Completed
GFT-0005063,DNR-01805,CMP-2026-ANN,237.79,2026-07-21,Online,False,Completed
GFT-0005064,DNR-01806,CMP-2024-ANN,215.76,2024-06-29,Online,False,Completed
GFT-0005065,DNR-01806,CMP-2025-ANN,249.93,2025-07-05,Online,False,Completed
GFT-0005066,DNR-01806,CMP-2026-ANN,169.81,2026-06-03,Online,False,Completed
GFT-0005067,DNR-01807,CMP-2023-ANN,131.06,2023-02-20,Online,False,Completed
GFT-0005068,DNR-01807,CMP-2025-ANN,170.66,2025-08-01,Online,False,Completed
GFT-0005069,DNR-01807,CMP-2026-ANN,56.67,2026-08-12,Online,False,Completed
GFT-0005070,DNR-01808,CMP-2024-ANN,152.03,2024-08-25,Online,False,Completed
GFT-0005071,DNR-01808,CMP-2025-ANN,60.05,2025-09-10,Online,False,Completed
GFT-0005072,DNR-01809,CMP-2025-ANN,205.54,2025-08-12,Online,False,Completed
GFT-0005073,DNR-01810,CMP-2026-ANN,118.35,2026-01-02,Online,False,Completed
GFT-0005074,DNR-01811,CMP-2023-ANN,63.79,2023-07-31,Online,False,Completed
GFT-0005075,DNR-01812,CMP-2025-ANN,222.79,2025-05-09,Online,False,Completed
GFT-0005076,DNR-01812,CMP-2026-ANN,61.53,2026-01-18,Online,False,Completed
GFT-0005077,DNR-01813,CMP-2024-ANN,93.86,2024-12-21,Online,False,Completed
GFT-0005078,DNR-01814,CMP-2023-ANN,97.24,2023-09-11,Online,False,Completed
GFT-0005079,DNR-01814,CMP-2025-ANN,224.98,2025-04-03,Online,False,Completed
GFT-0005080,DNR-01814,CMP-2026-ANN,221.21,2026-07-03,Online,False,Completed
GFT-0005081,DNR-01815,CMP-2024-ANN,109.83,2024-11-02,Online,False,Completed
GFT-0005082,DNR-01815,CMP-2025-ANN,143.17,2025-03-05,Online,False,Completed
GFT-0005083,DNR-01815,CMP-2026-ANN,28.36,2026-06-05,Online,False,Completed
GFT-0005084,DNR-01816,CMP-2023-ANN,730.31,2023-09-21,Credit Card,False,Completed
GFT-0005085,DNR-01816,CMP-2024-ANN,781.03,2024-12-27,Credit Card,False,Completed
GFT-0005086,DNR-01816,CMP-2025-ANN,1661.08,2025-04-27,Credit Card,False,Completed
GFT-0005087,DNR-01816,CMP-2025-ANN,1537.69,2025-03-28,Credit Card,False,Completed
GFT-0005088,DNR-01816,CMP-2026-ANN,1601.04,2026-05-18,Credit Card,False,Completed
GFT-0005089,DNR-01816,CMP-2026-ANN,2642.29,2026-07-08,Credit Card,False,Completed
GFT-0005090,DNR-01816,CMP-2026-ANN,2523.56,2026-01-08,Credit Card,False,Completed
GFT-0005091,DNR-01817,CMP-2024-ANN,132.15,2024-11-28,Online,False,Completed
GFT-0005092,DNR-01817,CMP-2026-ANN,97.65,2026-09-06,Online,False,Completed
GFT-0005093,DNR-01818,CMP-2023-ANN,240.3,2023-12-18,Online,False,Completed
GFT-0005094,DNR-01818,CMP-2025-ANN,135.88,2025-09-11,Online,False,Completed
GFT-0005095,DNR-01819,CMP-2024-ANN,53.31,2024-07-16,Online,False,Completed
GFT-0005096,DNR-01819,CMP-2025-ANN,206.23,2025-05-17,Online,False,Completed
GFT-0005097,DNR-01819,CMP-2026-ANN,173.32,2026-05-29,Online,False,Completed
GFT-0005098,DNR-01821,CMP-2024-ANN,163.38,2024-09-11,Online,False,Completed
GFT-0005099,DNR-01821,CMP-2025-ANN,81.4,2025-10-25,Online,False,Completed
GFT-0005100,DNR-01822,CMP-2023-ANN,184.85,2023-09-26,Online,False,Completed
GFT-0005101,DNR-01822,CMP-2024-ANN,157.93,2024-03-17,Online,False,Completed
GFT-0005102,DNR-01822,CMP-2025-ANN,247.22,2025-12-07,Online,False,Completed
GFT-0005103,DNR-01822,CMP-2026-ANN,227.39,2026-07-31,Online,False,Completed
GFT-0005104,DNR-01823,CMP-2023-ANN,109.32,2023-11-30,Online,False,Completed
GFT-0005105,DNR-01823,CMP-2024-ANN,190.69,2024-07-21,Online,False,Completed
GFT-0005106,DNR-01825,CMP-2023-ANN,167.79,2023-12-11,Online,False,Completed
GFT-0005107,DNR-01825,CMP-2025-ANN,114.27,2025-11-16,Online,False,Completed
GFT-0005108,DNR-01825,CMP-2026-ANN,133.17,2026-08-24,Online,False,Completed
GFT-0005109,DNR-01826,CMP-2024-ANN,220.64,2024-05-04,Online,False,Completed
GFT-0005110,DNR-01826,CMP-2026-ANN,248.36,2026-06-05,Online,False,Completed
GFT-0005111,DNR-01827,CMP-2023-ANN,84.13,2023-01-16,Online,False,Completed
GFT-0005112,DNR-01827,CMP-2024-ANN,192.62,2024-09-15,Online,False,Completed
GFT-0005113,DNR-01827,CMP-2026-ANN,100.9,2026-06-02,Online,False,Completed
GFT-0005114,DNR-01828,CMP-2023-ANN,1138.21,2023-10-13,Credit Card,False,Completed
GFT-0005115,DNR-01828,CMP-2024-ANN,2430.02,2024-07-21,Credit Card,False,Completed
GFT-0005116,DNR-01828,CMP-2024-ANN,1640.79,2024-04-16,Credit Card,False,Completed
GFT-0005117,DNR-01828,CMP-2025-ANN,2170.03,2025-03-17,Credit Card,False,Completed
GFT-0005118,DNR-01828,CMP-2026-ANN,2408.17,2026-02-01,Credit Card,False,Completed
GFT-0005119,DNR-01828,CMP-2026-ANN,1157.16,2026-08-05,Credit Card,False,Completed
GFT-0005120,DNR-01829,CMP-2025-ANN,30.72,2025-05-27,Online,False,Completed
GFT-0005121,DNR-01829,CMP-2026-ANN,46.28,2026-07-29,Online,False,Completed
GFT-0005122,DNR-01830,CMP-2025-ANN,185.36,2025-04-02,Online,False,Completed
GFT-0005123,DNR-01830,CMP-2026-ANN,103.22,2026-08-22,Online,False,Completed
GFT-0005124,DNR-01831,CMP-2025-ANN,16683.63,2025-04-17,Check,True,Completed
GFT-0005125,DNR-01831,CMP-2025-ANN,94575.84,2025-08-05,Check,True,Completed
GFT-0005126,DNR-01831,CMP-2026-ANN,25448.47,2026-02-24,Check,True,Completed
GFT-0005127,DNR-01831,CMP-2026-ANN,11382.65,2026-06-23,Check,True,Completed
GFT-0005128,DNR-01832,CMP-2023-ANN,236.4,2023-07-24,Online,False,Completed
GFT-0005129,DNR-01832,CMP-2026-ANN,209.51,2026-08-26,Online,False,Completed
GFT-0005130,DNR-01833,CMP-2025-ANN,56.88,2025-04-15,Online,False,Completed
GFT-0005131,DNR-01834,CMP-2025-ANN,192.53,2025-12-03,Online,False,Completed
GFT-0005132,DNR-01834,CMP-2026-ANN,200.49,2026-09-20,Online,False,Completed
GFT-0005133,DNR-01835,CMP-2025-ANN,2649.82,2025-09-30,Credit Card,False,Completed
GFT-0005134,DNR-01835,CMP-2025-ANN,1812.61,2025-10-16,Credit Card,False,Completed
GFT-0005135,DNR-01835,CMP-2025-ANN,2500.65,2025-09-14,Credit Card,False,Completed
GFT-0005136,DNR-01835,CMP-2026-ANN,1848.64,2026-02-22,Credit Card,False,Completed
GFT-0005137,DNR-01835,CMP-2026-ANN,2234.24,2026-03-19,Credit Card,False,Completed
GFT-0005138,DNR-01836,CMP-2025-ANN,60.72,2025-09-06,Online,False,Completed
GFT-0005139,DNR-01837,CMP-2025-ANN,234.4,2025-03-26,Online,False,Completed
GFT-0005140,DNR-01838,CMP-2024-ANN,239.9,2024-11-03,Online,False,Completed
GFT-0005141,DNR-01838,CMP-2025-ANN,70.49,2025-08-16,Online,False,Completed
GFT-0005142,DNR-01838,CMP-2026-ANN,243.06,2026-09-18,Online,False,Completed
GFT-0005143,DNR-01839,CMP-2023-ANN,1241.24,2023-11-22,Credit Card,False,Completed
GFT-0005144,DNR-01839,CMP-2023-ANN,2752.39,2023-12-17,Credit Card,False,Completed
GFT-0005145,DNR-01839,CMP-2024-ANN,2734.36,2024-06-13,Credit Card,False,Completed
GFT-0005146,DNR-01839,CMP-2024-ANN,1670.01,2024-07-17,Credit Card,False,Completed
GFT-0005147,DNR-01839,CMP-2025-ANN,2303.87,2025-10-23,Credit Card,False,Completed
GFT-0005148,DNR-01839,CMP-2026-ANN,500.88,2026-08-15,Credit Card,False,Completed
GFT-0005149,DNR-01839,CMP-2026-ANN,1128.32,2026-01-28,Credit Card,False,Completed
GFT-0005150,DNR-01840,CMP-2023-ANN,95.11,2023-11-29,Online,False,Completed
GFT-0005151,DNR-01841,CMP-2023-ANN,117.33,2023-07-16,Online,False,Completed
GFT-0005152,DNR-01841,CMP-2024-ANN,210.05,2024-10-16,Online,False,Completed
GFT-0005153,DNR-01842,CMP-2025-ANN,201.92,2025-08-31,Online,False,Completed
GFT-0005154,DNR-01843,CMP-2023-ANN,68.51,2023-11-16,Online,False,Completed
GFT-0005155,DNR-01843,CMP-2025-ANN,241.76,2025-08-29,Online,False,Completed
GFT-0005156,DNR-01843,CMP-2026-ANN,225.84,2026-06-04,Online,False,Completed
GFT-0005157,DNR-01844,CMP-2023-ANN,191.42,2023-12-17,Online,False,Completed
GFT-0005158,DNR-01844,CMP-2025-ANN,124.76,2025-01-25,Online,False,Completed
GFT-0005159,DNR-01845,CMP-2023-ANN,526.92,2023-12-02,Credit Card,False,Completed
GFT-0005160,DNR-01845,CMP-2023-ANN,793.23,2023-06-16,Credit Card,False,Completed
GFT-0005161,DNR-01845,CMP-2024-ANN,1810.6,2024-08-17,Credit Card,False,Completed
GFT-0005162,DNR-01845,CMP-2024-ANN,2429.15,2024-07-07,Credit Card,False,Completed
GFT-0005163,DNR-01845,CMP-2025-ANN,1677.77,2025-09-01,Credit Card,False,Completed
GFT-0005164,DNR-01845,CMP-2025-ANN,2151.05,2025-08-27,Credit Card,False,Completed
GFT-0005165,DNR-01845,CMP-2025-ANN,1247.06,2025-10-25,Credit Card,False,Completed
GFT-0005166,DNR-01845,CMP-2026-ANN,1853.15,2026-05-28,Credit Card,False,Completed
GFT-0005167,DNR-01846,CMP-2026-ANN,223.05,2026-09-15,Online,False,Completed
GFT-0005168,DNR-01848,CMP-2024-ANN,213.54,2024-11-25,Online,False,Completed
GFT-0005169,DNR-01848,CMP-2025-ANN,166.05,2025-12-01,Online,False,Completed
GFT-0005170,DNR-01848,CMP-2026-ANN,62.9,2026-03-06,Online,False,Completed
GFT-0005171,DNR-01849,CMP-2023-ANN,2228.59,2023-08-05,Credit Card,False,Completed
GFT-0005172,DNR-01849,CMP-2023-ANN,2486.14,2023-05-02,Credit Card,False,Completed
GFT-0005173,DNR-01849,CMP-2023-ANN,2396.15,2023-06-21,Credit Card,False,Completed
GFT-0005174,DNR-01849,CMP-2024-ANN,1807.1,2024-07-27,Credit Card,False,Completed
GFT-0005175,DNR-01849,CMP-2025-ANN,2994.01,2025-06-23,Credit Card,False,Completed
GFT-0005176,DNR-01849,CMP-2026-ANN,2899.34,2026-01-02,Credit Card,False,Completed
GFT-0005177,DNR-01849,CMP-2026-ANN,2662.71,2026-07-03,Credit Card,False,Completed
GFT-0005178,DNR-01849,CMP-2026-ANN,1103.23,2026-08-05,Credit Card,False,Completed
GFT-0005179,DNR-01850,CMP-2024-ANN,182.86,2024-08-30,Online,False,Completed
GFT-0005180,DNR-01850,CMP-2025-ANN,37.75,2025-05-09,Online,False,Completed
GFT-0005181,DNR-01850,CMP-2026-ANN,198.24,2026-06-15,Online,False,Completed
GFT-0005182,DNR-01852,CMP-2023-ANN,2100.66,2023-11-04,Credit Card,False,Completed
GFT-0005183,DNR-01852,CMP-2023-ANN,1322.07,2023-12-10,Credit Card,False,Completed
GFT-0005184,DNR-01852,CMP-2024-ANN,2590.74,2024-06-02,Credit Card,False,Completed
GFT-0005185,DNR-01852,CMP-2024-ANN,2957.72,2024-04-07,Credit Card,False,Completed
GFT-0005186,DNR-01852,CMP-2024-ANN,707.73,2024-01-24,Credit Card,False,Completed
GFT-0005187,DNR-01852,CMP-2025-ANN,2282.74,2025-01-26,Credit Card,False,Completed
GFT-0005188,DNR-01852,CMP-2026-ANN,1106.86,2026-06-28,Credit Card,False,Completed
GFT-0005189,DNR-01852,CMP-2026-ANN,1737.44,2026-02-21,Credit Card,False,Completed
GFT-0005190,DNR-01853,CMP-2023-ANN,1584.42,2023-04-16,Credit Card,False,Completed
GFT-0005191,DNR-01853,CMP-2023-ANN,1164.39,2023-10-09,Credit Card,False,Completed
GFT-0005192,DNR-01853,CMP-2023-ANN,2993.26,2023-09-08,Credit Card,False,Completed
GFT-0005193,DNR-01853,CMP-2024-ANN,1719.65,2024-07-08,Credit Card,False,Completed
GFT-0005194,DNR-01853,CMP-2024-ANN,2016.6,2024-03-31,Credit Card,False,Completed
GFT-0005195,DNR-01853,CMP-2024-ANN,1914.05,2024-12-20,Credit Card,False,Completed
GFT-0005196,DNR-01853,CMP-2025-ANN,1797.42,2025-09-11,Credit Card,False,Completed
GFT-0005197,DNR-01853,CMP-2025-ANN,2813.11,2025-02-28,Credit Card,False,Completed
GFT-0005198,DNR-01853,CMP-2025-ANN,1456.47,2025-10-19,Credit Card,False,Completed
GFT-0005199,DNR-01853,CMP-2026-ANN,769.49,2026-06-30,Credit Card,False,Completed
GFT-0005200,DNR-01853,CMP-2026-ANN,2595.51,2026-03-04,Credit Card,False,Completed
GFT-0005201,DNR-01853,CMP-2026-ANN,2106.69,2026-07-11,Credit Card,False,Completed
GFT-0005202,DNR-01854,CMP-2024-ANN,1939.06,2024-12-27,Credit Card,False,Completed
GFT-0005203,DNR-01854,CMP-2025-ANN,2916.82,2025-02-21,Credit Card,False,Completed
GFT-0005204,DNR-01854,CMP-2026-ANN,1401.75,2026-03-03,Credit Card,False,Completed
GFT-0005205,DNR-01855,CMP-2024-ANN,2273.26,2024-12-19,Credit Card,False,Completed
GFT-0005206,DNR-01855,CMP-2024-ANN,2009.51,2024-12-16,Credit Card,False,Completed
GFT-0005207,DNR-01855,CMP-2024-ANN,2538.21,2024-12-12,Credit Card,False,Completed
GFT-0005208,DNR-01855,CMP-2025-ANN,2360.77,2025-04-26,Credit Card,False,Completed
GFT-0005209,DNR-01855,CMP-2025-ANN,1368.26,2025-08-08,Credit Card,False,Completed
GFT-0005210,DNR-01855,CMP-2025-ANN,2470.34,2025-08-06,Credit Card,False,Completed
GFT-0005211,DNR-01855,CMP-2026-ANN,1933.36,2026-01-07,Credit Card,False,Completed
GFT-0005212,DNR-01855,CMP-2026-ANN,1806.91,2026-02-22,Credit Card,False,Completed
GFT-0005213,DNR-01857,CMP-2025-ANN,152.56,2025-09-01,Online,False,Completed
GFT-0005214,DNR-01857,CMP-2026-ANN,237.84,2026-07-28,Online,False,Completed
GFT-0005215,DNR-01858,CMP-2025-ANN,232.15,2025-05-13,Online,False,Completed
GFT-0005216,DNR-01859,CMP-2023-ANN,1641.56,2023-12-09,Credit Card,False,Completed
GFT-0005217,DNR-01859,CMP-2023-ANN,2727.36,2023-10-21,Credit Card,False,Completed
GFT-0005218,DNR-01859,CMP-2023-ANN,1396.47,2023-10-21,Credit Card,False,Completed
GFT-0005219,DNR-01859,CMP-2024-ANN,1360.12,2024-03-26,Credit Card,False,Completed
GFT-0005220,DNR-01859,CMP-2024-ANN,2933.95,2024-12-10,Credit Card,False,Completed
GFT-0005221,DNR-01859,CMP-2024-ANN,1121.75,2024-10-10,Credit Card,False,Completed
GFT-0005222,DNR-01859,CMP-2025-ANN,2459.27,2025-11-13,Credit Card,False,Completed
GFT-0005223,DNR-01859,CMP-2025-ANN,1311.28,2025-02-02,Credit Card,False,Completed
GFT-0005224,DNR-01859,CMP-2026-ANN,2977.44,2026-04-15,Credit Card,False,Completed
GFT-0005225,DNR-01859,CMP-2026-ANN,1157.93,2026-07-15,Credit Card,False,Completed
GFT-0005226,DNR-01859,CMP-2026-ANN,2484.1,2026-03-03,Credit Card,False,Completed
GFT-0005227,DNR-01860,CMP-2023-ANN,198.43,2023-08-25,Online,False,Completed
GFT-0005228,DNR-01860,CMP-2024-ANN,97.42,2024-07-07,Online,False,Completed
GFT-0005229,DNR-01860,CMP-2025-ANN,103.42,2025-06-10,Online,False,Completed
GFT-0005230,DNR-01861,CMP-2025-ANN,163.69,2025-12-17,Online,False,Completed
GFT-0005231,DNR-01862,CMP-2026-ANN,211.45,2026-03-29,Online,False,Completed
GFT-0005232,DNR-01863,CMP-2024-ANN,187.44,2024-09-24,Online,False,Completed
GFT-0005233,DNR-01863,CMP-2026-ANN,136.87,2026-07-26,Online,False,Completed
GFT-0005234,DNR-01864,CMP-2024-ANN,111.11,2024-11-30,Online,False,Completed
GFT-0005235,DNR-01864,CMP-2025-ANN,184.16,2025-01-19,Online,False,Completed
GFT-0005236,DNR-01864,CMP-2026-ANN,206.33,2026-02-18,Online,False,Completed
GFT-0005237,DNR-01865,CMP-2023-ANN,15739.53,2023-04-19,Check,True,Completed
GFT-0005238,DNR-01865,CMP-2023-ANN,23263.23,2023-05-21,Check,True,Completed
GFT-0005239,DNR-01865,CMP-2024-ANN,12289.88,2024-07-07,Check,True,Completed
GFT-0005240,DNR-01865,CMP-2025-ANN,20021.39,2025-07-27,Check,True,Completed
GFT-0005241,DNR-01865,CMP-2026-ANN,20978.18,2026-02-16,Check,True,Completed
GFT-0005242,DNR-01865,CMP-2026-ANN,11392.71,2026-09-19,Check,True,Completed
GFT-0005243,DNR-01866,CMP-2023-ANN,778.7,2023-05-11,Credit Card,False,Completed
GFT-0005244,DNR-01866,CMP-2024-ANN,1276.32,2024-05-04,Credit Card,False,Completed
GFT-0005245,DNR-01866,CMP-2024-ANN,1765.3,2024-04-29,Credit Card,False,Completed
GFT-0005246,DNR-01866,CMP-2024-ANN,2105.77,2024-03-07,Credit Card,False,Completed
GFT-0005247,DNR-01866,CMP-2025-ANN,2391.93,2025-01-27,Credit Card,False,Completed
GFT-0005248,DNR-01866,CMP-2025-ANN,1845.64,2025-09-03,Credit Card,False,Completed
GFT-0005249,DNR-01866,CMP-2026-ANN,2046.18,2026-01-31,Credit Card,False,Completed
GFT-0005250,DNR-01866,CMP-2026-ANN,689.84,2026-06-22,Credit Card,False,Completed
GFT-0005251,DNR-01867,CMP-2023-ANN,185.12,2023-12-25,Online,False,Completed
GFT-0005252,DNR-01868,CMP-2025-ANN,101.54,2025-11-22,Online,False,Completed
GFT-0005253,DNR-01868,CMP-2026-ANN,54.93,2026-08-09,Online,False,Completed
GFT-0005254,DNR-01869,CMP-2023-ANN,215.13,2023-08-31,Online,False,Completed
GFT-0005255,DNR-01871,CMP-2025-ANN,2998.6,2025-04-29,Credit Card,False,Completed
GFT-0005256,DNR-01871,CMP-2025-ANN,1606.34,2025-10-09,Credit Card,False,Completed
GFT-0005257,DNR-01871,CMP-2026-ANN,1114.76,2026-05-30,Credit Card,False,Completed
GFT-0005258,DNR-01872,CMP-2023-ANN,248.35,2023-07-03,Online,False,Completed
GFT-0005259,DNR-01872,CMP-2024-ANN,75.51,2024-08-03,Online,False,Completed
GFT-0005260,DNR-01872,CMP-2026-ANN,221.91,2026-01-02,Online,False,Completed
GFT-0005261,DNR-01873,CMP-2023-ANN,207.59,2023-11-17,Online,False,Completed
GFT-0005262,DNR-01873,CMP-2024-ANN,91.78,2024-05-12,Online,False,Completed
GFT-0005263,DNR-01874,CMP-2025-ANN,2594.83,2025-10-27,Credit Card,False,Completed
GFT-0005264,DNR-01874,CMP-2025-ANN,1536.31,2025-11-04,Credit Card,False,Completed
GFT-0005265,DNR-01874,CMP-2026-ANN,2995.93,2026-05-30,Credit Card,False,Completed
GFT-0005266,DNR-01874,CMP-2026-ANN,980.6,2026-09-21,Credit Card,False,Completed
GFT-0005267,DNR-01874,CMP-2026-ANN,965.15,2026-01-04,Credit Card,False,Completed
GFT-0005268,DNR-01875,CMP-2023-ANN,114.91,2023-05-01,Online,False,Completed
GFT-0005269,DNR-01875,CMP-2024-ANN,228.03,2024-02-18,Online,False,Completed
GFT-0005270,DNR-01875,CMP-2025-ANN,83.84,2025-02-07,Online,False,Completed
GFT-0005271,DNR-01876,CMP-2024-ANN,205.39,2024-09-15,Online,False,Completed
GFT-0005272,DNR-01876,CMP-2025-ANN,107.02,2025-06-14,Online,False,Completed
GFT-0005273,DNR-01877,CMP-2023-ANN,146.58,2023-08-11,Online,False,Completed
GFT-0005274,DNR-01877,CMP-2024-ANN,180.97,2024-01-20,Online,False,Completed
GFT-0005275,DNR-01877,CMP-2025-ANN,211.18,2025-05-05,Online,False,Completed
GFT-0005276,DNR-01878,CMP-2024-ANN,46.74,2024-03-31,Online,False,Completed
GFT-0005277,DNR-01879,CMP-2025-ANN,48.58,2025-11-20,Online,False,Completed
GFT-0005278,DNR-01880,CMP-2025-ANN,103.38,2025-09-17,Online,False,Completed
GFT-0005279,DNR-01881,CMP-2025-ANN,85.56,2025-12-26,Online,False,Completed
GFT-0005280,DNR-01882,CMP-2023-ANN,2047.01,2023-09-17,Credit Card,False,Completed
GFT-0005281,DNR-01882,CMP-2023-ANN,1742.83,2023-08-25,Credit Card,False,Completed
GFT-0005282,DNR-01882,CMP-2024-ANN,661.64,2024-12-13,Credit Card,False,Completed
GFT-0005283,DNR-01882,CMP-2024-ANN,2989.47,2024-03-16,Credit Card,False,Completed
GFT-0005284,DNR-01882,CMP-2025-ANN,1899.9,2025-01-03,Credit Card,False,Completed
GFT-0005285,DNR-01882,CMP-2026-ANN,2125.69,2026-03-16,Credit Card,False,Completed
GFT-0005286,DNR-01882,CMP-2026-ANN,2739.6,2026-07-16,Credit Card,False,Completed
GFT-0005287,DNR-01882,CMP-2026-ANN,1691.57,2026-03-04,Credit Card,False,Completed
GFT-0005288,DNR-01883,CMP-2025-ANN,104.74,2025-06-25,Online,False,Completed
GFT-0005289,DNR-01884,CMP-2023-ANN,81.7,2023-11-29,Online,False,Completed
GFT-0005290,DNR-01884,CMP-2025-ANN,159.49,2025-01-25,Online,False,Completed
GFT-0005291,DNR-01884,CMP-2026-ANN,196.98,2026-09-26,Online,False,Completed
GFT-0005292,DNR-01885,CMP-2025-ANN,114.16,2025-11-25,Online,False,Completed
GFT-0005293,DNR-01886,CMP-2023-ANN,181.87,2023-11-15,Online,False,Completed
GFT-0005294,DNR-01886,CMP-2024-ANN,77.33,2024-06-13,Online,False,Completed
GFT-0005295,DNR-01886,CMP-2026-ANN,116.61,2026-06-11,Online,False,Completed
GFT-0005296,DNR-01888,CMP-2024-ANN,219.12,2024-11-13,Online,False,Completed
GFT-0005297,DNR-01888,CMP-2026-ANN,194.75,2026-05-02,Online,False,Completed
GFT-0005298,DNR-01889,CMP-2025-ANN,199.29,2025-12-27,Online,False,Completed
GFT-0005299,DNR-01889,CMP-2026-ANN,39.32,2026-08-29,Online,False,Completed
GFT-0005300,DNR-01890,CMP-2024-ANN,17745.17,2024-03-12,Check,True,Completed
GFT-0005301,DNR-01890,CMP-2024-ANN,26388.37,2024-06-24,Check,True,Completed
GFT-0005302,DNR-01890,CMP-2025-ANN,16189.82,2025-06-17,Check,True,Completed
GFT-0005303,DNR-01890,CMP-2025-ANN,10091.61,2025-08-21,Check,True,Completed
GFT-0005304,DNR-01890,CMP-2025-ANN,10068.25,2025-06-28,Check,True,Completed
GFT-0005305,DNR-01890,CMP-2026-ANN,13706.64,2026-06-15,Check,True,Completed
GFT-0005306,DNR-01891,CMP-2024-ANN,160.34,2024-10-05,Online,False,Completed
GFT-0005307,DNR-01891,CMP-2026-ANN,65.78,2026-09-11,Online,False,Completed
GFT-0005308,DNR-01892,CMP-2024-ANN,51.89,2024-09-26,Online,False,Completed
GFT-0005309,DNR-01892,CMP-2025-ANN,237.88,2025-03-17,Online,False,Completed
GFT-0005310,DNR-01892,CMP-2026-ANN,238.53,2026-01-07,Online,False,Completed
GFT-0005311,DNR-01893,CMP-2024-ANN,2512.28,2024-11-30,Credit Card,False,Completed
GFT-0005312,DNR-01893,CMP-2024-ANN,1453.23,2024-12-06,Credit Card,False,Completed
GFT-0005313,DNR-01893,CMP-2025-ANN,846.27,2025-06-18,Credit Card,False,Completed
GFT-0005314,DNR-01893,CMP-2025-ANN,1358.24,2025-06-05,Credit Card,False,Completed
GFT-0005315,DNR-01893,CMP-2026-ANN,1277.99,2026-08-16,Credit Card,False,Completed
GFT-0005316,DNR-01894,CMP-2023-ANN,121.83,2023-08-13,Online,False,Completed
GFT-0005317,DNR-01894,CMP-2024-ANN,45.42,2024-03-04,Online,False,Completed
GFT-0005318,DNR-01894,CMP-2025-ANN,70.14,2025-11-24,Online,False,Completed
GFT-0005319,DNR-01894,CMP-2026-ANN,170.63,2026-05-14,Online,False,Completed
GFT-0005320,DNR-01895,CMP-2023-ANN,126.64,2023-06-19,Online,False,Completed
GFT-0005321,DNR-01895,CMP-2024-ANN,83.0,2024-02-05,Online,False,Completed
GFT-0005322,DNR-01895,CMP-2026-ANN,150.35,2026-02-26,Online,False,Completed
GFT-0005323,DNR-01896,CMP-2024-ANN,25.39,2024-04-19,Online,False,Completed
GFT-0005324,DNR-01896,CMP-2026-ANN,98.54,2026-06-06,Online,False,Completed
GFT-0005325,DNR-01897,CMP-2023-ANN,205.01,2023-12-09,Online,False,Completed
GFT-0005326,DNR-01897,CMP-2024-ANN,109.34,2024-07-22,Online,False,Completed
GFT-0005327,DNR-01897,CMP-2025-ANN,63.79,2025-08-19,Online,False,Completed
GFT-0005328,DNR-01898,CMP-2023-ANN,145.42,2023-12-14,Online,False,Completed
GFT-0005329,DNR-01898,CMP-2025-ANN,178.72,2025-12-14,Online,False,Completed
GFT-0005330,DNR-01898,CMP-2026-ANN,109.19,2026-09-12,Online,False,Completed
GFT-0005331,DNR-01899,CMP-2024-ANN,124.16,2024-12-22,Online,False,Completed
GFT-0005332,DNR-01900,CMP-2023-ANN,208.23,2023-11-14,Online,False,Completed
GFT-0005333,DNR-01900,CMP-2024-ANN,164.97,2024-12-11,Online,False,Completed
GFT-0005334,DNR-01901,CMP-2026-ANN,235.21,2026-06-12,Online,False,Completed
GFT-0005335,DNR-01902,CMP-2025-ANN,178.68,2025-09-19,Online,False,Completed
GFT-0005336,DNR-01902,CMP-2026-ANN,62.66,2026-08-18,Online,False,Completed
GFT-0005337,DNR-01903,CMP-2024-ANN,68.46,2024-09-13,Online,False,Completed
GFT-0005338,DNR-01903,CMP-2025-ANN,162.97,2025-11-20,Online,False,Completed
GFT-0005339,DNR-01903,CMP-2026-ANN,127.3,2026-06-04,Online,False,Completed
GFT-0005340,DNR-01905,CMP-2026-ANN,80.4,2026-08-26,Online,False,Completed
GFT-0005341,DNR-01906,CMP-2023-ANN,241.09,2023-01-28,Online,False,Completed
GFT-0005342,DNR-01906,CMP-2024-ANN,203.66,2024-04-18,Online,False,Completed
GFT-0005343,DNR-01906,CMP-2025-ANN,38.19,2025-05-12,Online,False,Completed
GFT-0005344,DNR-01907,CMP-2024-ANN,2527.27,2024-10-12,Credit Card,False,Completed
GFT-0005345,DNR-01907,CMP-2024-ANN,2774.17,2024-11-04,Credit Card,False,Completed
GFT-0005346,DNR-01907,CMP-2025-ANN,2386.53,2025-11-02,Credit Card,False,Completed
GFT-0005347,DNR-01907,CMP-2025-ANN,1977.83,2025-09-30,Credit Card,False,Completed
GFT-0005348,DNR-01907,CMP-2025-ANN,2619.44,2025-10-02,Credit Card,False,Completed
GFT-0005349,DNR-01907,CMP-2026-ANN,2158.78,2026-09-04,Credit Card,False,Completed
GFT-0005350,DNR-01908,CMP-2024-ANN,143.65,2024-12-24,Online,False,Completed
GFT-0005351,DNR-01908,CMP-2025-ANN,144.68,2025-03-05,Online,False,Completed
GFT-0005352,DNR-01908,CMP-2026-ANN,147.94,2026-09-19,Online,False,Completed
GFT-0005353,DNR-01909,CMP-2023-ANN,97.07,2023-12-04,Online,False,Completed
GFT-0005354,DNR-01909,CMP-2024-ANN,69.56,2024-10-05,Online,False,Completed
GFT-0005355,DNR-01909,CMP-2026-ANN,122.91,2026-04-07,Online,False,Completed
GFT-0005356,DNR-01910,CMP-2023-ANN,30.36,2023-09-30,Online,False,Completed
GFT-0005357,DNR-01910,CMP-2024-ANN,151.28,2024-04-22,Online,False,Completed
GFT-0005358,DNR-01910,CMP-2026-ANN,248.26,2026-05-16,Online,False,Completed
GFT-0005359,DNR-01911,CMP-2026-ANN,34.37,2026-04-24,Online,False,Completed
GFT-0005360,DNR-01912,CMP-2023-ANN,1267.8,2023-12-02,Credit Card,False,Completed
GFT-0005361,DNR-01912,CMP-2024-ANN,2369.63,2024-08-28,Credit Card,False,Completed
GFT-0005362,DNR-01912,CMP-2024-ANN,1928.19,2024-09-02,Credit Card,False,Completed
GFT-0005363,DNR-01912,CMP-2024-ANN,933.4,2024-06-24,Credit Card,False,Completed
GFT-0005364,DNR-01912,CMP-2025-ANN,2348.14,2025-01-02,Credit Card,False,Completed
GFT-0005365,DNR-01912,CMP-2025-ANN,1835.73,2025-02-12,Credit Card,False,Completed
GFT-0005366,DNR-01912,CMP-2026-ANN,2916.92,2026-04-21,Credit Card,False,Completed
GFT-0005367,DNR-01913,CMP-2023-ANN,50213.54,2023-05-12,Check,True,Completed
GFT-0005368,DNR-01913,CMP-2023-ANN,12079.42,2023-10-28,Check,True,Completed
GFT-0005369,DNR-01913,CMP-2024-ANN,19806.56,2024-05-23,Check,True,Completed
GFT-0005370,DNR-01913,CMP-2025-ANN,12006.8,2025-08-05,Check,True,Completed
GFT-0005371,DNR-01913,CMP-2025-ANN,13212.55,2025-10-07,Check,True,Completed
GFT-0005372,DNR-01913,CMP-2026-ANN,33479.52,2026-04-23,Check,True,Completed
GFT-0005373,DNR-01913,CMP-2026-ANN,23806.84,2026-03-18,Check,True,Completed
GFT-0005374,DNR-01913,CMP-2026-ANN,10771.13,2026-04-02,Check,True,Completed
GFT-0005375,DNR-01915,CMP-2025-ANN,65.12,2025-09-03,Online,False,Completed
GFT-0005376,DNR-01915,CMP-2026-ANN,182.32,2026-06-09,Online,False,Completed
GFT-0005377,DNR-01916,CMP-2026-ANN,238.74,2026-01-02,Online,False,Completed
GFT-0005378,DNR-01917,CMP-2024-ANN,2281.03,2024-11-25,Credit Card,False,Completed
GFT-0005379,DNR-01917,CMP-2025-ANN,2285.09,2025-11-12,Credit Card,False,Completed
GFT-0005380,DNR-01917,CMP-2026-ANN,1016.84,2026-08-18,Credit Card,False,Completed
GFT-0005381,DNR-01917,CMP-2026-ANN,2101.05,2026-04-23,Credit Card,False,Completed
GFT-0005382,DNR-01918,CMP-2024-ANN,232.47,2024-08-01,Online,False,Completed
GFT-0005383,DNR-01918,CMP-2025-ANN,180.11,2025-04-23,Online,False,Completed
GFT-0005384,DNR-01919,CMP-2023-ANN,79.09,2023-03-01,Online,False,Completed
GFT-0005385,DNR-01920,CMP-2025-ANN,213.5,2025-04-05,Online,False,Completed
GFT-0005386,DNR-01920,CMP-2026-ANN,56.88,2026-09-18,Online,False,Completed
GFT-0005387,DNR-01921,CMP-2025-ANN,175.42,2025-08-06,Online,False,Completed
GFT-0005388,DNR-01922,CMP-2023-ANN,153.37,2023-10-24,Online,False,Completed
GFT-0005389,DNR-01922,CMP-2026-ANN,222.7,2026-08-19,Online,False,Completed
GFT-0005390,DNR-01923,CMP-2024-ANN,180.31,2024-07-16,Online,False,Completed
GFT-0005391,DNR-01923,CMP-2025-ANN,118.07,2025-10-11,Online,False,Completed
GFT-0005392,DNR-01923,CMP-2026-ANN,227.74,2026-03-23,Online,False,Completed
GFT-0005393,DNR-01924,CMP-2025-ANN,160.03,2025-05-24,Online,False,Completed
GFT-0005394,DNR-01925,CMP-2024-ANN,181.6,2024-11-10,Online,False,Completed
GFT-0005395,DNR-01925,CMP-2025-ANN,174.17,2025-09-08,Online,False,Completed
GFT-0005396,DNR-01925,CMP-2026-ANN,168.46,2026-06-20,Online,False,Completed
GFT-0005397,DNR-01926,CMP-2024-ANN,228.0,2024-05-02,Online,False,Completed
GFT-0005398,DNR-01926,CMP-2025-ANN,66.26,2025-09-12,Online,False,Completed
GFT-0005399,DNR-01926,CMP-2026-ANN,237.29,2026-08-11,Online,False,Completed
GFT-0005400,DNR-01927,CMP-2024-ANN,178.2,2024-10-05,Online,False,Completed
GFT-0005401,DNR-01927,CMP-2026-ANN,145.66,2026-04-11,Online,False,Completed
GFT-0005402,DNR-01928,CMP-2024-ANN,153.27,2024-12-17,Online,False,Completed
GFT-0005403,DNR-01928,CMP-2025-ANN,51.87,2025-02-06,Online,False,Completed
GFT-0005404,DNR-01930,CMP-2024-ANN,137.04,2024-08-17,Online,False,Completed
GFT-0005405,DNR-01930,CMP-2025-ANN,249.0,2025-06-17,Online,False,Completed
GFT-0005406,DNR-01930,CMP-2026-ANN,49.6,2026-01-01,Online,False,Completed
GFT-0005407,DNR-01931,CMP-2024-ANN,212.45,2024-11-04,Online,False,Completed
GFT-0005408,DNR-01931,CMP-2025-ANN,196.57,2025-08-19,Online,False,Completed
GFT-0005409,DNR-01932,CMP-2025-ANN,163.45,2025-04-06,Online,False,Completed
GFT-0005410,DNR-01932,CMP-2026-ANN,57.12,2026-06-17,Online,False,Completed
GFT-0005411,DNR-01933,CMP-2024-ANN,34.24,2024-07-23,Online,False,Completed
GFT-0005412,DNR-01934,CMP-2023-ANN,72.35,2023-03-05,Online,False,Completed
GFT-0005413,DNR-01934,CMP-2024-ANN,152.98,2024-03-07,Online,False,Completed
GFT-0005414,DNR-01934,CMP-2026-ANN,238.84,2026-07-30,Online,False,Completed
GFT-0005415,DNR-01935,CMP-2026-ANN,70.15,2026-03-02,Online,False,Completed
GFT-0005416,DNR-01936,CMP-2024-ANN,641.07,2024-11-24,Credit Card,False,Completed
GFT-0005417,DNR-01936,CMP-2024-ANN,1450.09,2024-12-13,Credit Card,False,Completed
GFT-0005418,DNR-01936,CMP-2024-ANN,2867.05,2024-12-16,Credit Card,False,Completed
GFT-0005419,DNR-01936,CMP-2025-ANN,659.12,2025-04-12,Credit Card,False,Completed
GFT-0005420,DNR-01936,CMP-2025-ANN,959.91,2025-09-10,Credit Card,False,Completed
GFT-0005421,DNR-01936,CMP-2025-ANN,985.85,2025-05-18,Credit Card,False,Completed
GFT-0005422,DNR-01936,CMP-2026-ANN,2302.95,2026-09-26,Credit Card,False,Completed
GFT-0005423,DNR-01936,CMP-2026-ANN,563.27,2026-08-17,Credit Card,False,Completed
GFT-0005424,DNR-01936,CMP-2026-ANN,1601.33,2026-09-02,Credit Card,False,Completed
GFT-0005425,DNR-01937,CMP-2025-ANN,61.25,2025-05-17,Online,False,Completed
GFT-0005426,DNR-01937,CMP-2026-ANN,96.45,2026-03-30,Online,False,Completed
GFT-0005427,DNR-01938,CMP-2023-ANN,2211.91,2023-09-17,Credit Card,False,Completed
GFT-0005428,DNR-01938,CMP-2024-ANN,1795.12,2024-11-17,Credit Card,False,Completed
GFT-0005429,DNR-01938,CMP-2024-ANN,543.65,2024-04-16,Credit Card,False,Completed
GFT-0005430,DNR-01938,CMP-2025-ANN,924.79,2025-06-17,Credit Card,False,Completed
GFT-0005431,DNR-01938,CMP-2025-ANN,2832.0,2025-08-02,Credit Card,False,Completed
GFT-0005432,DNR-01938,CMP-2025-ANN,1425.93,2025-06-20,Credit Card,False,Completed
GFT-0005433,DNR-01938,CMP-2026-ANN,2753.8,2026-01-25,Credit Card,False,Completed
GFT-0005434,DNR-01939,CMP-2024-ANN,25.77,2024-08-30,Online,False,Completed
GFT-0005435,DNR-01939,CMP-2025-ANN,112.19,2025-02-17,Online,False,Completed
GFT-0005436,DNR-01939,CMP-2026-ANN,217.83,2026-06-12,Online,False,Completed
GFT-0005437,DNR-01940,CMP-2024-ANN,147.76,2024-04-29,Online,False,Completed
GFT-0005438,DNR-01940,CMP-2025-ANN,210.4,2025-05-14,Online,False,Completed
GFT-0005439,DNR-01940,CMP-2026-ANN,153.59,2026-08-08,Online,False,Completed
GFT-0005440,DNR-01941,CMP-2023-ANN,179.26,2023-08-04,Online,False,Completed
GFT-0005441,DNR-01941,CMP-2024-ANN,229.8,2024-09-21,Online,False,Completed
GFT-0005442,DNR-01941,CMP-2025-ANN,135.38,2025-07-17,Online,False,Completed
GFT-0005443,DNR-01941,CMP-2026-ANN,245.53,2026-03-02,Online,False,Completed
GFT-0005444,DNR-01942,CMP-2024-ANN,227.18,2024-08-16,Online,False,Completed
GFT-0005445,DNR-01942,CMP-2025-ANN,222.87,2025-11-09,Online,False,Completed
GFT-0005446,DNR-01942,CMP-2026-ANN,89.54,2026-04-01,Online,False,Completed
GFT-0005447,DNR-01943,CMP-2025-ANN,82.87,2025-11-08,Online,False,Completed
GFT-0005448,DNR-01943,CMP-2026-ANN,191.5,2026-03-21,Online,False,Completed
GFT-0005449,DNR-01944,CMP-2023-ANN,92.47,2023-08-26,Online,False,Completed
GFT-0005450,DNR-01944,CMP-2024-ANN,117.33,2024-10-29,Online,False,Completed
GFT-0005451,DNR-01945,CMP-2024-ANN,165.96,2024-09-04,Online,False,Completed
GFT-0005452,DNR-01945,CMP-2025-ANN,116.3,2025-11-01,Online,False,Completed
GFT-0005453,DNR-01946,CMP-2023-ANN,126.77,2023-04-08,Online,False,Completed
GFT-0005454,DNR-01946,CMP-2025-ANN,101.01,2025-08-02,Online,False,Completed
GFT-0005455,DNR-01947,CMP-2024-ANN,144.24,2024-05-23,Online,False,Completed
GFT-0005456,DNR-01947,CMP-2025-ANN,185.33,2025-05-06,Online,False,Completed
GFT-0005457,DNR-01947,CMP-2026-ANN,238.3,2026-07-27,Online,False,Completed
GFT-0005458,DNR-01948,CMP-2026-ANN,129.26,2026-06-26,Online,False,Completed
GFT-0005459,DNR-01950,CMP-2023-ANN,94.05,2023-09-15,Online,False,Completed
GFT-0005460,DNR-01950,CMP-2024-ANN,130.8,2024-02-21,Online,False,Completed
GFT-0005461,DNR-01950,CMP-2025-ANN,126.77,2025-07-18,Online,False,Completed
GFT-0005462,DNR-01952,CMP-2023-ANN,69.87,2023-06-20,Online,False,Completed
GFT-0005463,DNR-01952,CMP-2024-ANN,225.23,2024-09-02,Online,False,Completed
GFT-0005464,DNR-01953,CMP-2023-ANN,237.22,2023-12-25,Online,False,Completed
GFT-0005465,DNR-01953,CMP-2024-ANN,71.45,2024-12-24,Online,False,Completed
GFT-0005466,DNR-01953,CMP-2025-ANN,63.78,2025-07-26,Online,False,Completed
GFT-0005467,DNR-01954,CMP-2026-ANN,205.19,2026-01-13,Online,False,Completed
GFT-0005468,DNR-01955,CMP-2023-ANN,14845.4,2023-07-17,Check,True,Completed
GFT-0005469,DNR-01955,CMP-2024-ANN,10223.68,2024-06-28,Check,True,Completed
GFT-0005470,DNR-01955,CMP-2024-ANN,15819.08,2024-04-19,Check,True,Completed
GFT-0005471,DNR-01955,CMP-2025-ANN,20817.37,2025-07-27,Check,True,Completed
GFT-0005472,DNR-01955,CMP-2025-ANN,10976.47,2025-04-01,Check,True,Completed
GFT-0005473,DNR-01955,CMP-2026-ANN,12787.76,2026-01-18,Check,True,Completed
GFT-0005474,DNR-01955,CMP-2026-ANN,14330.1,2026-01-22,Check,True,Completed
GFT-0005475,DNR-01956,CMP-2023-ANN,2670.08,2023-12-10,Credit Card,False,Completed
GFT-0005476,DNR-01956,CMP-2024-ANN,2406.55,2024-06-02,Credit Card,False,Completed
GFT-0005477,DNR-01956,CMP-2025-ANN,1290.54,2025-03-17,Credit Card,False,Completed
GFT-0005478,DNR-01956,CMP-2025-ANN,2832.55,2025-11-04,Credit Card,False,Completed
GFT-0005479,DNR-01956,CMP-2026-ANN,1826.47,2026-06-03,Credit Card,False,Completed
GFT-0005480,DNR-01956,CMP-2026-ANN,2070.21,2026-06-15,Credit Card,False,Completed
GFT-0005481,DNR-01956,CMP-2026-ANN,588.25,2026-01-27,Credit Card,False,Completed
GFT-0005482,DNR-01957,CMP-2023-ANN,39.71,2023-12-11,Online,False,Completed
GFT-0005483,DNR-01957,CMP-2024-ANN,232.04,2024-04-23,Online,False,Completed
GFT-0005484,DNR-01957,CMP-2026-ANN,45.24,2026-01-01,Online,False,Completed
GFT-0005485,DNR-01958,CMP-2024-ANN,192.31,2024-08-31,Online,False,Completed
GFT-0005486,DNR-01958,CMP-2026-ANN,39.86,2026-07-24,Online,False,Completed
GFT-0005487,DNR-01959,CMP-2024-ANN,228.52,2024-08-07,Online,False,Completed
GFT-0005488,DNR-01959,CMP-2025-ANN,101.19,2025-05-21,Online,False,Completed
GFT-0005489,DNR-01959,CMP-2026-ANN,93.23,2026-08-20,Online,False,Completed
GFT-0005490,DNR-01960,CMP-2025-ANN,223.13,2025-08-12,Online,False,Completed
GFT-0005491,DNR-01960,CMP-2026-ANN,51.65,2026-05-04,Online,False,Completed
GFT-0005492,DNR-01961,CMP-2025-ANN,151.37,2025-08-23,Online,False,Completed
GFT-0005493,DNR-01962,CMP-2026-ANN,215.8,2026-03-15,Online,False,Completed
GFT-0005494,DNR-01963,CMP-2025-ANN,2940.31,2025-01-15,Credit Card,False,Completed
GFT-0005495,DNR-01963,CMP-2026-ANN,2863.5,2026-07-11,Credit Card,False,Completed
GFT-0005496,DNR-01963,CMP-2026-ANN,2772.96,2026-06-17,Credit Card,False,Completed
GFT-0005497,DNR-01963,CMP-2026-ANN,742.67,2026-04-10,Credit Card,False,Completed
GFT-0005498,DNR-01964,CMP-2023-ANN,223.05,2023-07-07,Online,False,Completed
GFT-0005499,DNR-01964,CMP-2024-ANN,132.3,2024-04-04,Online,False,Completed
GFT-0005500,DNR-01964,CMP-2026-ANN,247.25,2026-07-02,Online,False,Completed
GFT-0005501,DNR-01965,CMP-2024-ANN,124.21,2024-12-03,Online,False,Completed
GFT-0005502,DNR-01965,CMP-2025-ANN,125.65,2025-08-05,Online,False,Completed
GFT-0005503,DNR-01965,CMP-2026-ANN,135.65,2026-03-16,Online,False,Completed
GFT-0005504,DNR-01966,CMP-2024-ANN,101.45,2024-02-02,Online,False,Completed
GFT-0005505,DNR-01966,CMP-2025-ANN,108.24,2025-09-16,Online,False,Completed
GFT-0005506,DNR-01966,CMP-2026-ANN,165.41,2026-02-14,Online,False,Completed
GFT-0005507,DNR-01967,CMP-2025-ANN,235.38,2025-09-02,Online,False,Completed
GFT-0005508,DNR-01968,CMP-2023-ANN,167.7,2023-11-23,Online,False,Completed
GFT-0005509,DNR-01968,CMP-2024-ANN,203.38,2024-10-21,Online,False,Completed
GFT-0005510,DNR-01968,CMP-2026-ANN,246.3,2026-08-27,Online,False,Completed
GFT-0005511,DNR-01969,CMP-2023-ANN,164.92,2023-03-09,Online,False,Completed
GFT-0005512,DNR-01969,CMP-2024-ANN,248.13,2024-08-15,Online,False,Completed
GFT-0005513,DNR-01969,CMP-2025-ANN,81.86,2025-12-09,Online,False,Completed
GFT-0005514,DNR-01969,CMP-2026-ANN,245.96,2026-03-29,Online,False,Completed
GFT-0005515,DNR-01970,CMP-2024-ANN,96.68,2024-07-25,Online,False,Completed
GFT-0005516,DNR-01970,CMP-2025-ANN,171.12,2025-10-28,Online,False,Completed
GFT-0005517,DNR-01971,CMP-2024-ANN,249.13,2024-09-29,Online,False,Completed
GFT-0005518,DNR-01971,CMP-2025-ANN,86.39,2025-03-04,Online,False,Completed
GFT-0005519,DNR-01972,CMP-2023-ANN,1645.22,2023-04-29,Credit Card,False,Completed
GFT-0005520,DNR-01972,CMP-2023-ANN,700.61,2023-09-12,Credit Card,False,Completed
GFT-0005521,DNR-01972,CMP-2023-ANN,1878.19,2023-04-23,Credit Card,False,Completed
GFT-0005522,DNR-01972,CMP-2024-ANN,2680.1,2024-05-01,Credit Card,False,Completed
GFT-0005523,DNR-01972,CMP-2025-ANN,526.69,2025-11-17,Credit Card,False,Completed
GFT-0005524,DNR-01972,CMP-2025-ANN,1934.13,2025-08-07,Credit Card,False,Completed
GFT-0005525,DNR-01972,CMP-2025-ANN,1256.78,2025-07-27,Credit Card,False,Completed
GFT-0005526,DNR-01972,CMP-2026-ANN,2761.34,2026-05-05,Credit Card,False,Completed
GFT-0005527,DNR-01973,CMP-2025-ANN,33.1,2025-11-18,Online,False,Completed
GFT-0005528,DNR-01974,CMP-2024-ANN,205.71,2024-10-01,Online,False,Completed
GFT-0005529,DNR-01975,CMP-2023-ANN,101.98,2023-12-21,Online,False,Completed
GFT-0005530,DNR-01975,CMP-2026-ANN,134.99,2026-09-25,Online,False,Completed
GFT-0005531,DNR-01976,CMP-2023-ANN,708.27,2023-12-04,Credit Card,False,Completed
GFT-0005532,DNR-01976,CMP-2023-ANN,1624.69,2023-11-30,Credit Card,False,Completed
GFT-0005533,DNR-01976,CMP-2024-ANN,711.99,2024-07-28,Credit Card,False,Completed
GFT-0005534,DNR-01976,CMP-2024-ANN,2165.56,2024-05-17,Credit Card,False,Completed
GFT-0005535,DNR-01976,CMP-2024-ANN,1296.53,2024-11-22,Credit Card,False,Completed
GFT-0005536,DNR-01976,CMP-2025-ANN,2739.55,2025-12-23,Credit Card,False,Completed
GFT-0005537,DNR-01976,CMP-2025-ANN,557.52,2025-09-04,Credit Card,False,Completed
GFT-0005538,DNR-01976,CMP-2025-ANN,821.31,2025-02-03,Credit Card,False,Completed
GFT-0005539,DNR-01976,CMP-2026-ANN,1107.4,2026-07-02,Credit Card,False,Completed
GFT-0005540,DNR-01977,CMP-2024-ANN,39.62,2024-08-21,Online,False,Completed
GFT-0005541,DNR-01977,CMP-2025-ANN,78.31,2025-02-10,Online,False,Completed
GFT-0005542,DNR-01977,CMP-2026-ANN,41.97,2026-07-26,Online,False,Completed
GFT-0005543,DNR-01978,CMP-2026-ANN,229.51,2026-08-11,Online,False,Completed
GFT-0005544,DNR-01979,CMP-2024-ANN,890.61,2024-05-25,Credit Card,False,Completed
GFT-0005545,DNR-01979,CMP-2025-ANN,2914.11,2025-07-15,Credit Card,False,Completed
GFT-0005546,DNR-01979,CMP-2025-ANN,2922.77,2025-10-12,Credit Card,False,Completed
GFT-0005547,DNR-01979,CMP-2025-ANN,2077.51,2025-07-20,Credit Card,False,Completed
GFT-0005548,DNR-01979,CMP-2026-ANN,2465.33,2026-04-14,Credit Card,False,Completed
GFT-0005549,DNR-01979,CMP-2026-ANN,764.58,2026-06-13,Credit Card,False,Completed
GFT-0005550,DNR-01980,CMP-2023-ANN,640.42,2023-12-22,Credit Card,False,Completed
GFT-0005551,DNR-01980,CMP-2024-ANN,998.8,2024-10-11,Credit Card,False,Completed
GFT-0005552,DNR-01980,CMP-2025-ANN,2816.4,2025-08-01,Credit Card,False,Completed
GFT-0005553,DNR-01980,CMP-2025-ANN,963.94,2025-05-12,Credit Card,False,Completed
GFT-0005554,DNR-01980,CMP-2025-ANN,2295.64,2025-12-16,Credit Card,False,Completed
GFT-0005555,DNR-01980,CMP-2026-ANN,509.6,2026-05-12,Credit Card,False,Completed
GFT-0005556,DNR-01981,CMP-2025-ANN,36.25,2025-09-24,Online,False,Completed
GFT-0005557,DNR-01981,CMP-2026-ANN,97.09,2026-07-08,Online,False,Completed
GFT-0005558,DNR-01982,CMP-2023-ANN,981.6,2023-07-30,Credit Card,False,Completed
GFT-0005559,DNR-01982,CMP-2023-ANN,2543.88,2023-11-02,Credit Card,False,Completed
GFT-0005560,DNR-01982,CMP-2023-ANN,2270.59,2023-11-16,Credit Card,False,Completed
GFT-0005561,DNR-01982,CMP-2024-ANN,2013.64,2024-05-30,Credit Card,False,Completed
GFT-0005562,DNR-01982,CMP-2024-ANN,965.16,2024-10-30,Credit Card,False,Completed
GFT-0005563,DNR-01982,CMP-2025-ANN,2328.91,2025-02-09,Credit Card,False,Completed
GFT-0005564,DNR-01982,CMP-2025-ANN,1979.53,2025-05-16,Credit Card,False,Completed
GFT-0005565,DNR-01982,CMP-2026-ANN,1606.29,2026-06-03,Credit Card,False,Completed
GFT-0005566,DNR-01983,CMP-2023-ANN,42.9,2023-08-31,Online,False,Completed
GFT-0005567,DNR-01983,CMP-2025-ANN,222.59,2025-04-01,Online,False,Completed
GFT-0005568,DNR-01983,CMP-2026-ANN,67.6,2026-01-08,Online,False,Completed
GFT-0005569,DNR-01984,CMP-2024-ANN,196.37,2024-12-21,Online,False,Completed
GFT-0005570,DNR-01984,CMP-2025-ANN,215.94,2025-11-04,Online,False,Completed
GFT-0005571,DNR-01985,CMP-2025-ANN,113.8,2025-11-14,Online,False,Completed
GFT-0005572,DNR-01986,CMP-2023-ANN,117.76,2023-07-18,Online,False,Completed
GFT-0005573,DNR-01986,CMP-2025-ANN,81.46,2025-02-14,Online,False,Completed
GFT-0005574,DNR-01986,CMP-2026-ANN,79.17,2026-01-03,Online,False,Completed
GFT-0005575,DNR-01987,CMP-2023-ANN,225.38,2023-09-14,Online,False,Completed
GFT-0005576,DNR-01987,CMP-2025-ANN,61.28,2025-05-08,Online,False,Completed
GFT-0005577,DNR-01987,CMP-2026-ANN,136.13,2026-01-21,Online,False,Completed
GFT-0005578,DNR-01988,CMP-2025-ANN,195.02,2025-02-19,Online,False,Completed
GFT-0005579,DNR-01988,CMP-2026-ANN,176.66,2026-09-09,Online,False,Completed
GFT-0005580,DNR-01989,CMP-2024-ANN,244.86,2024-10-03,Online,False,Completed
GFT-0005581,DNR-01989,CMP-2026-ANN,198.56,2026-03-12,Online,False,Completed
GFT-0005582,DNR-01991,CMP-2023-ANN,188.61,2023-12-25,Online,False,Completed
GFT-0005583,DNR-01991,CMP-2024-ANN,105.58,2024-09-13,Online,False,Completed
GFT-0005584,DNR-01991,CMP-2026-ANN,92.56,2026-04-15,Online,False,Completed
GFT-0005585,DNR-01992,CMP-2023-ANN,147.83,2023-02-09,Online,False,Completed
GFT-0005586,DNR-01992,CMP-2025-ANN,63.37,2025-12-10,Online,False,Completed
GFT-0005587,DNR-01993,CMP-2023-ANN,222.99,2023-08-26,Online,False,Completed
GFT-0005588,DNR-01993,CMP-2024-ANN,204.16,2024-09-11,Online,False,Completed
GFT-0005589,DNR-01993,CMP-2026-ANN,220.45,2026-06-13,Online,False,Completed
GFT-0005590,DNR-01994,CMP-2024-ANN,59.35,2024-12-06,Online,False,Completed
GFT-0005591,DNR-01994,CMP-2026-ANN,238.67,2026-06-02,Online,False,Completed
GFT-0005592,DNR-01995,CMP-2026-ANN,220.81,2026-09-10,Online,False,Completed
GFT-0005593,DNR-01996,CMP-2023-ANN,107.28,2023-08-27,Online,False,Completed
GFT-0005594,DNR-01996,CMP-2024-ANN,208.92,2024-03-13,Online,False,Completed
GFT-0005595,DNR-01996,CMP-2026-ANN,237.86,2026-05-10,Online,False,Completed
GFT-0005596,DNR-01997,CMP-2023-ANN,737.12,2023-11-29,Credit Card,False,Completed
GFT-0005597,DNR-01997,CMP-2024-ANN,1680.72,2024-07-04,Credit Card,False,Completed
GFT-0005598,DNR-01997,CMP-2024-ANN,1177.23,2024-09-18,Credit Card,False,Completed
GFT-0005599,DNR-01997,CMP-2025-ANN,554.2,2025-08-02,Credit Card,False,Completed
GFT-0005600,DNR-01997,CMP-2026-ANN,895.79,2026-01-24,Credit Card,False,Completed
GFT-0005601,DNR-01997,CMP-2026-ANN,2574.45,2026-07-19,Credit Card,False,Completed
GFT-0005602,DNR-01998,CMP-2026-ANN,67.74,2026-07-20,Online,False,Completed
GFT-0005603,DNR-01999,CMP-2024-ANN,122.9,2024-11-18,Online,False,Completed
GFT-0005604,DNR-01999,CMP-2026-ANN,174.8,2026-05-24,Online,False,Completed
GFT-0005605,DNR-02000,CMP-2023-ANN,48.85,2023-11-11,Online,False,Completed
GFT-0005606,DNR-02001,CMP-2024-ANN,141.72,2024-10-30,Online,False,Completed
GFT-0005607,DNR-02001,CMP-2025-ANN,73.69,2025-07-06,Online,False,Completed
GFT-0005608,DNR-02001,CMP-2026-ANN,240.29,2026-06-21,Online,False,Completed
GFT-0005609,DNR-02002,CMP-2025-ANN,94.89,2025-08-28,Online,False,Completed
GFT-0005610,DNR-02003,CMP-2025-ANN,804.62,2025-11-17,Credit Card,False,Completed
GFT-0005611,DNR-02003,CMP-2025-ANN,823.57,2025-09-30,Credit Card,False,Completed
GFT-0005612,DNR-02003,CMP-2025-ANN,1204.74,2025-04-29,Credit Card,False,Completed
GFT-0005613,DNR-02003,CMP-2026-ANN,1433.39,2026-03-04,Credit Card,False,Completed
GFT-0005614,DNR-02003,CMP-2026-ANN,2221.29,2026-08-05,Credit Card,False,Completed
GFT-0005615,DNR-02003,CMP-2026-ANN,820.33,2026-06-15,Credit Card,False,Completed
GFT-0005616,DNR-02004,CMP-2025-ANN,131.54,2025-12-02,Online,False,Completed
GFT-0005617,DNR-02004,CMP-2026-ANN,108.25,2026-09-12,Online,False,Completed
GFT-0005618,DNR-02005,CMP-2023-ANN,237.53,2023-06-15,Online,False,Completed
GFT-0005619,DNR-02007,CMP-2023-ANN,88.12,2023-08-10,Online,False,Completed
GFT-0005620,DNR-02007,CMP-2024-ANN,203.61,2024-03-26,Online,False,Completed
GFT-0005621,DNR-02009,CMP-2023-ANN,230.06,2023-04-10,Online,False,Completed
GFT-0005622,DNR-02010,CMP-2024-ANN,151.74,2024-09-21,Online,False,Completed
GFT-0005623,DNR-02010,CMP-2026-ANN,223.16,2026-05-01,Online,False,Completed
GFT-0005624,DNR-02011,CMP-2025-ANN,58.38,2025-11-03,Online,False,Completed
GFT-0005625,DNR-02011,CMP-2026-ANN,144.08,2026-08-27,Online,False,Completed
GFT-0005626,DNR-02012,CMP-2023-ANN,227.6,2023-11-30,Online,False,Completed
GFT-0005627,DNR-02012,CMP-2026-ANN,112.65,2026-02-09,Online,False,Completed
GFT-0005628,DNR-02013,CMP-2023-ANN,2478.2,2023-07-10,Credit Card,False,Completed
GFT-0005629,DNR-02013,CMP-2024-ANN,2279.77,2024-10-06,Credit Card,False,Completed
GFT-0005630,DNR-02013,CMP-2024-ANN,1409.46,2024-05-30,Credit Card,False,Completed
GFT-0005631,DNR-02013,CMP-2025-ANN,1684.37,2025-03-30,Credit Card,False,Completed
GFT-0005632,DNR-02013,CMP-2026-ANN,2082.67,2026-05-19,Credit Card,False,Completed
GFT-0005633,DNR-02014,CMP-2024-ANN,210.59,2024-10-19,Online,False,Completed
GFT-0005634,DNR-02014,CMP-2025-ANN,57.88,2025-08-11,Online,False,Completed
GFT-0005635,DNR-02014,CMP-2026-ANN,97.01,2026-01-12,Online,False,Completed
GFT-0005636,DNR-02015,CMP-2025-ANN,210.43,2025-07-05,Online,False,Completed
GFT-0005637,DNR-02016,CMP-2026-ANN,52.08,2026-01-19,Online,False,Completed
GFT-0005638,DNR-02017,CMP-2025-ANN,204.74,2025-09-01,Online,False,Completed
GFT-0005639,DNR-02017,CMP-2026-ANN,202.91,2026-02-16,Online,False,Completed
GFT-0005640,DNR-02018,CMP-2023-ANN,2251.62,2023-11-27,Credit Card,False,Completed
GFT-0005641,DNR-02018,CMP-2023-ANN,2631.75,2023-12-08,Credit Card,False,Completed
GFT-0005642,DNR-02018,CMP-2024-ANN,1152.47,2024-12-05,Credit Card,False,Completed
GFT-0005643,DNR-02018,CMP-2024-ANN,860.15,2024-03-06,Credit Card,False,Completed
GFT-0005644,DNR-02018,CMP-2025-ANN,572.05,2025-01-20,Credit Card,False,Completed
GFT-0005645,DNR-02018,CMP-2026-ANN,2405.93,2026-03-18,Credit Card,False,Completed
GFT-0005646,DNR-02018,CMP-2026-ANN,696.77,2026-03-21,Credit Card,False,Completed
GFT-0005647,DNR-02018,CMP-2026-ANN,1662.35,2026-08-10,Credit Card,False,Completed
GFT-0005648,DNR-02019,CMP-2024-ANN,165.83,2024-03-27,Online,False,Completed
GFT-0005649,DNR-02019,CMP-2025-ANN,158.62,2025-04-25,Online,False,Completed
GFT-0005650,DNR-02020,CMP-2023-ANN,86.55,2023-08-06,Online,False,Completed
GFT-0005651,DNR-02020,CMP-2024-ANN,183.92,2024-07-05,Online,False,Completed
GFT-0005652,DNR-02020,CMP-2025-ANN,61.65,2025-11-13,Online,False,Completed
GFT-0005653,DNR-02020,CMP-2026-ANN,240.12,2026-06-02,Online,False,Completed
GFT-0005654,DNR-02021,CMP-2025-ANN,631.06,2025-10-28,Credit Card,False,Completed
GFT-0005655,DNR-02021,CMP-2026-ANN,1881.44,2026-03-11,Credit Card,False,Completed
GFT-0005656,DNR-02021,CMP-2026-ANN,1422.05,2026-04-07,Credit Card,False,Completed
GFT-0005657,DNR-02022,CMP-2024-ANN,187.11,2024-11-30,Online,False,Completed
GFT-0005658,DNR-02022,CMP-2025-ANN,166.5,2025-10-01,Online,False,Completed
GFT-0005659,DNR-02023,CMP-2025-ANN,945.0,2025-10-23,Credit Card,False,Completed
GFT-0005660,DNR-02023,CMP-2025-ANN,2032.71,2025-12-18,Credit Card,False,Completed
GFT-0005661,DNR-02023,CMP-2026-ANN,2109.05,2026-07-01,Credit Card,False,Completed
GFT-0005662,DNR-02024,CMP-2024-ANN,195.21,2024-11-02,Online,False,Completed
GFT-0005663,DNR-02024,CMP-2025-ANN,140.13,2025-08-13,Online,False,Completed
GFT-0005664,DNR-02025,CMP-2026-ANN,233.56,2026-01-05,Online,False,Completed
GFT-0005665,DNR-02026,CMP-2025-ANN,48.01,2025-09-24,Online,False,Completed
GFT-0005666,DNR-02026,CMP-2026-ANN,185.62,2026-08-24,Online,False,Completed
GFT-0005667,DNR-02027,CMP-2024-ANN,106.07,2024-06-21,Online,False,Completed
GFT-0005668,DNR-02027,CMP-2025-ANN,43.26,2025-04-17,Online,False,Completed
GFT-0005669,DNR-02027,CMP-2026-ANN,40.65,2026-02-06,Online,False,Completed
GFT-0005670,DNR-02028,CMP-2023-ANN,47878.24,2023-10-04,Check,True,Completed
GFT-0005671,DNR-02028,CMP-2023-ANN,150000.0,2023-06-29,Check,True,Completed
GFT-0005672,DNR-02028,CMP-2024-ANN,10348.62,2024-09-12,Check,True,Completed
GFT-0005673,DNR-02028,CMP-2024-ANN,25683.12,2024-07-14,Check,True,Completed
GFT-0005674,DNR-02028,CMP-2024-ANN,13924.14,2024-10-09,Check,True,Completed
GFT-0005675,DNR-02028,CMP-2025-ANN,14244.35,2025-10-27,Check,True,Completed
GFT-0005676,DNR-02028,CMP-2026-ANN,25259.22,2026-09-25,Check,True,Completed
GFT-0005677,DNR-02028,CMP-2026-ANN,47519.01,2026-08-20,Check,True,Completed
GFT-0005678,DNR-02028,CMP-2026-ANN,62713.77,2026-08-02,Check,True,Completed
GFT-0005679,DNR-02029,CMP-2025-ANN,202.69,2025-04-27,Online,False,Completed
GFT-0005680,DNR-02030,CMP-2024-ANN,45.13,2024-09-17,Online,False,Completed
GFT-0005681,DNR-02030,CMP-2025-ANN,60.79,2025-04-10,Online,False,Completed
GFT-0005682,DNR-02031,CMP-2026-ANN,37.72,2026-03-12,Online,False,Completed
GFT-0005683,DNR-02032,CMP-2025-ANN,169.65,2025-03-22,Online,False,Completed
GFT-0005684,DNR-02033,CMP-2023-ANN,34.49,2023-12-13,Online,False,Completed
GFT-0005685,DNR-02034,CMP-2023-ANN,18066.62,2023-01-22,Check,True,Completed
GFT-0005686,DNR-02034,CMP-2024-ANN,13707.97,2024-05-03,Check,True,Completed
GFT-0005687,DNR-02034,CMP-2024-ANN,27543.33,2024-08-29,Check,True,Completed
GFT-0005688,DNR-02034,CMP-2024-ANN,12332.08,2024-07-26,Check,True,Completed
GFT-0005689,DNR-02034,CMP-2025-ANN,17718.77,2025-04-30,Check,True,Completed
GFT-0005690,DNR-02034,CMP-2025-ANN,13729.21,2025-10-19,Check,True,Completed
GFT-0005691,DNR-02034,CMP-2026-ANN,20598.28,2026-01-25,Check,True,Completed
GFT-0005692,DNR-02034,CMP-2026-ANN,12210.7,2026-03-02,Check,True,Completed
GFT-0005693,DNR-02035,CMP-2023-ANN,167.72,2023-03-30,Online,False,Completed
GFT-0005694,DNR-02035,CMP-2024-ANN,139.81,2024-05-05,Online,False,Completed
GFT-0005695,DNR-02035,CMP-2025-ANN,30.29,2025-02-11,Online,False,Completed
GFT-0005696,DNR-02036,CMP-2023-ANN,40.29,2023-12-04,Online,False,Completed
GFT-0005697,DNR-02036,CMP-2024-ANN,33.1,2024-02-29,Online,False,Completed
GFT-0005698,DNR-02036,CMP-2025-ANN,135.58,2025-02-28,Online,False,Completed
GFT-0005699,DNR-02036,CMP-2026-ANN,43.14,2026-01-23,Online,False,Completed
GFT-0005700,DNR-02037,CMP-2024-ANN,211.53,2024-11-14,Online,False,Completed
GFT-0005701,DNR-02037,CMP-2025-ANN,59.26,2025-11-06,Online,False,Completed
GFT-0005702,DNR-02037,CMP-2026-ANN,166.23,2026-06-16,Online,False,Completed
GFT-0005703,DNR-02038,CMP-2024-ANN,109.22,2024-12-01,Online,False,Completed
GFT-0005704,DNR-02038,CMP-2025-ANN,212.84,2025-06-25,Online,False,Completed
GFT-0005705,DNR-02039,CMP-2025-ANN,69.05,2025-08-08,Online,False,Completed
GFT-0005706,DNR-02040,CMP-2023-ANN,171.35,2023-10-22,Online,False,Completed
GFT-0005707,DNR-02040,CMP-2024-ANN,125.25,2024-04-14,Online,False,Completed
GFT-0005708,DNR-02041,CMP-2023-ANN,1011.48,2023-07-22,Credit Card,False,Completed
GFT-0005709,DNR-02041,CMP-2023-ANN,781.73,2023-07-06,Credit Card,False,Completed
GFT-0005710,DNR-02041,CMP-2024-ANN,2511.59,2024-12-11,Credit Card,False,Completed
GFT-0005711,DNR-02041,CMP-2024-ANN,2357.03,2024-01-04,Credit Card,False,Completed
GFT-0005712,DNR-02041,CMP-2025-ANN,1000.36,2025-01-20,Credit Card,False,Completed
GFT-0005713,DNR-02041,CMP-2026-ANN,2339.26,2026-02-14,Credit Card,False,Completed
GFT-0005714,DNR-02041,CMP-2026-ANN,1246.52,2026-05-20,Credit Card,False,Completed
GFT-0005715,DNR-02041,CMP-2026-ANN,2224.37,2026-09-15,Credit Card,False,Completed
GFT-0005716,DNR-02042,CMP-2024-ANN,158.48,2024-10-26,Online,False,Completed
GFT-0005717,DNR-02042,CMP-2025-ANN,129.35,2025-04-07,Online,False,Completed
GFT-0005718,DNR-02043,CMP-2023-ANN,225.3,2023-07-07,Online,False,Completed
GFT-0005719,DNR-02043,CMP-2025-ANN,30.36,2025-10-07,Online,False,Completed
GFT-0005720,DNR-02043,CMP-2026-ANN,211.66,2026-04-13,Online,False,Completed
GFT-0005721,DNR-02044,CMP-2024-ANN,238.03,2024-04-12,Online,False,Completed
GFT-0005722,DNR-02044,CMP-2025-ANN,98.66,2025-08-18,Online,False,Completed
GFT-0005723,DNR-02045,CMP-2024-ANN,2384.65,2024-07-28,Credit Card,False,Completed
GFT-0005724,DNR-02045,CMP-2024-ANN,2802.05,2024-11-15,Credit Card,False,Completed
GFT-0005725,DNR-02045,CMP-2024-ANN,1700.44,2024-08-08,Credit Card,False,Completed
GFT-0005726,DNR-02045,CMP-2025-ANN,1213.36,2025-10-26,Credit Card,False,Completed
GFT-0005727,DNR-02045,CMP-2025-ANN,2966.95,2025-02-16,Credit Card,False,Completed
GFT-0005728,DNR-02045,CMP-2025-ANN,2643.4,2025-10-01,Credit Card,False,Completed
GFT-0005729,DNR-02045,CMP-2026-ANN,694.19,2026-03-08,Credit Card,False,Completed
GFT-0005730,DNR-02046,CMP-2023-ANN,25.06,2023-11-11,Online,False,Completed
GFT-0005731,DNR-02046,CMP-2024-ANN,36.26,2024-01-16,Online,False,Completed
GFT-0005732,DNR-02046,CMP-2025-ANN,86.7,2025-11-05,Online,False,Completed
GFT-0005733,DNR-02046,CMP-2026-ANN,125.14,2026-01-29,Online,False,Completed
GFT-0005734,DNR-02048,CMP-2023-ANN,107.81,2023-10-31,Online,False,Completed
GFT-0005735,DNR-02049,CMP-2024-ANN,88.0,2024-12-17,Online,False,Completed
GFT-0005736,DNR-02049,CMP-2026-ANN,32.87,2026-04-13,Online,False,Completed
GFT-0005737,DNR-02050,CMP-2023-ANN,56.91,2023-11-28,Online,False,Completed
GFT-0005738,DNR-02050,CMP-2024-ANN,234.76,2024-12-20,Online,False,Completed
GFT-0005739,DNR-02051,CMP-2024-ANN,168.26,2024-11-24,Online,False,Completed
GFT-0005740,DNR-02052,CMP-2025-ANN,50.33,2025-07-29,Online,False,Completed
GFT-0005741,DNR-02053,CMP-2024-ANN,224.45,2024-07-04,Online,False,Completed
GFT-0005742,DNR-02053,CMP-2026-ANN,30.08,2026-02-06,Online,False,Completed
GFT-0005743,DNR-02054,CMP-2023-ANN,1699.31,2023-07-27,Credit Card,False,Completed
GFT-0005744,DNR-02054,CMP-2023-ANN,2328.59,2023-11-02,Credit Card,False,Completed
GFT-0005745,DNR-02054,CMP-2023-ANN,883.24,2023-07-14,Credit Card,False,Completed
GFT-0005746,DNR-02054,CMP-2024-ANN,1493.85,2024-07-03,Credit Card,False,Completed
GFT-0005747,DNR-02054,CMP-2025-ANN,574.75,2025-07-31,Credit Card,False,Completed
GFT-0005748,DNR-02054,CMP-2025-ANN,1743.56,2025-08-03,Credit Card,False,Completed
GFT-0005749,DNR-02054,CMP-2026-ANN,1531.06,2026-04-07,Credit Card,False,Completed
GFT-0005750,DNR-02054,CMP-2026-ANN,2932.27,2026-07-01,Credit Card,False,Completed
GFT-0005751,DNR-02055,CMP-2024-ANN,2743.52,2024-12-09,Credit Card,False,Completed
GFT-0005752,DNR-02055,CMP-2024-ANN,2141.53,2024-11-08,Credit Card,False,Completed
GFT-0005753,DNR-02055,CMP-2024-ANN,2898.57,2024-11-30,Credit Card,False,Completed
GFT-0005754,DNR-02055,CMP-2025-ANN,2274.75,2025-02-20,Credit Card,False,Completed
GFT-0005755,DNR-02055,CMP-2025-ANN,2297.18,2025-04-17,Credit Card,False,Completed
GFT-0005756,DNR-02055,CMP-2026-ANN,2504.85,2026-08-18,Credit Card,False,Completed
GFT-0005757,DNR-02056,CMP-2023-ANN,86.19,2023-11-01,Online,False,Completed
GFT-0005758,DNR-02056,CMP-2025-ANN,125.8,2025-10-03,Online,False,Completed
GFT-0005759,DNR-02056,CMP-2026-ANN,171.29,2026-03-20,Online,False,Completed
GFT-0005760,DNR-02057,CMP-2025-ANN,239.23,2025-04-01,Online,False,Completed
GFT-0005761,DNR-02057,CMP-2026-ANN,77.09,2026-08-15,Online,False,Completed
GFT-0005762,DNR-02058,CMP-2024-ANN,106.91,2024-12-24,Online,False,Completed
GFT-0005763,DNR-02058,CMP-2025-ANN,127.66,2025-09-03,Online,False,Completed
GFT-0005764,DNR-02058,CMP-2026-ANN,61.88,2026-05-02,Online,False,Completed
GFT-0005765,DNR-02059,CMP-2025-ANN,148.98,2025-05-11,Online,False,Completed
GFT-0005766,DNR-02059,CMP-2026-ANN,190.42,2026-03-04,Online,False,Completed
GFT-0005767,DNR-02060,CMP-2025-ANN,64.14,2025-07-11,Online,False,Completed
GFT-0005768,DNR-02060,CMP-2026-ANN,130.18,2026-01-01,Online,False,Completed
GFT-0005769,DNR-02061,CMP-2023-ANN,90.8,2023-12-02,Online,False,Completed
GFT-0005770,DNR-02061,CMP-2026-ANN,147.01,2026-04-15,Online,False,Completed
GFT-0005771,DNR-02062,CMP-2023-ANN,122.14,2023-02-06,Online,False,Completed
GFT-0005772,DNR-02062,CMP-2026-ANN,105.7,2026-03-19,Online,False,Completed
GFT-0005773,DNR-02063,CMP-2023-ANN,1626.92,2023-11-14,Credit Card,False,Completed
GFT-0005774,DNR-02063,CMP-2023-ANN,1848.03,2023-11-23,Credit Card,False,Completed
GFT-0005775,DNR-02063,CMP-2024-ANN,910.69,2024-10-16,Credit Card,False,Completed
GFT-0005776,DNR-02063,CMP-2024-ANN,606.89,2024-06-24,Credit Card,False,Completed
GFT-0005777,DNR-02063,CMP-2024-ANN,1765.88,2024-07-06,Credit Card,False,Completed
GFT-0005778,DNR-02063,CMP-2025-ANN,862.63,2025-10-16,Credit Card,False,Completed
GFT-0005779,DNR-02063,CMP-2025-ANN,1354.12,2025-09-24,Credit Card,False,Completed
GFT-0005780,DNR-02063,CMP-2025-ANN,2081.74,2025-02-27,Credit Card,False,Completed
GFT-0005781,DNR-02063,CMP-2026-ANN,898.57,2026-02-06,Credit Card,False,Completed
GFT-0005782,DNR-02063,CMP-2026-ANN,2496.84,2026-08-30,Credit Card,False,Completed
GFT-0005783,DNR-02063,CMP-2026-ANN,848.8,2026-07-25,Credit Card,False,Completed
GFT-0005784,DNR-02064,CMP-2024-ANN,180.97,2024-07-12,Online,False,Completed
GFT-0005785,DNR-02064,CMP-2025-ANN,119.27,2025-10-15,Online,False,Completed
GFT-0005786,DNR-02064,CMP-2026-ANN,137.81,2026-03-23,Online,False,Completed
GFT-0005787,DNR-02065,CMP-2025-ANN,48.36,2025-09-17,Online,False,Completed
GFT-0005788,DNR-02065,CMP-2026-ANN,235.26,2026-01-05,Online,False,Completed
GFT-0005789,DNR-02066,CMP-2024-ANN,76.03,2024-07-21,Online,False,Completed
GFT-0005790,DNR-02066,CMP-2026-ANN,51.31,2026-03-04,Online,False,Completed
GFT-0005791,DNR-02067,CMP-2025-ANN,113.87,2025-01-09,Online,False,Completed
GFT-0005792,DNR-02068,CMP-2023-ANN,154.83,2023-07-29,Online,False,Completed
GFT-0005793,DNR-02069,CMP-2024-ANN,169.88,2024-11-10,Online,False,Completed
GFT-0005794,DNR-02069,CMP-2025-ANN,181.14,2025-12-02,Online,False,Completed
GFT-0005795,DNR-02071,CMP-2024-ANN,231.06,2024-11-09,Online,False,Completed
GFT-0005796,DNR-02071,CMP-2026-ANN,195.06,2026-01-21,Online,False,Completed
GFT-0005797,DNR-02072,CMP-2024-ANN,72.08,2024-12-13,Online,False,Completed
GFT-0005798,DNR-02073,CMP-2024-ANN,28.65,2024-05-26,Online,False,Completed
GFT-0005799,DNR-02073,CMP-2025-ANN,71.59,2025-10-08,Online,False,Completed
GFT-0005800,DNR-02074,CMP-2023-ANN,678.34,2023-09-11,Credit Card,False,Completed
GFT-0005801,DNR-02074,CMP-2023-ANN,1133.58,2023-08-11,Credit Card,False,Completed
GFT-0005802,DNR-02074,CMP-2023-ANN,2877.53,2023-06-30,Credit Card,False,Completed
GFT-0005803,DNR-02074,CMP-2024-ANN,2862.19,2024-04-04,Credit Card,False,Completed
GFT-0005804,DNR-02074,CMP-2024-ANN,2153.96,2024-03-20,Credit Card,False,Completed
GFT-0005805,DNR-02074,CMP-2025-ANN,2244.55,2025-03-19,Credit Card,False,Completed
GFT-0005806,DNR-02074,CMP-2026-ANN,1357.92,2026-05-12,Credit Card,False,Completed
GFT-0005807,DNR-02074,CMP-2026-ANN,1437.29,2026-09-01,Credit Card,False,Completed
GFT-0005808,DNR-02075,CMP-2025-ANN,1571.31,2025-05-27,Credit Card,False,Completed
GFT-0005809,DNR-02075,CMP-2025-ANN,1974.23,2025-11-02,Credit Card,False,Completed
GFT-0005810,DNR-02075,CMP-2026-ANN,2088.05,2026-05-01,Credit Card,False,Completed
GFT-0005811,DNR-02075,CMP-2026-ANN,1983.34,2026-02-03,Credit Card,False,Completed
GFT-0005812,DNR-02076,CMP-2025-ANN,1728.33,2025-10-21,Credit Card,False,Completed
GFT-0005813,DNR-02076,CMP-2025-ANN,578.8,2025-12-10,Credit Card,False,Completed
GFT-0005814,DNR-02076,CMP-2025-ANN,1299.08,2025-09-30,Credit Card,False,Completed
GFT-0005815,DNR-02076,CMP-2026-ANN,1139.46,2026-02-01,Credit Card,False,Completed
GFT-0005816,DNR-02077,CMP-2023-ANN,204.51,2023-12-26,Online,False,Completed
GFT-0005817,DNR-02077,CMP-2026-ANN,157.1,2026-09-22,Online,False,Completed
GFT-0005818,DNR-02079,CMP-2023-ANN,11683.08,2023-12-27,Check,True,Completed
GFT-0005819,DNR-02079,CMP-2023-ANN,47458.8,2023-11-22,Check,True,Completed
GFT-0005820,DNR-02079,CMP-2024-ANN,10827.26,2024-03-14,Check,True,Completed
GFT-0005821,DNR-02079,CMP-2025-ANN,16340.73,2025-07-10,Check,True,Completed
GFT-0005822,DNR-02079,CMP-2025-ANN,11993.45,2025-03-18,Check,True,Completed
GFT-0005823,DNR-02079,CMP-2026-ANN,10300.79,2026-07-25,Check,True,Completed
GFT-0005824,DNR-02080,CMP-2023-ANN,147.34,2023-03-09,Online,False,Completed
GFT-0005825,DNR-02080,CMP-2024-ANN,187.96,2024-06-20,Online,False,Completed
GFT-0005826,DNR-02081,CMP-2025-ANN,193.54,2025-04-27,Online,False,Completed
GFT-0005827,DNR-02081,CMP-2026-ANN,246.4,2026-09-23,Online,False,Completed
GFT-0005828,DNR-02082,CMP-2025-ANN,94.71,2025-11-22,Online,False,Completed
GFT-0005829,DNR-02083,CMP-2025-ANN,117.39,2025-11-26,Online,False,Completed
GFT-0005830,DNR-02083,CMP-2026-ANN,53.89,2026-01-12,Online,False,Completed
GFT-0005831,DNR-02084,CMP-2024-ANN,2452.09,2024-06-24,Credit Card,False,Completed
GFT-0005832,DNR-02084,CMP-2024-ANN,2838.85,2024-04-25,Credit Card,False,Completed
GFT-0005833,DNR-02084,CMP-2024-ANN,1611.07,2024-08-12,Credit Card,False,Completed
GFT-0005834,DNR-02084,CMP-2025-ANN,953.08,2025-03-20,Credit Card,False,Completed
GFT-0005835,DNR-02084,CMP-2025-ANN,1186.85,2025-06-22,Credit Card,False,Completed
GFT-0005836,DNR-02084,CMP-2025-ANN,1912.62,2025-12-07,Credit Card,False,Completed
GFT-0005837,DNR-02084,CMP-2026-ANN,2134.26,2026-01-15,Credit Card,False,Completed
GFT-0005838,DNR-02084,CMP-2026-ANN,621.79,2026-04-27,Credit Card,False,Completed
GFT-0005839,DNR-02084,CMP-2026-ANN,1964.15,2026-02-13,Credit Card,False,Completed
GFT-0005840,DNR-02085,CMP-2024-ANN,228.01,2024-08-03,Online,False,Completed
GFT-0005841,DNR-02085,CMP-2025-ANN,61.62,2025-11-30,Online,False,Completed
GFT-0005842,DNR-02085,CMP-2026-ANN,99.57,2026-06-01,Online,False,Completed
GFT-0005843,DNR-02086,CMP-2025-ANN,59.83,2025-09-19,Online,False,Completed
GFT-0005844,DNR-02087,CMP-2025-ANN,134.41,2025-12-01,Online,False,Completed
GFT-0005845,DNR-02087,CMP-2026-ANN,199.54,2026-09-13,Online,False,Completed
GFT-0005846,DNR-02089,CMP-2023-ANN,1255.69,2023-04-07,Credit Card,False,Completed
GFT-0005847,DNR-02089,CMP-2024-ANN,1350.18,2024-12-12,Credit Card,False,Completed
GFT-0005848,DNR-02089,CMP-2025-ANN,1958.92,2025-02-27,Credit Card,False,Completed
GFT-0005849,DNR-02089,CMP-2025-ANN,1733.38,2025-12-25,Credit Card,False,Completed
GFT-0005850,DNR-02089,CMP-2025-ANN,2284.57,2025-07-11,Credit Card,False,Completed
GFT-0005851,DNR-02089,CMP-2026-ANN,2870.1,2026-09-07,Credit Card,False,Completed
GFT-0005852,DNR-02089,CMP-2026-ANN,790.22,2026-02-21,Credit Card,False,Completed
GFT-0005853,DNR-02089,CMP-2026-ANN,911.08,2026-06-24,Credit Card,False,Completed
GFT-0005854,DNR-02090,CMP-2023-ANN,245.23,2023-07-09,Online,False,Completed
GFT-0005855,DNR-02090,CMP-2025-ANN,136.63,2025-09-04,Online,False,Completed
GFT-0005856,DNR-02091,CMP-2024-ANN,184.39,2024-10-22,Online,False,Completed
GFT-0005857,DNR-02091,CMP-2026-ANN,147.28,2026-08-02,Online,False,Completed
GFT-0005858,DNR-02092,CMP-2023-ANN,1684.15,2023-10-08,Credit Card,False,Completed
GFT-0005859,DNR-02092,CMP-2023-ANN,1197.26,2023-10-31,Credit Card,False,Completed
GFT-0005860,DNR-02092,CMP-2024-ANN,2255.12,2024-03-22,Credit Card,False,Completed
GFT-0005861,DNR-02092,CMP-2024-ANN,667.35,2024-12-08,Credit Card,False,Completed
GFT-0005862,DNR-02092,CMP-2024-ANN,718.11,2024-07-09,Credit Card,False,Completed
GFT-0005863,DNR-02092,CMP-2025-ANN,1394.11,2025-04-12,Credit Card,False,Completed
GFT-0005864,DNR-02092,CMP-2025-ANN,1503.32,2025-12-23,Credit Card,False,Completed
GFT-0005865,DNR-02092,CMP-2025-ANN,2798.19,2025-10-04,Credit Card,False,Completed
GFT-0005866,DNR-02092,CMP-2026-ANN,802.53,2026-08-28,Credit Card,False,Completed
GFT-0005867,DNR-02093,CMP-2025-ANN,153.34,2025-11-30,Online,False,Completed
GFT-0005868,DNR-02094,CMP-2023-ANN,249.22,2023-07-24,Online,False,Completed
GFT-0005869,DNR-02094,CMP-2024-ANN,84.18,2024-05-05,Online,False,Completed
GFT-0005870,DNR-02094,CMP-2025-ANN,202.75,2025-07-03,Online,False,Completed
GFT-0005871,DNR-02094,CMP-2026-ANN,117.98,2026-07-11,Online,False,Completed
GFT-0005872,DNR-02095,CMP-2023-ANN,77.26,2023-09-20,Online,False,Completed
GFT-0005873,DNR-02095,CMP-2024-ANN,54.97,2024-12-18,Online,False,Completed
GFT-0005874,DNR-02095,CMP-2026-ANN,38.5,2026-07-01,Online,False,Completed
GFT-0005875,DNR-02096,CMP-2024-ANN,174.83,2024-07-10,Online,False,Completed
GFT-0005876,DNR-02096,CMP-2025-ANN,26.99,2025-11-26,Online,False,Completed
GFT-0005877,DNR-02097,CMP-2023-ANN,232.16,2023-10-16,Online,False,Completed
GFT-0005878,DNR-02097,CMP-2026-ANN,131.82,2026-06-13,Online,False,Completed
GFT-0005879,DNR-02098,CMP-2024-ANN,47.29,2024-06-11,Online,False,Completed
GFT-0005880,DNR-02098,CMP-2025-ANN,167.51,2025-07-22,Online,False,Completed
GFT-0005881,DNR-02098,CMP-2026-ANN,205.87,2026-05-16,Online,False,Completed
GFT-0005882,DNR-02099,CMP-2023-ANN,53.57,2023-11-17,Online,False,Completed
GFT-0005883,DNR-02099,CMP-2024-ANN,218.77,2024-07-21,Online,False,Completed
GFT-0005884,DNR-02099,CMP-2025-ANN,140.51,2025-04-13,Online,False,Completed
GFT-0005885,DNR-02100,CMP-2024-ANN,80.59,2024-10-15,Online,False,Completed
GFT-0005886,DNR-02101,CMP-2025-ANN,2844.02,2025-02-21,Credit Card,False,Completed
GFT-0005887,DNR-02101,CMP-2025-ANN,2569.94,2025-05-11,Credit Card,False,Completed
GFT-0005888,DNR-02101,CMP-2026-ANN,649.18,2026-02-24,Credit Card,False,Completed
GFT-0005889,DNR-02101,CMP-2026-ANN,1579.68,2026-09-07,Credit Card,False,Completed
GFT-0005890,DNR-02102,CMP-2026-ANN,176.12,2026-07-22,Online,False,Completed
GFT-0005891,DNR-02103,CMP-2024-ANN,161.45,2024-11-19,Online,False,Completed
GFT-0005892,DNR-02104,CMP-2025-ANN,163.35,2025-10-03,Online,False,Completed
GFT-0005893,DNR-02106,CMP-2024-ANN,159.77,2024-03-09,Online,False,Completed
GFT-0005894,DNR-02106,CMP-2025-ANN,198.95,2025-04-22,Online,False,Completed
GFT-0005895,DNR-02106,CMP-2026-ANN,31.96,2026-02-21,Online,False,Completed
GFT-0005896,DNR-02107,CMP-2025-ANN,1904.22,2025-10-17,Credit Card,False,Completed
GFT-0005897,DNR-02107,CMP-2026-ANN,2729.13,2026-05-04,Credit Card,False,Completed
GFT-0005898,DNR-02107,CMP-2026-ANN,863.91,2026-01-27,Credit Card,False,Completed
GFT-0005899,DNR-02107,CMP-2026-ANN,2103.5,2026-06-12,Credit Card,False,Completed
GFT-0005900,DNR-02108,CMP-2024-ANN,1193.47,2024-03-08,Credit Card,False,Completed
GFT-0005901,DNR-02108,CMP-2024-ANN,1202.08,2024-01-29,Credit Card,False,Completed
GFT-0005902,DNR-02108,CMP-2025-ANN,2517.03,2025-01-19,Credit Card,False,Completed
GFT-0005903,DNR-02108,CMP-2025-ANN,2792.78,2025-12-01,Credit Card,False,Completed
GFT-0005904,DNR-02108,CMP-2025-ANN,1258.74,2025-07-24,Credit Card,False,Completed
GFT-0005905,DNR-02108,CMP-2026-ANN,2013.24,2026-09-14,Credit Card,False,Completed
GFT-0005906,DNR-02108,CMP-2026-ANN,2798.32,2026-02-20,Credit Card,False,Completed
GFT-0005907,DNR-02108,CMP-2026-ANN,2638.45,2026-02-10,Credit Card,False,Completed
GFT-0005908,DNR-02109,CMP-2023-ANN,134.75,2023-11-17,Online,False,Completed
GFT-0005909,DNR-02109,CMP-2026-ANN,151.04,2026-08-14,Online,False,Completed
GFT-0005910,DNR-02110,CMP-2023-ANN,10277.66,2023-12-17,Check,True,Completed
GFT-0005911,DNR-02110,CMP-2023-ANN,11516.68,2023-10-29,Check,True,Completed
GFT-0005912,DNR-02110,CMP-2023-ANN,36095.17,2023-01-12,Check,True,Completed
GFT-0005913,DNR-02110,CMP-2024-ANN,12708.18,2024-01-09,Check,True,Completed
GFT-0005914,DNR-02110,CMP-2024-ANN,62392.2,2024-08-21,Check,True,Completed
GFT-0005915,DNR-02110,CMP-2024-ANN,18190.33,2024-09-03,Check,True,Completed
GFT-0005916,DNR-02110,CMP-2025-ANN,14984.27,2025-12-15,Check,True,Completed
GFT-0005917,DNR-02110,CMP-2025-ANN,18147.95,2025-06-15,Check,True,Completed
GFT-0005918,DNR-02110,CMP-2025-ANN,16576.56,2025-02-10,Check,True,Completed
GFT-0005919,DNR-02110,CMP-2026-ANN,25540.86,2026-02-22,Check,True,Completed
GFT-0005920,DNR-02110,CMP-2026-ANN,12708.39,2026-02-06,Check,True,Completed
GFT-0005921,DNR-02110,CMP-2026-ANN,13649.02,2026-06-26,Check,True,Completed
GFT-0005922,DNR-02111,CMP-2024-ANN,100.84,2024-01-02,Online,False,Completed
GFT-0005923,DNR-02112,CMP-2023-ANN,163.68,2023-12-21,Online,False,Completed
GFT-0005924,DNR-02112,CMP-2024-ANN,166.55,2024-10-15,Online,False,Completed
GFT-0005925,DNR-02113,CMP-2023-ANN,76.26,2023-06-29,Online,False,Completed
GFT-0005926,DNR-02113,CMP-2025-ANN,78.87,2025-12-13,Online,False,Completed
GFT-0005927,DNR-02113,CMP-2026-ANN,243.78,2026-03-25,Online,False,Completed
GFT-0005928,DNR-02114,CMP-2024-ANN,2564.34,2024-08-30,Credit Card,False,Completed
GFT-0005929,DNR-02114,CMP-2025-ANN,2190.25,2025-03-28,Credit Card,False,Completed
GFT-0005930,DNR-02114,CMP-2025-ANN,1196.31,2025-07-26,Credit Card,False,Completed
GFT-0005931,DNR-02114,CMP-2025-ANN,1994.4,2025-01-11,Credit Card,False,Completed
GFT-0005932,DNR-02114,CMP-2026-ANN,2147.78,2026-05-13,Credit Card,False,Completed
GFT-0005933,DNR-02114,CMP-2026-ANN,2420.79,2026-09-01,Credit Card,False,Completed
GFT-0005934,DNR-02114,CMP-2026-ANN,2726.38,2026-01-23,Credit Card,False,Completed
GFT-0005935,DNR-02115,CMP-2023-ANN,198.23,2023-12-03,Online,False,Completed
GFT-0005936,DNR-02115,CMP-2024-ANN,179.6,2024-05-12,Online,False,Completed
GFT-0005937,DNR-02115,CMP-2025-ANN,147.12,2025-08-12,Online,False,Completed
GFT-0005938,DNR-02115,CMP-2026-ANN,204.56,2026-05-27,Online,False,Completed
GFT-0005939,DNR-02116,CMP-2023-ANN,64.02,2023-08-01,Online,False,Completed
GFT-0005940,DNR-02117,CMP-2025-ANN,202.74,2025-12-17,Online,False,Completed
GFT-0005941,DNR-02118,CMP-2023-ANN,170.68,2023-12-22,Online,False,Completed
GFT-0005942,DNR-02118,CMP-2024-ANN,80.27,2024-01-19,Online,False,Completed
GFT-0005943,DNR-02118,CMP-2025-ANN,85.92,2025-04-20,Online,False,Completed
GFT-0005944,DNR-02118,CMP-2026-ANN,145.92,2026-01-31,Online,False,Completed
GFT-0005945,DNR-02119,CMP-2023-ANN,161.35,2023-12-26,Online,False,Completed
GFT-0005946,DNR-02119,CMP-2024-ANN,242.47,2024-10-29,Online,False,Completed
GFT-0005947,DNR-02120,CMP-2023-ANN,666.37,2023-12-17,Credit Card,False,Completed
GFT-0005948,DNR-02120,CMP-2024-ANN,2819.51,2024-06-19,Credit Card,False,Completed
GFT-0005949,DNR-02120,CMP-2024-ANN,1636.9,2024-02-28,Credit Card,False,Completed
GFT-0005950,DNR-02120,CMP-2025-ANN,1958.96,2025-04-12,Credit Card,False,Completed
GFT-0005951,DNR-02120,CMP-2025-ANN,1192.73,2025-08-24,Credit Card,False,Completed
GFT-0005952,DNR-02120,CMP-2025-ANN,1918.63,2025-05-10,Credit Card,False,Completed
GFT-0005953,DNR-02120,CMP-2026-ANN,1164.25,2026-09-29,Credit Card,False,Completed
GFT-0005954,DNR-02121,CMP-2024-ANN,2070.28,2024-09-27,Credit Card,False,Completed
GFT-0005955,DNR-02121,CMP-2024-ANN,1723.9,2024-10-18,Credit Card,False,Completed
GFT-0005956,DNR-02121,CMP-2025-ANN,1690.92,2025-08-15,Credit Card,False,Completed
GFT-0005957,DNR-02121,CMP-2026-ANN,1282.85,2026-01-21,Credit Card,False,Completed
GFT-0005958,DNR-02121,CMP-2026-ANN,849.32,2026-02-08,Credit Card,False,Completed
GFT-0005959,DNR-02122,CMP-2025-ANN,196.03,2025-12-03,Online,False,Completed
GFT-0005960,DNR-02123,CMP-2023-ANN,2617.94,2023-03-17,Credit Card,False,Completed
GFT-0005961,DNR-02123,CMP-2024-ANN,768.65,2024-02-02,Credit Card,False,Completed
GFT-0005962,DNR-02123,CMP-2024-ANN,1838.06,2024-10-07,Credit Card,False,Completed
GFT-0005963,DNR-02123,CMP-2025-ANN,2459.68,2025-06-17,Credit Card,False,Completed
GFT-0005964,DNR-02123,CMP-2026-ANN,2216.81,2026-05-18,Credit Card,False,Completed
GFT-0005965,DNR-02123,CMP-2026-ANN,1012.23,2026-04-08,Credit Card,False,Completed
GFT-0005966,DNR-02123,CMP-2026-ANN,2728.28,2026-04-26,Credit Card,False,Completed
GFT-0005967,DNR-02124,CMP-2024-ANN,27.22,2024-10-01,Online,False,Completed
GFT-0005968,DNR-02124,CMP-2025-ANN,165.48,2025-11-27,Online,False,Completed
GFT-0005969,DNR-02124,CMP-2026-ANN,121.71,2026-09-11,Online,False,Completed
GFT-0005970,DNR-02125,CMP-2024-ANN,41092.64,2024-12-05,Check,True,Completed
GFT-0005971,DNR-02125,CMP-2025-ANN,59824.31,2025-01-18,Check,True,Completed
GFT-0005972,DNR-02125,CMP-2026-ANN,40761.97,2026-04-12,Check,True,Completed
GFT-0005973,DNR-02125,CMP-2026-ANN,14686.6,2026-03-22,Check,True,Completed
GFT-0005974,DNR-02125,CMP-2026-ANN,27006.71,2026-01-06,Check,True,Completed
GFT-0005975,DNR-02127,CMP-2023-ANN,78.18,2023-02-21,Online,False,Completed
GFT-0005976,DNR-02127,CMP-2024-ANN,156.43,2024-06-07,Online,False,Completed
GFT-0005977,DNR-02127,CMP-2026-ANN,242.44,2026-01-17,Online,False,Completed
GFT-0005978,DNR-02128,CMP-2023-ANN,146.89,2023-11-01,Online,False,Completed
GFT-0005979,DNR-02128,CMP-2024-ANN,61.09,2024-02-15,Online,False,Completed
GFT-0005980,DNR-02128,CMP-2025-ANN,163.18,2025-02-05,Online,False,Completed
GFT-0005981,DNR-02129,CMP-2023-ANN,811.41,2023-06-24,Credit Card,False,Completed
GFT-0005982,DNR-02129,CMP-2023-ANN,1115.48,2023-11-24,Credit Card,False,Completed
GFT-0005983,DNR-02129,CMP-2024-ANN,1052.43,2024-05-13,Credit Card,False,Completed
GFT-0005984,DNR-02129,CMP-2024-ANN,1648.77,2024-01-09,Credit Card,False,Completed
GFT-0005985,DNR-02129,CMP-2025-ANN,2729.71,2025-01-13,Credit Card,False,Completed
GFT-0005986,DNR-02129,CMP-2026-ANN,1198.68,2026-02-28,Credit Card,False,Completed
GFT-0005987,DNR-02130,CMP-2024-ANN,176.01,2024-11-25,Online,False,Completed
GFT-0005988,DNR-02130,CMP-2025-ANN,218.7,2025-09-28,Online,False,Completed
GFT-0005989,DNR-02131,CMP-2023-ANN,77.24,2023-05-06,Online,False,Completed
GFT-0005990,DNR-02131,CMP-2025-ANN,124.93,2025-11-07,Online,False,Completed
GFT-0005991,DNR-02131,CMP-2026-ANN,224.83,2026-03-07,Online,False,Completed
GFT-0005992,DNR-02132,CMP-2025-ANN,197.14,2025-10-09,Online,False,Completed
GFT-0005993,DNR-02132,CMP-2026-ANN,176.5,2026-09-26,Online,False,Completed
GFT-0005994,DNR-02133,CMP-2023-ANN,221.91,2023-12-25,Online,False,Completed
GFT-0005995,DNR-02133,CMP-2024-ANN,29.66,2024-03-26,Online,False,Completed
GFT-0005996,DNR-02133,CMP-2025-ANN,112.28,2025-04-08,Online,False,Completed
GFT-0005997,DNR-02133,CMP-2026-ANN,71.23,2026-08-06,Online,False,Completed
GFT-0005998,DNR-02134,CMP-2023-ANN,42.41,2023-12-18,Online,False,Completed
GFT-0005999,DNR-02134,CMP-2026-ANN,115.9,2026-08-11,Online,False,Completed
GFT-0006000,DNR-02135,CMP-2023-ANN,104.48,2023-09-11,Online,False,Completed
GFT-0006001,DNR-02135,CMP-2024-ANN,185.86,2024-09-07,Online,False,Completed
GFT-0006002,DNR-02135,CMP-2026-ANN,222.49,2026-03-15,Online,False,Completed
GFT-0006003,DNR-02136,CMP-2025-ANN,2216.23,2025-11-29,Credit Card,False,Completed
GFT-0006004,DNR-02136,CMP-2026-ANN,1110.18,2026-05-17,Credit Card,False,Completed
GFT-0006005,DNR-02136,CMP-2026-ANN,2243.95,2026-08-24,Credit Card,False,Completed
GFT-0006006,DNR-02136,CMP-2026-ANN,1630.61,2026-03-03,Credit Card,False,Completed
GFT-0006007,DNR-02137,CMP-2024-ANN,102.67,2024-01-18,Online,False,Completed
GFT-0006008,DNR-02137,CMP-2025-ANN,135.47,2025-03-05,Online,False,Completed
GFT-0006009,DNR-02138,CMP-2024-ANN,82.36,2024-03-04,Online,False,Completed
GFT-0006010,DNR-02138,CMP-2025-ANN,107.48,2025-10-18,Online,False,Completed
GFT-0006011,DNR-02139,CMP-2023-ANN,62.92,2023-07-13,Online,False,Completed
GFT-0006012,DNR-02139,CMP-2026-ANN,207.28,2026-02-22,Online,False,Completed
GFT-0006013,DNR-02140,CMP-2023-ANN,2947.9,2023-03-11,Credit Card,False,Completed
GFT-0006014,DNR-02140,CMP-2024-ANN,619.95,2024-11-04,Credit Card,False,Completed
GFT-0006015,DNR-02140,CMP-2024-ANN,1071.45,2024-12-17,Credit Card,False,Completed
GFT-0006016,DNR-02140,CMP-2025-ANN,2789.62,2025-04-30,Credit Card,False,Completed
GFT-0006017,DNR-02140,CMP-2025-ANN,730.94,2025-02-10,Credit Card,False,Completed
GFT-0006018,DNR-02140,CMP-2025-ANN,2238.28,2025-02-20,Credit Card,False,Completed
GFT-0006019,DNR-02140,CMP-2026-ANN,1125.98,2026-06-30,Credit Card,False,Completed
GFT-0006020,DNR-02141,CMP-2025-ANN,2830.03,2025-12-13,Credit Card,False,Completed
GFT-0006021,DNR-02141,CMP-2025-ANN,1632.75,2025-11-02,Credit Card,False,Completed
GFT-0006022,DNR-02141,CMP-2025-ANN,1232.88,2025-07-09,Credit Card,False,Completed
GFT-0006023,DNR-02141,CMP-2026-ANN,1196.28,2026-07-25,Credit Card,False,Completed
GFT-0006024,DNR-02141,CMP-2026-ANN,2789.91,2026-01-24,Credit Card,False,Completed
GFT-0006025,DNR-02142,CMP-2025-ANN,95.11,2025-08-27,Online,False,Completed
GFT-0006026,DNR-02142,CMP-2026-ANN,77.16,2026-02-11,Online,False,Completed
GFT-0006027,DNR-02143,CMP-2025-ANN,36.73,2025-07-04,Online,False,Completed
GFT-0006028,DNR-02145,CMP-2025-ANN,148.29,2025-05-12,Online,False,Completed
GFT-0006029,DNR-02146,CMP-2023-ANN,1090.61,2023-05-19,Credit Card,False,Completed
GFT-0006030,DNR-02146,CMP-2024-ANN,2006.59,2024-06-13,Credit Card,False,Completed
GFT-0006031,DNR-02146,CMP-2025-ANN,668.46,2025-04-17,Credit Card,False,Completed
GFT-0006032,DNR-02146,CMP-2026-ANN,1172.61,2026-07-16,Credit Card,False,Completed
GFT-0006033,DNR-02147,CMP-2024-ANN,200.29,2024-03-04,Online,False,Completed
GFT-0006034,DNR-02147,CMP-2025-ANN,108.01,2025-05-07,Online,False,Completed
GFT-0006035,DNR-02147,CMP-2026-ANN,145.07,2026-08-23,Online,False,Completed
GFT-0006036,DNR-02148,CMP-2023-ANN,202.05,2023-02-25,Online,False,Completed
GFT-0006037,DNR-02148,CMP-2024-ANN,63.65,2024-02-27,Online,False,Completed
GFT-0006038,DNR-02148,CMP-2025-ANN,207.99,2025-04-12,Online,False,Completed
GFT-0006039,DNR-02148,CMP-2026-ANN,226.34,2026-08-31,Online,False,Completed
GFT-0006040,DNR-02149,CMP-2023-ANN,62.58,2023-05-22,Online,False,Completed
GFT-0006041,DNR-02149,CMP-2024-ANN,215.47,2024-12-11,Online,False,Completed
GFT-0006042,DNR-02149,CMP-2025-ANN,162.02,2025-09-30,Online,False,Completed
GFT-0006043,DNR-02149,CMP-2026-ANN,201.21,2026-07-02,Online,False,Completed
GFT-0006044,DNR-02150,CMP-2023-ANN,1114.47,2023-07-25,Credit Card,False,Completed
GFT-0006045,DNR-02150,CMP-2023-ANN,937.86,2023-05-02,Credit Card,False,Completed
GFT-0006046,DNR-02150,CMP-2024-ANN,2283.57,2024-01-28,Credit Card,False,Completed
GFT-0006047,DNR-02150,CMP-2025-ANN,2100.34,2025-08-06,Credit Card,False,Completed
GFT-0006048,DNR-02150,CMP-2026-ANN,667.69,2026-03-22,Credit Card,False,Completed
GFT-0006049,DNR-02151,CMP-2024-ANN,25.13,2024-10-10,Online,False,Completed
GFT-0006050,DNR-02151,CMP-2025-ANN,204.74,2025-08-03,Online,False,Completed
GFT-0006051,DNR-02152,CMP-2023-ANN,146.83,2023-11-19,Online,False,Completed
GFT-0006052,DNR-02152,CMP-2024-ANN,143.14,2024-03-15,Online,False,Completed
GFT-0006053,DNR-02153,CMP-2023-ANN,161.24,2023-05-03,Online,False,Completed
GFT-0006054,DNR-02154,CMP-2024-ANN,2842.18,2024-09-14,Credit Card,False,Completed
GFT-0006055,DNR-02154,CMP-2024-ANN,917.24,2024-11-17,Credit Card,False,Completed
GFT-0006056,DNR-02154,CMP-2024-ANN,2644.82,2024-12-04,Credit Card,False,Completed
GFT-0006057,DNR-02154,CMP-2025-ANN,2512.1,2025-04-12,Credit Card,False,Completed
GFT-0006058,DNR-02154,CMP-2026-ANN,683.54,2026-08-15,Credit Card,False,Completed
GFT-0006059,DNR-02155,CMP-2025-ANN,228.44,2025-03-15,Online,False,Completed
GFT-0006060,DNR-02155,CMP-2026-ANN,92.39,2026-02-13,Online,False,Completed
GFT-0006061,DNR-02156,CMP-2024-ANN,134.62,2024-12-25,Online,False,Completed
GFT-0006062,DNR-02156,CMP-2026-ANN,199.39,2026-04-29,Online,False,Completed
GFT-0006063,DNR-02157,CMP-2024-ANN,157.85,2024-06-12,Online,False,Completed
GFT-0006064,DNR-02157,CMP-2026-ANN,203.6,2026-04-15,Online,False,Completed
GFT-0006065,DNR-02158,CMP-2025-ANN,57.02,2025-11-02,Online,False,Completed
GFT-0006066,DNR-02159,CMP-2024-ANN,114.83,2024-03-01,Online,False,Completed
GFT-0006067,DNR-02159,CMP-2026-ANN,71.06,2026-09-05,Online,False,Completed
GFT-0006068,DNR-02160,CMP-2023-ANN,240.91,2023-10-27,Online,False,Completed
GFT-0006069,DNR-02160,CMP-2024-ANN,57.75,2024-01-27,Online,False,Completed
GFT-0006070,DNR-02160,CMP-2026-ANN,109.16,2026-03-24,Online,False,Completed
GFT-0006071,DNR-02161,CMP-2023-ANN,229.61,2023-07-15,Online,False,Completed
GFT-0006072,DNR-02161,CMP-2026-ANN,91.14,2026-01-04,Online,False,Completed
GFT-0006073,DNR-02162,CMP-2024-ANN,34.12,2024-10-18,Online,False,Completed
GFT-0006074,DNR-02163,CMP-2023-ANN,99.58,2023-12-26,Online,False,Completed
GFT-0006075,DNR-02163,CMP-2024-ANN,139.01,2024-05-01,Online,False,Completed
GFT-0006076,DNR-02163,CMP-2025-ANN,47.79,2025-03-01,Online,False,Completed
GFT-0006077,DNR-02164,CMP-2023-ANN,1174.02,2023-05-17,Credit Card,False,Completed
GFT-0006078,DNR-02164,CMP-2023-ANN,561.71,2023-10-16,Credit Card,False,Completed
GFT-0006079,DNR-02164,CMP-2023-ANN,1046.73,2023-05-24,Credit Card,False,Completed
GFT-0006080,DNR-02164,CMP-2024-ANN,1428.17,2024-01-16,Credit Card,False,Completed
GFT-0006081,DNR-02164,CMP-2024-ANN,1620.9,2024-08-04,Credit Card,False,Completed
GFT-0006082,DNR-02164,CMP-2024-ANN,1335.1,2024-06-03,Credit Card,False,Completed
GFT-0006083,DNR-02164,CMP-2025-ANN,1650.73,2025-12-17,Credit Card,False,Completed
GFT-0006084,DNR-02164,CMP-2025-ANN,2054.43,2025-02-23,Credit Card,False,Completed
GFT-0006085,DNR-02164,CMP-2025-ANN,1212.32,2025-04-15,Credit Card,False,Completed
GFT-0006086,DNR-02164,CMP-2026-ANN,2503.06,2026-05-03,Credit Card,False,Completed
GFT-0006087,DNR-02165,CMP-2023-ANN,223.79,2023-12-21,Online,False,Completed
GFT-0006088,DNR-02165,CMP-2025-ANN,140.64,2025-04-09,Online,False,Completed
GFT-0006089,DNR-02166,CMP-2024-ANN,15728.35,2024-11-29,Check,True,Completed
GFT-0006090,DNR-02166,CMP-2024-ANN,16161.21,2024-12-06,Check,True,Completed
GFT-0006091,DNR-02166,CMP-2024-ANN,11819.78,2024-12-24,Check,True,Completed
GFT-0006092,DNR-02166,CMP-2025-ANN,18458.42,2025-08-25,Check,True,Completed
GFT-0006093,DNR-02166,CMP-2025-ANN,11627.05,2025-05-24,Check,True,Completed
GFT-0006094,DNR-02166,CMP-2025-ANN,13346.85,2025-09-08,Check,True,Completed
GFT-0006095,DNR-02166,CMP-2026-ANN,34396.03,2026-02-21,Check,True,Completed
GFT-0006096,DNR-02166,CMP-2026-ANN,11845.17,2026-08-20,Check,True,Completed
GFT-0006097,DNR-02166,CMP-2026-ANN,10563.97,2026-08-07,Check,True,Completed
GFT-0006098,DNR-02167,CMP-2024-ANN,40.14,2024-11-05,Online,False,Completed
GFT-0006099,DNR-02168,CMP-2023-ANN,173.64,2023-11-26,Online,False,Completed
GFT-0006100,DNR-02168,CMP-2024-ANN,187.57,2024-03-21,Online,False,Completed
GFT-0006101,DNR-02168,CMP-2025-ANN,57.0,2025-02-09,Online,False,Completed
GFT-0006102,DNR-02169,CMP-2023-ANN,111.38,2023-01-17,Online,False,Completed
GFT-0006103,DNR-02169,CMP-2024-ANN,34.43,2024-05-05,Online,False,Completed
GFT-0006104,DNR-02169,CMP-2025-ANN,239.55,2025-11-02,Online,False,Completed
GFT-0006105,DNR-02169,CMP-2026-ANN,153.09,2026-03-05,Online,False,Completed
GFT-0006106,DNR-02170,CMP-2023-ANN,210.83,2023-11-23,Online,False,Completed
GFT-0006107,DNR-02170,CMP-2024-ANN,148.09,2024-08-06,Online,False,Completed
GFT-0006108,DNR-02170,CMP-2025-ANN,231.12,2025-03-08,Online,False,Completed
GFT-0006109,DNR-02170,CMP-2026-ANN,39.9,2026-01-26,Online,False,Completed
GFT-0006110,DNR-02171,CMP-2024-ANN,133.6,2024-10-06,Online,False,Completed
GFT-0006111,DNR-02171,CMP-2025-ANN,130.37,2025-08-19,Online,False,Completed
GFT-0006112,DNR-02172,CMP-2025-ANN,42.99,2025-12-09,Online,False,Completed
GFT-0006113,DNR-02172,CMP-2026-ANN,227.37,2026-03-28,Online,False,Completed
GFT-0006114,DNR-02174,CMP-2025-ANN,1942.61,2025-12-07,Credit Card,False,Completed
GFT-0006115,DNR-02174,CMP-2025-ANN,1869.81,2025-10-07,Credit Card,False,Completed
GFT-0006116,DNR-02174,CMP-2026-ANN,1326.5,2026-01-26,Credit Card,False,Completed
GFT-0006117,DNR-02174,CMP-2026-ANN,2162.35,2026-01-07,Credit Card,False,Completed
GFT-0006118,DNR-02174,CMP-2026-ANN,1816.77,2026-07-21,Credit Card,False,Completed
GFT-0006119,DNR-02175,CMP-2025-ANN,178.59,2025-03-19,Online,False,Completed
GFT-0006120,DNR-02176,CMP-2025-ANN,1065.5,2025-09-02,Credit Card,False,Completed
GFT-0006121,DNR-02176,CMP-2026-ANN,1584.68,2026-06-16,Credit Card,False,Completed
GFT-0006122,DNR-02177,CMP-2025-ANN,236.49,2025-11-13,Online,False,Completed
GFT-0006123,DNR-02177,CMP-2026-ANN,243.87,2026-07-11,Online,False,Completed
GFT-0006124,DNR-02178,CMP-2024-ANN,158.13,2024-05-30,Online,False,Completed
GFT-0006125,DNR-02178,CMP-2026-ANN,210.42,2026-05-30,Online,False,Completed
GFT-0006126,DNR-02179,CMP-2023-ANN,215.01,2023-12-07,Online,False,Completed
GFT-0006127,DNR-02179,CMP-2024-ANN,240.14,2024-07-04,Online,False,Completed
GFT-0006128,DNR-02179,CMP-2025-ANN,59.48,2025-05-03,Online,False,Completed
GFT-0006129,DNR-02179,CMP-2026-ANN,147.0,2026-07-15,Online,False,Completed
GFT-0006130,DNR-02180,CMP-2024-ANN,192.07,2024-06-28,Online,False,Completed
GFT-0006131,DNR-02180,CMP-2025-ANN,99.52,2025-05-08,Online,False,Completed
GFT-0006132,DNR-02180,CMP-2026-ANN,61.55,2026-05-17,Online,False,Completed
GFT-0006133,DNR-02181,CMP-2024-ANN,233.89,2024-12-25,Online,False,Completed
GFT-0006134,DNR-02181,CMP-2025-ANN,95.64,2025-03-23,Online,False,Completed
GFT-0006135,DNR-02182,CMP-2023-ANN,208.39,2023-11-12,Online,False,Completed
GFT-0006136,DNR-02182,CMP-2024-ANN,131.46,2024-04-05,Online,False,Completed
GFT-0006137,DNR-02182,CMP-2025-ANN,235.96,2025-07-22,Online,False,Completed
GFT-0006138,DNR-02182,CMP-2026-ANN,78.03,2026-04-12,Online,False,Completed
GFT-0006139,DNR-02183,CMP-2024-ANN,240.61,2024-08-09,Online,False,Completed
GFT-0006140,DNR-02183,CMP-2025-ANN,116.2,2025-07-27,Online,False,Completed
GFT-0006141,DNR-02184,CMP-2023-ANN,162.38,2023-10-06,Online,False,Completed
GFT-0006142,DNR-02184,CMP-2024-ANN,60.82,2024-09-14,Online,False,Completed
GFT-0006143,DNR-02184,CMP-2025-ANN,109.79,2025-04-04,Online,False,Completed
GFT-0006144,DNR-02184,CMP-2026-ANN,43.47,2026-04-06,Online,False,Completed
GFT-0006145,DNR-02185,CMP-2024-ANN,146.58,2024-04-15,Online,False,Completed
GFT-0006146,DNR-02185,CMP-2025-ANN,45.77,2025-02-28,Online,False,Completed
GFT-0006147,DNR-02186,CMP-2024-ANN,2119.92,2024-10-25,Credit Card,False,Completed
GFT-0006148,DNR-02186,CMP-2024-ANN,2979.59,2024-12-25,Credit Card,False,Completed
GFT-0006149,DNR-02186,CMP-2024-ANN,505.22,2024-11-17,Credit Card,False,Completed
GFT-0006150,DNR-02186,CMP-2025-ANN,581.71,2025-11-03,Credit Card,False,Completed
GFT-0006151,DNR-02186,CMP-2026-ANN,2959.25,2026-02-27,Credit Card,False,Completed
GFT-0006152,DNR-02186,CMP-2026-ANN,1416.92,2026-05-25,Credit Card,False,Completed
GFT-0006153,DNR-02187,CMP-2023-ANN,2795.21,2023-10-15,Credit Card,False,Completed
GFT-0006154,DNR-02187,CMP-2023-ANN,2249.96,2023-04-28,Credit Card,False,Completed
GFT-0006155,DNR-02187,CMP-2023-ANN,2165.15,2023-07-05,Credit Card,False,Completed
GFT-0006156,DNR-02187,CMP-2024-ANN,601.07,2024-07-30,Credit Card,False,Completed
GFT-0006157,DNR-02187,CMP-2025-ANN,1325.35,2025-06-28,Credit Card,False,Completed
GFT-0006158,DNR-02187,CMP-2025-ANN,597.36,2025-08-31,Credit Card,False,Completed
GFT-0006159,DNR-02187,CMP-2026-ANN,705.86,2026-03-31,Credit Card,False,Completed
GFT-0006160,DNR-02187,CMP-2026-ANN,598.78,2026-08-08,Credit Card,False,Completed
GFT-0006161,DNR-02187,CMP-2026-ANN,500.53,2026-08-31,Credit Card,False,Completed
GFT-0006162,DNR-02189,CMP-2024-ANN,85.15,2024-06-13,Online,False,Completed
GFT-0006163,DNR-02189,CMP-2025-ANN,213.29,2025-11-08,Online,False,Completed
GFT-0006164,DNR-02189,CMP-2026-ANN,162.87,2026-08-26,Online,False,Completed
GFT-0006165,DNR-02190,CMP-2023-ANN,129.03,2023-12-03,Online,False,Completed
GFT-0006166,DNR-02190,CMP-2025-ANN,199.62,2025-06-23,Online,False,Completed
GFT-0006167,DNR-02190,CMP-2026-ANN,136.69,2026-02-19,Online,False,Completed
GFT-0006168,DNR-02191,CMP-2024-ANN,88.83,2024-09-25,Online,False,Completed
GFT-0006169,DNR-02191,CMP-2025-ANN,101.2,2025-01-21,Online,False,Completed
GFT-0006170,DNR-02191,CMP-2026-ANN,131.35,2026-05-20,Online,False,Completed
GFT-0006171,DNR-02192,CMP-2023-ANN,1396.88,2023-05-06,Credit Card,False,Completed
GFT-0006172,DNR-02192,CMP-2023-ANN,1772.19,2023-01-10,Credit Card,False,Completed
GFT-0006173,DNR-02192,CMP-2024-ANN,2133.72,2024-11-06,Credit Card,False,Completed
GFT-0006174,DNR-02192,CMP-2024-ANN,2536.6,2024-12-14,Credit Card,False,Completed
GFT-0006175,DNR-02192,CMP-2025-ANN,2517.41,2025-07-08,Credit Card,False,Completed
GFT-0006176,DNR-02192,CMP-2025-ANN,1087.81,2025-10-08,Credit Card,False,Completed
GFT-0006177,DNR-02192,CMP-2026-ANN,2165.64,2026-08-30,Credit Card,False,Completed
GFT-0006178,DNR-02192,CMP-2026-ANN,1026.37,2026-03-13,Credit Card,False,Completed
GFT-0006179,DNR-02193,CMP-2024-ANN,183.23,2024-03-31,Online,False,Completed
GFT-0006180,DNR-02193,CMP-2025-ANN,38.22,2025-11-02,Online,False,Completed
GFT-0006181,DNR-02194,CMP-2023-ANN,249.6,2023-12-13,Online,False,Completed
GFT-0006182,DNR-02194,CMP-2024-ANN,187.62,2024-11-22,Online,False,Completed
GFT-0006183,DNR-02194,CMP-2025-ANN,99.86,2025-09-03,Online,False,Completed
GFT-0006184,DNR-02194,CMP-2026-ANN,78.83,2026-08-21,Online,False,Completed
GFT-0006185,DNR-02195,CMP-2023-ANN,117.22,2023-11-19,Online,False,Completed
GFT-0006186,DNR-02196,CMP-2025-ANN,184.55,2025-05-29,Online,False,Completed
GFT-0006187,DNR-02197,CMP-2026-ANN,112.93,2026-01-20,Online,False,Completed
GFT-0006188,DNR-02198,CMP-2023-ANN,665.14,2023-11-28,Credit Card,False,Completed
GFT-0006189,DNR-02198,CMP-2023-ANN,578.45,2023-11-12,Credit Card,False,Completed
GFT-0006190,DNR-02198,CMP-2024-ANN,1473.9,2024-08-02,Credit Card,False,Completed
GFT-0006191,DNR-02198,CMP-2024-ANN,2531.3,2024-06-17,Credit Card,False,Completed
GFT-0006192,DNR-02198,CMP-2025-ANN,2145.82,2025-03-03,Credit Card,False,Completed
GFT-0006193,DNR-02198,CMP-2025-ANN,1493.72,2025-06-08,Credit Card,False,Completed
GFT-0006194,DNR-02198,CMP-2026-ANN,2656.44,2026-01-29,Credit Card,False,Completed
GFT-0006195,DNR-02198,CMP-2026-ANN,1624.03,2026-08-27,Credit Card,False,Completed
GFT-0006196,DNR-02198,CMP-2026-ANN,2539.45,2026-07-16,Credit Card,False,Completed
GFT-0006197,DNR-02200,CMP-2026-ANN,220.56,2026-07-18,Online,False,Completed
GFT-0006198,DNR-02201,CMP-2025-ANN,10545.98,2025-08-19,Check,True,Completed
GFT-0006199,DNR-02201,CMP-2026-ANN,56641.56,2026-08-04,Check,True,Completed
GFT-0006200,DNR-02201,CMP-2026-ANN,16361.55,2026-08-25,Check,True,Completed
GFT-0006201,DNR-02202,CMP-2024-ANN,134.55,2024-12-26,Online,False,Completed
GFT-0006202,DNR-02202,CMP-2026-ANN,223.95,2026-02-21,Online,False,Completed
GFT-0006203,DNR-02203,CMP-2023-ANN,160.88,2023-01-27,Online,False,Completed
GFT-0006204,DNR-02204,CMP-2025-ANN,198.44,2025-12-04,Online,False,Completed
GFT-0006205,DNR-02205,CMP-2025-ANN,25.62,2025-11-02,Online,False,Completed
GFT-0006206,DNR-02205,CMP-2026-ANN,210.47,2026-04-06,Online,False,Completed
GFT-0006207,DNR-02206,CMP-2023-ANN,1004.28,2023-01-21,Credit Card,False,Completed
GFT-0006208,DNR-02206,CMP-2023-ANN,869.51,2023-03-15,Credit Card,False,Completed
GFT-0006209,DNR-02206,CMP-2023-ANN,2200.89,2023-03-07,Credit Card,False,Completed
GFT-0006210,DNR-02206,CMP-2024-ANN,2360.13,2024-07-22,Credit Card,False,Completed
GFT-0006211,DNR-02206,CMP-2024-ANN,1183.62,2024-03-29,Credit Card,False,Completed
GFT-0006212,DNR-02206,CMP-2024-ANN,1476.73,2024-01-28,Credit Card,False,Completed
GFT-0006213,DNR-02206,CMP-2025-ANN,2984.08,2025-09-04,Credit Card,False,Completed
GFT-0006214,DNR-02206,CMP-2025-ANN,2031.16,2025-01-08,Credit Card,False,Completed
GFT-0006215,DNR-02206,CMP-2025-ANN,2030.56,2025-04-15,Credit Card,False,Completed
GFT-0006216,DNR-02206,CMP-2026-ANN,2424.28,2026-08-08,Credit Card,False,Completed
GFT-0006217,DNR-02206,CMP-2026-ANN,2328.18,2026-03-16,Credit Card,False,Completed
GFT-0006218,DNR-02207,CMP-2023-ANN,241.93,2023-12-15,Online,False,Completed
GFT-0006219,DNR-02207,CMP-2024-ANN,90.29,2024-08-13,Online,False,Completed
GFT-0006220,DNR-02207,CMP-2026-ANN,89.01,2026-05-12,Online,False,Completed
GFT-0006221,DNR-02208,CMP-2024-ANN,1518.34,2024-10-24,Credit Card,False,Completed
GFT-0006222,DNR-02208,CMP-2025-ANN,2912.71,2025-10-28,Credit Card,False,Completed
GFT-0006223,DNR-02208,CMP-2025-ANN,657.0,2025-08-25,Credit Card,False,Completed
GFT-0006224,DNR-02208,CMP-2025-ANN,2573.88,2025-01-26,Credit Card,False,Completed
GFT-0006225,DNR-02208,CMP-2026-ANN,2822.62,2026-01-16,Credit Card,False,Completed
GFT-0006226,DNR-02208,CMP-2026-ANN,2785.26,2026-04-27,Credit Card,False,Completed
GFT-0006227,DNR-02209,CMP-2024-ANN,95.92,2024-04-28,Online,False,Completed
GFT-0006228,DNR-02209,CMP-2025-ANN,126.09,2025-12-11,Online,False,Completed
GFT-0006229,DNR-02209,CMP-2026-ANN,171.71,2026-04-16,Online,False,Completed
GFT-0006230,DNR-02210,CMP-2023-ANN,2541.84,2023-11-05,Credit Card,False,Completed
GFT-0006231,DNR-02210,CMP-2024-ANN,2760.95,2024-03-21,Credit Card,False,Completed
GFT-0006232,DNR-02210,CMP-2024-ANN,1135.35,2024-09-13,Credit Card,False,Completed
GFT-0006233,DNR-02210,CMP-2024-ANN,1163.41,2024-10-06,Credit Card,False,Completed
GFT-0006234,DNR-02210,CMP-2025-ANN,1073.05,2025-09-19,Credit Card,False,Completed
GFT-0006235,DNR-02210,CMP-2025-ANN,1054.5,2025-11-19,Credit Card,False,Completed
GFT-0006236,DNR-02210,CMP-2025-ANN,2553.77,2025-04-07,Credit Card,False,Completed
GFT-0006237,DNR-02210,CMP-2026-ANN,1492.45,2026-01-20,Credit Card,False,Completed
GFT-0006238,DNR-02211,CMP-2023-ANN,240.69,2023-02-02,Online,False,Completed
GFT-0006239,DNR-02211,CMP-2025-ANN,208.25,2025-01-29,Online,False,Completed
GFT-0006240,DNR-02211,CMP-2026-ANN,118.77,2026-02-21,Online,False,Completed
GFT-0006241,DNR-02212,CMP-2024-ANN,2671.36,2024-06-12,Credit Card,False,Completed
GFT-0006242,DNR-02212,CMP-2024-ANN,2331.88,2024-07-26,Credit Card,False,Completed
GFT-0006243,DNR-02212,CMP-2024-ANN,2416.95,2024-10-28,Credit Card,False,Completed
GFT-0006244,DNR-02212,CMP-2025-ANN,2422.25,2025-01-11,Credit Card,False,Completed
GFT-0006245,DNR-02212,CMP-2025-ANN,2158.29,2025-06-16,Credit Card,False,Completed
GFT-0006246,DNR-02212,CMP-2026-ANN,2972.17,2026-05-24,Credit Card,False,Completed
GFT-0006247,DNR-02212,CMP-2026-ANN,1033.54,2026-04-23,Credit Card,False,Completed
GFT-0006248,DNR-02213,CMP-2024-ANN,51.07,2024-06-15,Online,False,Completed
GFT-0006249,DNR-02213,CMP-2025-ANN,247.59,2025-01-21,Online,False,Completed
GFT-0006250,DNR-02213,CMP-2026-ANN,98.93,2026-05-07,Online,False,Completed
GFT-0006251,DNR-02214,CMP-2023-ANN,2140.26,2023-10-16,Credit Card,False,Completed
GFT-0006252,DNR-02214,CMP-2023-ANN,535.53,2023-03-26,Credit Card,False,Completed
GFT-0006253,DNR-02214,CMP-2023-ANN,1573.75,2023-03-20,Credit Card,False,Completed
GFT-0006254,DNR-02214,CMP-2024-ANN,2117.11,2024-08-18,Credit Card,False,Completed
GFT-0006255,DNR-02214,CMP-2024-ANN,2866.45,2024-12-18,Credit Card,False,Completed
GFT-0006256,DNR-02214,CMP-2025-ANN,748.65,2025-10-17,Credit Card,False,Completed
GFT-0006257,DNR-02214,CMP-2026-ANN,2327.54,2026-08-05,Credit Card,False,Completed
GFT-0006258,DNR-02214,CMP-2026-ANN,922.56,2026-05-02,Credit Card,False,Completed
GFT-0006259,DNR-02214,CMP-2026-ANN,1230.79,2026-06-15,Credit Card,False,Completed
GFT-0006260,DNR-02215,CMP-2024-ANN,61.42,2024-07-13,Online,False,Completed
GFT-0006261,DNR-02215,CMP-2025-ANN,189.06,2025-05-30,Online,False,Completed
GFT-0006262,DNR-02215,CMP-2026-ANN,197.15,2026-01-13,Online,False,Completed
GFT-0006263,DNR-02216,CMP-2023-ANN,249.52,2023-04-08,Online,False,Completed
GFT-0006264,DNR-02216,CMP-2026-ANN,60.0,2026-09-21,Online,False,Completed
GFT-0006265,DNR-02217,CMP-2023-ANN,2632.58,2023-08-19,Credit Card,False,Completed
GFT-0006266,DNR-02217,CMP-2024-ANN,2883.96,2024-11-26,Credit Card,False,Completed
GFT-0006267,DNR-02217,CMP-2025-ANN,2446.66,2025-10-22,Credit Card,False,Completed
GFT-0006268,DNR-02217,CMP-2026-ANN,2912.86,2026-05-09,Credit Card,False,Completed
GFT-0006269,DNR-02217,CMP-2026-ANN,783.43,2026-01-15,Credit Card,False,Completed
GFT-0006270,DNR-02218,CMP-2023-ANN,52.32,2023-10-26,Online,False,Completed
GFT-0006271,DNR-02218,CMP-2026-ANN,52.47,2026-05-06,Online,False,Completed
GFT-0006272,DNR-02219,CMP-2023-ANN,2035.92,2023-01-23,Credit Card,False,Completed
GFT-0006273,DNR-02219,CMP-2023-ANN,2463.74,2023-03-19,Credit Card,False,Completed
GFT-0006274,DNR-02219,CMP-2023-ANN,1390.65,2023-05-14,Credit Card,False,Completed
GFT-0006275,DNR-02219,CMP-2024-ANN,1383.1,2024-09-01,Credit Card,False,Completed
GFT-0006276,DNR-02219,CMP-2025-ANN,2516.5,2025-10-10,Credit Card,False,Completed
GFT-0006277,DNR-02219,CMP-2025-ANN,1863.26,2025-05-18,Credit Card,False,Completed
GFT-0006278,DNR-02219,CMP-2026-ANN,2313.29,2026-08-24,Credit Card,False,Completed
GFT-0006279,DNR-02219,CMP-2026-ANN,2777.3,2026-05-29,Credit Card,False,Completed
GFT-0006280,DNR-02221,CMP-2026-ANN,101.97,2026-04-13,Online,False,Completed
GFT-0006281,DNR-02222,CMP-2025-ANN,180.14,2025-03-05,Online,False,Completed
GFT-0006282,DNR-02222,CMP-2026-ANN,248.0,2026-09-05,Online,False,Completed
GFT-0006283,DNR-02223,CMP-2024-ANN,101.54,2024-10-11,Online,False,Completed
GFT-0006284,DNR-02223,CMP-2025-ANN,195.27,2025-10-20,Online,False,Completed
GFT-0006285,DNR-02223,CMP-2026-ANN,140.29,2026-01-12,Online,False,Completed
GFT-0006286,DNR-02224,CMP-2026-ANN,67.78,2026-05-16,Online,False,Completed
GFT-0006287,DNR-02225,CMP-2026-ANN,248.43,2026-08-14,Online,False,Completed
GFT-0006288,DNR-02226,CMP-2024-ANN,172.83,2024-05-07,Online,False,Completed
GFT-0006289,DNR-02226,CMP-2026-ANN,198.44,2026-09-08,Online,False,Completed
GFT-0006290,DNR-02227,CMP-2024-ANN,169.57,2024-10-09,Online,False,Completed
GFT-0006291,DNR-02227,CMP-2025-ANN,34.44,2025-02-17,Online,False,Completed
GFT-0006292,DNR-02227,CMP-2026-ANN,25.84,2026-02-01,Online,False,Completed
GFT-0006293,DNR-02228,CMP-2023-ANN,247.22,2023-09-17,Online,False,Completed
GFT-0006294,DNR-02228,CMP-2026-ANN,213.44,2026-06-02,Online,False,Completed
GFT-0006295,DNR-02229,CMP-2025-ANN,214.68,2025-03-20,Online,False,Completed
GFT-0006296,DNR-02229,CMP-2026-ANN,151.32,2026-09-24,Online,False,Completed
GFT-0006297,DNR-02230,CMP-2023-ANN,55.55,2023-08-10,Online,False,Completed
GFT-0006298,DNR-02230,CMP-2024-ANN,249.13,2024-04-25,Online,False,Completed
GFT-0006299,DNR-02230,CMP-2026-ANN,165.61,2026-08-18,Online,False,Completed
GFT-0006300,DNR-02231,CMP-2023-ANN,212.93,2023-01-13,Online,False,Completed
GFT-0006301,DNR-02231,CMP-2024-ANN,95.21,2024-11-30,Online,False,Completed
GFT-0006302,DNR-02231,CMP-2026-ANN,218.2,2026-08-15,Online,False,Completed
GFT-0006303,DNR-02232,CMP-2023-ANN,92.55,2023-10-16,Online,False,Completed
GFT-0006304,DNR-02232,CMP-2025-ANN,83.11,2025-11-19,Online,False,Completed
GFT-0006305,DNR-02232,CMP-2026-ANN,59.43,2026-09-05,Online,False,Completed
GFT-0006306,DNR-02233,CMP-2023-ANN,2624.34,2023-09-22,Credit Card,False,Completed
GFT-0006307,DNR-02233,CMP-2023-ANN,2953.28,2023-07-24,Credit Card,False,Completed
GFT-0006308,DNR-02233,CMP-2024-ANN,1409.46,2024-10-12,Credit Card,False,Completed
GFT-0006309,DNR-02233,CMP-2024-ANN,1745.72,2024-09-19,Credit Card,False,Completed
GFT-0006310,DNR-02233,CMP-2024-ANN,2346.57,2024-02-10,Credit Card,False,Completed
GFT-0006311,DNR-02233,CMP-2025-ANN,556.83,2025-10-10,Credit Card,False,Completed
GFT-0006312,DNR-02233,CMP-2025-ANN,2953.13,2025-11-27,Credit Card,False,Completed
GFT-0006313,DNR-02233,CMP-2026-ANN,961.94,2026-04-29,Credit Card,False,Completed
GFT-0006314,DNR-02233,CMP-2026-ANN,732.69,2026-05-21,Credit Card,False,Completed
GFT-0006315,DNR-02234,CMP-2024-ANN,2828.53,2024-10-27,Credit Card,False,Completed
GFT-0006316,DNR-02234,CMP-2025-ANN,1998.86,2025-01-24,Credit Card,False,Completed
GFT-0006317,DNR-02234,CMP-2025-ANN,750.31,2025-10-30,Credit Card,False,Completed
GFT-0006318,DNR-02234,CMP-2025-ANN,783.44,2025-02-09,Credit Card,False,Completed
GFT-0006319,DNR-02234,CMP-2026-ANN,2420.0,2026-06-16,Credit Card,False,Completed
GFT-0006320,DNR-02234,CMP-2026-ANN,1295.78,2026-01-22,Credit Card,False,Completed
GFT-0006321,DNR-02235,CMP-2023-ANN,154.69,2023-10-13,Online,False,Completed
GFT-0006322,DNR-02235,CMP-2024-ANN,42.74,2024-12-06,Online,False,Completed
GFT-0006323,DNR-02235,CMP-2025-ANN,95.08,2025-12-25,Online,False,Completed
GFT-0006324,DNR-02236,CMP-2025-ANN,185.38,2025-03-24,Online,False,Completed
GFT-0006325,DNR-02237,CMP-2023-ANN,1865.16,2023-03-06,Credit Card,False,Completed
GFT-0006326,DNR-02237,CMP-2023-ANN,2765.8,2023-02-24,Credit Card,False,Completed
GFT-0006327,DNR-02237,CMP-2023-ANN,2144.75,2023-02-24,Credit Card,False,Completed
GFT-0006328,DNR-02237,CMP-2024-ANN,2738.31,2024-02-10,Credit Card,False,Completed
GFT-0006329,DNR-02237,CMP-2025-ANN,1279.73,2025-05-18,Credit Card,False,Completed
GFT-0006330,DNR-02237,CMP-2026-ANN,732.42,2026-07-30,Credit Card,False,Completed
GFT-0006331,DNR-02237,CMP-2026-ANN,1333.17,2026-09-06,Credit Card,False,Completed
GFT-0006332,DNR-02238,CMP-2025-ANN,46.22,2025-11-28,Online,False,Completed
GFT-0006333,DNR-02239,CMP-2023-ANN,225.57,2023-12-05,Online,False,Completed
GFT-0006334,DNR-02239,CMP-2024-ANN,207.14,2024-07-02,Online,False,Completed
GFT-0006335,DNR-02239,CMP-2025-ANN,49.05,2025-05-20,Online,False,Completed
GFT-0006336,DNR-02239,CMP-2026-ANN,236.42,2026-04-28,Online,False,Completed
GFT-0006337,DNR-02240,CMP-2024-ANN,100.16,2024-02-22,Online,False,Completed
GFT-0006338,DNR-02240,CMP-2025-ANN,231.59,2025-01-23,Online,False,Completed
GFT-0006339,DNR-02241,CMP-2023-ANN,207.76,2023-11-12,Online,False,Completed
GFT-0006340,DNR-02241,CMP-2024-ANN,188.97,2024-01-08,Online,False,Completed
GFT-0006341,DNR-02241,CMP-2025-ANN,191.02,2025-10-10,Online,False,Completed
GFT-0006342,DNR-02242,CMP-2026-ANN,116.78,2026-08-10,Online,False,Completed
GFT-0006343,DNR-02244,CMP-2023-ANN,14518.61,2023-04-02,Check,True,Completed
GFT-0006344,DNR-02244,CMP-2023-ANN,29492.2,2023-04-19,Check,True,Completed
GFT-0006345,DNR-02244,CMP-2023-ANN,32020.22,2023-10-22,Check,True,Completed
GFT-0006346,DNR-02244,CMP-2024-ANN,13355.45,2024-05-21,Check,True,Completed
GFT-0006347,DNR-02244,CMP-2024-ANN,22099.4,2024-04-28,Check,True,Completed
GFT-0006348,DNR-02244,CMP-2024-ANN,26353.79,2024-12-17,Check,True,Completed
GFT-0006349,DNR-02244,CMP-2025-ANN,20524.78,2025-09-12,Check,True,Completed
GFT-0006350,DNR-02244,CMP-2026-ANN,11285.07,2026-09-09,Check,True,Completed
GFT-0006351,DNR-02244,CMP-2026-ANN,37577.07,2026-02-12,Check,True,Completed
GFT-0006352,DNR-02245,CMP-2024-ANN,1094.78,2024-11-04,Credit Card,False,Completed
GFT-0006353,DNR-02245,CMP-2024-ANN,1574.31,2024-11-28,Credit Card,False,Completed
GFT-0006354,DNR-02245,CMP-2024-ANN,2033.14,2024-10-26,Credit Card,False,Completed
GFT-0006355,DNR-02245,CMP-2025-ANN,981.18,2025-10-14,Credit Card,False,Completed
GFT-0006356,DNR-02245,CMP-2025-ANN,1819.45,2025-11-27,Credit Card,False,Completed
GFT-0006357,DNR-02245,CMP-2026-ANN,840.53,2026-08-15,Credit Card,False,Completed
GFT-0006358,DNR-02245,CMP-2026-ANN,2934.3,2026-03-13,Credit Card,False,Completed
GFT-0006359,DNR-02246,CMP-2023-ANN,155.12,2023-09-30,Online,False,Completed
GFT-0006360,DNR-02246,CMP-2024-ANN,163.69,2024-04-29,Online,False,Completed
GFT-0006361,DNR-02247,CMP-2024-ANN,161.18,2024-10-25,Online,False,Completed
GFT-0006362,DNR-02247,CMP-2025-ANN,50.79,2025-05-05,Online,False,Completed
GFT-0006363,DNR-02247,CMP-2026-ANN,193.03,2026-08-16,Online,False,Completed
GFT-0006364,DNR-02248,CMP-2023-ANN,820.48,2023-04-29,Credit Card,False,Completed
GFT-0006365,DNR-02248,CMP-2023-ANN,960.89,2023-12-21,Credit Card,False,Completed
GFT-0006366,DNR-02248,CMP-2023-ANN,2102.05,2023-03-03,Credit Card,False,Completed
GFT-0006367,DNR-02248,CMP-2024-ANN,2917.94,2024-02-21,Credit Card,False,Completed
GFT-0006368,DNR-02248,CMP-2025-ANN,831.12,2025-04-01,Credit Card,False,Completed
GFT-0006369,DNR-02248,CMP-2026-ANN,1077.14,2026-07-28,Credit Card,False,Completed
GFT-0006370,DNR-02249,CMP-2023-ANN,35.48,2023-11-02,Online,False,Completed
GFT-0006371,DNR-02249,CMP-2024-ANN,113.81,2024-03-29,Online,False,Completed
GFT-0006372,DNR-02249,CMP-2026-ANN,50.34,2026-04-12,Online,False,Completed
GFT-0006373,DNR-02250,CMP-2023-ANN,72.3,2023-03-23,Online,False,Completed
GFT-0006374,DNR-02250,CMP-2024-ANN,181.65,2024-08-26,Online,False,Completed
GFT-0006375,DNR-02250,CMP-2025-ANN,101.81,2025-08-16,Online,False,Completed
GFT-0006376,DNR-02250,CMP-2026-ANN,58.07,2026-03-20,Online,False,Completed
GFT-0006377,DNR-02251,CMP-2024-ANN,107.97,2024-06-09,Online,False,Completed
GFT-0006378,DNR-02251,CMP-2026-ANN,141.74,2026-09-14,Online,False,Completed
GFT-0006379,DNR-02252,CMP-2025-ANN,1608.53,2025-12-11,Credit Card,False,Completed
GFT-0006380,DNR-02252,CMP-2025-ANN,1003.87,2025-12-23,Credit Card,False,Completed
GFT-0006381,DNR-02252,CMP-2026-ANN,864.79,2026-02-11,Credit Card,False,Completed
GFT-0006382,DNR-02252,CMP-2026-ANN,1473.03,2026-02-12,Credit Card,False,Completed
GFT-0006383,DNR-02252,CMP-2026-ANN,970.0,2026-04-19,Credit Card,False,Completed
GFT-0006384,DNR-02253,CMP-2026-ANN,135.01,2026-07-07,Online,False,Completed
GFT-0006385,DNR-02254,CMP-2024-ANN,1593.63,2024-10-10,Credit Card,False,Completed
GFT-0006386,DNR-02254,CMP-2024-ANN,1130.28,2024-10-15,Credit Card,False,Completed
GFT-0006387,DNR-02254,CMP-2025-ANN,1658.96,2025-01-06,Credit Card,False,Completed
GFT-0006388,DNR-02254,CMP-2025-ANN,653.51,2025-02-08,Credit Card,False,Completed
GFT-0006389,DNR-02254,CMP-2026-ANN,2370.81,2026-05-23,Credit Card,False,Completed
GFT-0006390,DNR-02255,CMP-2025-ANN,1222.68,2025-10-02,Credit Card,False,Completed
GFT-0006391,DNR-02255,CMP-2025-ANN,1533.51,2025-12-01,Credit Card,False,Completed
GFT-0006392,DNR-02255,CMP-2025-ANN,2703.27,2025-11-24,Credit Card,False,Completed
GFT-0006393,DNR-02255,CMP-2026-ANN,1208.62,2026-05-06,Credit Card,False,Completed
GFT-0006394,DNR-02256,CMP-2023-ANN,198.04,2023-04-21,Online,False,Completed
GFT-0006395,DNR-02256,CMP-2024-ANN,196.59,2024-11-16,Online,False,Completed
GFT-0006396,DNR-02256,CMP-2025-ANN,127.25,2025-03-06,Online,False,Completed
GFT-0006397,DNR-02256,CMP-2026-ANN,75.47,2026-07-22,Online,False,Completed
GFT-0006398,DNR-02257,CMP-2023-ANN,219.37,2023-08-06,Online,False,Completed
GFT-0006399,DNR-02257,CMP-2026-ANN,133.08,2026-05-16,Online,False,Completed
GFT-0006400,DNR-02258,CMP-2023-ANN,55.03,2023-09-08,Online,False,Completed
GFT-0006401,DNR-02258,CMP-2026-ANN,246.96,2026-01-17,Online,False,Completed
GFT-0006402,DNR-02259,CMP-2025-ANN,169.42,2025-12-17,Online,False,Completed
GFT-0006403,DNR-02259,CMP-2026-ANN,85.23,2026-09-02,Online,False,Completed
GFT-0006404,DNR-02260,CMP-2023-ANN,82.33,2023-08-09,Online,False,Completed
GFT-0006405,DNR-02260,CMP-2024-ANN,218.95,2024-03-24,Online,False,Completed
GFT-0006406,DNR-02260,CMP-2025-ANN,94.8,2025-09-09,Online,False,Completed
GFT-0006407,DNR-02260,CMP-2026-ANN,39.17,2026-09-06,Online,False,Completed
GFT-0006408,DNR-02261,CMP-2024-ANN,227.22,2024-05-31,Online,False,Completed
GFT-0006409,DNR-02261,CMP-2025-ANN,79.97,2025-11-09,Online,False,Completed
GFT-0006410,DNR-02262,CMP-2025-ANN,233.0,2025-10-01,Online,False,Completed
GFT-0006411,DNR-02263,CMP-2023-ANN,1742.59,2023-06-07,Credit Card,False,Completed
GFT-0006412,DNR-02263,CMP-2023-ANN,1820.82,2023-07-24,Credit Card,False,Completed
GFT-0006413,DNR-02263,CMP-2023-ANN,872.74,2023-01-12,Credit Card,False,Completed
GFT-0006414,DNR-02263,CMP-2024-ANN,1318.44,2024-02-26,Credit Card,False,Completed
GFT-0006415,DNR-02263,CMP-2025-ANN,2424.22,2025-10-13,Credit Card,False,Completed
GFT-0006416,DNR-02263,CMP-2025-ANN,1549.32,2025-08-08,Credit Card,False,Completed
GFT-0006417,DNR-02263,CMP-2025-ANN,1353.24,2025-06-06,Credit Card,False,Completed
GFT-0006418,DNR-02263,CMP-2026-ANN,983.55,2026-06-27,Credit Card,False,Completed
GFT-0006419,DNR-02263,CMP-2026-ANN,771.17,2026-08-18,Credit Card,False,Completed
GFT-0006420,DNR-02264,CMP-2023-ANN,196.94,2023-10-05,Online,False,Completed
GFT-0006421,DNR-02264,CMP-2024-ANN,206.03,2024-11-24,Online,False,Completed
GFT-0006422,DNR-02264,CMP-2025-ANN,166.49,2025-08-19,Online,False,Completed
GFT-0006423,DNR-02265,CMP-2025-ANN,105.3,2025-04-03,Online,False,Completed
GFT-0006424,DNR-02265,CMP-2026-ANN,165.54,2026-07-14,Online,False,Completed
GFT-0006425,DNR-02266,CMP-2025-ANN,218.0,2025-02-14,Online,False,Completed
GFT-0006426,DNR-02266,CMP-2026-ANN,195.76,2026-04-23,Online,False,Completed
GFT-0006427,DNR-02267,CMP-2023-ANN,135.96,2023-12-11,Online,False,Completed
GFT-0006428,DNR-02267,CMP-2024-ANN,151.55,2024-08-03,Online,False,Completed
GFT-0006429,DNR-02267,CMP-2026-ANN,226.58,2026-08-24,Online,False,Completed
GFT-0006430,DNR-02268,CMP-2024-ANN,219.97,2024-12-27,Online,False,Completed
GFT-0006431,DNR-02268,CMP-2025-ANN,117.78,2025-12-17,Online,False,Completed
GFT-0006432,DNR-02269,CMP-2023-ANN,178.22,2023-10-02,Online,False,Completed
GFT-0006433,DNR-02269,CMP-2025-ANN,55.54,2025-11-03,Online,False,Completed
GFT-0006434,DNR-02270,CMP-2025-ANN,46.79,2025-10-07,Online,False,Completed
GFT-0006435,DNR-02270,CMP-2026-ANN,231.6,2026-09-05,Online,False,Completed
GFT-0006436,DNR-02271,CMP-2023-ANN,248.05,2023-08-01,Online,False,Completed
GFT-0006437,DNR-02272,CMP-2024-ANN,232.8,2024-12-14,Online,False,Completed
GFT-0006438,DNR-02272,CMP-2026-ANN,81.32,2026-09-15,Online,False,Completed
GFT-0006439,DNR-02273,CMP-2024-ANN,192.94,2024-11-30,Online,False,Completed
GFT-0006440,DNR-02273,CMP-2026-ANN,132.1,2026-08-10,Online,False,Completed
GFT-0006441,DNR-02274,CMP-2023-ANN,62.58,2023-10-09,Online,False,Completed
GFT-0006442,DNR-02275,CMP-2023-ANN,2542.66,2023-10-28,Credit Card,False,Completed
GFT-0006443,DNR-02275,CMP-2023-ANN,1040.9,2023-11-03,Credit Card,False,Completed
GFT-0006444,DNR-02275,CMP-2024-ANN,2718.67,2024-03-01,Credit Card,False,Completed
GFT-0006445,DNR-02275,CMP-2024-ANN,750.23,2024-06-30,Credit Card,False,Completed
GFT-0006446,DNR-02275,CMP-2025-ANN,1957.2,2025-07-30,Credit Card,False,Completed
GFT-0006447,DNR-02275,CMP-2025-ANN,2812.03,2025-08-18,Credit Card,False,Completed
GFT-0006448,DNR-02275,CMP-2025-ANN,1194.17,2025-03-04,Credit Card,False,Completed
GFT-0006449,DNR-02275,CMP-2026-ANN,2240.95,2026-09-05,Credit Card,False,Completed
GFT-0006450,DNR-02275,CMP-2026-ANN,2836.64,2026-05-07,Credit Card,False,Completed
GFT-0006451,DNR-02276,CMP-2024-ANN,61.97,2024-03-18,Online,False,Completed
GFT-0006452,DNR-02277,CMP-2023-ANN,175.14,2023-12-05,Online,False,Completed
GFT-0006453,DNR-02277,CMP-2024-ANN,210.02,2024-10-08,Online,False,Completed
GFT-0006454,DNR-02277,CMP-2025-ANN,35.17,2025-10-18,Online,False,Completed
GFT-0006455,DNR-02277,CMP-2026-ANN,211.14,2026-07-28,Online,False,Completed
GFT-0006456,DNR-02278,CMP-2023-ANN,91.37,2023-10-08,Online,False,Completed
GFT-0006457,DNR-02278,CMP-2024-ANN,126.13,2024-04-25,Online,False,Completed
GFT-0006458,DNR-02278,CMP-2026-ANN,188.29,2026-07-25,Online,False,Completed
GFT-0006459,DNR-02279,CMP-2024-ANN,195.23,2024-07-12,Online,False,Completed
GFT-0006460,DNR-02280,CMP-2023-ANN,179.78,2023-06-17,Online,False,Completed
GFT-0006461,DNR-02280,CMP-2025-ANN,110.07,2025-06-30,Online,False,Completed
GFT-0006462,DNR-02280,CMP-2026-ANN,32.9,2026-03-24,Online,False,Completed
GFT-0006463,DNR-02281,CMP-2024-ANN,214.65,2024-12-12,Online,False,Completed
GFT-0006464,DNR-02281,CMP-2025-ANN,44.09,2025-10-16,Online,False,Completed
GFT-0006465,DNR-02281,CMP-2026-ANN,41.47,2026-09-24,Online,False,Completed
GFT-0006466,DNR-02282,CMP-2024-ANN,122.79,2024-10-24,Online,False,Completed
GFT-0006467,DNR-02282,CMP-2026-ANN,185.58,2026-04-04,Online,False,Completed
GFT-0006468,DNR-02283,CMP-2025-ANN,227.71,2025-04-10,Online,False,Completed
GFT-0006469,DNR-02283,CMP-2026-ANN,241.43,2026-01-16,Online,False,Completed
GFT-0006470,DNR-02284,CMP-2025-ANN,99.26,2025-12-13,Online,False,Completed
GFT-0006471,DNR-02284,CMP-2026-ANN,211.47,2026-01-09,Online,False,Completed
GFT-0006472,DNR-02285,CMP-2023-ANN,173.62,2023-01-11,Online,False,Completed
GFT-0006473,DNR-02285,CMP-2024-ANN,126.04,2024-08-20,Online,False,Completed
GFT-0006474,DNR-02285,CMP-2025-ANN,213.26,2025-11-03,Online,False,Completed
GFT-0006475,DNR-02285,CMP-2026-ANN,96.04,2026-03-05,Online,False,Completed
GFT-0006476,DNR-02287,CMP-2023-ANN,17094.56,2023-05-31,Check,True,Completed
GFT-0006477,DNR-02287,CMP-2024-ANN,12708.1,2024-09-30,Check,True,Completed
GFT-0006478,DNR-02287,CMP-2025-ANN,14785.34,2025-11-19,Check,True,Completed
GFT-0006479,DNR-02287,CMP-2025-ANN,10289.98,2025-07-23,Check,True,Completed
GFT-0006480,DNR-02287,CMP-2026-ANN,11062.01,2026-04-08,Check,True,Completed
GFT-0006481,DNR-02287,CMP-2026-ANN,25978.7,2026-09-06,Check,True,Completed
GFT-0006482,DNR-02288,CMP-2023-ANN,145.48,2023-10-27,Online,False,Completed
GFT-0006483,DNR-02288,CMP-2026-ANN,181.27,2026-05-31,Online,False,Completed
GFT-0006484,DNR-02289,CMP-2024-ANN,182.56,2024-12-21,Online,False,Completed
GFT-0006485,DNR-02289,CMP-2026-ANN,132.85,2026-02-28,Online,False,Completed
GFT-0006486,DNR-02290,CMP-2025-ANN,190.96,2025-12-20,Online,False,Completed
GFT-0006487,DNR-02290,CMP-2026-ANN,141.54,2026-03-25,Online,False,Completed
GFT-0006488,DNR-02291,CMP-2023-ANN,77.16,2023-12-17,Online,False,Completed
GFT-0006489,DNR-02291,CMP-2024-ANN,229.3,2024-09-18,Online,False,Completed
GFT-0006490,DNR-02291,CMP-2025-ANN,161.55,2025-03-20,Online,False,Completed
GFT-0006491,DNR-02292,CMP-2023-ANN,149.26,2023-07-30,Online,False,Completed
GFT-0006492,DNR-02292,CMP-2024-ANN,145.95,2024-07-05,Online,False,Completed
GFT-0006493,DNR-02292,CMP-2025-ANN,99.72,2025-02-28,Online,False,Completed
GFT-0006494,DNR-02292,CMP-2026-ANN,65.12,2026-02-06,Online,False,Completed
GFT-0006495,DNR-02293,CMP-2023-ANN,216.31,2023-10-15,Online,False,Completed
GFT-0006496,DNR-02293,CMP-2024-ANN,205.65,2024-08-04,Online,False,Completed
GFT-0006497,DNR-02293,CMP-2025-ANN,168.16,2025-09-23,Online,False,Completed
GFT-0006498,DNR-02293,CMP-2026-ANN,165.59,2026-04-23,Online,False,Completed
GFT-0006499,DNR-02294,CMP-2023-ANN,187.21,2023-10-17,Online,False,Completed
GFT-0006500,DNR-02294,CMP-2024-ANN,190.99,2024-06-24,Online,False,Completed
GFT-0006501,DNR-02294,CMP-2025-ANN,62.04,2025-05-14,Online,False,Completed
GFT-0006502,DNR-02294,CMP-2026-ANN,215.63,2026-06-14,Online,False,Completed
GFT-0006503,DNR-02295,CMP-2025-ANN,197.23,2025-11-13,Online,False,Completed
GFT-0006504,DNR-02297,CMP-2025-ANN,62.11,2025-08-28,Online,False,Completed
GFT-0006505,DNR-02298,CMP-2024-ANN,179.79,2024-12-18,Online,False,Completed
GFT-0006506,DNR-02298,CMP-2025-ANN,206.21,2025-12-19,Online,False,Completed
GFT-0006507,DNR-02298,CMP-2026-ANN,226.22,2026-08-17,Online,False,Completed
GFT-0006508,DNR-02299,CMP-2025-ANN,166.94,2025-08-10,Online,False,Completed
GFT-0006509,DNR-02300,CMP-2023-ANN,58.7,2023-01-01,Online,False,Completed
GFT-0006510,DNR-02300,CMP-2024-ANN,110.29,2024-03-14,Online,False,Completed
GFT-0006511,DNR-02300,CMP-2025-ANN,230.71,2025-10-20,Online,False,Completed
GFT-0006512,DNR-02301,CMP-2023-ANN,1152.01,2023-06-18,Credit Card,False,Completed
GFT-0006513,DNR-02301,CMP-2023-ANN,712.6,2023-05-24,Credit Card,False,Completed
GFT-0006514,DNR-02301,CMP-2024-ANN,2000.87,2024-10-13,Credit Card,False,Completed
GFT-0006515,DNR-02301,CMP-2025-ANN,1850.03,2025-01-29,Credit Card,False,Completed
GFT-0006516,DNR-02301,CMP-2025-ANN,1217.96,2025-05-12,Credit Card,False,Completed
GFT-0006517,DNR-02301,CMP-2025-ANN,1805.56,2025-06-14,Credit Card,False,Completed
GFT-0006518,DNR-02301,CMP-2026-ANN,876.44,2026-09-22,Credit Card,False,Completed
GFT-0006519,DNR-02302,CMP-2024-ANN,164.87,2024-02-05,Online,False,Completed
GFT-0006520,DNR-02302,CMP-2025-ANN,110.38,2025-04-23,Online,False,Completed
GFT-0006521,DNR-02302,CMP-2026-ANN,122.81,2026-01-25,Online,False,Completed
GFT-0006522,DNR-02303,CMP-2023-ANN,159.82,2023-12-27,Online,False,Completed
GFT-0006523,DNR-02303,CMP-2024-ANN,83.79,2024-05-08,Online,False,Completed
GFT-0006524,DNR-02303,CMP-2025-ANN,102.7,2025-10-06,Online,False,Completed
GFT-0006525,DNR-02303,CMP-2026-ANN,106.33,2026-01-30,Online,False,Completed
GFT-0006526,DNR-02304,CMP-2023-ANN,144.26,2023-11-25,Online,False,Completed
GFT-0006527,DNR-02304,CMP-2024-ANN,151.68,2024-02-25,Online,False,Completed
GFT-0006528,DNR-02304,CMP-2025-ANN,58.59,2025-01-25,Online,False,Completed
GFT-0006529,DNR-02304,CMP-2026-ANN,76.27,2026-03-08,Online,False,Completed
GFT-0006530,DNR-02305,CMP-2023-ANN,1423.92,2023-04-09,Credit Card,False,Completed
GFT-0006531,DNR-02305,CMP-2023-ANN,622.49,2023-07-18,Credit Card,False,Completed
GFT-0006532,DNR-02305,CMP-2024-ANN,2553.95,2024-02-10,Credit Card,False,Completed
GFT-0006533,DNR-02305,CMP-2024-ANN,2462.85,2024-07-16,Credit Card,False,Completed
GFT-0006534,DNR-02305,CMP-2025-ANN,2324.0,2025-11-12,Credit Card,False,Completed
GFT-0006535,DNR-02305,CMP-2025-ANN,1881.36,2025-11-28,Credit Card,False,Completed
GFT-0006536,DNR-02305,CMP-2026-ANN,2062.54,2026-04-02,Credit Card,False,Completed
GFT-0006537,DNR-02306,CMP-2024-ANN,71.78,2024-09-28,Online,False,Completed
GFT-0006538,DNR-02306,CMP-2025-ANN,217.61,2025-01-24,Online,False,Completed
GFT-0006539,DNR-02306,CMP-2026-ANN,164.07,2026-02-24,Online,False,Completed
GFT-0006540,DNR-02307,CMP-2026-ANN,165.49,2026-06-13,Online,False,Completed
GFT-0006541,DNR-02309,CMP-2023-ANN,39.52,2023-11-14,Online,False,Completed
GFT-0006542,DNR-02309,CMP-2024-ANN,35.57,2024-05-11,Online,False,Completed
GFT-0006543,DNR-02309,CMP-2025-ANN,113.13,2025-05-14,Online,False,Completed
GFT-0006544,DNR-02310,CMP-2024-ANN,150.05,2024-10-03,Online,False,Completed
GFT-0006545,DNR-02310,CMP-2025-ANN,26.12,2025-09-25,Online,False,Completed
GFT-0006546,DNR-02311,CMP-2024-ANN,217.81,2024-12-26,Online,False,Completed
GFT-0006547,DNR-02311,CMP-2025-ANN,238.4,2025-10-02,Online,False,Completed
GFT-0006548,DNR-02311,CMP-2026-ANN,234.45,2026-02-02,Online,False,Completed
GFT-0006549,DNR-02312,CMP-2023-ANN,984.64,2023-10-17,Credit Card,False,Completed
GFT-0006550,DNR-02312,CMP-2023-ANN,2295.45,2023-01-24,Credit Card,False,Completed
GFT-0006551,DNR-02312,CMP-2023-ANN,969.21,2023-08-25,Credit Card,False,Completed
GFT-0006552,DNR-02312,CMP-2024-ANN,660.41,2024-08-06,Credit Card,False,Completed
GFT-0006553,DNR-02312,CMP-2024-ANN,1169.5,2024-10-27,Credit Card,False,Completed
GFT-0006554,DNR-02312,CMP-2024-ANN,887.15,2024-01-23,Credit Card,False,Completed
GFT-0006555,DNR-02312,CMP-2025-ANN,853.75,2025-08-21,Credit Card,False,Completed
GFT-0006556,DNR-02312,CMP-2026-ANN,2047.69,2026-08-21,Credit Card,False,Completed
GFT-0006557,DNR-02312,CMP-2026-ANN,1237.88,2026-03-22,Credit Card,False,Completed
GFT-0006558,DNR-02313,CMP-2023-ANN,153.57,2023-07-24,Online,False,Completed
GFT-0006559,DNR-02313,CMP-2026-ANN,60.68,2026-02-07,Online,False,Completed
GFT-0006560,DNR-02314,CMP-2023-ANN,119.45,2023-06-26,Online,False,Completed
GFT-0006561,DNR-02314,CMP-2025-ANN,188.18,2025-02-19,Online,False,Completed
GFT-0006562,DNR-02314,CMP-2026-ANN,73.12,2026-01-04,Online,False,Completed
GFT-0006563,DNR-02315,CMP-2023-ANN,10000.09,2023-05-16,Check,True,Completed
GFT-0006564,DNR-02315,CMP-2023-ANN,14637.91,2023-05-24,Check,True,Completed
GFT-0006565,DNR-02315,CMP-2024-ANN,16707.47,2024-04-14,Check,True,Completed
GFT-0006566,DNR-02315,CMP-2024-ANN,10427.35,2024-06-10,Check,True,Completed
GFT-0006567,DNR-02315,CMP-2025-ANN,86419.52,2025-05-30,Check,True,Completed
GFT-0006568,DNR-02315,CMP-2026-ANN,12051.24,2026-02-21,Check,True,Completed
GFT-0006569,DNR-02315,CMP-2026-ANN,12982.44,2026-01-03,Check,True,Completed
GFT-0006570,DNR-02317,CMP-2023-ANN,246.0,2023-08-17,Online,False,Completed
GFT-0006571,DNR-02317,CMP-2024-ANN,104.8,2024-03-03,Online,False,Completed
GFT-0006572,DNR-02318,CMP-2024-ANN,115.74,2024-11-08,Online,False,Completed
GFT-0006573,DNR-02318,CMP-2025-ANN,177.04,2025-12-04,Online,False,Completed
GFT-0006574,DNR-02318,CMP-2026-ANN,178.72,2026-08-26,Online,False,Completed
GFT-0006575,DNR-02319,CMP-2023-ANN,240.82,2023-10-20,Online,False,Completed
GFT-0006576,DNR-02319,CMP-2025-ANN,44.04,2025-05-31,Online,False,Completed
GFT-0006577,DNR-02319,CMP-2026-ANN,117.52,2026-03-03,Online,False,Completed
GFT-0006578,DNR-02320,CMP-2024-ANN,90.39,2024-11-13,Online,False,Completed
GFT-0006579,DNR-02320,CMP-2025-ANN,208.31,2025-02-01,Online,False,Completed
GFT-0006580,DNR-02320,CMP-2026-ANN,231.56,2026-03-09,Online,False,Completed
GFT-0006581,DNR-02321,CMP-2023-ANN,2326.95,2023-09-27,Credit Card,False,Completed
GFT-0006582,DNR-02321,CMP-2024-ANN,1103.61,2024-06-15,Credit Card,False,Completed
GFT-0006583,DNR-02321,CMP-2024-ANN,2243.52,2024-03-23,Credit Card,False,Completed
GFT-0006584,DNR-02321,CMP-2025-ANN,946.14,2025-08-04,Credit Card,False,Completed
GFT-0006585,DNR-02321,CMP-2025-ANN,2955.75,2025-11-09,Credit Card,False,Completed
GFT-0006586,DNR-02321,CMP-2025-ANN,1328.88,2025-11-14,Credit Card,False,Completed
GFT-0006587,DNR-02321,CMP-2026-ANN,1664.21,2026-05-10,Credit Card,False,Completed
GFT-0006588,DNR-02322,CMP-2024-ANN,179.86,2024-01-29,Online,False,Completed
GFT-0006589,DNR-02322,CMP-2025-ANN,179.54,2025-02-09,Online,False,Completed
GFT-0006590,DNR-02322,CMP-2026-ANN,216.92,2026-08-20,Online,False,Completed
GFT-0006591,DNR-02323,CMP-2024-ANN,231.21,2024-12-22,Online,False,Completed
GFT-0006592,DNR-02323,CMP-2025-ANN,197.14,2025-06-05,Online,False,Completed
GFT-0006593,DNR-02323,CMP-2026-ANN,211.42,2026-09-01,Online,False,Completed
GFT-0006594,DNR-02324,CMP-2024-ANN,95.89,2024-10-30,Online,False,Completed
GFT-0006595,DNR-02324,CMP-2026-ANN,74.92,2026-03-02,Online,False,Completed
GFT-0006596,DNR-02325,CMP-2023-ANN,2514.87,2023-12-16,Credit Card,False,Completed
GFT-0006597,DNR-02325,CMP-2024-ANN,736.44,2024-08-30,Credit Card,False,Completed
GFT-0006598,DNR-02325,CMP-2025-ANN,1636.86,2025-10-17,Credit Card,False,Completed
GFT-0006599,DNR-02325,CMP-2025-ANN,1666.13,2025-09-21,Credit Card,False,Completed
GFT-0006600,DNR-02325,CMP-2025-ANN,2696.49,2025-11-17,Credit Card,False,Completed
GFT-0006601,DNR-02325,CMP-2026-ANN,1860.94,2026-03-18,Credit Card,False,Completed
GFT-0006602,DNR-02326,CMP-2023-ANN,2938.98,2023-03-13,Credit Card,False,Completed
GFT-0006603,DNR-02326,CMP-2023-ANN,1102.74,2023-09-22,Credit Card,False,Completed
GFT-0006604,DNR-02326,CMP-2023-ANN,728.55,2023-10-28,Credit Card,False,Completed
GFT-0006605,DNR-02326,CMP-2024-ANN,994.98,2024-09-20,Credit Card,False,Completed
GFT-0006606,DNR-02326,CMP-2024-ANN,1041.96,2024-11-11,Credit Card,False,Completed
GFT-0006607,DNR-02326,CMP-2024-ANN,1512.49,2024-01-23,Credit Card,False,Completed
GFT-0006608,DNR-02326,CMP-2025-ANN,2998.61,2025-06-29,Credit Card,False,Completed
GFT-0006609,DNR-02326,CMP-2025-ANN,598.03,2025-09-13,Credit Card,False,Completed
GFT-0006610,DNR-02326,CMP-2026-ANN,2637.03,2026-02-06,Credit Card,False,Completed
GFT-0006611,DNR-02326,CMP-2026-ANN,2308.4,2026-05-27,Credit Card,False,Completed
GFT-0006612,DNR-02327,CMP-2023-ANN,2795.33,2023-08-03,Credit Card,False,Completed
GFT-0006613,DNR-02327,CMP-2024-ANN,2403.38,2024-04-23,Credit Card,False,Completed
GFT-0006614,DNR-02327,CMP-2024-ANN,1741.67,2024-04-22,Credit Card,False,Completed
GFT-0006615,DNR-02327,CMP-2024-ANN,2904.25,2024-01-19,Credit Card,False,Completed
GFT-0006616,DNR-02327,CMP-2025-ANN,738.27,2025-07-12,Credit Card,False,Completed
GFT-0006617,DNR-02327,CMP-2025-ANN,2901.85,2025-08-26,Credit Card,False,Completed
GFT-0006618,DNR-02327,CMP-2026-ANN,2447.28,2026-03-12,Credit Card,False,Completed
GFT-0006619,DNR-02327,CMP-2026-ANN,2300.72,2026-06-01,Credit Card,False,Completed
GFT-0006620,DNR-02328,CMP-2023-ANN,26.89,2023-12-13,Online,False,Completed
GFT-0006621,DNR-02328,CMP-2025-ANN,30.98,2025-06-26,Online,False,Completed
GFT-0006622,DNR-02329,CMP-2025-ANN,100.28,2025-07-24,Online,False,Completed
GFT-0006623,DNR-02329,CMP-2026-ANN,148.69,2026-08-05,Online,False,Completed
GFT-0006624,DNR-02330,CMP-2026-ANN,27.95,2026-09-16,Online,False,Completed
GFT-0006625,DNR-02331,CMP-2026-ANN,168.29,2026-05-12,Online,False,Completed
GFT-0006626,DNR-02332,CMP-2023-ANN,189.08,2023-10-25,Online,False,Completed
GFT-0006627,DNR-02332,CMP-2025-ANN,241.08,2025-08-24,Online,False,Completed
GFT-0006628,DNR-02333,CMP-2026-ANN,162.19,2026-04-01,Online,False,Completed
GFT-0006629,DNR-02334,CMP-2025-ANN,224.32,2025-09-02,Online,False,Completed
GFT-0006630,DNR-02334,CMP-2026-ANN,160.83,2026-09-06,Online,False,Completed
GFT-0006631,DNR-02335,CMP-2026-ANN,49.49,2026-06-01,Online,False,Completed
GFT-0006632,DNR-02336,CMP-2023-ANN,77.05,2023-11-26,Online,False,Completed
GFT-0006633,DNR-02336,CMP-2024-ANN,102.16,2024-03-05,Online,False,Completed
GFT-0006634,DNR-02336,CMP-2025-ANN,56.34,2025-12-01,Online,False,Completed
GFT-0006635,DNR-02337,CMP-2025-ANN,208.36,2025-06-08,Online,False,Completed
GFT-0006636,DNR-02337,CMP-2026-ANN,73.51,2026-04-04,Online,False,Completed
GFT-0006637,DNR-02338,CMP-2026-ANN,79.03,2026-03-22,Online,False,Completed
GFT-0006638,DNR-02339,CMP-2023-ANN,100.98,2023-10-29,Online,False,Completed
GFT-0006639,DNR-02339,CMP-2024-ANN,82.41,2024-12-05,Online,False,Completed
GFT-0006640,DNR-02339,CMP-2025-ANN,192.85,2025-02-24,Online,False,Completed
GFT-0006641,DNR-02340,CMP-2024-ANN,145.62,2024-07-10,Online,False,Completed
GFT-0006642,DNR-02340,CMP-2026-ANN,107.54,2026-01-31,Online,False,Completed
GFT-0006643,DNR-02341,CMP-2025-ANN,203.21,2025-09-14,Online,False,Completed
GFT-0006644,DNR-02341,CMP-2026-ANN,235.51,2026-06-16,Online,False,Completed
GFT-0006645,DNR-02342,CMP-2024-ANN,242.41,2024-10-06,Online,False,Completed
GFT-0006646,DNR-02342,CMP-2026-ANN,46.6,2026-07-27,Online,False,Completed
GFT-0006647,DNR-02343,CMP-2024-ANN,215.47,2024-10-29,Online,False,Completed
GFT-0006648,DNR-02344,CMP-2024-ANN,224.11,2024-06-10,Online,False,Completed
GFT-0006649,DNR-02344,CMP-2025-ANN,114.51,2025-04-27,Online,False,Completed
GFT-0006650,DNR-02345,CMP-2024-ANN,1465.71,2024-05-27,Credit Card,False,Completed
GFT-0006651,DNR-02345,CMP-2025-ANN,1639.07,2025-03-17,Credit Card,False,Completed
GFT-0006652,DNR-02345,CMP-2025-ANN,1300.95,2025-09-24,Credit Card,False,Completed
GFT-0006653,DNR-02345,CMP-2025-ANN,2362.9,2025-08-23,Credit Card,False,Completed
GFT-0006654,DNR-02345,CMP-2026-ANN,2881.97,2026-07-16,Credit Card,False,Completed
GFT-0006655,DNR-02346,CMP-2024-ANN,101.62,2024-06-08,Online,False,Completed
GFT-0006656,DNR-02346,CMP-2025-ANN,121.7,2025-08-12,Online,False,Completed
GFT-0006657,DNR-02346,CMP-2026-ANN,123.15,2026-04-14,Online,False,Completed
GFT-0006658,DNR-02347,CMP-2024-ANN,165.94,2024-12-21,Online,False,Completed
GFT-0006659,DNR-02347,CMP-2025-ANN,196.69,2025-12-19,Online,False,Completed
GFT-0006660,DNR-02348,CMP-2023-ANN,72.44,2023-10-23,Online,False,Completed
GFT-0006661,DNR-02348,CMP-2024-ANN,84.35,2024-03-04,Online,False,Completed
GFT-0006662,DNR-02348,CMP-2026-ANN,79.47,2026-08-02,Online,False,Completed
GFT-0006663,DNR-02349,CMP-2026-ANN,143.76,2026-03-06,Online,False,Completed
GFT-0006664,DNR-02350,CMP-2023-ANN,68.67,2023-05-03,Online,False,Completed
GFT-0006665,DNR-02350,CMP-2024-ANN,132.3,2024-03-28,Online,False,Completed
GFT-0006666,DNR-02350,CMP-2026-ANN,226.09,2026-09-10,Online,False,Completed
GFT-0006667,DNR-02351,CMP-2023-ANN,35.38,2023-10-29,Online,False,Completed
GFT-0006668,DNR-02351,CMP-2024-ANN,109.22,2024-01-12,Online,False,Completed
GFT-0006669,DNR-02351,CMP-2026-ANN,175.08,2026-07-02,Online,False,Completed
GFT-0006670,DNR-02352,CMP-2024-ANN,2227.77,2024-11-26,Credit Card,False,Completed
GFT-0006671,DNR-02352,CMP-2024-ANN,545.14,2024-09-16,Credit Card,False,Completed
GFT-0006672,DNR-02352,CMP-2025-ANN,1768.5,2025-09-24,Credit Card,False,Completed
GFT-0006673,DNR-02352,CMP-2026-ANN,1952.11,2026-09-14,Credit Card,False,Completed
GFT-0006674,DNR-02352,CMP-2026-ANN,662.1,2026-06-11,Credit Card,False,Completed
GFT-0006675,DNR-02352,CMP-2026-ANN,1223.37,2026-08-23,Credit Card,False,Completed
GFT-0006676,DNR-02353,CMP-2023-ANN,235.37,2023-06-12,Online,False,Completed
GFT-0006677,DNR-02353,CMP-2025-ANN,82.43,2025-08-19,Online,False,Completed
GFT-0006678,DNR-02354,CMP-2023-ANN,2390.55,2023-05-25,Credit Card,False,Completed
GFT-0006679,DNR-02354,CMP-2023-ANN,2265.4,2023-03-16,Credit Card,False,Completed
GFT-0006680,DNR-02354,CMP-2024-ANN,2856.48,2024-11-01,Credit Card,False,Completed
GFT-0006681,DNR-02354,CMP-2024-ANN,1551.84,2024-06-25,Credit Card,False,Completed
GFT-0006682,DNR-02354,CMP-2024-ANN,2061.21,2024-09-27,Credit Card,False,Completed
GFT-0006683,DNR-02354,CMP-2025-ANN,2673.95,2025-02-08,Credit Card,False,Completed
GFT-0006684,DNR-02354,CMP-2025-ANN,2141.93,2025-10-22,Credit Card,False,Completed
GFT-0006685,DNR-02354,CMP-2026-ANN,2104.37,2026-02-13,Credit Card,False,Completed
GFT-0006686,DNR-02354,CMP-2026-ANN,2398.74,2026-04-09,Credit Card,False,Completed
GFT-0006687,DNR-02354,CMP-2026-ANN,2365.05,2026-07-15,Credit Card,False,Completed
GFT-0006688,DNR-02356,CMP-2026-ANN,142.5,2026-05-14,Online,False,Completed
GFT-0006689,DNR-02357,CMP-2025-ANN,1838.16,2025-09-23,Credit Card,False,Completed
GFT-0006690,DNR-02357,CMP-2026-ANN,1948.2,2026-03-02,Credit Card,False,Completed
GFT-0006691,DNR-02357,CMP-2026-ANN,2091.94,2026-01-26,Credit Card,False,Completed
GFT-0006692,DNR-02358,CMP-2023-ANN,58.06,2023-12-14,Online,False,Completed
GFT-0006693,DNR-02358,CMP-2024-ANN,91.24,2024-01-23,Online,False,Completed
GFT-0006694,DNR-02359,CMP-2023-ANN,203.27,2023-09-23,Online,False,Completed
GFT-0006695,DNR-02360,CMP-2023-ANN,213.82,2023-06-27,Online,False,Completed
GFT-0006696,DNR-02360,CMP-2025-ANN,200.62,2025-08-29,Online,False,Completed
GFT-0006697,DNR-02361,CMP-2023-ANN,151.88,2023-08-14,Online,False,Completed
GFT-0006698,DNR-02361,CMP-2025-ANN,165.0,2025-03-12,Online,False,Completed
GFT-0006699,DNR-02361,CMP-2026-ANN,150.53,2026-02-08,Online,False,Completed
GFT-0006700,DNR-02362,CMP-2023-ANN,169.05,2023-04-21,Online,False,Completed
GFT-0006701,DNR-02362,CMP-2024-ANN,118.98,2024-07-22,Online,False,Completed
GFT-0006702,DNR-02363,CMP-2023-ANN,73.58,2023-07-22,Online,False,Completed
GFT-0006703,DNR-02363,CMP-2024-ANN,248.81,2024-05-01,Online,False,Completed
GFT-0006704,DNR-02363,CMP-2025-ANN,161.51,2025-05-03,Online,False,Completed
GFT-0006705,DNR-02363,CMP-2026-ANN,174.07,2026-06-07,Online,False,Completed
GFT-0006706,DNR-02364,CMP-2026-ANN,172.88,2026-03-26,Online,False,Completed
GFT-0006707,DNR-02365,CMP-2025-ANN,28.94,2025-10-17,Online,False,Completed
GFT-0006708,DNR-02366,CMP-2025-ANN,25.69,2025-11-28,Online,False,Completed
GFT-0006709,DNR-02366,CMP-2026-ANN,116.68,2026-05-10,Online,False,Completed
GFT-0006710,DNR-02367,CMP-2026-ANN,122.68,2026-05-05,Online,False,Completed
GFT-0006711,DNR-02368,CMP-2023-ANN,206.03,2023-05-04,Online,False,Completed
GFT-0006712,DNR-02368,CMP-2025-ANN,196.7,2025-04-27,Online,False,Completed
GFT-0006713,DNR-02368,CMP-2026-ANN,57.99,2026-07-06,Online,False,Completed
GFT-0006714,DNR-02369,CMP-2024-ANN,148.89,2024-08-08,Online,False,Completed
GFT-0006715,DNR-02369,CMP-2025-ANN,102.56,2025-05-06,Online,False,Completed
GFT-0006716,DNR-02370,CMP-2024-ANN,151.4,2024-09-09,Online,False,Completed
GFT-0006717,DNR-02370,CMP-2026-ANN,211.89,2026-05-20,Online,False,Completed
GFT-0006718,DNR-02371,CMP-2026-ANN,100.79,2026-06-08,Online,False,Completed
GFT-0006719,DNR-02372,CMP-2023-ANN,1129.83,2023-11-26,Credit Card,False,Completed
GFT-0006720,DNR-02372,CMP-2024-ANN,2443.05,2024-11-26,Credit Card,False,Completed
GFT-0006721,DNR-02372,CMP-2025-ANN,1853.67,2025-10-10,Credit Card,False,Completed
GFT-0006722,DNR-02372,CMP-2025-ANN,1101.5,2025-04-11,Credit Card,False,Completed
GFT-0006723,DNR-02372,CMP-2026-ANN,2624.41,2026-09-01,Credit Card,False,Completed
GFT-0006724,DNR-02372,CMP-2026-ANN,1179.75,2026-07-31,Credit Card,False,Completed
GFT-0006725,DNR-02373,CMP-2026-ANN,194.27,2026-02-17,Online,False,Completed
GFT-0006726,DNR-02374,CMP-2023-ANN,175.24,2023-08-11,Online,False,Completed
GFT-0006727,DNR-02374,CMP-2024-ANN,160.09,2024-09-18,Online,False,Completed
GFT-0006728,DNR-02374,CMP-2026-ANN,249.65,2026-05-12,Online,False,Completed
GFT-0006729,DNR-02375,CMP-2024-ANN,245.42,2024-11-23,Online,False,Completed
GFT-0006730,DNR-02375,CMP-2025-ANN,70.46,2025-10-11,Online,False,Completed
GFT-0006731,DNR-02375,CMP-2026-ANN,68.5,2026-02-24,Online,False,Completed
GFT-0006732,DNR-02376,CMP-2026-ANN,237.7,2026-07-31,Online,False,Completed
GFT-0006733,DNR-02377,CMP-2023-ANN,37.6,2023-11-05,Online,False,Completed
GFT-0006734,DNR-02377,CMP-2025-ANN,166.72,2025-06-05,Online,False,Completed
GFT-0006735,DNR-02377,CMP-2026-ANN,190.99,2026-07-28,Online,False,Completed
GFT-0006736,DNR-02378,CMP-2023-ANN,116.75,2023-02-03,Online,False,Completed
GFT-0006737,DNR-02378,CMP-2024-ANN,166.65,2024-08-05,Online,False,Completed
GFT-0006738,DNR-02378,CMP-2025-ANN,156.05,2025-02-20,Online,False,Completed
GFT-0006739,DNR-02378,CMP-2026-ANN,117.51,2026-05-30,Online,False,Completed
GFT-0006740,DNR-02379,CMP-2025-ANN,189.24,2025-09-02,Online,False,Completed
GFT-0006741,DNR-02379,CMP-2026-ANN,87.96,2026-06-29,Online,False,Completed
GFT-0006742,DNR-02380,CMP-2025-ANN,136.44,2025-12-01,Online,False,Completed
GFT-0006743,DNR-02380,CMP-2026-ANN,88.34,2026-06-01,Online,False,Completed
GFT-0006744,DNR-02381,CMP-2024-ANN,645.45,2024-05-31,Credit Card,False,Completed
GFT-0006745,DNR-02381,CMP-2025-ANN,2713.59,2025-09-08,Credit Card,False,Completed
GFT-0006746,DNR-02381,CMP-2025-ANN,2315.05,2025-06-23,Credit Card,False,Completed
GFT-0006747,DNR-02381,CMP-2026-ANN,2178.48,2026-01-28,Credit Card,False,Completed
GFT-0006748,DNR-02381,CMP-2026-ANN,1990.78,2026-03-02,Credit Card,False,Completed
GFT-0006749,DNR-02382,CMP-2024-ANN,548.66,2024-08-30,Credit Card,False,Completed
GFT-0006750,DNR-02382,CMP-2024-ANN,2496.67,2024-10-15,Credit Card,False,Completed
GFT-0006751,DNR-02382,CMP-2025-ANN,2681.12,2025-01-18,Credit Card,False,Completed
GFT-0006752,DNR-02382,CMP-2025-ANN,2312.47,2025-08-01,Credit Card,False,Completed
GFT-0006753,DNR-02382,CMP-2025-ANN,2565.02,2025-11-07,Credit Card,False,Completed
GFT-0006754,DNR-02382,CMP-2026-ANN,2807.73,2026-07-23,Credit Card,False,Completed
GFT-0006755,DNR-02382,CMP-2026-ANN,2954.96,2026-04-07,Credit Card,False,Completed
GFT-0006756,DNR-02383,CMP-2023-ANN,2248.2,2023-12-16,Credit Card,False,Completed
GFT-0006757,DNR-02383,CMP-2023-ANN,2004.5,2023-11-16,Credit Card,False,Completed
GFT-0006758,DNR-02383,CMP-2023-ANN,2422.78,2023-11-30,Credit Card,False,Completed
GFT-0006759,DNR-02383,CMP-2024-ANN,556.84,2024-09-04,Credit Card,False,Completed
GFT-0006760,DNR-02383,CMP-2024-ANN,2841.44,2024-08-20,Credit Card,False,Completed
GFT-0006761,DNR-02383,CMP-2025-ANN,1833.84,2025-12-26,Credit Card,False,Completed
GFT-0006762,DNR-02383,CMP-2025-ANN,667.9,2025-07-17,Credit Card,False,Completed
GFT-0006763,DNR-02383,CMP-2025-ANN,988.17,2025-12-15,Credit Card,False,Completed
GFT-0006764,DNR-02383,CMP-2026-ANN,1634.67,2026-07-20,Credit Card,False,Completed
GFT-0006765,DNR-02384,CMP-2023-ANN,54.85,2023-08-03,Online,False,Completed
GFT-0006766,DNR-02384,CMP-2025-ANN,234.39,2025-07-24,Online,False,Completed
GFT-0006767,DNR-02384,CMP-2026-ANN,231.06,2026-03-16,Online,False,Completed
GFT-0006768,DNR-02385,CMP-2023-ANN,130.12,2023-03-11,Online,False,Completed
GFT-0006769,DNR-02385,CMP-2025-ANN,71.11,2025-04-14,Online,False,Completed
GFT-0006770,DNR-02387,CMP-2023-ANN,61.76,2023-07-26,Online,False,Completed
GFT-0006771,DNR-02387,CMP-2024-ANN,74.25,2024-03-15,Online,False,Completed
GFT-0006772,DNR-02387,CMP-2025-ANN,210.66,2025-10-04,Online,False,Completed
GFT-0006773,DNR-02388,CMP-2024-ANN,130.24,2024-07-06,Online,False,Completed
GFT-0006774,DNR-02388,CMP-2025-ANN,244.7,2025-04-26,Online,False,Completed
GFT-0006775,DNR-02388,CMP-2026-ANN,67.84,2026-07-25,Online,False,Completed
GFT-0006776,DNR-02389,CMP-2024-ANN,225.57,2024-10-29,Online,False,Completed
GFT-0006777,DNR-02389,CMP-2025-ANN,94.1,2025-04-25,Online,False,Completed
GFT-0006778,DNR-02389,CMP-2026-ANN,188.35,2026-09-20,Online,False,Completed
GFT-0006779,DNR-02390,CMP-2023-ANN,155.23,2023-03-03,Online,False,Completed
GFT-0006780,DNR-02390,CMP-2024-ANN,219.43,2024-09-27,Online,False,Completed
GFT-0006781,DNR-02390,CMP-2025-ANN,34.68,2025-02-15,Online,False,Completed
GFT-0006782,DNR-02391,CMP-2023-ANN,89.07,2023-11-09,Online,False,Completed
GFT-0006783,DNR-02391,CMP-2024-ANN,126.64,2024-05-22,Online,False,Completed
GFT-0006784,DNR-02392,CMP-2023-ANN,145.19,2023-09-08,Online,False,Completed
GFT-0006785,DNR-02393,CMP-2024-ANN,140.51,2024-12-24,Online,False,Completed
GFT-0006786,DNR-02393,CMP-2026-ANN,212.64,2026-07-14,Online,False,Completed
GFT-0006787,DNR-02394,CMP-2026-ANN,211.15,2026-07-24,Online,False,Completed
GFT-0006788,DNR-02395,CMP-2023-ANN,2070.66,2023-05-28,Credit Card,False,Completed
GFT-0006789,DNR-02395,CMP-2024-ANN,1798.56,2024-03-02,Credit Card,False,Completed
GFT-0006790,DNR-02395,CMP-2024-ANN,2934.2,2024-09-04,Credit Card,False,Completed
GFT-0006791,DNR-02395,CMP-2025-ANN,1931.3,2025-09-25,Credit Card,False,Completed
GFT-0006792,DNR-02395,CMP-2026-ANN,2336.37,2026-05-30,Credit Card,False,Completed
GFT-0006793,DNR-02395,CMP-2026-ANN,1728.26,2026-08-24,Credit Card,False,Completed
GFT-0006794,DNR-02396,CMP-2026-ANN,120.85,2026-02-09,Online,False,Completed
GFT-0006795,DNR-02397,CMP-2025-ANN,222.24,2025-08-26,Online,False,Completed
GFT-0006796,DNR-02398,CMP-2023-ANN,178.34,2023-12-02,Online,False,Completed
GFT-0006797,DNR-02398,CMP-2024-ANN,31.56,2024-05-08,Online,False,Completed
GFT-0006798,DNR-02398,CMP-2025-ANN,193.81,2025-02-03,Online,False,Completed
GFT-0006799,DNR-02399,CMP-2025-ANN,201.76,2025-11-27,Online,False,Completed
GFT-0006800,DNR-02399,CMP-2026-ANN,186.82,2026-01-17,Online,False,Completed
GFT-0006801,DNR-02400,CMP-2025-ANN,178.17,2025-07-18,Online,False,Completed
GFT-0006802,DNR-02401,CMP-2023-ANN,182.53,2023-12-27,Online,False,Completed
GFT-0006803,DNR-02401,CMP-2024-ANN,236.09,2024-10-16,Online,False,Completed
GFT-0006804,DNR-02401,CMP-2025-ANN,116.14,2025-07-06,Online,False,Completed
GFT-0006805,DNR-02402,CMP-2023-ANN,203.29,2023-06-08,Online,False,Completed
GFT-0006806,DNR-02402,CMP-2024-ANN,25.51,2024-08-22,Online,False,Completed
GFT-0006807,DNR-02402,CMP-2025-ANN,43.98,2025-04-16,Online,False,Completed
GFT-0006808,DNR-02403,CMP-2023-ANN,166.56,2023-04-15,Online,False,Completed
GFT-0006809,DNR-02403,CMP-2024-ANN,60.82,2024-04-26,Online,False,Completed
GFT-0006810,DNR-02404,CMP-2026-ANN,100.39,2026-03-15,Online,False,Completed
GFT-0006811,DNR-02405,CMP-2026-ANN,58.83,2026-09-09,Online,False,Completed
GFT-0006812,DNR-02406,CMP-2025-ANN,171.54,2025-08-08,Online,False,Completed
GFT-0006813,DNR-02407,CMP-2023-ANN,153.39,2023-01-02,Online,False,Completed
GFT-0006814,DNR-02407,CMP-2024-ANN,114.53,2024-08-21,Online,False,Completed
GFT-0006815,DNR-02407,CMP-2025-ANN,158.69,2025-10-10,Online,False,Completed
GFT-0006816,DNR-02407,CMP-2026-ANN,157.89,2026-08-10,Online,False,Completed
GFT-0006817,DNR-02408,CMP-2025-ANN,121.74,2025-10-03,Online,False,Completed
GFT-0006818,DNR-02409,CMP-2023-ANN,12979.13,2023-12-16,Check,True,Completed
GFT-0006819,DNR-02409,CMP-2023-ANN,12098.71,2023-09-24,Check,True,Completed
GFT-0006820,DNR-02409,CMP-2024-ANN,10011.07,2024-06-18,Check,True,Completed
GFT-0006821,DNR-02409,CMP-2024-ANN,23832.55,2024-04-15,Check,True,Completed
GFT-0006822,DNR-02409,CMP-2024-ANN,77379.66,2024-08-22,Check,True,Completed
GFT-0006823,DNR-02409,CMP-2025-ANN,12031.09,2025-04-16,Check,True,Completed
GFT-0006824,DNR-02409,CMP-2026-ANN,20840.85,2026-04-25,Check,True,Completed
GFT-0006825,DNR-02410,CMP-2024-ANN,231.68,2024-12-04,Online,False,Completed
GFT-0006826,DNR-02411,CMP-2026-ANN,214.4,2026-08-13,Online,False,Completed
GFT-0006827,DNR-02412,CMP-2025-ANN,186.82,2025-09-18,Online,False,Completed
GFT-0006828,DNR-02413,CMP-2023-ANN,243.04,2023-03-12,Online,False,Completed
GFT-0006829,DNR-02413,CMP-2025-ANN,161.26,2025-03-17,Online,False,Completed
GFT-0006830,DNR-02414,CMP-2025-ANN,39.85,2025-05-25,Online,False,Completed
GFT-0006831,DNR-02414,CMP-2026-ANN,103.03,2026-02-24,Online,False,Completed
GFT-0006832,DNR-02415,CMP-2025-ANN,241.55,2025-03-05,Online,False,Completed
GFT-0006833,DNR-02416,CMP-2024-ANN,2238.2,2024-10-25,Credit Card,False,Completed
GFT-0006834,DNR-02416,CMP-2025-ANN,729.16,2025-11-07,Credit Card,False,Completed
GFT-0006835,DNR-02416,CMP-2025-ANN,2809.12,2025-12-10,Credit Card,False,Completed
GFT-0006836,DNR-02416,CMP-2026-ANN,2737.99,2026-03-07,Credit Card,False,Completed
GFT-0006837,DNR-02417,CMP-2025-ANN,112.86,2025-09-05,Online,False,Completed
GFT-0006838,DNR-02417,CMP-2026-ANN,198.05,2026-01-11,Online,False,Completed
GFT-0006839,DNR-02418,CMP-2024-ANN,163.51,2024-06-14,Online,False,Completed
GFT-0006840,DNR-02418,CMP-2025-ANN,200.56,2025-05-08,Online,False,Completed
GFT-0006841,DNR-02419,CMP-2023-ANN,166.26,2023-09-06,Online,False,Completed
GFT-0006842,DNR-02419,CMP-2025-ANN,144.74,2025-10-21,Online,False,Completed
GFT-0006843,DNR-02419,CMP-2026-ANN,58.73,2026-04-20,Online,False,Completed
GFT-0006844,DNR-02420,CMP-2025-ANN,186.67,2025-01-21,Online,False,Completed
GFT-0006845,DNR-02420,CMP-2026-ANN,212.67,2026-09-29,Online,False,Completed
GFT-0006846,DNR-02421,CMP-2023-ANN,154.78,2023-03-09,Online,False,Completed
GFT-0006847,DNR-02421,CMP-2024-ANN,193.7,2024-11-24,Online,False,Completed
GFT-0006848,DNR-02421,CMP-2026-ANN,178.35,2026-04-02,Online,False,Completed
GFT-0006849,DNR-02422,CMP-2023-ANN,169.8,2023-07-21,Online,False,Completed
GFT-0006850,DNR-02422,CMP-2026-ANN,181.49,2026-09-26,Online,False,Completed
GFT-0006851,DNR-02424,CMP-2024-ANN,188.73,2024-09-15,Online,False,Completed
GFT-0006852,DNR-02424,CMP-2025-ANN,127.74,2025-01-17,Online,False,Completed
GFT-0006853,DNR-02424,CMP-2026-ANN,176.43,2026-04-16,Online,False,Completed
GFT-0006854,DNR-02425,CMP-2023-ANN,227.45,2023-08-21,Online,False,Completed
GFT-0006855,DNR-02425,CMP-2024-ANN,192.96,2024-05-09,Online,False,Completed
GFT-0006856,DNR-02425,CMP-2026-ANN,66.08,2026-05-21,Online,False,Completed
GFT-0006857,DNR-02426,CMP-2025-ANN,1482.93,2025-06-27,Credit Card,False,Completed
GFT-0006858,DNR-02426,CMP-2025-ANN,1983.99,2025-04-27,Credit Card,False,Completed
GFT-0006859,DNR-02426,CMP-2025-ANN,990.27,2025-04-08,Credit Card,False,Completed
GFT-0006860,DNR-02426,CMP-2026-ANN,2566.17,2026-01-13,Credit Card,False,Completed
GFT-0006861,DNR-02426,CMP-2026-ANN,2028.47,2026-05-20,Credit Card,False,Completed
GFT-0006862,DNR-02427,CMP-2023-ANN,80.49,2023-05-28,Online,False,Completed
GFT-0006863,DNR-02428,CMP-2024-ANN,2473.84,2024-12-06,Credit Card,False,Completed
GFT-0006864,DNR-02428,CMP-2024-ANN,2575.77,2024-12-22,Credit Card,False,Completed
GFT-0006865,DNR-02428,CMP-2025-ANN,2665.73,2025-03-17,Credit Card,False,Completed
GFT-0006866,DNR-02428,CMP-2026-ANN,1865.46,2026-04-15,Credit Card,False,Completed
GFT-0006867,DNR-02429,CMP-2024-ANN,48.2,2024-12-20,Online,False,Completed
GFT-0006868,DNR-02429,CMP-2025-ANN,83.66,2025-06-29,Online,False,Completed
GFT-0006869,DNR-02430,CMP-2025-ANN,966.5,2025-12-11,Credit Card,False,Completed
GFT-0006870,DNR-02430,CMP-2025-ANN,2403.75,2025-11-14,Credit Card,False,Completed
GFT-0006871,DNR-02430,CMP-2026-ANN,2973.45,2026-03-12,Credit Card,False,Completed
GFT-0006872,DNR-02430,CMP-2026-ANN,1708.26,2026-02-19,Credit Card,False,Completed
GFT-0006873,DNR-02430,CMP-2026-ANN,2784.88,2026-03-15,Credit Card,False,Completed
GFT-0006874,DNR-02431,CMP-2024-ANN,62.73,2024-09-14,Online,False,Completed
GFT-0006875,DNR-02431,CMP-2025-ANN,115.82,2025-10-30,Online,False,Completed
GFT-0006876,DNR-02431,CMP-2026-ANN,220.38,2026-02-23,Online,False,Completed
GFT-0006877,DNR-02432,CMP-2023-ANN,1358.31,2023-06-07,Credit Card,False,Completed
GFT-0006878,DNR-02432,CMP-2024-ANN,2454.21,2024-04-12,Credit Card,False,Completed
GFT-0006879,DNR-02432,CMP-2024-ANN,1425.13,2024-11-01,Credit Card,False,Completed
GFT-0006880,DNR-02432,CMP-2024-ANN,1058.88,2024-04-25,Credit Card,False,Completed
GFT-0006881,DNR-02432,CMP-2025-ANN,765.53,2025-10-12,Credit Card,False,Completed
GFT-0006882,DNR-02432,CMP-2025-ANN,2276.54,2025-05-20,Credit Card,False,Completed
GFT-0006883,DNR-02432,CMP-2025-ANN,1423.08,2025-01-03,Credit Card,False,Completed
GFT-0006884,DNR-02432,CMP-2026-ANN,2879.07,2026-08-28,Credit Card,False,Completed
GFT-0006885,DNR-02433,CMP-2024-ANN,24525.29,2024-10-30,Check,True,Completed
GFT-0006886,DNR-02433,CMP-2024-ANN,33528.14,2024-11-16,Check,True,Completed
GFT-0006887,DNR-02433,CMP-2025-ANN,14740.76,2025-01-03,Check,True,Completed
GFT-0006888,DNR-02433,CMP-2025-ANN,12966.08,2025-07-05,Check,True,Completed
GFT-0006889,DNR-02433,CMP-2025-ANN,13261.41,2025-02-08,Check,True,Completed
GFT-0006890,DNR-02433,CMP-2026-ANN,22981.05,2026-06-21,Check,True,Completed
GFT-0006891,DNR-02433,CMP-2026-ANN,30043.23,2026-05-25,Check,True,Completed
GFT-0006892,DNR-02434,CMP-2025-ANN,28.52,2025-07-19,Online,False,Completed
GFT-0006893,DNR-02434,CMP-2026-ANN,134.75,2026-06-11,Online,False,Completed
GFT-0006894,DNR-02435,CMP-2023-ANN,1218.26,2023-09-14,Credit Card,False,Completed
GFT-0006895,DNR-02435,CMP-2023-ANN,1154.27,2023-07-30,Credit Card,False,Completed
GFT-0006896,DNR-02435,CMP-2023-ANN,519.01,2023-08-20,Credit Card,False,Completed
GFT-0006897,DNR-02435,CMP-2024-ANN,2070.32,2024-06-21,Credit Card,False,Completed
GFT-0006898,DNR-02435,CMP-2024-ANN,799.94,2024-07-24,Credit Card,False,Completed
GFT-0006899,DNR-02435,CMP-2025-ANN,2734.67,2025-07-02,Credit Card,False,Completed
GFT-0006900,DNR-02435,CMP-2025-ANN,2560.82,2025-07-27,Credit Card,False,Completed
GFT-0006901,DNR-02435,CMP-2025-ANN,686.27,2025-03-21,Credit Card,False,Completed
GFT-0006902,DNR-02435,CMP-2026-ANN,2784.7,2026-08-17,Credit Card,False,Completed
GFT-0006903,DNR-02436,CMP-2023-ANN,62.08,2023-02-08,Online,False,Completed
GFT-0006904,DNR-02436,CMP-2024-ANN,212.43,2024-08-08,Online,False,Completed
GFT-0006905,DNR-02436,CMP-2025-ANN,78.1,2025-06-22,Online,False,Completed
GFT-0006906,DNR-02437,CMP-2025-ANN,106.95,2025-10-10,Online,False,Completed
GFT-0006907,DNR-02437,CMP-2026-ANN,44.85,2026-01-27,Online,False,Completed
GFT-0006908,DNR-02438,CMP-2024-ANN,49.19,2024-12-14,Online,False,Completed
GFT-0006909,DNR-02438,CMP-2026-ANN,73.73,2026-01-27,Online,False,Completed
GFT-0006910,DNR-02439,CMP-2023-ANN,164.36,2023-07-09,Online,False,Completed
GFT-0006911,DNR-02439,CMP-2024-ANN,119.38,2024-01-27,Online,False,Completed
GFT-0006912,DNR-02440,CMP-2023-ANN,204.73,2023-10-31,Online,False,Completed
GFT-0006913,DNR-02440,CMP-2024-ANN,96.4,2024-06-14,Online,False,Completed
GFT-0006914,DNR-02440,CMP-2025-ANN,164.67,2025-09-26,Online,False,Completed
GFT-0006915,DNR-02441,CMP-2023-ANN,219.46,2023-02-07,Online,False,Completed
GFT-0006916,DNR-02441,CMP-2025-ANN,198.2,2025-01-12,Online,False,Completed
GFT-0006917,DNR-02441,CMP-2026-ANN,199.68,2026-05-22,Online,False,Completed
GFT-0006918,DNR-02442,CMP-2023-ANN,111.16,2023-11-02,Online,False,Completed
GFT-0006919,DNR-02442,CMP-2024-ANN,249.46,2024-09-04,Online,False,Completed
GFT-0006920,DNR-02442,CMP-2026-ANN,151.33,2026-03-28,Online,False,Completed
GFT-0006921,DNR-02443,CMP-2026-ANN,106.22,2026-02-04,Online,False,Completed
GFT-0006922,DNR-02444,CMP-2024-ANN,2611.76,2024-11-06,Credit Card,False,Completed
GFT-0006923,DNR-02444,CMP-2025-ANN,1894.51,2025-04-21,Credit Card,False,Completed
GFT-0006924,DNR-02444,CMP-2025-ANN,2417.46,2025-10-10,Credit Card,False,Completed
GFT-0006925,DNR-02444,CMP-2025-ANN,1505.48,2025-05-01,Credit Card,False,Completed
GFT-0006926,DNR-02444,CMP-2026-ANN,2837.93,2026-07-06,Credit Card,False,Completed
GFT-0006927,DNR-02445,CMP-2023-ANN,230.4,2023-08-10,Online,False,Completed
GFT-0006928,DNR-02445,CMP-2025-ANN,240.0,2025-03-02,Online,False,Completed
GFT-0006929,DNR-02446,CMP-2024-ANN,118.49,2024-06-13,Online,False,Completed
GFT-0006930,DNR-02446,CMP-2026-ANN,87.9,2026-08-05,Online,False,Completed
GFT-0006931,DNR-02447,CMP-2024-ANN,183.87,2024-10-28,Online,False,Completed
GFT-0006932,DNR-02447,CMP-2025-ANN,246.21,2025-11-11,Online,False,Completed
GFT-0006933,DNR-02448,CMP-2025-ANN,167.24,2025-07-15,Online,False,Completed
GFT-0006934,DNR-02449,CMP-2023-ANN,106.83,2023-10-09,Online,False,Completed
GFT-0006935,DNR-02450,CMP-2024-ANN,137.96,2024-07-08,Online,False,Completed
GFT-0006936,DNR-02450,CMP-2025-ANN,163.24,2025-06-26,Online,False,Completed
GFT-0006937,DNR-02450,CMP-2026-ANN,43.67,2026-01-22,Online,False,Completed
GFT-0006938,DNR-02451,CMP-2026-ANN,234.83,2026-01-23,Online,False,Completed
GFT-0006939,DNR-02452,CMP-2024-ANN,2706.22,2024-09-03,Credit Card,False,Completed
GFT-0006940,DNR-02452,CMP-2025-ANN,889.86,2025-10-18,Credit Card,False,Completed
GFT-0006941,DNR-02452,CMP-2026-ANN,1431.26,2026-09-03,Credit Card,False,Completed
GFT-0006942,DNR-02452,CMP-2026-ANN,1073.93,2026-06-04,Credit Card,False,Completed
GFT-0006943,DNR-02453,CMP-2024-ANN,240.65,2024-02-11,Online,False,Completed
GFT-0006944,DNR-02453,CMP-2025-ANN,222.41,2025-04-28,Online,False,Completed
GFT-0006945,DNR-02454,CMP-2026-ANN,26.25,2026-07-13,Online,False,Completed
GFT-0006946,DNR-02455,CMP-2025-ANN,32.6,2025-10-24,Online,False,Completed
GFT-0006947,DNR-02455,CMP-2026-ANN,167.43,2026-05-13,Online,False,Completed
GFT-0006948,DNR-02456,CMP-2025-ANN,65.98,2025-12-10,Online,False,Completed
GFT-0006949,DNR-02456,CMP-2026-ANN,93.23,2026-08-06,Online,False,Completed
GFT-0006950,DNR-02457,CMP-2024-ANN,111.19,2024-10-10,Online,False,Completed
GFT-0006951,DNR-02457,CMP-2025-ANN,248.9,2025-05-05,Online,False,Completed
GFT-0006952,DNR-02457,CMP-2026-ANN,137.41,2026-06-17,Online,False,Completed
GFT-0006953,DNR-02458,CMP-2026-ANN,126.03,2026-09-17,Online,False,Completed
GFT-0006954,DNR-02459,CMP-2026-ANN,238.63,2026-04-26,Online,False,Completed
GFT-0006955,DNR-02460,CMP-2024-ANN,26.43,2024-05-13,Online,False,Completed
GFT-0006956,DNR-02460,CMP-2025-ANN,140.95,2025-02-03,Online,False,Completed
GFT-0006957,DNR-02461,CMP-2023-ANN,11581.05,2023-12-22,Check,True,Completed
GFT-0006958,DNR-02461,CMP-2024-ANN,13912.35,2024-02-16,Check,True,Completed
GFT-0006959,DNR-02461,CMP-2024-ANN,42901.13,2024-06-07,Check,True,Completed
GFT-0006960,DNR-02461,CMP-2025-ANN,29116.78,2025-11-13,Check,True,Completed
GFT-0006961,DNR-02461,CMP-2025-ANN,116900.48,2025-08-15,Check,True,Completed
GFT-0006962,DNR-02461,CMP-2026-ANN,25258.19,2026-04-02,Check,True,Completed
GFT-0006963,DNR-02462,CMP-2023-ANN,1814.57,2023-05-19,Credit Card,False,Completed
GFT-0006964,DNR-02462,CMP-2024-ANN,2268.91,2024-08-03,Credit Card,False,Completed
GFT-0006965,DNR-02462,CMP-2025-ANN,2342.62,2025-06-14,Credit Card,False,Completed
GFT-0006966,DNR-02462,CMP-2026-ANN,2590.85,2026-05-08,Credit Card,False,Completed
GFT-0006967,DNR-02463,CMP-2023-ANN,161.48,2023-12-22,Online,False,Completed
GFT-0006968,DNR-02464,CMP-2024-ANN,191.12,2024-04-01,Online,False,Completed
GFT-0006969,DNR-02464,CMP-2026-ANN,118.46,2026-07-08,Online,False,Completed
GFT-0006970,DNR-02465,CMP-2025-ANN,70.89,2025-06-19,Online,False,Completed
GFT-0006971,DNR-02465,CMP-2026-ANN,102.63,2026-05-26,Online,False,Completed
GFT-0006972,DNR-02466,CMP-2023-ANN,197.56,2023-11-10,Online,False,Completed
GFT-0006973,DNR-02466,CMP-2024-ANN,183.89,2024-12-23,Online,False,Completed
GFT-0006974,DNR-02466,CMP-2026-ANN,65.65,2026-02-23,Online,False,Completed
GFT-0006975,DNR-02467,CMP-2023-ANN,129.46,2023-02-13,Online,False,Completed
GFT-0006976,DNR-02467,CMP-2024-ANN,243.99,2024-10-10,Online,False,Completed
GFT-0006977,DNR-02467,CMP-2025-ANN,84.77,2025-01-09,Online,False,Completed
GFT-0006978,DNR-02467,CMP-2026-ANN,59.82,2026-02-24,Online,False,Completed
GFT-0006979,DNR-02468,CMP-2024-ANN,32.36,2024-07-10,Online,False,Completed
GFT-0006980,DNR-02468,CMP-2025-ANN,45.3,2025-09-15,Online,False,Completed
GFT-0006981,DNR-02470,CMP-2023-ANN,172.98,2023-12-20,Online,False,Completed
GFT-0006982,DNR-02470,CMP-2024-ANN,48.01,2024-08-02,Online,False,Completed
GFT-0006983,DNR-02470,CMP-2025-ANN,220.53,2025-11-02,Online,False,Completed
GFT-0006984,DNR-02471,CMP-2025-ANN,127.86,2025-12-13,Online,False,Completed
GFT-0006985,DNR-02471,CMP-2026-ANN,124.65,2026-04-30,Online,False,Completed
GFT-0006986,DNR-02472,CMP-2024-ANN,2320.76,2024-07-06,Credit Card,False,Completed
GFT-0006987,DNR-02472,CMP-2024-ANN,2814.49,2024-09-07,Credit Card,False,Completed
GFT-0006988,DNR-02472,CMP-2024-ANN,2138.49,2024-05-20,Credit Card,False,Completed
GFT-0006989,DNR-02472,CMP-2025-ANN,2891.73,2025-09-10,Credit Card,False,Completed
GFT-0006990,DNR-02472,CMP-2026-ANN,1314.56,2026-03-24,Credit Card,False,Completed
GFT-0006991,DNR-02473,CMP-2024-ANN,887.98,2024-10-09,Credit Card,False,Completed
GFT-0006992,DNR-02473,CMP-2025-ANN,2774.1,2025-02-21,Credit Card,False,Completed
GFT-0006993,DNR-02473,CMP-2025-ANN,1035.25,2025-07-06,Credit Card,False,Completed
GFT-0006994,DNR-02473,CMP-2025-ANN,1529.85,2025-11-17,Credit Card,False,Completed
GFT-0006995,DNR-02473,CMP-2026-ANN,2888.35,2026-09-28,Credit Card,False,Completed
GFT-0006996,DNR-02474,CMP-2026-ANN,169.08,2026-03-01,Online,False,Completed
GFT-0006997,DNR-02475,CMP-2024-ANN,148.9,2024-12-26,Online,False,Completed
GFT-0006998,DNR-02475,CMP-2025-ANN,62.48,2025-08-27,Online,False,Completed
GFT-0006999,DNR-02476,CMP-2025-ANN,2910.38,2025-07-10,Credit Card,False,Completed
GFT-0007000,DNR-02476,CMP-2025-ANN,2473.38,2025-07-14,Credit Card,False,Completed
GFT-0007001,DNR-02476,CMP-2025-ANN,2639.25,2025-08-22,Credit Card,False,Completed
GFT-0007002,DNR-02476,CMP-2026-ANN,1007.97,2026-03-30,Credit Card,False,Completed
GFT-0007003,DNR-02476,CMP-2026-ANN,1889.86,2026-05-28,Credit Card,False,Completed
GFT-0007004,DNR-02476,CMP-2026-ANN,1270.15,2026-05-14,Credit Card,False,Completed
GFT-0007005,DNR-02477,CMP-2025-ANN,135.05,2025-10-30,Online,False,Completed
GFT-0007006,DNR-02478,CMP-2025-ANN,206.85,2025-10-24,Online,False,Completed
GFT-0007007,DNR-02478,CMP-2026-ANN,236.93,2026-09-02,Online,False,Completed
GFT-0007008,DNR-02479,CMP-2024-ANN,83.73,2024-12-27,Online,False,Completed
GFT-0007009,DNR-02479,CMP-2025-ANN,207.42,2025-03-20,Online,False,Completed
GFT-0007010,DNR-02480,CMP-2025-ANN,125.54,2025-01-24,Online,False,Completed
GFT-0007011,DNR-02481,CMP-2025-ANN,67.03,2025-01-24,Online,False,Completed
GFT-0007012,DNR-02481,CMP-2026-ANN,40.72,2026-03-26,Online,False,Completed
GFT-0007013,DNR-02482,CMP-2025-ANN,1327.77,2025-10-06,Credit Card,False,Completed
GFT-0007014,DNR-02482,CMP-2026-ANN,2752.68,2026-04-12,Credit Card,False,Completed
GFT-0007015,DNR-02482,CMP-2026-ANN,1671.28,2026-05-29,Credit Card,False,Completed
GFT-0007016,DNR-02482,CMP-2026-ANN,1817.5,2026-06-30,Credit Card,False,Completed
GFT-0007017,DNR-02483,CMP-2023-ANN,2296.91,2023-04-27,Credit Card,False,Completed
GFT-0007018,DNR-02483,CMP-2023-ANN,1035.59,2023-05-31,Credit Card,False,Completed
GFT-0007019,DNR-02483,CMP-2024-ANN,2738.46,2024-07-22,Credit Card,False,Completed
GFT-0007020,DNR-02483,CMP-2024-ANN,1317.19,2024-06-04,Credit Card,False,Completed
GFT-0007021,DNR-02483,CMP-2024-ANN,1948.95,2024-09-26,Credit Card,False,Completed
GFT-0007022,DNR-02483,CMP-2025-ANN,2864.51,2025-07-16,Credit Card,False,Completed
GFT-0007023,DNR-02483,CMP-2025-ANN,1797.36,2025-10-12,Credit Card,False,Completed
GFT-0007024,DNR-02483,CMP-2025-ANN,826.67,2025-04-16,Credit Card,False,Completed
GFT-0007025,DNR-02483,CMP-2026-ANN,2530.8,2026-08-29,Credit Card,False,Completed
GFT-0007026,DNR-02484,CMP-2025-ANN,203.48,2025-01-29,Online,False,Completed
GFT-0007027,DNR-02484,CMP-2026-ANN,202.88,2026-03-25,Online,False,Completed
GFT-0007028,DNR-02485,CMP-2025-ANN,63.98,2025-03-01,Online,False,Completed
GFT-0007029,DNR-02486,CMP-2023-ANN,14256.03,2023-12-13,Check,True,Completed
GFT-0007030,DNR-02486,CMP-2023-ANN,18444.31,2023-12-07,Check,True,Completed
GFT-0007031,DNR-02486,CMP-2024-ANN,20763.24,2024-07-06,Check,True,Completed
GFT-0007032,DNR-02486,CMP-2024-ANN,10625.47,2024-09-08,Check,True,Completed
GFT-0007033,DNR-02486,CMP-2024-ANN,17225.2,2024-11-22,Check,True,Completed
GFT-0007034,DNR-02486,CMP-2025-ANN,22821.74,2025-08-20,Check,True,Completed
GFT-0007035,DNR-02486,CMP-2025-ANN,11438.13,2025-04-06,Check,True,Completed
GFT-0007036,DNR-02486,CMP-2026-ANN,27026.12,2026-08-15,Check,True,Completed
GFT-0007037,DNR-02486,CMP-2026-ANN,18250.16,2026-01-07,Check,True,Completed
GFT-0007038,DNR-02486,CMP-2026-ANN,63624.04,2026-04-11,Check,True,Completed
GFT-0007039,DNR-02487,CMP-2025-ANN,138.28,2025-06-15,Online,False,Completed
GFT-0007040,DNR-02488,CMP-2023-ANN,1373.28,2023-11-20,Credit Card,False,Completed
GFT-0007041,DNR-02488,CMP-2023-ANN,1026.46,2023-08-09,Credit Card,False,Completed
GFT-0007042,DNR-02488,CMP-2024-ANN,2305.11,2024-09-19,Credit Card,False,Completed
GFT-0007043,DNR-02488,CMP-2024-ANN,2696.29,2024-12-18,Credit Card,False,Completed
GFT-0007044,DNR-02488,CMP-2024-ANN,2168.37,2024-12-07,Credit Card,False,Completed
GFT-0007045,DNR-02488,CMP-2025-ANN,961.64,2025-06-02,Credit Card,False,Completed
GFT-0007046,DNR-02488,CMP-2025-ANN,2093.57,2025-05-19,Credit Card,False,Completed
GFT-0007047,DNR-02488,CMP-2026-ANN,2810.76,2026-04-25,Credit Card,False,Completed
GFT-0007048,DNR-02488,CMP-2026-ANN,2496.73,2026-02-12,Credit Card,False,Completed
GFT-0007049,DNR-02489,CMP-2026-ANN,28.9,2026-07-13,Online,False,Completed
GFT-0007050,DNR-02490,CMP-2024-ANN,112.27,2024-01-16,Online,False,Completed
GFT-0007051,DNR-02490,CMP-2025-ANN,153.85,2025-06-01,Online,False,Completed
GFT-0007052,DNR-02491,CMP-2023-ANN,128.55,2023-10-13,Online,False,Completed
GFT-0007053,DNR-02491,CMP-2024-ANN,221.16,2024-01-18,Online,False,Completed
GFT-0007054,DNR-02492,CMP-2023-ANN,233.92,2023-08-08,Online,False,Completed
GFT-0007055,DNR-02492,CMP-2024-ANN,200.26,2024-08-07,Online,False,Completed
GFT-0007056,DNR-02492,CMP-2026-ANN,233.54,2026-02-28,Online,False,Completed
GFT-0007057,DNR-02493,CMP-2026-ANN,69.74,2026-04-13,Online,False,Completed
GFT-0007058,DNR-02494,CMP-2023-ANN,220.27,2023-12-19,Online,False,Completed
GFT-0007059,DNR-02494,CMP-2024-ANN,37.75,2024-06-25,Online,False,Completed
GFT-0007060,DNR-02495,CMP-2024-ANN,248.24,2024-08-24,Online,False,Completed
GFT-0007061,DNR-02495,CMP-2025-ANN,179.52,2025-11-02,Online,False,Completed
GFT-0007062,DNR-02495,CMP-2026-ANN,161.96,2026-01-10,Online,False,Completed
GFT-0007063,DNR-02496,CMP-2023-ANN,114.51,2023-12-25,Online,False,Completed
GFT-0007064,DNR-02496,CMP-2026-ANN,60.42,2026-09-27,Online,False,Completed
GFT-0007065,DNR-02497,CMP-2026-ANN,194.35,2026-06-01,Online,False,Completed
GFT-0007066,DNR-02498,CMP-2025-ANN,633.76,2025-06-18,Credit Card,False,Completed
GFT-0007067,DNR-02498,CMP-2026-ANN,2428.44,2026-05-08,Credit Card,False,Completed
GFT-0007068,DNR-02498,CMP-2026-ANN,2183.59,2026-02-03,Credit Card,False,Completed
GFT-0007069,DNR-02498,CMP-2026-ANN,789.83,2026-07-30,Credit Card,False,Completed
GFT-0007070,DNR-02499,CMP-2023-ANN,10328.66,2023-10-14,Check,True,Completed
GFT-0007071,DNR-02499,CMP-2023-ANN,12500.24,2023-10-20,Check,True,Completed
GFT-0007072,DNR-02499,CMP-2024-ANN,18763.28,2024-09-12,Check,True,Completed
GFT-0007073,DNR-02499,CMP-2024-ANN,12884.54,2024-11-22,Check,True,Completed
GFT-0007074,DNR-02499,CMP-2025-ANN,23069.23,2025-03-20,Check,True,Completed
GFT-0007075,DNR-02499,CMP-2026-ANN,25555.37,2026-09-07,Check,True,Completed
GFT-0007076,DNR-02500,CMP-2025-ANN,163.94,2025-04-10,Online,False,Completed
GFT-0007077,DNR-02500,CMP-2026-ANN,55.6,2026-06-19,Online,False,Completed
